FirstName,LastName,FullName,Bib,AgeGroup,Gender,City,State,Country,CountryISO,SwimTime,BikeTime,RunTime,T1Time,T2Time,FinishTime,SwimSeconds,BikeSeconds,RunSeconds,T1Seconds,T2Seconds,FinishSeconds,OverallRank,GenderRank,AgeGroupRank,SwimRankOverall,SwimRankGender,SwimRankGroup,BikeRankOverall,BikeRankGender,BikeRankGroup,RunRankOverall,RunRankGender,RunRankGroup,Status,Points
Tim,Rieder,Tim Rieder,698,M18-24,Male,Böblingen,DE-BW,Germany,DE,0:52:44,4:12:42,2:55:42,0:03:12,0:01:44,8:06:03,3164,15162,10542,192,104,29163,1,1,1,13,12,3,1,1,1,1,1,1,Finisher,5000
Lars,Dyrholm,Lars Dyrholm,42,M40-44,Male,Hellerup,DK-84,Denmark,DK,0:54:15,4:20:13,2:50:38,0:02:37,0:02:09,8:09:51,3255,15613,10238,157,129,29391,2,2,1,28,27,2,5,5,1,2,2,1,Finisher,5000
Anthony,Haynes,Anthony Haynes,298,M30-34,Male,reigate,GB-SRY,United Kingdom,GB,0:52:41,4:20:44,2:54:07,0:03:33,0:02:49,8:13:54,3161,15644,10447,213,169,29634,3,3,1,12,11,4,3,3,1,3,3,1,Finisher,5000
luis,Moleiro,luis Moleiro,861,M25-29,,København S,Copenhagen,Portugal,PT,0:56:56,4:24:20,2:49:07,0:04:16,0:02:07,8:16:46,3416,15860,10147,256,127,29806,4,4,1,51,48,19,14,14,6,4,4,1,Finisher,5000
Chung Yau,Liu,Chung Yau Liu,2234,M25-29,Male,Bristol,United Kingdom,Hong Kong,HK,0:56:39,4:24:55,2:49:54,0:03:07,0:02:23,8:16:57,3399,15895,10194,187,143,29817,5,5,2,48,46,18,12,12,5,5,5,2,Finisher,4997
Mathias,Kolter Thougaard,Mathias Kolter Thougaard,404,M30-34,Male,Hellebæk,DK-84,Denmark,DK,1:03:18,4:12:56,2:55:20,0:03:45,0:02:02,8:17:21,3798,15176,10520,225,122,29841,6,6,2,247,217,49,8,8,3,6,6,2,Finisher,4958
Joachim,Toftegaard Hansen,Joachim Toftegaard Hansen,2053,M25-29,Male,"
Søborg",,Denmark,DK,0:54:14,4:20:04,2:59:10,0:02:51,0:02:01,8:18:21,3254,15604,10750,171,121,29901,7,7,3,27,26,10,6,6,2,7,7,3,Finisher,4981
Mikkel Beck,Olsen,Mikkel Beck Olsen,30,M25-29,Male,København Ø,,Denmark,DK,1:03:04,4:15:13,2:58:09,0:03:04,0:02:14,8:21:44,3784,15313,10689,184,134,30104,8,8,4,243,214,68,10,10,4,8,8,4,Finisher,4940
Nicolai Helledie,Brix,Nicolai Helledie Brix,2052,M25-29,Male,Aalborg,DK-81,Denmark,DK,0:57:11,4:27:13,2:56:30,0:02:53,0:02:09,8:25:56,3431,16033,10590,173,129,30356,9,9,5,57,51,21,18,18,9,9,9,5,Finisher,4890
Lars,Schmidt,Lars Schmidt,752,M35-39,Male,Holstebro,MIDTJYLLAND,Denmark,DK,0:51:09,4:15:42,3:15:30,0:02:36,0:01:55,8:26:52,3069,15342,11730,156,115,30412,10,10,1,3,3,1,2,2,1,10,10,1,Finisher,5000
Christopher,Nielsen,Christopher Nielsen,23,M35-39,Male,Virum,DK-84,Denmark,DK,1:01:20,4:21:07,2:59:51,0:03:40,0:01:52,8:27:51,3680,15667,10791,220,112,30471,11,11,2,170,149,19,17,17,3,11,11,2,Finisher,4988
Jakob,Kruse,Jakob Kruse,13,M25-29,Male,København,DK-84,Denmark,DK,0:59:37,4:28:27,2:57:23,0:03:19,0:01:31,8:30:17,3577,16107,10643,199,91,30617,12,12,6,119,105,32,21,21,10,12,12,6,Finisher,4837
Kasper,Brøgger Kyndbøl,Kasper Brøgger Kyndbøl,41,M25-29,Male,Aarhus C,,Denmark,DK,0:58:17,4:18:56,3:09:19,0:02:50,0:01:35,8:30:58,3497,15536,11359,170,95,30658,13,13,7,83,74,25,9,9,3,13,13,7,Finisher,4829
Mathias Frank,Poulsen,Mathias Frank Poulsen,492,M18-24,Male,Middelfart,SYDDANMARK,Denmark,DK,1:00:20,4:23:26,3:00:14,0:04:15,0:04:03,8:32:19,3620,15806,10814,255,243,30739,14,14,2,142,127,18,19,19,2,14,14,2,Finisher,4684
Oskar,De Schynkel,Oskar De Schynkel,290,M25-29,Male,Reigate,GB-SRY,United Kingdom,GB,0:52:44,4:20:38,3:13:09,0:03:38,0:02:24,8:32:33,3164,15638,11589,218,144,30753,15,15,8,14,13,3,4,4,1,15,15,8,Finisher,4810
Mario,Müller,Mario Müller,2128,M25-29,Male,Obergünzburg,BY,Germany,DE,0:52:58,4:29:09,3:05:18,0:03:30,0:02:12,8:33:07,3178,16149,11118,210,132,30787,16,16,9,19,18,7,15,15,7,16,16,9,Finisher,4803
Quinten,Heerma,Quinten Heerma,448,M18-24,Male,Amsterdam,Noord Holland,Netherlands,NL,0:58:41,4:27:19,3:01:45,0:03:54,0:03:15,8:34:53,3521,16039,10905,234,195,30893,17,17,3,91,80,11,20,20,3,17,17,3,Finisher,4654
Tobias,Sjøbeck,Tobias Sjøbeck,491,M18-24,Male,Nørre Aaby,Fyn,Denmark,DK,1:00:17,4:31:52,2:58:00,0:03:14,0:01:46,8:35:08,3617,16312,10680,194,106,30908,18,18,4,139,124,17,37,37,6,18,18,4,Finisher,4651
Jamie,Meldrum,Jamie Meldrum,1597,M18-24,Male,Livingston,West Lothian,United Kingdom,GB,0:59:37,4:32:04,2:57:47,0:04:09,0:02:50,8:36:27,3577,16324,10667,249,170,30987,19,19,5,120,106,15,38,38,7,19,19,5,Finisher,4635
Nicklas,Henriksen,Nicklas Henriksen,1119,M35-39,Male,"
Viborg",,Denmark,DK,0:57:39,4:21:59,3:12:09,0:03:45,0:02:02,8:37:34,3459,15719,11529,225,122,31054,20,20,3,66,58,4,11,11,2,20,20,3,Finisher,4871
Mathias,Thomsen,Mathias Thomsen,97,M25-29,Male,København,,Denmark,DK,0:57:26,4:32:20,3:03:00,0:03:12,0:01:52,8:37:51,3446,16340,10980,192,112,31071,21,21,10,62,55,22,33,33,16,21,21,10,Finisher,4747
Jacob,Nilsson,Jacob Nilsson,2778,M30-34,Male,Malmö,,Sweden,SE,0:58:36,4:16:18,3:17:19,0:03:49,0:01:52,8:37:54,3516,15378,11839,229,112,31074,22,22,3,90,79,18,7,7,2,22,22,3,Finisher,4712
Joe,Cooper,Joe Cooper,832,M25-29,Male,London,GB-KEC,United Kingdom,GB,0:52:35,4:42:39,2:56:27,0:03:58,0:02:41,8:38:20,3155,16959,10587,238,161,31100,23,23,11,10,10,2,44,44,20,23,23,11,Finisher,4741
Oliver Skovlund,Østergaard,Oliver Skovlund Østergaard,2219,M18-24,Male,Aarhus,Central Jutland,Denmark,DK,1:04:57,4:22:40,3:04:51,0:04:23,0:01:45,8:38:36,3897,15760,11091,263,105,31116,24,24,6,326,290,37,25,25,4,24,24,6,Finisher,4609
Gustav,Nissen,Gustav Nissen,427,M25-29,Male,København N,DK-84,Denmark,DK,0:52:51,4:35:50,3:05:22,0:02:47,0:02:43,8:39:33,3171,16550,11122,167,163,31173,25,25,12,16,15,4,22,22,11,25,25,12,Finisher,4726
Oleks,Dovzhenko	,Oleks Dovzhenko,28,M40-44,Male,Copenhagen S,HOVEDSTADEN,Ukraine,UA,1:05:17,4:30:14,2:58:33,0:04:32,0:01:47,8:40:23,3917,16214,10713,272,107,31223,26,26,2,343,303,29,49,49,4,26,26,2,Finisher,4633
David,Van Oosten,David Van Oosten,2728,M35-39,Male,Ljungbyhed,SE-M,Netherlands,NL,1:01:55,4:36:27,2:57:30,0:03:22,0:02:25,8:41:39,3715,16587,10650,202,145,31299,27,27,4,194,171,22,58,58,9,27,27,4,Finisher,4822
Dean,Hanwell,Dean Hanwell,37,M40-44,Male,Liverpool,GB-LIVERPOOL,United Kingdom,GB,1:02:33,4:34:41,2:56:47,0:03:56,0:03:43,8:41:40,3753,16481,10607,236,223,31300,28,28,3,219,194,18,54,54,5,28,28,3,Finisher,4618
Casper,Jensen,Casper Jensen,1084,M30-34,Male,Dragør,DK-85,Denmark,DK,1:00:11,4:32:51,3:02:06,0:04:40,0:03:08,8:42:56,3611,16371,10926,280,188,31376,29,29,4,137,122,29,42,42,9,29,29,4,Finisher,4651
Carl Emil Valter,Rohde,Carl Emil Valter Rohde,554,M25-29,Male,Aarhus,Central Jutland,Denmark,DK,0:58:41,4:28:39,3:09:23,0:04:19,0:01:55,8:42:57,3521,16119,11363,259,115,31377,30,30,13,92,81,27,24,24,12,30,30,13,Finisher,4685
Andreas,Wirenfeldt,Andreas Wirenfeldt,1131,M25-29,Male,Aalborg,DK-81,Denmark,DK,1:01:28,4:28:11,3:07:53,0:03:59,0:01:39,8:43:11,3688,16091,11273,239,99,31391,31,31,14,174,153,44,34,34,17,31,31,14,Finisher,4683
Cameron,Lambert,Cameron Lambert,39,M30-34,Male,Darwen,GB-LAN,United Kingdom,GB,0:57:31,4:31:06,3:12:38,0:03:33,0:01:51,8:46:40,3451,16266,11558,213,111,31600,32,32,5,64,56,12,27,27,5,32,32,5,Finisher,4606
Mathias Munck,Nikolajsen,Mathias Munck Nikolajsen,95,M25-29,Male,KBH S,DK-84,Denmark,DK,1:07:57,4:21:16,3:13:47,0:02:48,0:01:47,8:47:36,4077,15676,11627,168,107,31656,33,33,15,531,465,128,26,26,13,33,33,15,Finisher,4630
Daniel,Lanigan,Daniel Lanigan,74,M40-44,Male,West Yorkshire,WYK,United Kingdom,GB,1:03:56,4:35:21,3:03:16,0:02:55,0:02:29,8:47:57,3836,16521,10996,175,149,31677,34,34,4,278,246,22,62,62,6,34,34,4,Finisher,4542
Tom,Daborn,Tom Daborn,1712,M30-34,Male,london,SRY,United Kingdom,GB,1:03:25,4:29:23,3:08:38,0:04:43,0:01:52,8:47:59,3805,16163,11318,283,112,31679,35,35,6,253,223,51,40,40,8,35,35,6,Finisher,4591
Henk-Jan,Verkaik,Henk-Jan Verkaik,1836,M30-34,Male,Drachten,,Netherlands,NL,0:52:48,4:29:17,3:20:33,0:02:57,0:02:27,8:48:03,3168,16157,12033,177,147,31683,36,36,7,15,14,5,13,13,4,36,36,7,Finisher,4590
Victor,Bertram,Victor Bertram,787,M25-29,Male,København,,Denmark,DK,1:10:41,4:28:48,3:03:21,0:03:23,0:01:58,8:48:12,4241,16128,11001,203,118,31692,37,37,16,765,658,185,66,66,25,37,37,16,Finisher,4622
Nicholas,Davine,Nicholas Davine,120,M30-34,Male,København N,DK-84,Australia,AU,1:01:43,4:40:35,3:00:14,0:03:56,0:01:46,8:48:13,3703,16835,10814,236,106,31693,38,38,8,184,162,39,82,82,18,38,38,8,Finisher,4588
Julius,Döbelt,Julius Döbelt,1478,M25-29,Male,Trossin,DE-SN,Germany,DE,0:57:57,4:47:35,2:57:12,0:03:55,0:02:05,8:48:44,3477,17255,10632,235,125,31724,39,39,17,74,65,23,100,100,31,39,39,17,Finisher,4616
Volker,Harbrecht,Volker Harbrecht,2500,M45-49,Male,Berlin,BE,Germany,DE,1:09:48,4:38:26,2:54:44,0:03:49,0:02:26,8:49:14,4188,16706,10484,229,146,31754,40,40,1,682,590,39,117,116,3,40,40,1,Finisher,5000
Luke,Howard,Luke Howard,732,M25-29,Male,Helensburgh,GB-SCT,United Kingdom,GB,0:52:53,4:41:51,3:09:53,0:02:50,0:02:22,8:49:49,3173,16911,11393,170,142,31789,41,41,18,17,16,5,41,41,19,41,41,18,Finisher,4603
Alexander,From,Alexander From,222,M30-34,Male,København,Copenhagen,Denmark,DK,1:05:32,4:37:03,3:00:14,0:04:29,0:02:43,8:50:01,3932,16623,10814,269,163,31801,42,42,9,355,313,69,87,87,21,42,42,9,Finisher,4566
Nikolaj Ulrich,Madsen,Nikolaj Ulrich Madsen,117,M30-34,Male,Valby,,Denmark,DK,1:05:03,4:32:17,3:06:10,0:04:37,0:02:32,8:50:40,3903,16337,11170,277,152,31840,43,43,10,332,294,65,61,61,11,43,43,10,Finisher,4558
NIKOLAS,HEINLOTH,NIKOLAS HEINLOTH,40,M25-29,Male,Grafenaschau,BY,Germany,DE,0:53:56,4:29:05,3:21:59,0:02:35,0:03:42,8:51:18,3236,16145,12119,155,222,31878,44,44,19,25,24,9,16,16,8,44,44,19,Finisher,4585
Tom,Paolin,Tom Paolin,84,M35-39,Male,Belgium,,Belgium,BE,1:01:38,4:36:44,3:08:12,0:03:15,0:02:06,8:51:56,3698,16604,11292,195,126,31916,45,45,5,181,159,20,56,56,7,45,45,5,Finisher,4699
David,Standley,David Standley,35,M45-49,Male,Brighton,GB-BNH,United Kingdom,GB,0:56:43,4:30:49,3:16:42,0:04:03,0:04:02,8:52:18,3403,16249,11802,243,242,31938,46,46,2,49,47,4,23,23,1,46,46,2,Finisher,4963
Carl,Palm-Henriksen,Carl Palm-Henriksen,31,M25-29,Male,København S,DK-84,Denmark,DK,0:57:07,4:40:02,3:09:42,0:03:30,0:02:39,8:53:00,3427,16802,11382,210,159,31980,47,47,20,55,50,20,52,52,22,47,47,20,Finisher,4565
Maarten,Vermeulen,Maarten Vermeulen,1183,M40-44,Male,Messelbroek,,Belgium,BE,1:00:44,4:48:53,2:58:52,0:03:56,0:01:44,8:54:08,3644,17333,10732,236,104,32048,48,48,5,152,135,16,132,131,11,48,48,5,Finisher,4468
Mathias,Reberholt,Mathias Reberholt,2237,M25-29,Male,Aabybro,NM,Denmark,DK,1:10:05,4:39:36,2:58:38,0:04:17,0:01:34,8:54:09,4205,16776,10718,257,94,32049,49,49,21,710,613,172,137,135,42,49,49,21,Finisher,4551
Christian,Kolind,Christian Kolind,2001,M18-24,Male,Aalborg,DK-81,Denmark,DK,1:12:03,4:28:40,3:07:55,0:03:47,0:02:19,8:54:43,4323,16120,11275,227,139,32083,50,50,7,898,767,113,72,72,12,50,50,7,Finisher,4416
Senen,Tarancon,Senen Tarancon,1465,M35-39,Male,Sagunto,,Spain,ES,0:59:38,4:39:13,3:09:59,0:02:53,0:03:30,8:55:13,3578,16753,11399,173,210,32113,51,51,6,122,108,13,57,57,8,51,51,6,Finisher,4659
Daniel,Petersen,Daniel Petersen,947,M30-34,Male,Kastrup,Copenhagen,Denmark,DK,1:03:29,4:23:33,3:18:49,0:05:38,0:04:09,8:55:38,3809,15813,11929,338,249,32138,52,52,11,257,227,53,29,29,6,52,52,11,Finisher,4499
Emil,Drost Christophersen,Emil Drost Christophersen,62,M30-34,Male,Farum,DK-85,Denmark,DK,1:14:16,4:31:39,3:01:24,0:05:39,0:03:17,8:56:16,4456,16299,10884,339,197,32176,53,53,12,1108,938,171,113,112,29,53,53,12,Finisher,4491
Roman,Lacko,Roman Lacko,45,M50-54,Male,Lee On The Solent,GB-HAM,United Kingdom,GB,1:07:48,4:30:27,3:14:04,0:03:35,0:02:40,8:58:34,4068,16227,11644,215,160,32314,54,54,1,516,452,25,60,60,2,54,54,1,Finisher,5000
Simon,Borch,Simon Borch,360,M25-29,Male,Hellerup,,Denmark,DK,1:01:38,4:42:40,3:07:15,0:05:28,0:01:44,8:58:46,3698,16960,11235,328,104,32326,55,55,22,180,158,46,102,102,33,55,55,22,Finisher,4496
Daniel,Islev-Noes,Daniel Islev-Noes,402,M25-29,Male,Slagelse,DK-85,Denmark,DK,0:52:54,4:36:40,3:24:02,0:03:09,0:02:35,8:59:20,3174,16600,12242,189,155,32360,56,56,23,18,17,6,31,31,15,56,56,23,Finisher,4489
Rasmus,Knudsen,Rasmus Knudsen,1958,M18-24,Male,Hinnerup,DK-82,Denmark,DK,1:03:59,4:44:27,3:06:24,0:04:00,0:02:28,9:01:18,3839,17067,11184,240,148,32478,57,57,8,284,252,30,118,117,16,57,57,8,Finisher,4337
Matthew,Alderson,Matthew Alderson,2594,M40-44,Male,Gateshead,GB-GAT,United Kingdom,GB,1:02:54,4:57:01,2:54:27,0:04:28,0:02:33,9:01:23,3774,17821,10467,268,153,32483,58,58,6,234,205,19,251,240,24,58,58,6,Finisher,4381
Per Iver,Grimsrud,Per Iver Grimsrud,1470,M40-44,Male,Øyer,,Norway,NO,1:03:52,4:44:13,3:05:29,0:04:53,0:03:02,9:01:28,3832,17053,11129,293,182,32488,59,59,7,275,243,21,124,123,10,59,59,7,Finisher,4380
Giovanni,Philipsen,Giovanni Philipsen,2055,M30-34,Male,Schelle / Antwerpen,,Belgium,BE,1:10:25,4:20:36,3:23:45,0:04:20,0:02:26,9:01:31,4225,15636,12225,260,146,32491,60,60,13,735,630,125,36,36,7,60,60,13,Finisher,4428
Simone,Latini,Simone Latini,2769,M35-39,Male,Kongens Lyngby,DK-84,Italy,IT,0:59:06,4:53:55,3:02:02,0:04:41,0:02:17,9:02:01,3546,17635,10922,281,137,32521,61,61,7,107,94,11,176,172,24,61,61,7,Finisher,4578
Simon Jul,Pedersen,Simon Jul Pedersen,847,M25-29,Male,Frederiksberg,DK-84,Denmark,DK,1:01:00,4:36:38,3:17:55,0:05:15,0:01:54,9:02:42,3660,16598,11875,315,114,32562,62,62,24,158,140,37,65,65,24,62,62,24,Finisher,4448
Bjørn,Baunwall,Bjørn Baunwall,2070,M30-34,Male,Aalborg,NORDJYLLAND,Denmark,DK,0:57:26,4:52:53,3:06:16,0:03:35,0:02:43,9:02:53,3446,17573,11176,215,163,32573,63,63,14,61,54,11,136,134,35,63,63,14,Finisher,4412
Christian,Lund,Christian Lund,94,M35-39,Male,Tårnby,,Denmark,DK,0:57:58,4:42:54,3:16:35,0:04:02,0:02:00,9:03:30,3478,16974,11795,242,120,32610,64,64,8,76,67,8,76,76,11,64,64,8,Finisher,4560
James,Owen,James Owen,46,M35-39,Male,Cranfield,GB-VI,United Kingdom,GB,0:54:01,4:41:58,3:20:50,0:04:22,0:02:34,9:03:45,3241,16918,12050,262,154,32625,65,65,9,26,25,3,50,50,5,65,65,9,Finisher,4557
Camilla,Lykke,Camilla Lykke,2212,F35-39,Female,Ebeltoft,,Denmark,DK,1:06:21,4:51:57,2:59:36,0:04:29,0:02:27,9:04:48,3981,17517,10776,269,147,32688,66,1,1,405,49,7,227,8,1,66,1,1,Finisher,5000
Frederik,Heesch,Frederik Heesch,38,M40-44,Male,Eckernförde,DE-SH,Germany,DE,1:05:07,4:28:04,3:25:35,0:03:15,0:03:04,9:05:05,3907,16084,12335,195,184,32705,67,66,8,334,296,27,39,39,2,67,66,8,Finisher,4337
Lenny,Tirard,Lenny Tirard,533,M30-34,Male,Montivilliers,,France,FR,1:03:53,4:38:57,3:17:27,0:03:05,0:01:58,9:05:21,3833,16737,11847,185,118,32721,68,67,15,276,244,57,80,80,17,68,67,15,Finisher,4382
Victor,Bentzen,Victor Bentzen,1200,M25-29,Male,Copenhagen,DK-84,Denmark,DK,1:14:41,4:41:10,3:03:23,0:03:33,0:03:13,9:06:00,4481,16870,11003,213,193,32760,69,68,25,1143,966,271,193,188,56,69,68,25,Finisher,4409
Julian,Paget,Julian Paget,1522,M40-44,Male,Saint Sylvain,,France,FR,0:57:32,4:52:35,3:07:53,0:04:55,0:03:06,9:06:01,3452,17555,11273,295,186,32761,70,69,9,65,57,6,148,145,12,70,69,9,Finisher,4326
Shun,Ito,Shun Ito,232,M35-39,Male,調布市多摩川,東京都,Japan,JP,1:07:24,4:41:13,3:08:45,0:05:12,0:03:56,9:06:30,4044,16873,11325,312,236,32790,71,70,10,476,416,43,134,132,16,71,70,10,Finisher,4524
Rick,Looman,Rick Looman,1395,M25-29,Male,Groningen,,Netherlands,NL,0:58:58,4:45:48,3:09:20,0:08:29,0:04:07,9:06:42,3538,17148,11360,509,247,32802,72,71,26,104,91,30,126,125,41,72,71,26,Finisher,4400
Amanda,Vang Hvitved,Amanda Vang Hvitved,20,F25-29,Female,Virum,DK-84,Denmark,DK,1:09:10,4:49:04,3:01:52,0:04:37,0:02:01,9:06:43,4150,17344,10912,277,121,32803,73,2,1,629,83,33,228,9,6,73,2,1,Finisher,5000
Szabolcs,Fercsik,Szabolcs Fercsik,75,M30-34,Male,New York,US-NY,Hungary,HU,0:52:23,4:47:21,3:21:44,0:03:13,0:02:07,9:06:47,3143,17241,12104,193,127,32807,74,72,16,7,7,3,67,67,12,74,72,16,Finisher,4365
Nathan,Ward,Nathan Ward,1998,M30-34,Male,Dublin,IE-D,Ireland,IE,0:56:07,4:51:24,3:13:57,0:02:55,0:02:28,9:06:50,3367,17484,11637,175,148,32810,75,73,17,42,40,7,108,107,28,75,73,17,Finisher,4364
Gregory,Palluce,Gregory Palluce,2300,M30-34,Female,Schifflange,ESCH AN DER ALZETTE,Luxembourg,LU,1:05:26,4:48:45,3:03:47,0:05:57,0:03:14,9:07:09,3926,17325,11027,357,194,32829,76,74,18,350,309,67,200,194,55,76,74,18,Finisher,4361
Thomas,Mckee,Thomas Mckee,36,M25-29,Male,Darwen,GB-LAN,United Kingdom,GB,1:01:27,4:36:50,3:21:17,0:03:29,0:04:18,9:07:20,3687,16610,12077,209,258,32840,77,75,27,173,152,43,59,59,23,77,75,27,Finisher,4393
Sebastian,Hansen,Sebastian Hansen,352,M25-29,Male,Valby,,Denmark,DK,1:06:06,4:47:42,3:08:45,0:03:47,0:01:39,9:07:58,3966,17262,11325,227,99,32878,78,76,28,385,338,98,175,171,51,78,76,28,Finisher,4385
Anders,Eriksen,Anders Eriksen,2,M40-44,Male,Glostrup,DK-84,Denmark,DK,1:12:44,4:52:16,2:57:05,0:04:26,0:02:11,9:08:42,4364,17536,10625,266,131,32922,79,77,10,962,823,80,321,308,33,79,77,10,Finisher,4293
Asger,Andersson,Asger Andersson,350,M18-24,Male,København,DK-84,Denmark,DK,1:02:14,4:44:30,3:16:24,0:03:42,0:01:57,9:08:46,3734,17070,11784,222,117,32926,80,78,9,210,187,22,109,108,15,80,78,9,Finisher,4247
Brendan,Cassidy,Brendan Cassidy,2475,M35-39,Male,Riverstick,IE-CO,Ireland,IE,1:17:22,4:35:12,3:06:28,0:06:47,0:03:02,9:08:51,4642,16512,11188,407,182,32931,81,79,11,1365,1143,124,192,187,26,81,79,11,Finisher,4496
Gilles,Lievens,Gilles Lievens,1246,M30-34,Male,Putte,,Belgium,BE,1:01:23,4:46:07,3:16:21,0:04:17,0:01:33,9:09:40,3683,17167,11781,257,93,32980,82,80,19,172,151,36,115,114,31,82,80,19,Finisher,4330
Chano,Jensen,Chano Jensen,2765,M25-29,Male,Aarhus C,MIDTJYLLAND,Denmark,DK,0:58:46,4:30:49,3:34:32,0:03:07,0:02:37,9:09:50,3526,16249,12872,187,157,32990,83,81,29,95,84,28,30,30,14,83,81,29,Finisher,4363
Marin,KOCEIĆ,Marin KOCEIĆ,1274,M50-54,Male,Split,,Croatia,HR,0:54:51,4:45:22,3:22:56,0:02:58,0:04:00,9:10:07,3291,17122,12176,178,240,33007,84,82,2,31,30,2,69,69,3,84,82,2,Finisher,4861
Niklas,Betzer,Niklas Betzer,2031,M18-24,Male,"
Hvidovre",,Denmark,DK,1:03:27,4:49:18,3:10:32,0:03:56,0:03:23,9:10:37,3807,17358,11432,236,203,33037,85,83,10,255,225,27,164,161,18,85,83,10,Finisher,4225
Signe,Thomasen,Signe Thomasen,150,F30-34,Female,Silkeborg,,Denmark,DK,0:58:28,4:47:14,3:18:04,0:04:28,0:02:27,9:10:42,3508,17234,11884,268,147,33042,86,3,1,87,11,3,106,1,1,86,3,1,Finisher,5000
Jonas,Bender,Jonas Bender,420,M18-24,Male,Slagelse,DK-85,Denmark,DK,0:58:47,4:43:42,3:23:22,0:03:08,0:01:54,9:10:53,3527,17022,12202,188,114,33053,87,84,11,97,86,12,79,79,13,87,84,11,Finisher,4222
Carl,Elgcrona,Carl Elgcrona,2743,M25-29,Male,11350,SE-AB,Sweden,SE,1:20:58,4:53:23,2:48:48,0:05:29,0:02:19,9:10:58,4858,17603,10128,329,139,33058,88,85,30,1658,1384,386,514,492,135,88,85,30,Finisher,4349
Markus Bay,Wedeby,Markus Bay Wedeby,472,M25-29,Male,Valby,Copenhagen,Denmark,DK,1:08:15,4:47:27,3:08:01,0:05:01,0:02:14,9:10:58,4095,17247,11281,301,134,33058,89,86,31,551,483,134,206,200,60,89,86,31,Finisher,4349
Mikolaj,Tyszkiewicz,Mikolaj Tyszkiewicz,2170,M25-29,Male,Warszawa,mazowieckie,Poland,PL,1:01:53,4:41:12,3:21:23,0:03:21,0:03:11,9:10:59,3713,16872,12083,201,191,33059,90,87,32,191,168,50,85,85,27,90,87,32,Finisher,4349
Andreas,Nilsen,Andreas Nilsen,1680,M30-34,Male,Copenhagen,,Denmark,DK,1:09:11,4:46:21,3:09:35,0:04:17,0:02:13,9:11:37,4151,17181,11375,257,133,33097,91,88,20,631,548,118,197,192,53,91,88,20,Finisher,4307
Anders,Thorning,Anders Thorning,2642,M30-34,Male,"
Brønshøj",,Denmark,DK,1:05:30,4:46:04,3:14:52,0:03:48,0:01:35,9:11:50,3930,17164,11692,228,95,33110,92,89,21,354,312,68,151,148,39,92,89,21,Finisher,4304
Johan,Bos,Johan Bos,81,M35-39,Male,Zwolle,,Netherlands,NL,0:57:56,4:39:39,3:28:22,0:03:17,0:02:36,9:11:50,3476,16779,12502,197,156,33110,93,90,12,73,64,7,53,53,6,93,90,12,Finisher,4460
Fabian,Karst,Fabian Karst,737,M35-39,Male,Essen,NW,Germany,DE,0:58:30,4:51:12,3:16:13,0:03:26,0:02:57,9:12:19,3510,17472,11773,206,177,33139,94,91,13,88,77,10,125,124,15,94,91,13,Finisher,4454
Michaël,Van de Maele,Michaël Van de Maele,842,M40-44,Male,Ghoy,BE-WHT,Belgium,BE,1:02:25,4:37:05,3:22:31,0:06:25,0:04:12,9:12:39,3745,16625,12151,385,252,33159,95,92,11,214,190,17,81,81,9,95,92,11,Finisher,4246
Rasmus,Egevang,Rasmus Egevang,378,M40-44,Male,Herlev,DK-84,Denmark,DK,1:10:46,4:49:50,3:05:57,0:04:21,0:02:02,9:12:56,4246,17390,11157,261,122,33176,96,93,12,774,665,61,260,249,25,96,93,12,Finisher,4243
Nick,Rose,Nick Rose,597,M55-59,Male,Warrington,CHS,United Kingdom,GB,1:00:03,4:46:51,3:19:02,0:04:06,0:03:07,9:13:09,3603,17211,11942,246,187,33189,97,94,1,135,120,3,110,109,3,97,94,1,Finisher,5000
Joep,Toebes,Joep Toebes,1376,M18-24,Male,Amsterdam,North Holland,Netherlands,NL,1:07:46,4:51:52,3:06:06,0:05:47,0:02:44,9:14:15,4066,17512,11166,347,164,33255,98,95,12,511,448,63,265,254,32,98,95,12,Finisher,4181
Emil,Bjerre,Emil Bjerre,392,M18-24,Male,København,DK-84,Denmark,DK,0:57:45,4:38:32,3:33:01,0:03:07,0:02:01,9:14:27,3465,16712,12781,187,121,33267,99,96,13,68,60,9,46,46,8,99,96,13,Finisher,4179
Klaus,Pedersen,Klaus Pedersen,2452,M30-34,Male,"
Skærbæk",,Denmark,DK,1:03:35,4:54:45,3:05:52,0:05:52,0:04:24,9:14:28,3815,17685,11152,352,264,33268,100,97,22,258,228,54,247,236,65,100,97,22,Finisher,4273
Manu,Godfroid,Manu Godfroid,930,M25-29,Male,Schilde,BE-VAN,Belgium,BE,1:06:55,4:48:52,3:10:33,0:05:06,0:03:05,9:14:30,4015,17332,11433,306,185,33270,101,98,33,445,388,111,210,204,62,101,98,33,Finisher,4307
Michael,Eilert Stück,Michael Eilert Stück,1137,M50-54,Male,Lemming,DK-82,Denmark,DK,1:08:20,4:35:54,3:20:22,0:04:58,0:05:04,9:14:39,4100,16554,12022,298,304,33279,102,99,3,557,488,26,96,96,4,102,99,3,Finisher,4807
Cedric,Callebaut,Cedric Callebaut,1307,M40-44,Male,Aalst,BE-VOV,Belgium,BE,0:59:38,4:54:31,3:12:36,0:04:34,0:03:28,9:14:47,3578,17671,11556,274,208,33287,103,100,13,121,107,11,188,184,18,103,100,13,Finisher,4220
Louis-Victor,Schäfer,Louis-Victor Schäfer,1861,M25-29,Male,Kirchheim unter Teck,BADEN-WURTTEMBERG,Germany,DE,0:55:30,4:48:14,3:22:47,0:06:10,0:02:27,9:15:08,3330,17294,12167,370,147,33308,104,101,34,36,35,14,104,104,34,104,101,34,Finisher,4299
Sotirios,Dedes,Sotirios Dedes,122,M50-54,Male,LOUTRAKI,GR-J,Greece,GR,1:07:21,4:41:12,3:19:57,0:04:00,0:02:38,9:15:09,4041,16872,11997,240,158,33309,105,102,4,469,410,21,121,120,5,105,102,4,Finisher,4801
Elias ,Varvaresos ,Elias Varvaresos,2643,M25-29,Male,Lørenskog,,Norway,NO,1:02:47,4:43:49,3:19:15,0:04:25,0:04:57,9:15:13,3767,17029,11955,265,297,33313,106,103,35,229,202,61,111,110,36,106,103,35,Finisher,4298
Gorm,Eriksen,Gorm Eriksen,721,M45-49,Male,Roskilde,Zealand,Denmark,DK,1:05:49,4:45:20,3:18:18,0:03:36,0:02:23,9:15:26,3949,17120,11898,216,143,33326,107,104,3,370,326,21,145,142,5,107,104,3,Finisher,4685
Andreas,Krag,Andreas Krag,127,M25-29,Male,Fredericia,DK-83,Denmark,DK,1:05:13,4:49:43,3:13:31,0:03:33,0:03:32,9:15:32,3913,17383,11611,213,212,33332,108,105,36,338,298,86,185,181,53,108,105,36,Finisher,4294
William,Spangsberg,William Spangsberg,2403,M25-29,Male,København,København,Denmark,DK,1:07:30,4:41:08,3:20:37,0:03:48,0:02:40,9:15:44,4050,16868,12037,228,160,33344,109,106,37,484,422,119,120,119,39,109,106,37,Finisher,4292
Christian,Adamsen,Christian Adamsen,76,M25-29,Male,Aarhus,DK-82,Denmark,DK,0:59:52,4:30:36,3:39:37,0:03:15,0:02:27,9:15:47,3592,16236,13177,195,147,33347,110,107,38,127,113,33,35,35,18,110,107,38,Finisher,4291
Nicolai,Gibskov Søderberg,Nicolai Gibskov Søderberg,1113,M30-34,Male,Egå,Central Jutland,Denmark,DK,0:59:11,4:45:28,3:25:05,0:03:37,0:02:31,9:15:52,3551,17128,12305,217,151,33352,111,108,23,109,96,22,93,93,25,111,108,23,Finisher,4256
James,Wilson,James Wilson,1575,M30-34,Male,Thornton-Cleveleys,GB-LAN,United Kingdom,GB,1:00:34,4:49:18,3:19:05,0:05:07,0:01:56,9:15:59,3634,17358,11945,307,116,33359,112,109,24,148,132,32,147,144,38,112,109,24,Finisher,4255
Phil,Aspinall,Phil Aspinall,99,M30-34,Male,Clitheroe,GB-LAN,United Kingdom,GB,1:00:17,4:37:12,3:29:15,0:04:02,0:05:14,9:16:00,3617,16632,12555,242,314,33360,113,110,25,140,125,30,55,55,10,113,110,25,Finisher,4254
Andreas,Veeret,Andreas Veeret,134,M40-44,Male,Tallinn,EE-37,Estonia,EE,1:05:15,4:55:04,3:06:39,0:05:48,0:03:40,9:16:26,3915,17704,11199,348,220,33386,114,111,14,341,301,28,277,266,26,114,111,14,Finisher,4201
Mathias,Jensen,Mathias Jensen,151,M30-34,Male,Ulfborg,DK-82,Denmark,DK,1:06:00,4:33:00,3:28:36,0:04:56,0:04:04,9:16:35,3960,16380,12516,296,244,33395,115,112,26,382,335,73,71,71,15,115,112,26,Finisher,4247
Marc,Kühnau,Marc Kühnau,1296,M30-34,Male,Valby,,Denmark,DK,0:58:41,4:40:40,3:31:40,0:03:46,0:02:04,9:16:52,3521,16840,12700,226,124,33412,116,113,27,93,82,19,68,68,13,116,113,27,Finisher,4244
Morten,Høier,Morten Høier,984,M35-39,Male,Aarhus,,Denmark,DK,1:04:29,4:55:42,3:09:35,0:04:23,0:02:43,9:16:53,3869,17742,11375,263,163,33413,117,114,14,303,270,34,254,243,33,117,114,14,Finisher,4399
Bjarke,Damgaard Nielsen,Bjarke Damgaard Nielsen,1313,M25-29,Male,Aarhus,Central Jutland,Denmark,DK,1:03:47,4:47:42,3:17:57,0:04:14,0:03:16,9:16:56,3827,17262,11877,254,196,33416,118,115,39,271,240,71,155,152,45,118,115,39,Finisher,4278
Claes,ROGIUS SVENSSON,Claes ROGIUS SVENSSON,108,M35-39,Male,Malmö,SE-M,Sweden,SE,1:09:15,4:50:33,3:09:52,0:04:30,0:02:51,9:17:01,4155,17433,11392,270,171,33421,119,116,15,636,553,60,249,238,31,119,116,15,Finisher,4398
Micki,Dahl,Micki Dahl,2358,M35-39,Male,Tune,,Denmark,DK,1:09:40,4:30:34,3:29:49,0:04:40,0:02:27,9:17:10,4180,16234,12589,280,147,33430,120,117,16,674,582,64,75,75,10,120,117,16,Finisher,4396
Tom,De Groot,Tom De Groot,1410,M25-29,Male,Boston,MA,Netherlands,NL,1:05:53,4:44:23,3:20:56,0:03:46,0:02:51,9:17:50,3953,17063,12056,226,171,33470,121,118,40,373,327,96,141,138,43,121,118,40,Finisher,4267
Viktor,Tjærby,Viktor Tjærby,2046,M25-29,Male,Aarhus,MIDTJYLLAND,Denmark,DK,1:06:08,4:53:16,3:11:39,0:04:17,0:02:46,9:18:06,3968,17596,11499,257,166,33486,122,119,41,389,342,99,241,231,72,122,119,41,Finisher,4264
Andreas Ravn,Frandsen,Andreas Ravn Frandsen,1132,M25-29,Male,København s,DK-84,Denmark,DK,1:19:18,4:48:47,3:02:39,0:05:27,0:02:13,9:18:23,4758,17327,10959,327,133,33503,123,120,42,1537,1284,365,393,377,107,123,120,42,Finisher,4260
Ida,Østerby,Ida Østerby,6,F25-29,Female,Roskilde,DK-85,Denmark,DK,1:04:33,4:51:23,3:16:30,0:04:00,0:02:04,9:18:31,3873,17483,11790,240,124,33511,124,4,2,306,34,14,199,6,4,124,4,2,Finisher,4858
Mads,Bjerregaard,Mads Bjerregaard,1270,M30-34,Male,København,Copenhagen,Denmark,DK,1:05:40,4:42:33,3:22:03,0:05:19,0:02:57,9:18:31,3940,16953,12123,319,177,33511,125,121,28,362,320,70,131,130,34,125,121,28,Finisher,4224
Christian ,Møller,Christian Møller,1123,M18-24,Male,Frederiksberg,Copenhagen,Denmark,DK,1:05:02,4:59:31,3:04:34,0:05:28,0:04:11,9:18:46,3902,17971,11074,328,251,33526,126,122,14,331,293,39,335,321,52,126,122,14,Finisher,4127
Nicolaj,Kjærulf,Nicolaj Kjærulf,826,M30-34,Male,Smørum,DK-84,Denmark,DK,1:07:42,4:40:22,3:23:12,0:05:11,0:02:21,9:18:49,4062,16822,12192,311,141,33529,127,123,29,503,440,96,127,126,33,127,123,29,Finisher,4221
Tobias,Jung,Tobias Jung,131,M35-39,Male,Braunfels,DE-HE,Germany,DE,1:10:33,4:44:47,3:15:23,0:04:56,0:03:13,9:18:53,4233,17087,11723,296,193,33533,128,124,17,747,640,70,202,196,27,128,124,17,Finisher,4375
Michael,Williams,Michael Williams,114,M35-39,Male,Rhondda,GB-RCT,United Kingdom,GB,0:57:56,4:52:41,3:22:06,0:03:20,0:03:05,9:19:09,3476,17561,12126,200,185,33549,129,125,18,72,63,6,138,136,18,129,125,18,Finisher,4372
Kevin,Boone,Kevin Boone,243,M35-39,Male,Schoten,,Belgium,BE,1:07:43,4:41:35,3:22:16,0:05:09,0:02:37,9:19:20,4063,16895,12136,309,157,33560,130,126,19,506,443,45,143,140,19,130,126,19,Finisher,4370
Milan,Kucera,Milan Kucera,960,M30-34,Male,Prague,Czech Republic,Czech Republic,CZ,1:02:05,4:48:07,3:17:57,0:06:15,0:05:04,9:19:28,3725,17287,11877,375,304,33568,131,127,30,201,178,43,161,158,41,131,127,30,Finisher,4213
Michael,Bruhn-Rasmussen,Michael Bruhn-Rasmussen,482,M35-39,Male,Næstved,,Denmark,DK,1:15:25,4:29:38,3:28:04,0:04:22,0:02:01,9:19:29,4525,16178,12484,262,121,33569,132,128,20,1200,1009,108,98,98,12,132,128,20,Finisher,4368
Scott,Meldrum,Scott Meldrum,1596,M18-24,Male,Livingston,West Lothian,United Kingdom,GB,1:10:25,4:49:41,3:13:15,0:04:24,0:01:44,9:19:29,4225,17381,11595,264,104,33569,133,129,15,734,629,87,253,242,27,133,129,15,Finisher,4118
Joachim Simon,Søhof,Joachim Simon Søhof,51,M25-29,Male,Ringsted,SJÆLLAND,Denmark,DK,1:08:43,4:32:37,3:32:31,0:03:29,0:02:19,9:19:38,4123,16357,12751,209,139,33578,134,130,43,595,520,144,74,74,26,134,130,43,Finisher,4245
Niklas,Steinfurth,Niklas Steinfurth,362,M30-34,Male,København,,Germany,DE,1:04:40,4:51:05,3:13:37,0:05:22,0:05:11,9:19:55,3880,17465,11617,322,311,33595,135,131,31,311,277,62,212,206,58,135,131,31,Finisher,4207
Sauli,Haahtela,Sauli Haahtela,2360,M50-54,Male,Helsinki,Uusimaa,Finland,FI,1:00:16,4:29:06,3:43:51,0:03:08,0:03:41,9:20:01,3616,16146,13431,188,221,33601,136,132,5,138,123,7,28,28,1,136,132,5,Finisher,4742
Sebastian,Hesselmark,Sebastian Hesselmark,1062,M25-29,Male,København,DK-84,Denmark,DK,1:02:46,4:52:13,3:17:48,0:05:15,0:02:01,9:20:03,3766,17533,11868,315,121,33603,137,133,44,228,201,60,201,195,58,137,133,44,Finisher,4240
Philip,Christiansen,Philip Christiansen,1856,M25-29,Male,Valby,DK-85,Denmark,DK,1:10:24,4:47:26,3:13:50,0:05:15,0:03:16,9:20:12,4224,17246,11630,315,196,33612,138,134,45,732,628,177,232,223,68,138,134,45,Finisher,4238
Kasper,Juulsgaard,Kasper Juulsgaard,367,M30-34,Male,København V,HOVEDSTADEN,Denmark,DK,1:08:28,4:59:32,3:01:49,0:06:12,0:04:10,9:20:12,4108,17972,10909,372,250,33612,139,135,32,573,502,109,401,385,86,139,135,32,Finisher,4204
Thomas,Knudsen,Thomas Knudsen,2178,M30-34,Male,København NV,Copenhagen,Denmark,DK,0:55:22,4:47:47,3:30:43,0:04:12,0:02:46,9:20:50,3322,17267,12643,252,166,33650,140,136,33,35,34,6,89,89,23,140,136,33,Finisher,4196
Lucas,Flintholm ,Lucas Flintholm,1214,M18-24,Male,Faxe Ladeplads,Zealand,Denmark,DK,1:07:32,4:55:28,3:06:25,0:06:54,0:04:32,9:20:52,4052,17728,11185,414,272,33652,141,137,16,489,426,59,331,318,51,141,137,16,Finisher,4102
Lucas,Ovesen,Lucas Ovesen,226,M18-24,Male,Charlottenlund,HOVEDSTADEN,Denmark,DK,1:11:38,4:46:59,3:13:30,0:06:41,0:02:11,9:20:58,4298,17219,11610,401,131,33658,142,138,17,861,738,109,264,253,31,142,138,17,Finisher,4101
Morten,Andersen,Morten Andersen,18,M30-34,Male,Aarhus,DK-82,Denmark,DK,1:15:03,4:45:58,3:09:16,0:05:11,0:05:33,9:21:02,4503,17158,11356,311,333,33662,143,139,34,1172,990,180,279,268,68,143,139,34,Finisher,4194
Ollie,Shotton,Ollie Shotton,2698,M35-39,Male,Brighton,SXE,United Kingdom,GB,1:03:46,5:00:53,3:06:56,0:05:53,0:03:54,9:21:22,3826,18053,11216,353,234,33682,144,140,21,270,239,31,341,327,37,144,140,21,Finisher,4346
Edwin,DELOUVÉE,Edwin DELOUVÉE,1657,M30-34,Male,Versailles,Île-de-France,France,FR,0:56:30,5:08:42,3:09:37,0:04:22,0:02:20,9:21:31,3390,18522,11377,262,140,33691,145,141,35,47,45,8,324,311,73,145,141,35,Finisher,4188
Nicholas,Soehof,Nicholas Soehof,388,M30-34,Male,Ringsted ,SJÆLLAND,Denmark,DK,0:58:16,4:43:03,3:33:43,0:04:12,0:02:29,9:21:43,3496,16983,12823,252,149,33703,146,142,36,81,72,16,78,78,16,146,142,36,Finisher,4186
Oscar,Rybak-Andersen,Oscar Rybak-Andersen,853,M18-24,Male,Charlottenlund,DK-84,Denmark,DK,0:51:31,4:43:55,3:35:06,0:05:07,0:06:04,9:21:44,3091,17035,12906,307,364,33704,147,143,18,5,5,1,51,51,10,147,143,18,Finisher,4091
Toon,Miermans,Toon Miermans,85,M30-34,Male,Hasselt,VLI,Belgium,BE,0:59:24,4:58:39,3:16:52,0:04:26,0:02:33,9:21:54,3564,17919,11812,266,153,33714,148,144,37,113,99,23,226,219,62,148,144,37,Finisher,4184
Pascal,Buck,Pascal Buck,1425,M30-34,Male,Eckernförde,SH,Germany,DE,0:58:56,4:44:53,3:31:53,0:03:22,0:03:00,9:22:04,3536,17093,12713,202,180,33724,149,145,38,102,90,21,88,88,22,149,145,38,Finisher,4182
Sebastian,Hansen,Sebastian Hansen,2522,M25-29,Male,Frederiksberg,DK-85,Denmark,DK,1:11:51,4:37:35,3:21:55,0:06:22,0:04:23,9:22:06,4311,16655,12115,382,263,33726,150,146,46,882,755,213,157,154,46,150,146,46,Finisher,4216
Henrik,Christensen,Henrik Christensen,1934,M50-54,Male,Rødekro,DK-83,Denmark,DK,1:10:45,4:38:58,3:26:11,0:03:34,0:02:39,9:22:08,4245,16738,12371,214,159,33728,151,147,6,773,664,38,128,127,6,151,147,6,Finisher,4717
Ole,Jensen,Ole Jensen,1161,M25-29,Male,Aarhus C,Central Jutland,Denmark,DK,1:05:16,4:40:53,3:29:41,0:03:29,0:02:56,9:22:16,3916,16853,12581,209,176,33736,152,148,47,342,302,87,101,101,32,152,148,47,Finisher,4214
Peter,Martin,Peter Martin,1353,M35-39,Male,Huddersfield,YKS,United Kingdom,GB,1:04:41,5:09:29,2:59:39,0:04:17,0:04:14,9:22:20,3881,18569,10779,257,254,33740,153,149,22,314,279,36,492,471,52,153,149,22,Finisher,4334
Buster Damgaard,Laursen,Buster Damgaard Laursen,2198,M18-24,Male,Ebeltoft,DK-82,Denmark,DK,1:09:33,4:49:36,3:12:43,0:07:26,0:03:05,9:22:22,4173,17376,11563,446,185,33742,154,150,19,662,573,82,286,274,38,154,150,19,Finisher,4084
Frederik Østrup,Espersen,Frederik Østrup Espersen,606,M30-34,Male,København,,Denmark,DK,1:07:21,5:08:08,2:59:07,0:05:20,0:02:26,9:22:22,4041,18488,10747,320,146,33742,155,151,39,471,411,90,531,508,107,155,151,39,Finisher,4178
Per,Nilsson,Per Nilsson,869,M55-59,Male,Bagsværd,,Denmark,DK,0:59:28,4:41:38,3:34:26,0:04:08,0:03:05,9:22:44,3568,16898,12866,248,185,33764,156,152,2,115,101,2,77,77,1,156,152,2,Finisher,4885
Nicolai,Waldbjørn,Nicolai Waldbjørn,2677,M40-44,Male,Nyborg,Fyn,Denmark,DK,0:56:26,4:41:24,3:36:40,0:04:53,0:03:26,9:22:49,3386,16884,13000,293,206,33769,157,153,15,45,43,4,63,63,7,157,153,15,Finisher,4124
Thomas,Jansen,Thomas Jansen,1927,M25-29,Male,Amsterdam,North Holland,Netherlands,NL,0:55:51,4:49:02,3:32:00,0:03:22,0:02:40,9:22:55,3351,17342,12720,202,160,33775,158,154,48,39,38,16,92,92,28,158,154,48,Finisher,4206
Théodore,Dumont De Chassart,Théodore Dumont De Chassart,1204,M25-29,Male,Ixelles,,Belgium,BE,1:01:11,4:54:58,3:18:40,0:05:05,0:03:07,9:23:01,3671,17698,11920,305,187,33781,159,155,49,164,143,39,216,209,64,159,155,49,Finisher,4205
Nikolaj ,Espinoza,Nikolaj Espinoza,329,M25-29,Male,København N,Copenhagen,Denmark,DK,1:02:02,4:55:57,3:15:42,0:05:04,0:04:16,9:23:01,3722,17757,11742,304,256,33781,160,156,50,199,176,53,229,220,66,160,156,50,Finisher,4205
Albert,Giese,Albert Giese,1332,M18-24,Male,frederiksberg c,Copenhagen,Denmark,DK,1:09:30,5:02:33,3:03:56,0:04:47,0:02:18,9:23:04,4170,18153,11036,287,138,33784,161,157,20,657,569,81,458,439,75,161,157,20,Finisher,4075
Angus,Lindsay,Angus Lindsay,200,M18-24,Male,Aberdeen,Scotland,United Kingdom,GB,0:56:11,5:04:51,3:13:53,0:03:35,0:04:50,9:23:19,3371,18291,11633,215,290,33799,162,158,21,43,41,8,255,244,28,162,158,21,Finisher,4072
Theodor Jonas,Larsen,Theodor Jonas Larsen,1109,M25-29,Male,Vanløse,Vanløse,Denmark,DK,1:11:49,4:41:13,3:22:51,0:05:51,0:01:52,9:23:36,4309,16873,12171,351,112,33816,163,159,51,877,751,210,189,185,55,163,159,51,Finisher,4198
Julian,Hötzel,Julian Hötzel,1201,M35-39,Male,Copenhagen,DK-85,Germany,DE,1:08:49,4:42:16,3:25:37,0:04:41,0:02:14,9:23:37,4129,16936,12337,281,134,33817,164,160,23,601,525,56,156,153,23,164,160,23,Finisher,4319
Wojciech,Busz,Wojciech Busz,1432,M35-39,Male,Didcot,,Poland,PL,1:00:50,4:46:40,3:28:22,0:04:22,0:03:27,9:23:41,3650,17200,12502,262,207,33821,165,161,24,155,137,17,116,115,14,165,161,24,Finisher,4318
Frederik Hørgreen,Sørensen,Frederik Hørgreen Sørensen,60,M25-29,Male,Copenhagen,DK-84,Denmark,DK,1:07:44,4:51:57,3:15:56,0:05:35,0:02:33,9:23:45,4064,17517,11756,335,153,33825,166,162,52,507,444,124,263,252,76,166,162,52,Finisher,4196
Lasse,Schrøder Jakobsen,Lasse Schrøder Jakobsen,788,M30-34,Male,Aalborg,,Denmark,DK,0:50:44,5:00:26,3:26:22,0:03:39,0:02:38,9:23:50,3044,18026,12382,219,158,33830,167,163,40,2,2,1,146,143,37,167,163,40,Finisher,4160
David,Pennington ,David Pennington,1085,M35-39,Male,Southend on sea ,ESSEX,United Kingdom,GB,1:02:11,4:46:56,3:24:21,0:05:29,0:05:01,9:23:57,3731,17216,12261,329,301,33837,168,164,25,204,181,24,144,141,20,168,164,25,Finisher,4315
Kevin,Fourneret,Kevin Fourneret,1521,M40-44,Female,Bray en val,LOIRET,France,FR,0:59:27,4:52:35,3:24:54,0:03:54,0:03:39,9:24:30,3567,17555,12294,234,219,33870,169,165,16,114,100,10,158,155,14,169,165,16,Finisher,4104
Benjamin,Jørgensen,Benjamin Jørgensen,2611,M30-34,Male,Aarhus,Central Jutland,Denmark,DK,1:15:45,4:41:42,3:19:15,0:05:40,0:02:25,9:24:46,4545,16902,11955,340,145,33886,170,166,41,1225,1030,186,233,224,63,170,166,41,Finisher,4149
Oliver,Kirk,Oliver Kirk,1055,M18-24,Male,"København, Ø.",DK-84,Denmark,DK,1:09:13,4:52:47,3:13:36,0:05:07,0:04:14,9:24:56,4153,17567,11616,307,254,33896,171,167,22,633,550,78,294,282,41,171,167,22,Finisher,4053
Lasse Sigh,Klitgaard,Lasse Sigh Klitgaard,529,M30-34,Male,København S,,Denmark,DK,1:11:30,4:41:21,3:24:00,0:05:26,0:02:47,9:25:03,4290,16881,12240,326,167,33903,172,168,42,843,723,139,182,178,49,172,168,42,Finisher,4146
Philipp,Baum,Philipp Baum,1374,M30-34,Male,Ludwigsfelde,BB,Germany,DE,1:01:51,4:38:58,3:38:30,0:02:55,0:03:15,9:25:29,3711,16738,13110,175,195,33929,173,169,43,188,165,40,70,70,14,173,169,43,Finisher,4141
Frederik Emil,Bundgaard Jensen ,Frederik Emil Bundgaard Jensen,384,M25-29,Male,København,Copenhagen,Denmark,DK,1:10:40,4:45:53,3:19:15,0:06:50,0:02:51,9:25:29,4240,17153,11955,410,171,33929,174,170,53,763,656,184,236,227,70,174,170,53,Finisher,4175
Roel,Van Heurck,Roel Van Heurck,2058,M35-39,Male,Antwerpen,,Belgium,BE,1:10:22,4:40:20,3:27:53,0:04:34,0:02:32,9:25:41,4222,16820,12473,274,152,33941,175,171,26,730,626,69,150,147,22,175,171,26,Finisher,4294
Daniel,Heckel,Daniel Heckel,1370,M30-34,Male,Ingolstadt,BY,Germany,DE,1:06:08,4:43:51,3:29:19,0:04:01,0:03:12,9:26:32,3968,17031,12559,241,192,33992,176,172,44,387,340,75,140,137,36,176,172,44,Finisher,4128
Mads Djernis,Christensen,Mads Djernis Christensen,1367,M30-34,Male,Silkeborg,MIDTJYLLAND,Denmark,DK,1:07:29,4:44:26,3:25:48,0:06:11,0:02:40,9:26:35,4049,17066,12348,371,160,33995,177,173,45,483,421,93,180,176,48,177,173,45,Finisher,4127
Sebastian,Roslev,Sebastian Roslev,2646,M18-24,Male,Odense,DK-83,Denmark,DK,1:14:50,4:41:18,3:21:42,0:04:36,0:04:17,9:26:42,4490,16878,12102,276,257,34002,178,174,23,1156,976,146,207,201,22,178,174,23,Finisher,4032
William,O’keeffe,William O’keeffe,489,M25-29,Male,Gnowangerup,AU-WA,Australia,AU,1:00:24,4:48:23,3:31:01,0:03:48,0:03:22,9:26:58,3624,17303,12661,228,202,34018,179,175,54,143,128,35,122,121,40,179,175,54,Finisher,4157
Maja,Selmann Hansen,Maja Selmann Hansen,2100,F18-24,Female,Sønderborg,,Denmark,DK,1:00:35,4:58:10,3:20:43,0:05:25,0:02:06,9:26:59,3635,17890,12043,325,126,34019,180,5,1,149,17,4,245,11,2,180,5,1,Finisher,5000
Christian,Lamm,Christian Lamm,1238,M18-24,Male,København K,Copenhagen,Denmark,DK,1:11:10,5:00:50,3:06:13,0:05:07,0:03:40,9:27:01,4270,18050,11173,307,220,34021,181,176,24,802,690,99,464,444,77,181,176,24,Finisher,4028
Sebastian Andre,Olguin Sørensen,Sebastian Andre Olguin Sørensen,1763,M30-34,Male,Frederiksberg,Copenhagen,Denmark,DK,1:16:11,4:53:01,3:09:58,0:05:30,0:02:22,9:27:02,4571,17581,11398,330,142,34022,182,177,46,1263,1061,191,413,396,87,182,177,46,Finisher,4122
Matthew,Farmer,Matthew Farmer,289,M25-29,Male,London,GB-SRY,United Kingdom,GB,1:15:16,4:46:54,3:15:47,0:05:55,0:03:26,9:27:17,4516,17214,11747,355,206,34037,183,178,55,1190,1003,281,308,296,87,183,178,55,Finisher,4153
Woody,De Beuckelaer,Woody De Beuckelaer,247,M30-34,Male,Rumst,ANTWERPEN,Belgium,BE,1:03:22,4:41:14,3:31:21,0:07:02,0:04:20,9:27:18,3802,16874,12681,422,260,34038,184,179,47,250,220,50,114,113,30,184,179,47,Finisher,4119
Borys,Tomala,Borys Tomala,1088,M35-39,Male,Karlin,Prague,Poland,PL,1:08:59,4:57:29,3:12:27,0:05:17,0:03:18,9:27:31,4139,17849,11547,317,198,34051,185,180,27,618,538,57,368,352,41,185,180,27,Finisher,4272
Tengiz,Pataraia,Tengiz Pataraia,2348,M30-34,Male,Tallinn,Harju,Georgia,GE,1:01:28,4:49:57,3:25:57,0:05:36,0:04:34,9:27:32,3688,17397,12357,336,274,34052,186,181,48,175,154,37,167,164,44,186,181,48,Finisher,4116
Kristian,Gade,Kristian Gade,2623,M18-24,Male,Aarhus,,Denmark,DK,1:04:44,4:46:56,3:28:42,0:05:30,0:02:06,9:27:58,3884,17216,12522,330,126,34078,187,182,25,317,282,36,168,165,19,187,182,25,Finisher,4017
Andreas,Trimmel,Andreas Trimmel,141,M45-49,Male,Bad Schönau,,Austria,AT,0:58:50,5:12:46,3:11:38,0:03:01,0:01:50,9:28:05,3530,18766,11498,181,110,34085,188,183,4,100,89,6,412,395,17,188,183,4,Finisher,4533
Elias,Viitakoski,Elias Viitakoski,1679,M45-49,Male,PORI,,Finland,FI,1:13:09,4:53:56,3:12:57,0:05:06,0:03:06,9:28:14,4389,17636,11577,306,186,34094,189,184,5,1007,860,60,379,363,12,189,184,5,Finisher,4532
Daniel,Hjelm,Daniel Hjelm,1213,M18-24,Male,Strandby,DK-81,Denmark,DK,0:53:17,4:36:08,3:53:17,0:03:23,0:02:13,9:28:18,3197,16568,13997,203,133,34098,190,185,26,21,20,4,32,32,5,190,185,26,Finisher,4013
Kim,Lundberg,Kim Lundberg,1777,M40-44,Male,Allerød,HOVEDSTADEN,Denmark,DK,0:57:20,4:58:46,3:23:27,0:05:28,0:03:29,9:28:30,3440,17926,12207,328,209,34110,191,186,17,59,53,5,219,212,21,191,186,17,Finisher,4056
August,Gaethje,August Gaethje,1974,M25-29,Male,Hamburg,Hamburg,Denmark,DK,0:59:52,4:47:46,3:35:33,0:03:55,0:01:27,9:28:33,3592,17266,12933,235,87,34113,192,187,56,128,114,34,112,111,37,192,187,56,Finisher,4138
Andreas,Hyldahl,Andreas Hyldahl,2508,M25-29,Male,Fredensborg,,Denmark,DK,1:09:45,5:00:05,3:08:59,0:05:47,0:04:01,9:28:38,4185,18005,11339,347,241,34118,193,188,57,678,586,162,435,417,115,193,188,57,Finisher,4137
Mirko,Bloch,Mirko Bloch,798,M30-34,Male,Hannover,Lower Saxony,Germany,DE,1:02:52,4:51:02,3:28:55,0:03:23,0:02:26,9:28:39,3772,17462,12535,203,146,34119,194,189,49,232,204,47,171,168,45,194,189,49,Finisher,4103
Nicolai,Hagen-Kirschberg,Nicolai Hagen-Kirschberg,831,M30-34,Male,Hellerup,Copenhagen,Denmark,DK,1:04:56,4:36:50,3:39:47,0:04:38,0:02:29,9:28:40,3896,16610,13187,278,149,34120,195,190,50,325,289,64,83,83,19,195,190,50,Finisher,4102
Elijah,King,Elijah King,278,M30-34,Male,East Molesey,Surrey,United Kingdom,GB,0:57:58,4:45:37,3:37:55,0:05:02,0:02:15,9:28:47,3478,17137,13075,302,135,34127,196,191,51,75,66,13,94,94,26,196,191,51,Finisher,4101
Jake,Redgate-Large,Jake Redgate-Large,133,M30-34,Male,brigg,GB-LIN,United Kingdom,GB,1:06:25,4:46:55,3:26:38,0:04:35,0:04:19,9:28:52,3985,17215,12398,275,259,34132,197,192,52,414,365,80,178,174,47,197,192,52,Finisher,4100
Mads Hess,Sørensen,Mads Hess Sørensen,2218,M18-24,Male,Sønderborg,DK-82,Denmark,DK,1:08:18,4:35:25,3:37:33,0:04:07,0:03:38,9:29:00,4098,16525,13053,247,218,34140,198,193,27,553,485,70,91,91,14,198,193,27,Finisher,4004
Jacob Emil,Sachmann Hansen,Jacob Emil Sachmann Hansen,932,M25-29,Male,Copenhagen ,HOVEDSTADEN,Denmark,DK,1:04:49,4:48:28,3:29:53,0:03:57,0:02:01,9:29:08,3889,17308,12593,237,121,34148,199,194,58,319,284,82,169,166,49,199,194,58,Finisher,4131
Samuel Kafili,Nielsen,Samuel Kafili Nielsen,2308,M30-34,Male,Aarhus c,DK-82,Denmark,DK,1:16:21,4:48:44,3:15:42,0:05:43,0:02:49,9:29:19,4581,17324,11742,343,169,34159,200,195,53,1282,1076,193,346,331,76,200,195,53,Finisher,4095
Cecilie Sabine,Clausen,Cecilie Sabine Clausen,59,F25-29,Female,København Ø,,Denmark,DK,1:11:53,4:36:30,3:31:09,0:05:36,0:04:15,9:29:22,4313,16590,12669,336,255,34162,201,6,3,885,128,49,139,3,1,201,6,3,Finisher,4728
Lasse,Anker,Lasse Anker,1066,M25-29,Male,Vejle,Southern Jutland,Denmark,DK,1:12:45,4:49:24,3:18:57,0:05:33,0:02:47,9:29:26,4365,17364,11937,333,167,34166,202,196,59,964,825,234,303,291,86,202,196,59,Finisher,4128
Rasmus,Larsen,Rasmus Larsen,1888,M18-24,Male,storvorde,North Jütland,Denmark,DK,1:01:49,4:56:20,3:24:26,0:03:13,0:03:42,9:29:29,3709,17780,12266,193,222,34169,203,197,28,187,164,21,217,210,25,203,197,28,Finisher,3998
Magnus,BREGNING,Magnus BREGNING,357,M30-34,Male,Copenhagen,DK-84,Denmark,DK,1:01:51,4:46:15,3:34:11,0:04:30,0:02:53,9:29:40,3711,17175,12851,270,173,34180,204,198,54,189,166,41,123,122,32,204,198,54,Finisher,4090
Janette,Dommer,Janette Dommer,386,F50-54,Female,Rungsted kyst,DK-84,Denmark,DK,1:01:09,4:49:29,3:33:56,0:03:03,0:02:12,9:29:49,3669,17369,12836,183,132,34189,205,7,1,163,21,1,133,2,1,205,7,1,Finisher,5000
niclas,damgaard,niclas damgaard,2763,M18-24,Male,Rødovre,DK-85,Denmark,DK,1:06:29,4:56:38,3:17:06,0:06:24,0:03:16,9:29:52,3989,17798,11826,384,196,34192,206,199,29,419,369,52,323,310,47,206,199,29,Finisher,3994
Lasse,Justesen,Lasse Justesen,1519,M30-34,Male,Århus C,,Denmark,DK,1:14:21,4:52:48,3:13:51,0:04:52,0:04:03,9:29:55,4461,17568,11631,292,243,34195,207,200,55,1115,944,172,375,359,81,207,200,55,Finisher,4087
Leo,Timmins,Leo Timmins,803,M45-49,Male,Huddersfield,GB-KIR,United Kingdom,GB,1:04:56,5:12:40,3:04:21,0:05:43,0:02:22,9:30:02,3896,18760,11061,343,142,34202,208,201,6,324,288,19,583,556,29,208,201,6,Finisher,4510
Arthur,Du Brulle,Arthur Du Brulle,518,M30-34,Male,Auderghem,,Belgium,BE,1:08:11,5:03:08,3:11:31,0:03:25,0:03:58,9:30:12,4091,18188,11491,205,238,34212,209,202,56,544,477,105,416,399,89,209,202,56,Finisher,4084
Baz,Carter,Baz Carter,256,M45-49,Male,London,GB-GREENWICH,United Kingdom,GB,1:10:16,4:49:39,3:19:56,0:05:51,0:04:34,9:30:17,4216,17379,11996,351,274,34217,210,203,7,722,620,43,276,265,10,210,203,7,Finisher,4507
Daniel,Skaaning,Daniel Skaaning,2305,M30-34,Male,København,Copenhagen,Denmark,DK,0:51:18,5:03:38,3:28:34,0:03:31,0:03:24,9:30:25,3078,18218,12514,211,204,34225,211,204,57,4,4,2,184,180,50,211,204,57,Finisher,4081
Mads,Nielsen,Mads Nielsen,841,M30-34,Male,Hellerup,,Denmark,DK,1:04:13,4:37:34,3:40:23,0:05:40,0:02:35,9:30:25,3853,16654,13223,340,155,34225,212,205,58,296,264,61,90,90,24,212,205,58,Finisher,4081
Kevin,Andersen,Kevin Andersen,3,M25-29,Male,Slagelse,DK-85,Denmark,DK,1:04:08,4:32:05,3:48:57,0:03:04,0:02:13,9:30:27,3848,16325,13737,184,133,34227,213,206,60,289,257,74,45,45,21,213,206,60,Finisher,4115
Signe,Buur,Signe Buur,2575,F18-24,Female,Risskov,Central Jutland,Denmark,DK,1:01:02,4:58:13,3:24:17,0:04:18,0:02:38,9:30:27,3662,17893,12257,258,158,34227,214,8,2,159,19,5,240,10,1,214,8,2,Finisher,4958
Jef ,Peeters,Jef Peeters,185,M35-39,Male,Antwerpen,Flemish Region,Belgium,BE,1:06:11,4:52:13,3:22:22,0:05:07,0:05:15,9:31:07,3971,17533,12142,307,315,34267,215,207,28,391,344,41,238,229,30,215,207,28,Finisher,4229
Caro,Van Der Smissen,Caro Van Der Smissen,139,F25-29,Female,Relegem,,Belgium,BE,1:00:33,4:54:43,3:29:42,0:04:02,0:02:12,9:31:12,3633,17683,12582,242,132,34272,216,9,4,147,16,9,191,5,3,216,9,4,Finisher,4706
Bruce,Janssens,Bruce Janssens,1895,M25-29,Male,Bornem,BE-VAN,Belgium,BE,1:05:34,4:56:31,3:20:41,0:05:22,0:03:18,9:31:27,3934,17791,12041,322,198,34287,217,208,61,356,314,90,299,287,85,217,208,61,Finisher,4103
Nikolai,Wolder,Nikolai Wolder,1122,M18-24,Male,Valby,Copenhagen,Denmark,DK,1:17:51,4:53:50,3:11:19,0:05:48,0:02:50,9:31:39,4671,17630,11479,348,170,34299,218,209,30,1408,1175,176,474,453,79,218,209,30,Finisher,3972
Johannes,Frahm,Johannes Frahm,2730,M25-29,Male,Århus,Midtjylland,Denmark,DK,1:00:33,4:52:15,3:30:34,0:04:28,0:03:53,9:31:42,3633,17535,12634,268,233,34302,219,210,62,146,131,36,170,167,50,219,210,62,Finisher,4100
Jonathan,Hansen-Hoeck,Jonathan Hansen-Hoeck,426,M25-29,Male,København Ø,HOVEDSTADEN,Denmark,DK,1:09:52,4:42:07,3:30:48,0:04:57,0:04:00,9:31:44,4192,16927,12648,297,240,34304,220,211,63,690,596,168,166,163,48,220,211,63,Finisher,4100
James,Anderson,James Anderson,2486,M40-44,Male,North Shields,GB-NTY,United Kingdom,GB,1:09:23,5:09:14,3:05:53,0:03:49,0:03:34,9:31:54,4163,18554,11153,229,214,34314,221,212,18,648,561,50,564,538,57,221,212,18,Finisher,4015
Lucas Alexander,Husum,Lucas Alexander Husum,473,M25-29,Male,København N,HOVEDSTADEN,Denmark,DK,1:08:26,4:50:55,3:26:48,0:03:44,0:02:06,9:31:59,4106,17455,12408,224,126,34319,222,213,64,567,498,139,231,222,67,222,213,64,Finisher,4097
Thomas,Nyborg,Thomas Nyborg,2258,M35-39,Male,Drøbak,NO-02,Norway,NO,1:01:55,4:47:35,3:36:02,0:04:19,0:02:19,9:32:11,3715,17255,12962,259,139,34331,223,214,29,193,170,21,135,133,17,223,214,29,Finisher,4216
Nis,Fuglsang,Nis Fuglsang,941,M18-24,Male,København Ø,Copenhagen,Denmark,DK,1:06:21,4:43:38,3:36:42,0:03:28,0:02:09,9:32:18,3981,17018,13002,208,129,34338,224,215,31,403,355,49,129,128,17,224,215,31,Finisher,3965
Stian,Heltne,Stian Heltne,1843,M25-29,Male,Brattholmen ,HORDALAND,Norway,NO,1:03:56,5:00:18,3:19:29,0:05:44,0:03:01,9:32:28,3836,18018,11969,344,181,34348,225,216,65,280,248,72,334,320,94,225,216,65,Finisher,4091
Erik,Ørbekk,Erik Ørbekk,1732,M30-34,Male,Oslo,Oslo,Norway,NO,1:00:42,4:49:15,3:34:23,0:05:41,0:02:37,9:32:38,3642,17355,12863,341,157,34358,226,217,59,151,134,33,153,150,40,226,217,59,Finisher,4055
Mathias Holm,Negendahl,Mathias Holm Negendahl,1894,M25-29,Male,Århus,Midtjylland,Denmark,DK,1:01:35,4:44:26,3:40:45,0:04:00,0:02:07,9:32:54,3695,17066,13245,240,127,34374,227,218,66,178,156,45,105,105,35,227,218,66,Finisher,4086
Hjalte,Aagesen,Hjalte Aagesen,1290,M25-29,Male,Aarhus,Central Jutland,Denmark,DK,1:13:47,5:01:15,3:11:47,0:04:26,0:01:45,9:32:58,4427,18075,11507,266,105,34378,228,219,67,1063,902,253,507,485,134,228,219,67,Finisher,4085
Timon,Wedekind,Timon Wedekind,1251,M30-34,Male,"
Frederiksberg",,Denmark,DK,0:58:01,4:57:04,3:28:41,0:05:30,0:03:53,9:33:08,3481,17824,12521,330,233,34388,229,220,60,77,68,14,203,197,56,229,220,60,Finisher,4049
Simon,Worm,Simon Worm,423,M25-29,Male,Slagelse,DK-85,Denmark,DK,1:04:28,4:41:09,3:41:09,0:03:39,0:02:54,9:33:19,3868,16869,13269,219,174,34399,230,221,68,302,269,79,97,97,30,230,221,68,Finisher,4081
Nicklas,Hein Johansson,Nicklas Hein Johansson,2459,M35-39,Male,København N,,Denmark,DK,1:11:13,4:46:20,3:24:28,0:07:39,0:03:43,9:33:23,4273,17180,12268,459,223,34403,231,222,30,807,694,75,262,251,35,231,222,30,Finisher,4201
Anna,Schönmetzler ,Anna Schönmetzler,2127,F30-34,Female,Kempten (Allgäu),Bavaria,Germany,DE,1:09:58,5:04:37,3:10:56,0:04:16,0:03:37,9:33:25,4198,18277,11456,256,217,34405,232,10,2,704,96,23,497,22,5,232,10,2,Finisher,4727
Mads Emil Lykke,Jensen,Mads Emil Lykke Jensen,2693,M18-24,Male,Nibe,North Jütland,Denmark,DK,1:09:34,5:04:25,3:12:46,0:04:23,0:02:18,9:33:27,4174,18265,11566,263,138,34407,233,223,32,665,574,83,489,468,82,233,223,32,Finisher,3951
Jordan,Manning,Jordan Manning,1601,M40-44,Male,Berkhamsted,foreigner,United States,US,1:07:43,4:59:20,3:16:48,0:05:54,0:03:41,9:33:27,4063,17960,11808,354,221,34407,234,224,19,504,441,42,387,371,38,234,224,19,Finisher,3996
Gwyn,Bird,Gwyn Bird,779,M30-34,Male,Leiden,,Netherlands,NL,0:57:18,4:44:24,3:44:24,0:04:51,0:02:31,9:33:29,3438,17064,13464,291,151,34409,235,225,61,58,52,10,86,86,20,235,225,61,Finisher,4045
Jack,Stead,Jack Stead,292,M25-29,Male,Goole,GB-ERY,United Kingdom,GB,1:08:24,4:45:18,3:34:26,0:03:01,0:02:50,9:34:00,4104,17118,12866,181,170,34440,236,226,69,564,495,138,165,162,47,236,226,69,Finisher,4073
Alex,Ferrario,Alex Ferrario,317,M40-44,Male,København,DK-85,Italy,IT,1:19:49,4:57:53,3:04:55,0:07:05,0:04:23,9:34:04,4789,17873,11095,425,263,34444,237,227,20,1573,1313,113,607,579,62,237,227,20,Finisher,3989
Moritz,Winkler,Moritz Winkler,442,M40-44,Male,Forchtenberg,BW,Germany,DE,1:05:48,4:46:31,3:34:37,0:03:40,0:03:32,9:34:08,3948,17191,12877,220,212,34448,238,228,21,369,325,33,159,156,15,238,228,21,Finisher,3988
Ana Barbara,Marincic,Ana Barbara Marincic,998,F30-34,Female,Ljubljana,SI-LJUBLJANA,Slovenia,SI,1:06:54,4:57:59,3:19:53,0:05:04,0:04:20,9:34:09,4014,17879,11993,304,260,34449,239,11,3,442,56,12,332,14,2,239,11,3,Finisher,4718
Witus,Cramer,Witus Cramer,1884,M18-24,Male,Horsens,MIDTJYLLAND,Denmark,DK,1:06:00,4:59:08,3:22:14,0:04:39,0:02:17,9:34:17,3960,17948,12134,279,137,34457,240,229,33,380,333,44,330,317,50,240,229,33,Finisher,3941
Stephen,George,Stephen George,147,M40-44,Male,Gilwern,GB-MON,United Kingdom,GB,1:19:25,4:43:27,3:20:37,0:05:09,0:05:42,9:34:21,4765,17007,12037,309,342,34461,241,230,22,1547,1292,109,307,295,32,241,230,22,Finisher,3986
Anna,Weizenegger,Anna Weizenegger,2129,F25-29,Female,Rettenberg,BY,Germany,DE,1:01:35,5:03:25,3:23:15,0:03:59,0:02:32,9:34:45,3695,18205,12195,239,152,34485,242,12,5,177,22,10,318,13,8,242,12,5,Finisher,4663
Midas,De Bondt,Midas De Bondt,2645,M30-34,Male,Leuven,,Belgium,BE,1:06:44,4:54:28,3:26:17,0:04:21,0:02:57,9:34:48,4004,17668,12377,261,177,34488,243,231,62,433,379,84,268,257,67,243,231,62,Finisher,4029
Jacob,Williams,Jacob Williams,2529,M18-24,Male,Bridgend,Mid Glamorgan,United Kingdom,GB,1:10:33,4:53:58,3:17:18,0:07:51,0:05:10,9:34:49,4233,17638,11838,471,310,34489,244,232,34,745,638,90,380,364,61,244,232,34,Finisher,3934
Sebastian,Kolter,Sebastian Kolter,432,M25-29,Male,Frederiksberg,Copenhagen,Denmark,DK,1:12:29,4:44:40,3:31:17,0:04:43,0:02:36,9:35:46,4349,17080,12677,283,156,34546,245,233,70,945,809,228,222,215,65,245,233,70,Finisher,4052
Mads,Kjestrup,Mads Kjestrup,2217,M18-24,Male,Sønderborg,DK-83,Denmark,DK,1:12:50,4:51:30,3:24:53,0:03:35,0:03:05,9:35:54,4370,17490,12293,215,185,34554,246,234,35,979,839,122,304,292,43,246,234,35,Finisher,3921
Oscar,Korsgaard,Oscar Korsgaard,396,M25-29,Male,København,DK-84,Denmark,DK,0:55:53,4:50:14,3:45:05,0:02:54,0:01:48,9:35:54,3353,17414,13505,174,108,34554,247,235,71,40,39,17,95,95,29,247,235,71,Finisher,4050
Jeppe Lund,Dinsen,Jeppe Lund Dinsen,107,M30-34,Male,København,DK-84,Denmark,DK,1:20:19,4:45:29,3:21:58,0:05:22,0:02:52,9:36:00,4819,17129,12118,322,172,34560,248,236,63,1604,1338,229,355,340,78,248,236,63,Finisher,4014
Andreas,Eriksen,Andreas Eriksen,2244,M18-24,Male,Viborg,Central Jutland,Denmark,DK,1:14:55,4:51:36,3:21:33,0:05:28,0:02:28,9:36:01,4495,17496,12093,328,148,34561,249,237,36,1163,982,147,373,357,59,249,237,36,Finisher,3920
Simon,Moris,Simon Moris,1703,M25-29,Male,Hallaar,,Belgium,BE,1:10:12,5:08:02,3:06:13,0:08:38,0:03:08,9:36:13,4212,18482,11173,518,188,34573,250,238,72,717,619,173,643,611,172,250,238,72,Finisher,4046
Jakob,Islev-Noes,Jakob Islev-Noes,55,M18-24,Male,Slagelse,DK-85,Denmark,DK,0:53:34,4:45:35,3:50:58,0:03:40,0:02:29,9:36:16,3214,17135,13858,220,149,34576,251,239,37,23,22,6,64,64,11,251,239,37,Finisher,3917
Henrik,Cloos Skov,Henrik Cloos Skov,1783,M55-59,Male,Rødekro,SYDDANMARK,Denmark,DK,1:11:18,4:54:18,3:21:12,0:05:25,0:04:05,9:36:18,4278,17658,12072,325,245,34578,252,240,3,815,702,27,351,336,9,252,240,3,Finisher,4722
Jens,Dynglykke,Jens Dynglykke,759,M40-44,Male,Tølløse,DK-85,Denmark,DK,1:15:05,4:40:18,3:31:24,0:06:17,0:03:20,9:36:24,4505,16818,12684,377,200,34584,253,241,23,1176,993,93,220,213,22,253,241,23,Finisher,3961
Mikkel,Schjønning,Mikkel Schjønning,846,M25-29,Male,Stenløse,DK-84,Denmark,DK,1:02:50,4:50:24,3:34:22,0:05:27,0:03:22,9:36:24,3770,17424,12862,327,202,34584,254,242,73,230,203,62,187,183,54,254,242,73,Finisher,4044
Anders,Granlund,Anders Granlund,683,M50-54,Male,Åkersberga,SE-AB,Sweden,SE,1:03:47,4:56:59,3:28:06,0:04:56,0:03:13,9:37:02,3827,17819,12486,296,193,34622,255,243,7,272,241,13,272,261,9,255,243,7,Finisher,4538
Hedley,Fletcher,Hedley Fletcher,653,M50-54,Male,Greenside,GB-NET,United Kingdom,GB,1:09:16,4:51:39,3:25:30,0:07:01,0:04:01,9:37:27,4156,17499,12330,421,241,34647,256,244,8,637,554,32,305,293,11,256,244,8,Finisher,4533
Mads Kallesøe,Lyck,Mads Kallesøe Lyck,2583,M18-24,Male,Aarhus C,Midtjylland,Denmark,DK,1:18:39,4:57:12,3:12:33,0:06:16,0:02:56,9:37:36,4719,17832,11553,376,176,34656,257,245,38,1475,1234,190,558,532,90,257,245,38,Finisher,3901
Nick,Hauptvogel,Nick Hauptvogel,2223,M25-29,Male,København N,NI,Germany,DE,1:02:59,4:46:06,3:42:37,0:03:21,0:02:34,9:37:37,3779,17166,13357,201,154,34657,258,246,74,237,208,65,119,118,38,258,246,74,Finisher,4029
Bo Schneider Vohra,Thomsen,Bo Schneider Vohra Thomsen,2690,M35-39,Male,Herlev,DK-84,Denmark,DK,1:15:26,4:50:43,3:23:35,0:04:32,0:03:22,9:37:37,4526,17443,12215,272,202,34657,259,247,31,1201,1010,109,343,329,39,259,247,31,Finisher,4151
William Fjellerup,Meyer,William Fjellerup Meyer,2051,M18-24,Male,København,Copenhagen,Denmark,DK,1:11:31,4:55:21,3:18:34,0:07:52,0:04:26,9:37:44,4291,17721,11914,472,266,34664,260,248,39,846,726,105,417,400,68,260,248,39,Finisher,3899
Sebastian,Smærup,Sebastian Smærup,617,M18-24,Male,København,DK-Copenhagen,Denmark,DK,1:11:52,4:54:44,3:22:51,0:05:16,0:03:04,9:37:48,4312,17684,12171,316,184,34668,261,249,40,884,757,111,370,354,57,261,249,40,Finisher,3899
Benjamin,Hall,Benjamin Hall,112,M35-39,Male,barnsley,GB-SHF,United Kingdom,GB,1:14:23,4:55:28,3:21:08,0:04:00,0:02:50,9:37:48,4463,17728,12068,240,170,34668,262,250,32,1121,948,103,396,380,43,262,250,32,Finisher,4148
Askil Seim,Thorstensen,Askil Seim Thorstensen,1977,M18-24,Male,Nordre Toten,Innlandet,Norway,NO,1:16:19,4:39:53,3:32:04,0:05:00,0:04:42,9:37:56,4579,16793,12724,300,282,34676,263,251,41,1278,1072,156,215,208,24,263,251,41,Finisher,3897
Mitchell,Vink,Mitchell Vink,1659,M25-29,Male,Veenendaal,Utrecht ,Netherlands,NL,1:04:06,4:55:54,3:29:29,0:05:35,0:02:55,9:37:59,3846,17754,12569,335,175,34679,264,252,75,287,255,73,269,258,77,264,252,75,Finisher,4025
Magnus,Jensen,Magnus Jensen,2451,M18-24,Male,Veerst,DK-83,Denmark,DK,1:06:08,4:56:21,3:29:34,0:03:44,0:02:17,9:38:04,3968,17781,12574,224,137,34684,265,253,42,388,341,46,280,269,36,265,253,42,Finisher,3895
Jacob,Valentin,Jacob Valentin,1115,M30-34,Male,"
Kbh N",,Denmark,DK,1:13:34,4:41:18,3:33:54,0:05:02,0:04:15,9:38:04,4414,16878,12834,302,255,34684,266,254,64,1045,886,165,198,193,54,266,254,64,Finisher,3990
Clemens,Jankofsky,Clemens Jankofsky,1700,M30-34,Male,Berlin,BE,Germany,DE,1:10:41,5:07:25,3:10:45,0:05:51,0:03:31,9:38:13,4241,18445,11445,351,211,34693,267,255,65,768,659,129,595,568,119,267,255,65,Finisher,3988
Oliver,Waizenegger,Oliver Waizenegger,1415,M35-39,Male,Tübingen,Baden-Württemberg,Germany,DE,1:00:36,5:05:25,3:23:45,0:04:31,0:03:56,9:38:13,3636,18325,12225,271,236,34693,268,256,33,150,133,15,342,328,38,268,256,33,Finisher,4143
Christian Sigurd Langhoff,Jensen,Christian Sigurd Langhoff Jensen,2641,M25-29,Male,Risskov,,Denmark,DK,1:02:32,5:01:39,3:26:06,0:04:24,0:03:38,9:38:19,3752,18099,12366,264,218,34699,269,257,76,218,193,58,313,301,90,269,257,76,Finisher,4021
Stéphane,Bertrand,Stéphane Bertrand,2327,M35-39,Male,Froidchapelle,,Belgium,BE,1:08:47,5:11:51,3:11:48,0:03:48,0:02:12,9:38:25,4127,18711,11508,228,132,34705,270,258,34,600,524,55,601,574,62,270,258,34,Finisher,4141
Sigurd,Bernstein,Sigurd Bernstein,1143,M25-29,Male,København,DK-84,Denmark,DK,1:19:28,4:59:46,3:11:04,0:05:23,0:02:57,9:38:39,4768,17986,11464,323,177,34719,271,259,77,1552,1296,367,603,575,158,271,259,77,Finisher,4017
Thomas,Snell,Thomas Snell,83,M30-34,Male,New Malden,GB-KTT,United Kingdom,GB,1:08:22,4:57:49,3:24:51,0:04:17,0:03:25,9:38:44,4102,17869,12291,257,205,34724,272,260,66,559,490,107,340,326,75,272,260,66,Finisher,3982
Nikolai Becker,Thaning,Nikolai Becker Thaning,1812,M30-34,Male,Charlottenlund,DK-84,Denmark,DK,1:06:55,4:59:41,3:23:11,0:05:11,0:03:47,9:38:46,4015,17981,12191,311,227,34726,273,261,67,444,387,86,369,353,80,273,261,67,Finisher,3981
Helari,Pallas,Helari Pallas,895,M45-49,Male,Alliku küla,Harjumaa,Estonia,EE,1:10:34,4:30:14,3:50:09,0:05:37,0:02:28,9:39:02,4234,16214,13809,337,148,34742,274,262,8,751,644,48,84,84,2,274,262,8,Finisher,4402
Chris,Walker,Chris Walker,1745,M25-29,Male,london,GB-ENG,United Kingdom,GB,1:15:10,4:56:05,3:19:24,0:04:30,0:03:55,9:39:04,4510,17765,11964,270,235,34744,275,263,78,1181,997,278,437,419,116,275,263,78,Finisher,4012
Jens Christian,Sørensen,Jens Christian Sørensen,2596,M25-29,Male,Aarhus,Central Jutland,Denmark,DK,1:12:45,4:51:44,3:27:59,0:03:52,0:02:49,9:39:09,4365,17504,12479,232,169,34749,276,264,79,963,824,233,310,298,88,276,264,79,Finisher,4011
Alex,KLING,Alex KLING,1658,M25-29,Male,Voisins-le-Bretonneux,Île-de-France,Netherlands,NL,1:01:49,4:54:31,3:35:24,0:04:49,0:02:40,9:39:13,3709,17671,12924,289,160,34753,277,265,80,186,163,48,214,207,63,277,265,80,Finisher,4010
Sander,Madsen,Sander Madsen,1114,M25-29,Male,Frederiksberg,Copenhagen,Denmark,DK,1:11:12,4:47:11,3:33:45,0:04:48,0:02:19,9:39:14,4272,17231,12825,288,139,34754,278,266,81,804,692,194,235,226,69,278,266,81,Finisher,4010
Søren Kærgaard,Tønder,Søren Kærgaard Tønder,611,M30-34,Male,Kolding,Jylland,Denmark,DK,1:07:22,4:43:59,3:39:45,0:05:19,0:02:49,9:39:15,4042,17039,13185,319,169,34755,279,267,68,473,413,91,163,160,43,279,267,68,Finisher,3975
Adam,Ferber,Adam Ferber,453,M25-29,Male,"
Kongens Lyngby",SJÆLLAND,Denmark,DK,1:16:05,4:48:19,3:27:40,0:05:00,0:02:11,9:39:15,4565,17299,12460,300,131,34755,280,268,82,1253,1053,296,320,307,91,280,268,82,Finisher,4010
Martin,Chalupa,Martin Chalupa,43,M45-49,Male,Zlín,CZ-724,Czech Republic,CZ,1:12:48,4:55:09,3:23:24,0:05:01,0:03:03,9:39:24,4368,17709,12204,301,183,34764,281,269,9,972,833,57,388,372,14,281,269,9,Finisher,4398
Tom,Mcglashan,Tom Mcglashan,2678,M35-39,Male,Ravenshead,GB-NTT,United Kingdom,GB,0:53:42,4:42:36,3:57:06,0:03:27,0:02:48,9:39:39,3222,16956,14226,207,168,34779,282,270,35,24,23,2,47,47,4,282,270,35,Finisher,4126
Magnus Eg,Fogh,Magnus Eg Fogh,54,M18-24,Male,Værløse,DK-84,Denmark,DK,0:58:17,4:36:51,3:57:45,0:04:43,0:02:07,9:39:43,3497,16611,14265,283,127,34783,283,271,43,82,73,10,48,48,9,283,271,43,Finisher,3876
Theo,Vollaard,Theo Vollaard,509,M40-44,Male,Rotterdam,ZUID-HOLLAND,Netherlands,NL,1:04:45,4:46:13,3:40:59,0:05:18,0:02:50,9:40:05,3885,17173,13259,318,170,34805,284,272,24,318,283,26,160,157,16,284,272,24,Finisher,3917
Mark,Makram,Mark Makram,78,M30-34,Male,London,GB-GB-ENG,United Kingdom,GB,1:06:11,5:04:44,3:18:35,0:06:57,0:03:41,9:40:08,3971,18284,11915,417,221,34808,285,273,69,392,345,76,481,460,98,285,273,69,Finisher,3965
Oliver,Winther,Oliver Winther,2421,M25-29,Male,Aarhus,DK-82,Denmark,DK,1:20:21,4:46:32,3:24:14,0:05:14,0:04:19,9:40:39,4821,17192,12254,314,259,34839,286,274,83,1606,1340,373,376,360,103,286,274,83,Finisher,3993
Mikkel Emil,Eskildsen,Mikkel Emil Eskildsen,2525,M18-24,Male,Ry,Central Jutland,Denmark,DK,1:09:24,5:11:39,3:09:47,0:06:18,0:03:46,9:40:55,4164,18699,11387,378,226,34855,287,275,44,651,563,79,649,617,100,287,275,44,Finisher,3861
Kevin,Locke,Kevin Locke,1266,M40-44,Male,Dalton in furness,CUMBRIA,United Kingdom,GB,0:52:31,4:42:29,3:58:14,0:04:12,0:03:48,9:41:14,3151,16949,14294,252,228,34874,288,276,25,9,9,1,43,43,3,288,276,25,Finisher,3903
Mathis,Birch,Mathis Birch,1352,M35-39,Male,Odense,,Denmark,DK,1:05:30,4:41:23,3:41:28,0:08:18,0:04:53,9:41:32,3930,16883,13288,498,293,34892,289,277,36,353,311,39,149,146,21,289,277,36,Finisher,4104
Boxuan,Yang,Boxuan Yang,916,M18-24,Male,København,Copenhagen,Denmark,DK,1:18:26,4:48:02,3:27:21,0:05:28,0:02:30,9:41:47,4706,17282,12441,328,150,34907,290,278,45,1459,1219,189,371,355,58,290,278,45,Finisher,3851
Pieter ,Lubbe ,Pieter Lubbe,583,M30-34,Male,Amsterdam ,North Holland,Netherlands,NL,1:12:38,4:43:14,3:32:41,0:08:19,0:05:09,9:42:01,4358,16994,12761,499,309,34921,291,279,70,953,815,154,246,235,64,291,279,70,Finisher,3942
Rasmus,Isegran,Rasmus Isegran,2740,M30-34,Male,Oslo ,Oslo,Norway,NO,1:08:21,4:51:14,3:33:24,0:05:09,0:03:53,9:42:02,4101,17474,12804,309,233,34922,292,280,71,558,489,106,257,246,66,292,280,71,Finisher,3942
Louie,Dahl Larsen,Louie Dahl Larsen,602,M18-24,Male,Aarhus,MIDTJYLLAND,Denmark,DK,1:01:19,4:51:11,3:41:33,0:04:59,0:03:05,9:42:07,3679,17471,13293,299,185,34927,293,281,46,169,148,19,174,170,20,293,281,46,Finisher,3847
Katrine,Terkildsen,Katrine Terkildsen,377,F25-29,Female,Århus C,Central Jutland,Denmark,DK,1:06:47,4:53:43,3:32:39,0:05:48,0:03:19,9:42:16,4007,17623,12759,348,199,34936,294,13,6,437,55,20,281,12,7,294,13,6,Finisher,4573
Christian,Thaagaard,Christian Thaagaard,1794,M35-39,Male,Hjallerup,Nordjylland,Denmark,DK,1:14:46,5:01:08,3:18:11,0:05:36,0:02:44,9:42:25,4486,18068,11891,336,164,34945,295,282,37,1152,973,105,543,519,56,295,282,37,Finisher,4093
Calum,Wooldridge,Calum Wooldridge,1248,M30-34,Male,Yateley,HAM,United Kingdom,GB,1:08:58,5:02:15,3:23:53,0:04:34,0:02:47,9:42:28,4138,18135,12233,274,167,34948,296,283,72,614,534,115,438,420,91,296,283,72,Finisher,3937
Mads Carøe,Sørensen,Mads Carøe Sørensen,1441,M25-29,Male,Aalborg SV,DK-81,Denmark,DK,1:12:16,5:08:29,3:15:23,0:04:08,0:02:16,9:42:32,4336,18509,11723,248,136,34952,297,284,84,916,783,218,611,582,160,297,284,84,Finisher,3970
Troels,Schwartz,Troels Schwartz,143,M40-44,Male,Sønderborg,SYDDANMARK,Denmark,DK,1:08:28,4:54:48,3:31:14,0:04:18,0:03:47,9:42:36,4108,17688,12674,258,227,34956,298,285,26,572,501,46,302,290,31,298,285,26,Finisher,3887
Marcus,Husum,Marcus Husum,471,M25-29,Male,Søborg,Region Hovedstaden,Denmark,DK,1:06:56,4:54:28,3:34:25,0:04:21,0:02:29,9:42:39,4016,17668,12865,261,149,34959,299,286,85,447,390,112,274,263,79,299,286,85,Finisher,3969
Richard,Faux,Richard Faux,883,M35-39,Male,Earls barton,NORTHAMPTONSHIRE,United Kingdom,GB,1:04:13,5:05:45,3:26:59,0:04:22,0:01:31,9:42:50,3853,18345,12419,262,91,34970,300,287,38,295,263,33,406,389,45,300,287,38,Finisher,4088
Holger,Ehlers,Holger Ehlers,871,M25-29,Male,"
København",,Denmark,DK,1:01:41,4:54:17,3:40:39,0:03:43,0:02:34,9:42:54,3701,17657,13239,223,154,34974,301,288,86,183,161,47,196,191,57,301,288,86,Finisher,3966
Josephine Marie,Holm,Josephine Marie Holm,1232,F25-29,Female,"
Kastrup",,Denmark,DK,0:57:03,4:59:25,3:37:51,0:04:41,0:04:00,9:43:00,3423,17965,13071,281,240,34980,302,14,7,52,4,2,213,7,5,302,14,7,Finisher,4564
Kristian Houbak,Kjær,Kristian Houbak Kjær,1059,M30-34,Male,Aarhus,Central Jutland,Denmark,DK,0:59:36,4:59:26,3:39:16,0:03:12,0:01:36,9:43:06,3576,17966,13156,192,96,34986,303,289,73,118,104,25,223,216,60,303,289,73,Finisher,3929
Jens,Gydesen,Jens Gydesen,2656,M55-59,Male,Aabenraa,DK-83,Denmark,DK,0:59:04,4:47:07,3:49:43,0:03:38,0:03:40,9:43:13,3544,17227,13783,218,220,34993,304,290,4,106,93,1,103,103,2,304,290,4,Finisher,4639
Freek,van de Wiel,Freek van de Wiel,208,M18-24,Male,Tilburg,Noord-Brabant ,Netherlands,NL,1:07:29,4:58:47,3:27:13,0:06:36,0:03:25,9:43:30,4049,17927,12433,396,205,35010,305,291,47,482,420,58,385,369,62,305,291,47,Finisher,3830
Déjan,Michiels,Déjan Michiels,1951,M25-29,Male,Ekeren,ANTWERPEN,Belgium,BE,1:04:24,5:10:27,3:19:25,0:06:17,0:02:58,9:43:31,3864,18627,11965,377,178,35011,306,292,87,300,267,78,534,511,143,306,292,87,Finisher,3959
Oscar,De Roeck,Oscar De Roeck,1552,M25-29,Male,Brasschaat,Flemish Region,Belgium,BE,1:08:15,4:56:47,3:29:19,0:06:43,0:02:28,9:43:31,4095,17807,12559,403,148,35011,307,293,88,550,482,133,367,351,101,307,293,88,Finisher,3959
Pierre,Feller,Pierre Feller,65,M40-44,Male,Alscheid,Luxemburg,Luxembourg,LU,1:10:12,5:04:33,3:21:41,0:04:17,0:02:52,9:43:34,4212,18273,12101,257,172,35014,308,294,27,716,618,57,501,479,48,308,294,27,Finisher,3875
Andreas,Falch,Andreas Falch,2017,M18-24,Male,Tune,Zealand,Denmark,DK,1:07:09,4:56:15,3:32:48,0:04:08,0:03:18,9:43:38,4029,17775,12768,248,198,35018,309,295,48,456,397,56,301,289,42,309,295,48,Finisher,3829
Nicholas,Francuz,Nicholas Francuz,100,M40-44,Male,Hove,GB-ESX,Australia,AU,1:12:14,4:50:10,3:32:17,0:04:51,0:04:06,9:43:38,4334,17410,12737,291,246,35018,310,296,28,912,779,76,297,285,30,310,296,28,Finisher,3874
Niels,van Essen,Niels van Essen,73,M35-39,Male,Huis ter Heide,UTRECHT,Netherlands,NL,1:04:52,4:52:17,3:36:22,0:05:55,0:04:23,9:43:49,3892,17537,12982,355,263,35029,311,297,39,320,285,38,230,221,29,311,297,39,Finisher,4076
Sandra,Cummerow,Sandra Cummerow,849,F45-49,Female,Königs Wusterhausen,DE-BB,Germany,DE,0:56:56,5:13:51,3:28:00,0:03:30,0:01:42,9:43:59,3416,18831,12480,210,102,35039,312,15,1,50,3,1,404,17,1,312,15,1,Finisher,5000
Aymeric,Dumont De Chassart,Aymeric Dumont De Chassart,1203,M30-34,Male,Saint-Gilles,BRUSSELS HOOFDSTEDELIJK GEWEST,Belgium,BE,1:12:17,4:57:12,3:24:24,0:05:51,0:04:16,9:44:01,4337,17832,12264,351,256,35041,313,298,74,919,785,148,427,409,90,313,298,74,Finisher,3918
Jesse,Dawson,Jesse Dawson,32,M45-49,Male,Bearsden,GB-SCT,United Kingdom,GB,1:09:49,4:49:08,3:36:30,0:06:11,0:02:23,9:44:01,4189,17348,12990,371,143,35041,314,299,10,685,592,40,261,250,8,314,299,10,Finisher,4342
Oscar,Lindgaard-Kjeldsen,Oscar Lindgaard-Kjeldsen,1743,M25-29,Male,København,DK-84,Denmark,DK,1:14:23,4:52:11,3:23:31,0:08:31,0:05:31,9:44:06,4463,17531,12211,511,331,35046,315,300,89,1119,947,263,423,405,113,315,300,89,Finisher,3952
Xander,Pontoppidan,Xander Pontoppidan,1042,M18-24,Male,Greve,DK-85,Denmark,DK,0:51:41,5:11:12,3:33:47,0:03:56,0:03:36,9:44:11,3101,18672,12827,236,216,35051,316,301,49,6,6,2,289,277,39,316,301,49,Finisher,3822
Semen,Terokhin,Semen Terokhin,1789,M30-34,Male,Fürnitz,,Ukraine,UA,1:07:09,5:07:32,3:22:06,0:04:19,0:03:08,9:44:15,4029,18452,12126,259,188,35055,317,302,75,458,399,89,500,478,101,317,302,75,Finisher,3915
Brian,Nissen,Brian Nissen,513,M35-39,Male,Kastrup,,Denmark,DK,1:06:55,4:50:24,3:39:46,0:04:23,0:02:56,9:44:24,4015,17424,13186,263,176,35064,318,303,40,446,389,42,221,214,28,318,303,40,Finisher,4069
Daniel,Ahlgren,Daniel Ahlgren,1196,M18-24,Male,Vanløse,DK-84,Denmark,DK,1:07:51,5:04:52,3:23:16,0:05:50,0:02:36,9:44:25,4071,18292,12196,350,156,35065,319,304,50,519,455,66,493,472,83,319,304,50,Finisher,3819
Patrick,Argi,Patrick Argi,16,M50-54,Male,Monaco,MC-CO,France,FR,1:09:42,4:52:58,3:32:06,0:06:19,0:03:23,9:44:27,4182,17578,12726,379,203,35067,320,305,9,676,584,34,316,304,14,320,305,9,Finisher,4449
Lasse,West Holstvig,Lasse West Holstvig,2392,M18-24,Male,København V,HOVEDSTADEN,Denmark,DK,1:09:00,4:58:46,3:25:17,0:07:09,0:04:20,9:44:32,4140,17926,12317,429,260,35072,321,306,51,619,539,75,421,403,69,321,306,51,Finisher,3818
Lars S.,Hansen,Lars S. Hansen,2099,M55-59,Male,Sønderborg,,Denmark,DK,1:03:04,4:57:47,3:34:00,0:06:12,0:03:32,9:44:36,3784,17867,12840,372,212,35076,322,307,5,242,213,4,293,281,6,322,307,5,Finisher,4622
Ole Anders Ek,Lundby,Ole Anders Ek Lundby,2259,M30-34,Male,DRØBAK,,Norway,NO,1:06:28,4:58:55,3:31:25,0:04:52,0:02:57,9:44:36,3988,17935,12685,292,177,35076,323,308,76,418,368,82,338,324,74,323,308,76,Finisher,3911
Andy,Notley,Andy Notley,1643,M40-44,Male,Great Wigborough,England,United Kingdom,GB,0:57:44,4:50:18,3:45:02,0:07:25,0:04:14,9:44:43,3464,17418,13502,445,254,35083,324,309,29,67,59,7,152,149,13,324,309,29,Finisher,3861
Maxence,Plessis,Maxence Plessis,635,M25-29,Male,Issy-Les-Moulineaux,Hauts-de-Seine,France,FR,0:58:49,5:18:48,3:18:27,0:05:55,0:02:44,9:44:44,3529,19128,11907,355,164,35084,325,310,90,98,87,29,588,561,154,325,310,90,Finisher,3944
Jens,Van Hoyweghen,Jens Van Hoyweghen,1095,M25-29,Male,Belsele,Flemish Region,Belgium,BE,1:08:22,4:55:27,3:32:49,0:06:08,0:02:09,9:44:55,4102,17727,12769,368,129,35095,326,311,91,560,491,136,333,319,93,326,311,91,Finisher,3942
Markus,Heine,Markus Heine,234,M45-49,Male,Hamburg,Hamburg,Germany,DE,1:07:34,4:48:38,3:35:46,0:08:01,0:05:02,9:45:00,4054,17318,12946,481,302,35100,327,312,11,492,429,32,248,237,7,327,312,11,Finisher,4330
Piotr,Lepka,Piotr Lepka,2383,M40-44,Male,Wrocław,PL-DS,Poland,PL,1:09:19,4:56:35,3:30:35,0:04:20,0:04:13,9:45:02,4159,17795,12635,260,253,35102,328,313,30,641,556,48,337,323,35,328,313,30,Finisher,3857
Rasmus,Axelgaard,Rasmus Axelgaard,2789,M30-34,Male,"
København NV",,Denmark,DK,1:08:46,5:03:40,3:22:13,0:06:37,0:03:48,9:45:04,4126,18220,12133,397,228,35104,329,314,77,598,522,112,502,480,102,329,314,77,Finisher,3906
Sebastian,Fischer,Sebastian Fischer,460,M25-29,Male,København,DK-84,Denmark,DK,1:03:29,5:19:37,3:13:33,0:05:34,0:03:02,9:45:14,3809,19177,11613,334,182,35114,330,315,92,256,226,69,673,638,180,330,315,92,Finisher,3938
Ashwin,Joeloemsingh,Ashwin Joeloemsingh,584,M25-29,Male,Amsterdam,,Netherlands,NL,1:17:05,5:02:10,3:12:51,0:06:48,0:06:32,9:45:26,4625,18130,11571,408,392,35126,331,316,93,1342,1122,318,628,597,166,331,316,93,Finisher,3936
Jonas,Nilsson,Jonas Nilsson,2410,M55-59,Male,Lidköping,,Sweden,SE,1:08:40,4:55:41,3:33:31,0:05:15,0:02:22,9:45:28,4120,17741,12811,315,142,35128,332,317,6,588,515,19,325,312,8,332,317,6,Finisher,4612
Markus Blokkebak,Nørgård,Markus Blokkebak Nørgård,624,M18-24,Male,København,Copenhagen,Denmark,DK,1:04:12,5:01:27,3:29:38,0:05:25,0:04:50,9:45:32,3852,18087,12578,325,290,35132,333,318,52,294,262,34,353,338,55,333,318,52,Finisher,3806
Sam,Piggott,Sam Piggott,136,M35-39,Male,Grimsby,LINCOLNSHIRE,United Kingdom,GB,1:11:40,4:34:20,3:51:35,0:04:18,0:03:43,9:45:36,4300,16460,13895,258,223,35136,334,319,41,867,743,81,107,106,13,334,319,41,Finisher,4055
Collin,Hamlett,Collin Hamlett,403,M40-44,Male,Broomfield ,COLORADO,United States,US,1:17:13,4:54:02,3:25:27,0:04:17,0:04:42,9:45:41,4633,17642,12327,257,282,35141,335,320,31,1353,1132,99,433,415,43,335,320,31,Finisher,3850
Tobias,Madsen,Tobias Madsen,395,M25-29,Male,Copenhagen,DK-84,Denmark,DK,1:16:07,5:00:09,3:21:06,0:06:12,0:02:08,9:45:43,4567,18009,12066,372,128,35143,336,321,94,1256,1056,297,566,540,149,336,321,94,Finisher,3932
Gustav Louring Sand,Paustian,Gustav Louring Sand Paustian,2009,M30-34,Male,Aarup,DK-83,Denmark,DK,1:17:55,5:03:43,3:15:11,0:05:25,0:03:30,9:45:45,4675,18223,11711,325,210,35145,337,322,78,1413,1180,207,644,612,126,337,322,78,Finisher,3897
Elias,Winberg,Elias Winberg,340,M25-29,Male,Aalborg,NORDJYLLAND,Denmark,DK,1:06:43,4:58:00,3:33:50,0:04:55,0:02:20,9:45:47,4003,17880,12830,295,140,35147,338,323,95,430,377,106,327,314,92,338,323,95,Finisher,3931
Jacob,Howard,Jacob Howard,1321,M35-39,Male,Woodbridge,SUFFOLK,United Kingdom,GB,1:03:07,4:55:44,3:35:30,0:05:28,0:06:02,9:45:50,3787,17744,12930,328,362,35150,339,324,42,244,215,28,250,239,32,339,324,42,Finisher,4052
Jørgen Aulesjord,Svanberg,Jørgen Aulesjord Svanberg,2657,M18-24,Male,Trondheim ,,Norway,NO,1:05:39,4:55:57,3:36:53,0:03:49,0:03:36,9:45:55,3939,17757,13013,229,216,35155,340,325,53,361,319,42,266,255,33,340,325,53,Finisher,3801
William,Laidlaw,William Laidlaw,1641,M18-24,Male,Bristol,"BRISTOL, CITY OF",United Kingdom,GB,1:07:25,5:01:24,3:24:54,0:05:44,0:06:29,9:45:57,4045,18084,12294,344,389,35157,341,326,54,477,417,57,411,394,67,341,326,54,Finisher,3801
Jonathan,stoustrup,Jonathan stoustrup,722,M18-24,Male,København Ø,Copenhagen,Denmark,DK,1:07:47,4:57:23,3:33:01,0:05:16,0:02:32,9:45:59,4067,17843,12781,316,152,35159,342,327,55,515,451,64,339,325,53,342,327,55,Finisher,3800
Oliver,Maunsbach,Oliver Maunsbach,636,M30-34,Male,Frederiksberg,DK-84,Denmark,DK,1:11:58,4:41:04,3:41:47,0:05:29,0:05:41,9:46:00,4318,16864,13307,329,341,35160,343,328,79,893,763,143,186,182,51,343,328,79,Finisher,3894
Jouni,Mähönen,Jouni Mähönen,165,M55-59,Male,Tampere,,Finland,FI,1:06:00,5:00:01,3:31:19,0:05:13,0:03:29,9:46:02,3960,18001,12679,313,209,35162,344,329,7,381,334,8,356,341,10,344,329,7,Finisher,4605
Emilie ,Damkjær-Bruun,Emilie Damkjær-Bruun,545,F25-29,Female,Frederiksberg,,Denmark,DK,1:12:52,5:15:37,3:07:29,0:05:35,0:04:33,9:46:07,4372,18937,11249,335,273,35167,345,16,8,980,141,52,773,46,17,345,16,8,Finisher,4527
Jakob,Garm Thude,Jakob Garm Thude,2738,M18-24,Male,"
Kolding",SYDDANMARK,Denmark,DK,1:08:11,4:46:28,3:43:55,0:03:37,0:04:06,9:46:18,4091,17188,13435,217,246,35178,346,330,56,545,478,69,181,177,21,346,330,56,Finisher,3797
Noah,Stender,Noah Stender,1708,M25-29,Male,København,HOVEDSTADEN,Denmark,DK,1:06:34,5:04:39,3:24:40,0:05:05,0:05:20,9:46:18,3994,18279,12280,305,320,35178,347,331,96,421,370,104,449,431,120,347,331,96,Finisher,3925
Mads Rohde,Knudsen,Mads Rohde Knudsen,1294,M30-34,Male,Frederiksberg,DK-84,Denmark,DK,1:23:06,4:56:37,3:13:51,0:07:43,0:05:07,9:46:23,4986,17797,11631,463,307,35183,348,332,80,1811,1502,255,654,621,127,348,332,80,Finisher,3890
Emil,Sietam,Emil Sietam,441,M25-29,Male,Roskilde,DK-85,Denmark,DK,1:03:00,4:48:03,3:49:00,0:04:38,0:01:42,9:46:24,3780,17283,13740,278,102,35184,349,333,97,238,209,66,154,151,44,349,333,97,Finisher,3924
Tijn,Rimmelzwaan,Tijn Rimmelzwaan,1520,M18-24,Male,Rotterdam,ZUID-HOLLAND,Netherlands,NL,1:04:32,4:51:30,3:42:12,0:04:49,0:03:25,9:46:28,3872,17490,13332,289,205,35188,350,334,57,305,272,35,208,202,23,350,334,57,Finisher,3795
Jonas,Storgaard Kristensen,Jonas Storgaard Kristensen,939,M25-29,Male,Århus,Midtjylland,Denmark,DK,1:01:12,5:09:59,3:27:00,0:05:17,0:03:01,9:46:30,3672,18599,12420,317,181,35190,351,335,98,165,144,40,450,432,121,351,335,98,Finisher,3923
Simone,Buskbjerg,Simone Buskbjerg,940,F25-29,Female,"
Aarhus",,Denmark,DK,1:10:48,5:24:01,3:03:36,0:04:29,0:03:39,9:46:34,4248,19441,11016,269,219,35194,352,17,9,779,110,42,857,62,22,352,17,9,Finisher,4521
Andreas,Faerk,Andreas Faerk,359,M40-44,Male,Hellerup,,Denmark,DK,1:05:27,4:57:13,3:36:15,0:04:13,0:03:25,9:46:34,3927,17833,12975,253,205,35194,353,336,32,352,310,31,290,278,29,353,336,32,Finisher,3839
Adam,Blackmore,Adam Blackmore,1360,M30-34,Male,Uplands,WALES [CYMRU GB-CYM],United Kingdom,GB,0:58:28,5:09:22,3:28:21,0:06:22,0:04:05,9:46:38,3508,18562,12501,382,245,35198,354,337,81,86,76,17,400,384,85,354,337,81,Finisher,3887
Joost,Schellekens,Joost Schellekens,1216,M30-34,Male,Antwerpen,BE-VAN,Belgium,BE,1:08:24,5:14:49,3:11:44,0:07:06,0:04:50,9:46:51,4104,18889,11504,426,290,35211,355,338,82,562,493,108,701,664,137,355,338,82,Finisher,3884
Frederik,Sondrup,Frederik Sondrup,1420,M18-24,Male,København N,Copenhagen,Denmark,DK,1:11:16,5:03:52,3:23:29,0:05:16,0:03:01,9:46:54,4276,18232,12209,316,181,35214,356,339,58,812,699,101,527,504,85,356,339,58,Finisher,3789
Bertram,Møller,Bertram Møller,2550,M18-24,Male,Hjørring,,Denmark,DK,1:08:53,5:07:54,3:23:02,0:04:27,0:02:43,9:46:59,4133,18474,12182,267,163,35219,357,340,59,607,528,73,537,514,86,357,340,59,Finisher,3788
Miguel,Díaz Muñoz,Miguel Díaz Muñoz,10,M35-39,Male,Lausanne,ID,Spain,ES,0:58:16,5:05:11,3:32:35,0:05:28,0:05:29,9:46:59,3496,18311,12755,328,329,35219,358,341,43,80,71,9,315,303,36,358,341,43,Finisher,4038
Thomas,Grünberg,Thomas Grünberg,2189,M55-59,Male,Wittenberge ,BB,Germany,DE,1:07:42,4:53:33,3:36:35,0:04:31,0:04:48,9:47:09,4062,17613,12995,271,288,35229,359,342,8,502,439,14,275,264,5,359,342,8,Finisher,4592
Frederik,Skadholm,Frederik Skadholm,2605,M30-34,Male,Højbjerg,MIDTJYLLAND,Denmark,DK,1:07:40,4:55:39,3:36:36,0:04:09,0:03:17,9:47:22,4060,17739,12996,249,197,35242,360,343,83,500,437,95,300,288,71,360,343,83,Finisher,3878
Gary,Mcnamara,Gary Mcnamara,119,M35-39,Male,Scarborough,GB-NYK,United Kingdom,GB,1:11:25,5:05:13,3:23:34,0:04:05,0:03:16,9:47:32,4285,18313,12214,245,196,35252,361,344,44,830,713,78,530,507,55,361,344,44,Finisher,4032
Frederik,Bjerre,Frederik Bjerre,1479,M30-34,Male,Aalborg ,North Jütland,Denmark,DK,1:13:49,5:06:23,3:18:14,0:05:18,0:03:48,9:47:32,4429,18383,11894,318,228,35252,362,345,84,1071,910,170,619,588,123,362,345,84,Finisher,3876
Ross,Meldrum,Ross Meldrum,1598,M45-49,Male,Livingston,West Lothian,United Kingdom,GB,1:05:25,5:06:35,3:27:02,0:05:15,0:03:17,9:47:35,3925,18395,12422,315,197,35255,363,346,12,349,308,20,469,448,20,363,346,12,Finisher,4299
Rob,Kemp,Rob Kemp,694,M30-34,Male,Thurston,SFK,United Kingdom,GB,1:05:57,5:04:14,3:26:37,0:05:42,0:05:07,9:47:37,3957,18254,12397,342,307,35257,364,347,85,378,331,72,439,421,92,364,347,85,Finisher,3875
Julian,Pimat,Julian Pimat,398,M18-24,Male,København S,,Germany,DE,1:06:19,4:54:20,3:39:06,0:04:17,0:03:36,9:47:37,3979,17660,13146,257,216,35257,365,348,60,400,352,47,259,248,30,365,348,60,Finisher,3781
Kristian,Bak Henriksen,Kristian Bak Henriksen,704,M25-29,Male,Storvorde,DK-81,Dominica,DM,1:12:06,4:56:37,3:31:05,0:05:39,0:02:13,9:47:39,4326,17797,12665,339,133,35259,366,349,99,901,770,215,407,390,110,366,349,99,Finisher,3909
Philip Pertou,Brixensen,Philip Pertou Brixensen,1684,M25-29,Male,København,Copenhagen,Denmark,DK,1:02:13,5:10:38,3:28:22,0:04:01,0:02:39,9:47:52,3733,18638,12502,241,159,35272,367,350,100,209,186,56,459,440,124,367,350,100,Finisher,3906
Morten,Donsmark,Morten Donsmark,1485,M55-59,Male,Birkerød,Nordsjælland,Denmark,DK,1:15:56,4:47:43,3:36:27,0:05:20,0:02:31,9:47:57,4556,17263,12987,320,151,35277,368,351,9,1240,1041,43,317,305,7,368,351,9,Finisher,4582
Emil Arngaard,Sørensen,Emil Arngaard Sørensen,1015,M25-29,Male,Aarhus C,Aarhus,Denmark,DK,1:02:25,4:59:40,3:38:56,0:04:43,0:02:19,9:48:03,3745,17980,13136,283,139,35283,369,352,101,213,189,57,288,276,81,369,352,101,Finisher,3904
Jens,Sønderup,Jens Sønderup,1874,M25-29,Male,Skive,DK-82,Denmark,DK,1:13:02,5:03:44,3:23:58,0:05:11,0:02:09,9:48:05,4382,18224,12238,311,129,35285,370,353,102,995,852,238,554,528,148,370,353,102,Finisher,3904
Magnus Voss,Grangaard,Magnus Voss Grangaard,1683,M25-29,Male,København,København,Denmark,DK,1:08:17,5:03:18,3:27:44,0:05:54,0:02:54,9:48:06,4097,18198,12464,354,174,35286,371,354,103,552,484,135,472,451,127,371,354,103,Finisher,3904
Asbjørn,Karlsmose,Asbjørn Karlsmose,2559,M25-29,Male,Aarhus N,Central Jutland,Denmark,DK,1:14:15,4:49:03,3:32:13,0:11:08,0:01:44,9:48:22,4455,17343,12733,668,104,35302,372,355,104,1104,935,261,409,392,111,372,355,104,Finisher,3900
Mads Bach,Carlsen,Mads Bach Carlsen,474,M30-34,Male,Kongens Lyngby,HOVEDSTADEN,Denmark,DK,1:28:27,4:57:53,3:12:45,0:04:44,0:04:41,9:48:30,5307,17873,11565,284,281,35310,373,356,86,2130,1754,293,714,676,139,373,356,86,Finisher,3864
Mikkel,Baumann,Mikkel Baumann,2187,M25-29,Male,Aarhus C,Central Jutland,Denmark,DK,1:11:01,4:54:29,3:35:22,0:05:26,0:02:19,9:48:37,4261,17669,12922,326,139,35317,374,357,105,790,679,191,349,334,97,374,357,105,Finisher,3897
Magnus Christian,Reckert,Magnus Christian Reckert,1760,M25-29,Male,Frederiksberg,HOVEDSTADEN,Denmark,DK,1:07:54,5:03:04,3:27:48,0:06:11,0:03:48,9:48:45,4074,18184,12468,371,228,35325,375,358,106,527,461,127,465,445,126,375,358,106,Finisher,3896
Rasmus,Gaudin,Rasmus Gaudin,2233,M30-34,Male,Frederiksberg,Copenhagen,Denmark,DK,1:07:38,4:49:38,3:43:21,0:05:12,0:03:00,9:48:48,4058,17378,13401,312,180,35328,376,359,87,498,435,94,225,218,61,376,359,87,Finisher,3861
Jonathan,Carrick,Jonathan Carrick,1639,M45-49,Male,swansea,GB-SWA,United Kingdom,GB,1:06:17,4:59:36,3:31:21,0:05:26,0:06:18,9:48:59,3977,17976,12681,326,378,35339,377,360,13,399,351,24,361,345,11,377,360,13,Finisher,4283
Nicholas,Sroczynski,Nicholas Sroczynski,892,M40-44,Male,Virum,DK-84,Denmark,DK,0:59:41,4:41:25,4:02:31,0:03:40,0:01:44,9:49:01,3581,16885,14551,220,104,35341,378,361,33,123,109,12,73,73,8,378,361,33,Finisher,3810
Frédéric,Grymonprez,Frédéric Grymonprez,1825,M30-34,Male,Holsbeek,,Belgium,BE,1:11:29,5:11:30,3:14:53,0:06:46,0:04:23,9:49:01,4289,18690,11693,406,263,35341,379,362,88,840,720,138,687,651,135,379,362,88,Finisher,3858
Mike,Quinlivan,Mike Quinlivan,110,M50-54,Male,Clare,IE-CE,Ireland,IE,1:07:09,5:02:51,3:31:40,0:05:11,0:02:16,9:49:08,4029,18171,12700,311,136,35348,380,363,10,457,398,20,426,408,18,380,363,10,Finisher,4393
Mervyn,Mc Dowell,Mervyn Mc Dowell,547,M40-44,Male,Dublin,IE-D,Ireland,IE,0:58:42,4:59:40,3:40:15,0:04:47,0:05:47,9:49:11,3522,17980,13215,287,347,35351,381,364,34,94,83,8,234,225,23,381,364,34,Finisher,3808
Shaun,Brown,Shaun Brown,2225,M30-34,Male,Fareham,HAMPSHIRE,United Kingdom,GB,1:12:28,5:04:29,3:21:22,0:06:59,0:03:54,9:49:12,4348,18269,12082,419,234,35352,382,365,89,941,805,152,594,567,118,382,365,89,Finisher,3856
June,Sitar,June Sitar,2242,M25-29,Male,Ventura,US-US-CA,United States,US,0:54:41,5:16:55,3:29:24,0:04:18,0:03:54,9:49:13,3281,19015,12564,258,234,35353,383,366,107,30,29,12,442,424,117,383,366,107,Finisher,3890
Mathias,Andersen,Mathias Andersen,2092,M30-34,Male,Århus,Midtjylland,Denmark,DK,1:03:52,4:48:46,3:46:51,0:03:54,0:06:03,9:49:25,3832,17326,13611,234,363,35365,384,367,90,274,242,56,162,159,42,384,367,90,Finisher,3853
Sander,Verburg,Sander Verburg,1487,M18-24,Male,Krimpen aan den IJssel,,Netherlands,NL,1:03:02,4:58:54,3:41:51,0:03:33,0:02:10,9:49:29,3782,17934,13311,213,130,35369,385,368,61,240,211,25,267,256,34,385,368,61,Finisher,3758
Mads,Petersen ,Mads Petersen,102,M25-29,Male,København,,Denmark,DK,1:16:33,4:53:04,3:28:59,0:06:39,0:04:15,9:49:30,4593,17584,12539,399,255,35370,386,369,108,1299,1089,307,448,430,119,386,369,108,Finisher,3887
Mads,Henriksen,Mads Henriksen,2651,M35-39,Male,"
Ringsted",,Denmark,DK,1:13:57,4:56:58,3:30:59,0:05:05,0:02:43,9:49:41,4437,17818,12659,305,163,35381,387,370,45,1086,922,99,443,425,47,387,370,45,Finisher,4006
Mads,Gulmark,Mads Gulmark,2385,M18-24,Male,Ølstykke,DK-85,Denmark,DK,1:06:21,5:00:09,3:34:52,0:05:09,0:03:15,9:49:46,3981,18009,12892,309,195,35386,388,371,62,404,356,50,365,349,56,388,371,62,Finisher,3755
Frederik,Lavdal,Frederik Lavdal,2671,M18-24,Male,Aarhus C,MIDTJYLLAND,Denmark,DK,1:05:12,5:04:49,3:31:57,0:05:23,0:02:28,9:49:49,3912,18289,12717,323,148,35389,389,372,63,337,297,40,431,413,71,389,372,63,Finisher,3754
Michael,Rolsted,Michael Rolsted,328,M50-54,Male,Roskilde,DK-SJÆLLAND,Denmark,DK,1:08:26,4:57:44,3:31:17,0:05:11,0:07:16,9:49:53,4106,17864,12677,311,436,35393,390,373,11,566,497,27,362,346,16,390,373,11,Finisher,4384
Jeppe,Mortensen,Jeppe Mortensen,2354,M25-29,Male,Århus ,Jylland,Denmark,DK,1:06:00,5:02:29,3:31:52,0:07:38,0:02:16,9:50:16,3960,18149,12712,458,136,35416,391,374,109,383,336,97,445,427,118,391,374,109,Finisher,3878
Marcus,Möller,Marcus Möller,138,M50-54,Male,Påarp,,Sweden,SE,1:05:15,4:58:59,3:38:35,0:04:09,0:03:24,9:50:21,3915,17939,13115,249,204,35421,392,375,12,339,299,16,311,299,13,392,375,12,Finisher,4378
Rasmus,Søgaard Nielsen,Rasmus Søgaard Nielsen,1261,M18-24,Male,Frederiksberg,Copenhagen,Denmark,DK,1:07:56,4:54:47,3:37:32,0:05:53,0:04:14,9:50:22,4076,17687,13052,353,254,35422,393,376,64,529,463,67,314,302,45,393,376,64,Finisher,3748
Jakob,Kondrup,Jakob Kondrup,401,M30-34,Male,København S,DK-84,Denmark,DK,1:16:25,5:01:20,3:25:18,0:04:55,0:02:26,9:50:25,4585,18080,12318,295,146,35425,394,377,91,1287,1081,194,574,548,115,394,377,91,Finisher,3841
Carl,Williams,Carl Williams,757,M40-44,Male,Pentre,Rhondda Cynon Taff,United Kingdom,GB,1:10:34,4:55:26,3:35:39,0:05:39,0:03:19,9:50:36,4234,17726,12939,339,199,35436,395,378,35,750,643,60,364,348,37,395,378,35,Finisher,3791
Frederik Sehstedt,Flamand,Frederik Sehstedt Flamand,145,M25-29,Male,København S,,Denmark,DK,1:07:36,4:48:00,3:45:40,0:05:01,0:04:24,9:50:41,4056,17280,13540,301,264,35441,396,379,110,496,433,122,204,198,59,396,379,110,Finisher,3873
Edvin,Grundnes,Edvin Grundnes,2071,M25-29,Male,MOSS,NO-01,Norway,NO,1:33:06,4:41:51,3:29:53,0:03:54,0:02:13,9:50:58,5586,16911,12593,234,133,35458,397,380,111,2307,1888,479,498,476,132,397,380,111,Finisher,3869
Rasmus Nygaard,Perto,Rasmus Nygaard Perto,2111,M18-24,Male,Aarhus,Central Jutland,Denmark,DK,1:20:24,4:54:30,3:28:49,0:05:22,0:02:02,9:51:08,4824,17670,12529,322,122,35468,398,381,65,1609,1342,207,523,500,84,398,381,65,Finisher,3739
Jakob,Claviez,Jakob Claviez,330,M25-29,Male,København SV ,Copenhagen,Germany,DE,1:12:09,5:02:58,3:26:46,0:05:43,0:03:44,9:51:20,4329,18178,12406,343,224,35480,399,382,112,906,774,216,532,509,141,399,382,112,Finisher,3865
Tristan,Ploeger,Tristan Ploeger,546,M18-24,Male,Bloemendaal,NL-NH,Netherlands,NL,1:11:37,4:56:02,3:36:16,0:04:28,0:02:58,9:51:21,4297,17762,12976,268,178,35481,400,383,66,859,736,107,377,361,60,400,383,66,Finisher,3736
Lukas,Caspersen,Lukas Caspersen,2423,M18-24,Male,Nørresundby,NORDJYLLAND,Denmark,DK,1:03:59,4:58:00,3:40:30,0:06:08,0:02:50,9:51:27,3839,17880,13230,368,170,35487,401,384,67,286,254,32,309,297,44,401,384,67,Finisher,3735
Olivier,Brader,Olivier Brader,223,M18-24,Male,Rotterdam,South Holland,Netherlands,NL,1:13:58,5:02:47,3:24:48,0:06:34,0:03:31,9:51:37,4438,18167,12288,394,211,35497,402,385,68,1089,925,137,582,555,93,402,385,68,Finisher,3733
Trym,Eriksen,Trym Eriksen,2565,M25-29,Male,OSLO,,Norway,NO,1:08:40,4:57:41,3:34:28,0:05:39,0:05:15,9:51:44,4120,17861,12868,339,315,35504,403,386,113,591,516,142,374,358,102,403,386,113,Finisher,3860
Mikkel Carøe,Sørensen,Mikkel Carøe Sørensen,1439,M25-29,Male,Aalborg,DK-81,Denmark,DK,1:08:30,5:19:29,3:14:54,0:04:43,0:04:10,9:51:45,4110,19169,11694,283,250,35505,404,387,114,574,503,140,746,705,204,404,387,114,Finisher,3860
Søren,Kongsted,Søren Kongsted,2725,M50-54,Male,Fredericia,DK-83,Denmark,DK,1:09:02,4:50:55,3:45:24,0:03:33,0:02:50,9:51:45,4142,17455,13524,213,170,35505,405,388,13,624,543,30,239,230,8,405,388,13,Finisher,4361
Laurits,Lillemose,Laurits Lillemose,2256,M25-29,Male,København,HOVEDSTADEN,Denmark,DK,1:15:53,4:57:41,3:27:19,0:06:23,0:04:37,9:51:52,4553,17861,12439,383,277,35512,406,389,115,1238,1039,293,518,495,137,406,389,115,Finisher,3858
Ruben,Crop,Ruben Crop,1145,M25-29,Male,Aalter,Oost-Vlaanderen,Belgium,BE,1:14:56,4:42:58,3:44:30,0:05:32,0:03:59,9:51:54,4496,16978,13470,332,239,35514,407,390,116,1165,984,274,237,228,71,407,390,116,Finisher,3858
Oliver Hyldegaard,Andersen,Oliver Hyldegaard Andersen,1442,M25-29,Male,København Ø,Copenhagen,Denmark,DK,0:59:20,5:07:02,3:35:11,0:06:36,0:03:46,9:51:54,3560,18422,12911,396,226,35514,408,391,117,110,97,31,386,370,105,408,391,117,Finisher,3858
Simon,Malley,Simon Malley,2384,M45-49,Male,Neath,vale of neath,United Kingdom,GB,1:04:24,5:02:02,3:34:18,0:06:59,0:04:20,9:52:03,3864,18122,12858,419,260,35523,409,392,14,301,268,18,392,376,15,409,392,14,Finisher,4246
Stine,Koczulab,Stine Koczulab,9,F25-29,Female,København,,Denmark,DK,1:13:55,4:51:39,3:39:03,0:05:09,0:02:30,9:52:15,4435,17499,13143,309,150,35535,410,18,10,1079,162,61,344,15,9,410,18,10,Finisher,4453
Lennard,Hellings,Lennard Hellings,1550,M35-39,Male,Genk,,Belgium,BE,1:09:40,5:02:34,3:29:25,0:06:36,0:04:06,9:52:20,4180,18154,12565,396,246,35540,411,393,46,673,581,63,496,475,53,411,393,46,Finisher,3974
Mikkel,Lundsgaard,Mikkel Lundsgaard,1275,M25-29,Male,Rødovre,DK-84,Denmark,DK,1:22:22,5:08:58,3:11:15,0:05:50,0:04:01,9:52:27,4942,18538,11475,350,241,35547,412,394,118,1755,1459,402,816,762,223,412,394,118,Finisher,3851
Magnus,Tophøj,Magnus Tophøj,1426,M18-24,Male,Århus,MIDTJYLLAND,Denmark,DK,1:12:58,4:50:18,3:43:04,0:03:43,0:02:26,9:52:29,4378,17418,13384,223,146,35549,413,395,69,989,847,123,291,279,40,413,395,69,Finisher,3722
Nicolai,Winther,Nicolai Winther,210,M25-29,Male,Aarhus,Central Jutland,Denmark,DK,1:04:35,4:59:36,3:41:56,0:04:19,0:02:16,9:52:41,3875,17976,13316,259,136,35561,414,396,119,307,273,80,312,300,89,414,396,119,Finisher,3849
Thierry,Frik,Thierry Frik,2192,M40-44,Male,Oud Gastel,North Brabant,Netherlands,NL,1:07:39,5:02:34,3:34:11,0:05:09,0:03:11,9:52:43,4059,18154,12851,309,191,35563,415,397,36,499,436,41,428,410,41,415,397,36,Finisher,3765
Daniel Skov,Dobson,Daniel Skov Dobson,642,M25-29,Male,Frederiksberg,DK-84,Denmark,DK,1:08:35,5:03:53,3:27:07,0:07:55,0:05:15,9:52:45,4115,18233,12427,475,315,35565,416,398,120,580,509,141,526,503,140,416,398,120,Finisher,3848
Filip,Jacobi,Filip Jacobi,1252,M25-29,Male,København NV,Copenhagen,Denmark,DK,1:06:45,5:02:59,3:34:48,0:04:30,0:03:56,9:52:58,4005,18179,12888,270,236,35578,417,399,121,434,380,107,402,386,109,417,399,121,Finisher,3845
Frederik,Ellekilde,Frederik Ellekilde,64,M30-34,Male,Copenhagen,DK-84,Denmark,DK,1:00:30,5:02:24,3:41:30,0:04:30,0:04:07,9:53:01,3630,18144,13290,270,247,35581,418,400,92,144,129,31,298,286,70,418,400,92,Finisher,3810
Jan,Kestens,Jan Kestens,2296,M30-34,Male,Ninove,,Belgium,BE,1:13:14,5:00:19,3:29:00,0:06:21,0:04:08,9:53:02,4394,18019,12540,381,248,35582,419,401,93,1015,865,164,516,494,105,419,401,93,Finisher,3810
Christian,Madsen,Christian Madsen,1814,M30-34,Male,København,Copenhagen,Denmark,DK,1:26:43,4:45:13,3:33:20,0:05:22,0:02:25,9:53:02,5203,17113,12800,322,145,35582,420,402,94,2035,1675,278,470,449,95,420,402,94,Finisher,3810
Steffen,Duken,Steffen Duken,1978,M30-34,Male,Kiel,SCHLESWIG-HOLSTEIN,Germany,DE,1:07:26,5:08:12,3:27:36,0:05:32,0:04:18,9:53:05,4046,18492,12456,332,258,35585,421,403,95,479,418,92,535,512,108,421,403,95,Finisher,3809
Davide,Piran,Davide Piran,716,M30-34,Male,Locate Varesino,IT-CO,Italy,IT,0:59:42,5:15:12,3:30:23,0:05:29,0:02:25,9:53:11,3582,18912,12623,329,145,35591,422,404,96,125,111,27,525,502,106,422,404,96,Finisher,3808
Markus,Isager,Markus Isager,2182,M25-29,Male,Aarhus,MIDTJYLLAND,Denmark,DK,1:15:32,5:04:05,3:25:06,0:05:30,0:03:00,9:53:13,4532,18245,12306,330,180,35593,423,405,122,1206,1014,283,613,584,161,423,405,122,Finisher,3842
Harry,Grosvenor,Harry Grosvenor,2585,M30-34,Male,Surbiton,UNITED KINGDOM,United Kingdom,GB,1:02:01,5:15:44,3:28:00,0:04:41,0:02:54,9:53:21,3721,18944,12480,281,174,35601,424,406,97,198,175,42,565,539,113,424,406,97,Finisher,3806
Lukas,Markowski,Lukas Markowski,2167,M18-24,Male,Aulum,Midtjylland ,Denmark,DK,1:07:33,4:55:19,3:38:05,0:08:12,0:04:14,9:53:24,4053,17719,13085,492,254,35604,425,407,70,491,428,60,352,337,54,425,407,70,Finisher,3711
Laurin,Sarkander,Laurin Sarkander,1944,M30-34,Male,Greven,DE-NW,Germany,DE,0:58:46,5:09:54,3:37:50,0:03:30,0:03:37,9:53:37,3526,18594,13070,210,217,35617,426,408,98,96,85,20,378,362,82,426,408,98,Finisher,3803
Morten,Eg,Morten Eg,2471,M25-29,Male,Århus,Midtjylland,Denmark,DK,1:24:38,5:02:44,3:15:57,0:06:47,0:03:33,9:53:38,5078,18164,11757,407,213,35618,427,409,123,1906,1581,428,776,728,212,427,409,123,Finisher,3837
Jacob,Thrane,Jacob Thrane,2032,M25-29,Male,Måløv,HOVEDSTADEN,Denmark,DK,1:02:00,4:58:41,3:44:01,0:04:56,0:04:05,9:53:44,3720,17921,13441,296,245,35624,428,410,124,197,174,52,270,259,78,428,410,124,Finisher,3836
Liam,Craig,Liam Craig,257,M30-34,Male,London,GB-LND,United Kingdom,GB,1:06:26,4:58:54,3:41:38,0:04:10,0:02:37,9:53:45,3986,17934,13298,250,157,35625,429,411,99,415,366,81,322,309,72,429,411,99,Finisher,3801
Sarah,Trahair-Williams,Sarah Trahair-Williams,566,F35-39,Female,Bristol,England,United Kingdom,GB,1:12:17,5:20:02,3:14:49,0:04:48,0:01:51,9:53:48,4337,19202,11689,288,111,35628,430,19,2,918,134,16,813,53,5,430,19,2,Finisher,4412
Jelle,Janssen,Jelle Janssen,1954,M30-34,Male,Herentals,,Belgium,BE,0:57:04,5:28:31,3:15:50,0:06:19,0:06:09,9:53:53,3424,19711,11750,379,369,35633,431,412,100,54,49,9,732,693,140,431,412,100,Finisher,3800
Daniel,Kjellberg,Daniel Kjellberg,1906,M25-29,Male,Helsinge,HOVEDSTADEN,Denmark,DK,1:14:28,5:11:27,3:15:49,0:06:08,0:06:23,9:54:15,4468,18687,11749,368,383,35655,432,413,125,1127,953,265,735,696,199,432,413,125,Finisher,3830
Mads,Vinge-Kaarsberg,Mads Vinge-Kaarsberg,1056,M35-39,Male,Haslev,,Denmark,DK,1:18:46,5:02:48,3:22:18,0:05:05,0:05:23,9:54:20,4726,18168,12138,305,323,35660,433,414,47,1490,1247,135,634,603,68,433,414,47,Finisher,3950
Mikkel,Kure Damkjær,Mikkel Kure Damkjær,1761,M18-24,Male,Aarhus C,Central Jutland,Denmark,DK,1:10:51,5:01:39,3:33:26,0:05:22,0:03:03,9:54:22,4251,18099,12806,322,183,35662,434,415,71,783,673,96,482,461,81,434,415,71,Finisher,3700
Magnus,Rasmussen,Magnus Rasmussen,1813,M18-24,Male,Aarhus,,Denmark,DK,1:19:14,4:52:17,3:34:32,0:05:07,0:03:19,9:54:29,4754,17537,12872,307,199,35669,435,416,72,1533,1281,199,453,435,74,435,416,72,Finisher,3698
Eskild,Jørgensen,Eskild Jørgensen,2319,M18-24,Male,Roskilde,,Denmark,DK,1:16:19,5:00:42,3:29:44,0:05:02,0:02:43,9:54:30,4579,18042,12584,302,163,35670,436,417,73,1281,1075,158,556,530,89,436,417,73,Finisher,3698
Tobias,Hanebuth,Tobias Hanebuth,797,M40-44,Male,Langenhagen,NI,Germany,DE,1:05:56,5:04:46,3:35:57,0:04:25,0:03:32,9:54:37,3956,18286,12957,265,212,35677,437,418,37,377,330,34,424,406,40,437,418,37,Finisher,3742
Marlon,Thomas,Marlon Thomas,2652,M30-34,Male,Hamburg,DE-HH,Germany,DE,1:03:42,4:52:42,3:47:49,0:05:08,0:05:18,9:54:39,3822,17562,13669,308,318,35679,438,419,101,266,235,55,218,211,59,438,419,101,Finisher,3791
Dennis,Visholm,Dennis Visholm,2323,M40-44,Male,Denmark,foreigner,Denmark,DK,1:09:58,4:51:24,3:43:49,0:04:59,0:04:42,9:54:51,4198,17484,13429,299,282,35691,439,420,38,703,608,56,282,270,27,439,420,38,Finisher,3740
Staffan Marchel,Kronel,Staffan Marchel Kronel,1919,M25-29,Male,København,DK-85,Denmark,DK,1:11:36,5:03:19,3:32:47,0:04:58,0:02:11,9:54:52,4296,18199,12767,298,131,35692,440,421,126,856,733,203,515,493,136,440,421,126,Finisher,3822
Silas,Abrahamsen,Silas Abrahamsen,1863,M18-24,Male,Aalborg,North Jütland,Denmark,DK,1:18:08,5:03:17,3:26:07,0:04:59,0:02:29,9:54:59,4688,18197,12367,299,149,35699,441,422,74,1434,1195,180,631,600,97,441,422,74,Finisher,3692
Giuliano,Blei,Giuliano Blei,1528,M35-39,Male,Milano,IT-MI,Italy,IT,1:02:04,5:15:19,3:25:40,0:08:09,0:03:50,9:55:01,3724,18919,12340,489,230,35701,442,423,48,200,177,23,620,589,66,442,423,48,Finisher,3942
Michiel,Vanhorenbeeck,Michiel Vanhorenbeeck,2154,M35-39,Male,Mechelen,ANTWERPEN,Belgium,BE,1:08:34,5:12:06,3:26:39,0:05:22,0:02:21,9:55:01,4114,18726,12399,322,141,35701,443,424,49,577,506,52,627,596,67,443,424,49,Finisher,3942
Lasse,Mølkjær,Lasse Mølkjær,2164,M18-24,Male,Videbæk,DK-82,Denmark,DK,1:11:15,4:48:43,3:47:50,0:04:41,0:02:36,9:55:06,4275,17323,13670,281,156,35706,444,425,75,809,696,100,256,245,29,444,425,75,Finisher,3691
Nicolai,Bøgh,Nicolai Bøgh,1144,M25-29,Male,København,DK-84,Denmark,DK,1:12:41,5:00:18,3:33:04,0:05:19,0:04:12,9:55:34,4361,18018,12784,319,252,35734,445,426,127,957,818,232,487,466,129,445,426,127,Finisher,3814
Kristian,Bø,Kristian Bø,2455,M45-49,Male,Grimstad,,Norway,NO,1:10:31,5:10:13,3:24:44,0:06:39,0:03:33,9:55:39,4231,18613,12284,399,213,35739,446,427,15,742,635,45,651,619,32,446,427,15,Finisher,4203
Jacob,Boch,Jacob Boch,487,M25-29,Male,København N,,Denmark,DK,1:08:08,4:56:56,3:40:15,0:06:18,0:04:06,9:55:43,4088,17816,13215,378,246,35743,447,428,128,542,476,131,363,347,99,447,428,128,Finisher,3812
Lukas,Fagerholt,Lukas Fagerholt,641,M25-29,Male,København,DK-84,Denmark,DK,1:12:47,5:20:06,3:15:01,0:05:27,0:02:22,9:55:43,4367,19206,11701,327,142,35743,448,429,129,969,830,236,835,776,229,448,429,129,Finisher,3812
Alexander,Nyborg Wargin,Alexander Nyborg Wargin,750,M30-34,Male,Virum,HOVEDSTADEN,Denmark,DK,1:02:44,4:59:34,3:46:54,0:04:21,0:02:13,9:55:45,3764,17974,13614,261,133,35745,449,430,102,226,199,46,287,275,69,449,430,102,Finisher,3777
Filippo,Formosa,Filippo Formosa,1472,M25-29,Male,Risskov,Aarhus,Italy,IT,1:12:33,5:07:50,3:23:27,0:07:37,0:04:25,9:55:53,4353,18470,12207,457,265,35753,450,431,130,947,811,230,661,627,176,450,431,130,Finisher,3810
Nicolas,Blyweert,Nicolas Blyweert,1030,M35-39,Male,Damme,Flemish Region,Belgium,BE,1:04:43,5:12:24,3:25:11,0:08:13,0:05:21,9:55:53,3883,18744,12311,493,321,35753,451,432,50,316,281,37,616,585,65,451,432,50,Finisher,3931
Joris,Krabbe,Joris Krabbe,2662,M18-24,Male,Rotterdam,ZUID-HOLLAND,Netherlands,NL,1:09:30,5:12:00,3:25:03,0:05:16,0:04:08,9:55:57,4170,18720,12303,316,248,35757,452,433,76,656,568,80,637,606,99,452,433,76,Finisher,3681
Nicolai,Fabian,Nicolai Fabian,2595,M25-29,Male,Aarhus,Central Jutland,Denmark,DK,1:18:57,5:10:43,3:17:36,0:06:21,0:02:28,9:56:06,4737,18643,11856,381,148,35766,453,434,131,1506,1261,358,799,749,220,453,434,131,Finisher,3808
Kristian,Brandstrup,Kristian Brandstrup,1285,M25-29,Male,Lyngby,,Denmark,DK,1:09:51,4:59:21,3:37:40,0:05:56,0:03:20,9:56:08,4191,17961,13060,356,200,35768,454,435,132,687,593,166,425,407,114,454,435,132,Finisher,3807
Jacob,Hølmkær,Jacob Hølmkær,1866,M30-34,Male,Vinderup,Central Jutland,Denmark,DK,1:20:05,4:59:36,3:29:21,0:05:10,0:01:57,9:56:09,4805,17976,12561,310,117,35769,455,436,103,1588,1327,226,610,581,122,455,436,103,Finisher,3773
Frederik,Hummelmose,Frederik Hummelmose,1338,M25-29,Male,København,København,Denmark,DK,1:06:22,5:04:55,3:36:06,0:05:26,0:03:23,9:56:12,3982,18295,12966,326,203,35772,456,437,133,408,359,102,455,437,122,456,437,133,Finisher,3806
Jonas,Nonnenprediger,Jonas Nonnenprediger,25,M35-39,Male,Schwerin,DE-MV,Germany,DE,1:18:18,4:59:29,3:30:26,0:05:44,0:02:15,9:56:13,4698,17969,12626,344,135,35773,457,438,51,1446,1206,129,587,560,61,457,438,51,Finisher,3927
Emilie,Bülow,Emilie Bülow,1377,F18-24,Female,København,DK-84,Denmark,DK,0:58:55,5:21:13,3:28:52,0:04:42,0:02:34,9:56:14,3535,19273,12532,282,154,35774,458,20,3,101,12,2,609,29,6,458,20,3,Finisher,4649
Markus,Zochbauer,Markus Zochbauer,2660,M45-49,Male,Altenfelden,AT-4,Austria,AT,1:16:00,4:58:23,3:32:12,0:05:35,0:04:11,9:56:20,4560,17903,12732,335,251,35780,459,439,16,1247,1047,70,520,497,23,459,439,16,Finisher,4194
Marc,Ballegaard,Marc Ballegaard,2499,M18-24,Male,Sønderborg,SYDDANMARK,Denmark,DK,1:06:36,4:53:50,3:46:23,0:06:00,0:03:40,9:56:28,3996,17630,13583,360,220,35788,460,440,77,422,371,53,284,272,37,460,440,77,Finisher,3675
Alexander ,Evers,Alexander Evers,882,M18-24,Male,København,Copenhagen,Denmark,DK,1:15:28,4:52:46,3:39:06,0:05:38,0:03:36,9:56:35,4528,17566,13146,338,216,35795,461,441,78,1203,1012,148,397,381,64,461,441,78,Finisher,3673
Christian,Rohde,Christian Rohde,652,M30-34,Male,København N,HOVEDSTADEN,Denmark,DK,1:10:38,5:02:21,3:32:58,0:06:18,0:04:23,9:56:36,4238,18141,12778,378,263,35796,462,442,104,757,650,127,506,484,103,462,442,104,Finisher,3767
Erik,Årstad Gilje,Erik Årstad Gilje,2492,M25-29,Male,Oslo,Oslo,Norway,NO,1:15:52,5:05:57,3:27:47,0:04:53,0:02:08,9:56:37,4552,18357,12467,293,128,35797,463,443,134,1237,1038,292,636,605,168,463,443,134,Finisher,3801
Brendon,Parry,Brendon Parry,135,M40-44,Male,Epsom,SRY,United Kingdom,GB,1:04:19,4:58:21,3:47:38,0:03:46,0:02:34,9:56:39,3859,17901,13658,226,154,35799,464,444,39,298,266,23,285,273,28,464,444,39,Finisher,3718
Thomas,Stark,Thomas Stark,1039,M50-54,Male,München,DE-BY,Germany,DE,1:06:43,5:02:07,3:37:01,0:06:42,0:04:21,9:56:55,4003,18127,13021,402,261,35815,465,445,14,432,378,19,434,416,19,465,445,14,Finisher,4299
Lorenz,Klaus,Lorenz Klaus,1765,M25-29,Male,Bayreuth,BY,Germany,DE,1:06:24,4:54:56,3:46:46,0:05:43,0:03:08,9:56:57,3984,17696,13606,343,188,35817,466,446,135,412,363,103,292,280,82,466,446,135,Finisher,3797
Matty,Ramsden,Matty Ramsden,263,M25-29,Male,Leeds,GB-LDS,United Kingdom,GB,1:17:54,5:02:21,3:27:17,0:06:54,0:02:36,9:57:01,4674,18141,12437,414,156,35821,467,447,136,1410,1177,338,645,613,173,467,447,136,Finisher,3797
Rasmus Schwartz,Villadsen,Rasmus Schwartz Villadsen,2027,M18-24,Male,Odense,Fyn,Denmark,DK,1:10:37,4:54:39,3:45:02,0:04:22,0:02:27,9:57:07,4237,17679,13502,262,147,35827,468,448,79,755,648,92,328,315,48,468,448,79,Finisher,3667
Philipp,Böttger,Philipp Böttger,1000,M30-34,Male,Leipzig,BB,Germany,DE,1:12:18,4:59:10,3:36:53,0:05:36,0:03:16,9:57:14,4338,17950,13013,336,196,35834,469,449,105,922,788,150,463,443,94,469,449,105,Finisher,3760
Christian,Jensby,Christian Jensby,2195,M45-49,Male,"
Risskov",,Denmark,DK,1:28:03,4:58:51,3:19:16,0:07:43,0:03:23,9:57:15,5283,17931,11956,463,203,35835,470,450,17,2112,1739,118,785,736,44,470,450,17,Finisher,4183
Søren,Vingborg Kristensen,Søren Vingborg Kristensen,361,M35-39,Male,København,DK-84,Denmark,DK,1:12:16,4:59:03,3:35:29,0:06:21,0:04:13,9:57:22,4336,17943,12929,381,253,35842,471,451,52,914,781,86,477,456,49,471,451,52,Finisher,3914
Conrad,Lawson,Conrad Lawson,573,M50-54,Male,Hereford,Herefordshire,United Kingdom,GB,1:09:47,5:01:37,3:37:05,0:05:14,0:03:41,9:57:24,4187,18097,13025,314,221,35844,472,452,15,681,589,35,454,436,21,472,452,15,Finisher,4294
James,Robinson,James Robinson,2117,M30-34,Male,Stourbridge,West Midlands,United Kingdom,GB,1:00:01,5:14:36,3:35:53,0:03:58,0:03:04,9:57:31,3601,18876,12953,238,184,35851,473,453,106,134,119,28,494,473,100,473,453,106,Finisher,3756
Liam,Harding,Liam Harding,274,M30-34,Male,Coalville,GB-LEC,United Kingdom,GB,1:08:37,5:08:01,3:30:40,0:05:33,0:04:49,9:57:41,4117,18481,12640,333,289,35861,474,454,107,584,511,110,560,534,111,474,454,107,Finisher,3754
Thomas,Meier,Thomas Meier,167,M18-24,Male,CHIPPENHAM,GB-WIL,United Kingdom,GB,1:16:26,5:12:04,3:20:06,0:05:59,0:03:12,9:57:47,4586,18724,12006,359,192,35867,475,455,80,1289,1083,159,783,734,113,475,455,80,Finisher,3659
Emil,Kruger,Emil Kruger,1237,M25-29,Male,Vanløse ,Copenhagen,Denmark,DK,1:12:16,5:05:25,3:27:33,0:05:18,0:07:17,9:57:49,4336,18325,12453,318,437,35869,476,456,137,915,782,217,576,550,151,476,456,137,Finisher,3787
Bernd,Gruttke,Bernd Gruttke,1175,M55-59,Male,Hamburg,HH,Germany,DE,1:06:45,5:00:56,3:42:08,0:04:50,0:03:20,9:58:00,4005,18056,13328,290,200,35880,477,457,10,436,382,9,381,365,13,477,457,10,Finisher,4461
Mathilde,Alster,Mathilde Alster,8,F30-34,Female,Dragør,DK-84,Denmark,DK,1:04:40,5:13:26,3:34:57,0:03:27,0:01:49,9:58:18,3880,18806,12897,207,109,35898,478,21,4,313,35,8,545,26,8,478,21,4,Finisher,4428
Michael,Haahr,Michael Haahr,928,M30-34,Male,Valby,HOVEDSTADEN,Denmark,DK,1:09:52,5:11:23,3:25:54,0:07:51,0:03:24,9:58:24,4192,18683,12354,471,204,35904,479,458,108,691,597,121,681,645,132,479,458,108,Finisher,3746
Jack,Kemp,Jack Kemp,1466,M30-34,Male,Blackburn,GB-LAN,United Kingdom,GB,1:03:56,5:04:34,3:39:52,0:05:33,0:04:48,9:58:43,3836,18274,13192,333,288,35923,480,459,109,279,247,59,399,383,84,480,459,109,Finisher,3742
Mark,Moloney,Mark Moloney,5,M45-49,Male,Uniondale,US-NY,Ireland,IE,1:03:08,5:11:41,3:34:29,0:05:07,0:04:19,9:58:46,3788,18701,12869,307,259,35926,481,460,18,245,216,14,519,496,22,481,460,18,Finisher,4165
Ludwig,Belz,Ludwig Belz,1417,M35-39,Male,Niederkassel,NW,Germany,DE,1:09:04,5:07:44,3:31:49,0:05:44,0:04:31,9:58:51,4144,18464,12709,344,271,35931,482,461,53,625,544,58,568,542,58,482,461,53,Finisher,3896
Jonas,Kruse,Jonas Kruse,2208,M25-29,Male,Aarhus,Central Jutland,Denmark,DK,1:13:52,5:16:57,3:17:40,0:07:27,0:02:59,9:58:56,4432,19017,11860,447,179,35936,483,462,138,1076,915,256,833,774,228,483,462,138,Finisher,3774
Brian Peldrup,Ottosen,Brian Peldrup Ottosen,148,M40-44,Male,København NV,,Denmark,DK,1:15:04,5:11:05,3:23:25,0:05:21,0:04:03,9:58:59,4504,18665,12205,321,243,35939,484,463,40,1174,991,92,725,687,67,484,463,40,Finisher,3690
Stefan Thor,Jensen,Stefan Thor Jensen,2132,M30-34,Male,"Nordjylland
Aalborg",NORDJYLLAND,Iceland,IS,1:08:37,5:02:57,3:34:25,0:07:56,0:05:14,9:59:08,4117,18177,12865,476,314,35948,485,464,110,585,512,111,509,487,104,485,464,110,Finisher,3737
Sebastian Reipur,Engel,Sebastian Reipur Engel,2391,M18-24,Male,Slangerup,Nordsjælland,Denmark,DK,1:15:59,5:09:02,3:25:51,0:04:56,0:03:21,9:59:10,4559,18542,12351,296,201,35950,486,465,81,1246,1046,152,694,657,106,486,465,81,Finisher,3642
Lasse,Linnemann Johansson,Lasse Linnemann Johansson,468,M30-34,Male,København,HOVEDSTADEN,Denmark,DK,1:12:58,5:04:53,3:31:55,0:06:55,0:02:34,9:59:15,4378,18293,12715,415,154,35955,487,466,111,990,848,159,606,578,120,487,466,111,Finisher,3735
Joakim,Svendsen,Joakim Svendsen,1501,M25-29,Male,Aarhus V,MIDTJYLLAND,Denmark,DK,1:10:38,5:06:14,3:26:47,0:07:52,0:07:47,9:59:19,4238,18374,12407,472,467,35959,488,467,139,759,652,182,605,577,159,488,467,139,Finisher,3769
Peter,Cizmar,Peter Cizmar,14,M40-44,Male,Zurich,CH-ZH,Slovakia,SK,1:12:57,5:08:21,3:28:12,0:04:53,0:05:02,9:59:27,4377,18501,12492,293,302,35967,489,468,41,987,845,84,629,598,63,489,468,41,Finisher,3684
Martin,Krogh,Martin Krogh,2238,M25-29,Male,Aarhus ,,Denmark,DK,1:08:01,5:07:42,3:35:37,0:06:05,0:02:13,9:59:38,4081,18462,12937,365,133,35978,490,469,140,536,470,129,551,525,146,490,469,140,Finisher,3765
Maciej,Ozimkiewicz,Maciej Ozimkiewicz,2700,M40-44,Male,Brighton,GB-ESX,Poland,PL,1:09:19,5:04:48,3:37:17,0:05:26,0:02:50,9:59:40,4159,18288,13037,326,170,35980,491,470,42,642,557,49,511,489,49,491,470,42,Finisher,3682
Przemyslaw,Lugiewicz,Przemyslaw Lugiewicz,2183,M45-49,Male,Gdańsk,PL-PM,Poland,PL,1:02:05,5:06:17,3:44:07,0:04:13,0:03:18,10:00:00,3725,18377,13447,253,198,36000,492,471,19,202,179,12,382,366,13,492,471,19,Finisher,4150
Mia Carøe,Sørensen,Mia Carøe Sørensen,1440,F30-34,Female,Aalborg,DK-81,Denmark,DK,1:11:20,5:18:24,3:21:59,0:04:41,0:03:48,10:00:12,4280,19104,12119,281,228,36012,493,22,5,819,115,29,781,49,16,493,22,5,Finisher,4406
Tobias,Poulsen,Tobias Poulsen,1025,M25-29,Male,Hedehusene,DK-85,Denmark,DK,1:10:31,4:48:59,3:49:21,0:04:57,0:06:39,10:00:27,4231,17339,13761,297,399,36027,494,472,141,743,636,180,252,241,75,494,472,141,Finisher,3755
Filip,Hellings,Filip Hellings,1547,M30-34,Male,Diepenbeek,,Belgium,BE,1:12:29,5:07:20,3:30:52,0:06:24,0:03:25,10:00:30,4349,18440,12652,384,205,36030,495,473,112,943,807,153,630,599,124,495,473,112,Finisher,3720
Jonas,Bach,Jonas Bach,1758,M18-24,Male,Viborg,DK-MIDTJYLLAND,Denmark,DK,1:12:49,5:20:33,3:17:43,0:05:29,0:04:04,10:00:39,4369,19233,11863,329,244,36039,496,474,82,973,834,120,845,784,124,496,474,82,Finisher,3624
Bart,Boutsen,Bart Boutsen,926,M25-29,Male,Zonhoven,Vlaams Gewest,Belgium,BE,0:58:15,4:54:44,4:00:14,0:04:58,0:02:48,10:00:59,3495,17684,14414,298,168,36059,497,475,142,79,70,24,179,175,52,497,475,142,Finisher,3749
Mark,Hülsmeyer,Mark Hülsmeyer,1181,M25-29,Male,Hamburg,Hamburg,Germany,DE,1:01:15,5:08:19,3:43:00,0:05:08,0:03:38,10:01:20,3675,18499,13380,308,218,36080,498,476,143,168,147,42,414,397,112,498,476,143,Finisher,3745
Mia,Mechula,Mia Mechula,355,F30-34,Female,København S,DK-85,Denmark,DK,1:14:38,4:56:09,3:44:25,0:04:03,0:02:14,10:01:29,4478,17769,13465,243,134,36089,499,23,6,1139,176,38,420,18,3,499,23,6,Finisher,4390
George,Collins,George Collins,279,M25-29,Male,Saxmundham,Suffolk,United Kingdom,GB,1:03:02,5:13:48,3:36:37,0:04:35,0:03:42,10:01:44,3782,18828,12997,275,222,36104,500,477,144,241,212,67,541,517,145,500,477,144,Finisher,3740
Marcus,Gilhooley,Marcus Gilhooley,969,M25-29,Male,Tring,HRT,United Kingdom,GB,1:14:39,5:12:07,3:25:06,0:05:55,0:04:24,10:02:11,4479,18727,12306,355,264,36131,501,478,145,1140,964,270,743,702,203,501,478,145,Finisher,3735
Callum ,Matthews ,Callum Matthews,341,M30-34,Male,København,,United Kingdom,GB,1:07:53,5:00:43,3:42:11,0:06:06,0:05:30,10:02:24,4073,18043,13331,366,330,36144,502,479,113,523,458,99,415,398,88,502,479,113,Finisher,3698
Marko,Lampela,Marko Lampela,1689,M55-59,Male,Pori,SATAKUNDA,Finland,FI,1:07:58,4:56:36,3:43:49,0:07:23,0:07:08,10:02:55,4078,17796,13429,443,428,36175,503,480,11,533,467,16,372,356,12,503,480,11,Finisher,4402
Siebe,Janssens,Siebe Janssens,1182,M35-39,Male,Aarschot,Vlaams brabant,Belgium,BE,1:08:05,5:17:04,3:26:18,0:05:46,0:05:43,10:02:57,4085,19024,12378,346,343,36177,504,481,54,540,474,48,710,673,76,504,481,54,Finisher,3847
Pawel,Kolak,Pawel Kolak,2672,M40-44,Male,Wrocław,dolnośląskie,Poland,PL,1:09:01,5:04:49,3:39:41,0:05:48,0:03:40,10:03:00,4141,18289,13181,348,220,36180,505,482,43,622,541,47,512,490,50,505,482,43,Finisher,3642
Frederikke,Gram,Frederikke Gram,1259,F30-34,Female,"
Lyngby",,Denmark,DK,1:07:51,5:09:52,3:37:21,0:03:49,0:04:12,10:03:04,4071,18592,13041,229,252,36184,506,24,7,520,65,13,544,25,7,506,24,7,Finisher,4371
Asger,Hougaard Høy Juhl,Asger Hougaard Høy Juhl,109,M25-29,Male,Smørum,DK-84,Denmark,DK,1:09:51,4:55:30,3:49:17,0:05:36,0:02:54,10:03:07,4191,17730,13757,336,174,36187,507,483,146,689,595,167,350,335,98,507,483,146,Finisher,3723
Sebastien,Pelsmaekers,Sebastien Pelsmaekers,1205,M30-34,Male,Woluwe Saint Pierre,BRUSSELS HOOFDSTEDELIJK GEWEST,Belgium,BE,1:06:21,4:59:02,3:47:37,0:05:42,0:04:28,10:03:10,3981,17942,13657,342,268,36190,508,484,114,406,357,78,354,339,77,508,484,114,Finisher,3688
Jürgen,Weiss,Jürgen Weiss,17,M45-49,Male,Weiden,foreigner,Germany,DE,0:59:59,5:10:03,3:44:46,0:05:22,0:03:07,10:03:17,3599,18603,13486,322,187,36197,509,485,20,133,118,7,430,412,18,509,485,20,Finisher,4111
Christian,Storzer,Christian Storzer,948,M55-59,Male,Dinslaken,DE-NW,Germany,DE,1:03:42,5:25:16,3:26:46,0:03:47,0:03:53,10:03:24,3822,19516,12406,227,233,36204,510,486,12,265,234,6,747,706,28,510,486,12,Finisher,4397
Victor Popp,Henriksen,Victor Popp Henriksen,354,M25-29,Male,Ringsted,SJÆLLAND,Denmark,DK,1:09:34,5:08:55,3:34:15,0:07:15,0:03:26,10:03:25,4174,18535,12855,435,206,36205,511,487,147,666,575,159,624,593,164,511,487,147,Finisher,3720
Mads,Sørensen,Mads Sørensen,1170,M18-24,Male,Copenhagen,Copenhagen,Denmark,DK,0:55:00,5:24:42,3:34:16,0:03:56,0:05:37,10:03:31,3300,19482,12856,236,337,36211,512,488,83,32,31,7,590,563,94,512,488,83,Finisher,3590
Mathias,Voelsberg-Wied,Mathias Voelsberg-Wied,603,M25-29,Male,København,DK-84,Denmark,DK,1:13:44,4:55:54,3:47:30,0:03:54,0:02:36,10:03:39,4424,17754,13650,234,156,36219,513,489,148,1056,895,251,394,378,108,513,489,148,Finisher,3717
Steven,Braet,Steven Braet,128,M35-39,Female,Ghent,OOST-VLAANDEREN,Belgium,BE,1:08:32,4:46:40,4:02:50,0:04:00,0:01:48,10:03:50,4112,17200,14570,240,108,36230,514,490,55,575,504,50,190,186,25,514,490,55,Finisher,3836
Alexander,Rinder,Alexander Rinder,865,M18-24,Male,København,Copenhagen,Denmark,DK,1:13:50,5:00:53,3:40:00,0:06:37,0:02:33,10:03:53,4430,18053,13200,397,153,36233,515,491,84,1074,913,132,539,516,87,515,491,84,Finisher,3586
Hector,Helt Jakobsen,Hector Helt Jakobsen,500,M18-24,Male,København,Copenhagen,Denmark,DK,1:06:19,4:55:03,3:49:50,0:07:49,0:04:54,10:03:55,3979,17703,13790,469,294,36235,516,492,85,401,353,48,319,306,46,516,492,85,Finisher,3585
Asbjørn,Jørgensen,Asbjørn Jørgensen,574,M18-24,Male,København,DK-84,Denmark,DK,1:12:25,4:57:39,3:43:19,0:06:55,0:03:42,10:04:01,4345,17859,13399,415,222,36241,517,493,86,934,798,115,461,441,76,517,493,86,Finisher,3584
Matthew,Allen,Matthew Allen,1061,M50-54,Male,Swindon,Wiltshire,United Kingdom,GB,1:10:51,5:16:44,3:23:06,0:07:41,0:05:50,10:04:12,4251,19004,12186,461,350,36252,518,494,16,782,672,40,791,742,36,518,494,16,Finisher,4212
Anders Risdahl,Mathiasen,Anders Risdahl Mathiasen,67,M30-34,Male,Glostrup,DK-84,Denmark,DK,1:15:31,5:02:33,3:37:02,0:05:23,0:03:48,10:04:17,4531,18153,13022,323,228,36257,519,495,115,1205,1013,184,585,558,117,519,495,115,Finisher,3675
Bjarke,Jørgensen,Bjarke Jørgensen,132,M25-29,Male,Kongens Lyngby,DK-84,Denmark,DK,1:05:05,4:55:42,3:58:11,0:03:02,0:02:26,10:04:27,3905,17742,14291,182,146,36267,520,496,149,333,295,85,242,232,73,520,496,149,Finisher,3707
Jakub,Stefka,Jakub Stefka,152,M40-44,Male,Wien,,Czech Republic,CZ,1:10:49,5:03:11,3:38:47,0:07:43,0:04:05,10:04:36,4249,18191,13127,463,245,36276,521,497,44,780,670,62,547,521,54,521,497,44,Finisher,3623
Jens Walbjørn,Christensen,Jens Walbjørn Christensen,56,M60-64,Male,Farum,,Denmark,DK,1:08:35,5:04:22,3:42:47,0:06:31,0:02:36,10:04:50,4115,18262,13367,391,156,36290,522,498,1,579,508,7,508,486,2,522,498,1,Finisher,5000
Simon,Low,Simon Low,1564,M25-29,Male,Arlington,US-VA,United States,US,1:21:02,5:26:23,3:07:32,0:05:30,0:04:24,10:04:52,4862,19583,11252,330,264,36292,523,499,150,1663,1389,388,1104,1003,304,523,499,150,Finisher,3702
Adam,Farmer,Adam Farmer,2209,M45-49,Male,DEVON,Devon,United Kingdom,GB,1:07:17,5:14:00,3:31:04,0:07:22,0:05:10,10:04:53,4037,18840,12664,442,310,36293,524,500,21,466,407,30,674,639,34,524,500,21,Finisher,4092
Filip Tefke,Klein,Filip Tefke Klein,26,M55-59,Male,Snekkersten,DK-85,Denmark,DK,1:11:29,4:45:56,3:58:37,0:04:48,0:04:06,10:04:56,4289,17156,14317,288,246,36296,525,501,13,842,722,28,224,217,4,525,501,13,Finisher,4378
Jonas,Kring,Jonas Kring,2313,M25-29,Male,Aarhus,,Denmark,DK,1:11:24,5:04:09,3:37:54,0:07:29,0:04:22,10:05:19,4284,18249,13074,449,262,36319,526,502,151,828,711,199,577,551,152,526,502,151,Finisher,3697
Gustav,Leist,Gustav Leist,868,M18-24,Male,København V,Copenhagen,Denmark,DK,1:08:01,5:12:40,3:33:08,0:06:56,0:04:42,10:05:27,4081,18760,12788,416,282,36327,527,503,87,535,469,68,655,622,102,527,503,87,Finisher,3567
Anne ,Tvedskov Nielsen,Anne Tvedskov Nielsen,1064,F25-29,Female,København,Copenhagen,Denmark,DK,1:04:58,5:21:47,3:31:37,0:04:54,0:02:34,10:05:51,3898,19307,12697,294,154,36351,528,25,11,329,38,15,727,39,14,528,25,11,Finisher,4290
John,O'sullivan,John O'sullivan,115,M55-59,Male,Limerick,"IE-Limerick, Clare, Tipperary, Kerry, Galway",Ireland,IE,1:07:53,5:17:30,3:32:13,0:04:35,0:03:39,10:05:52,4073,19050,12733,275,219,36352,529,504,14,525,460,15,695,658,24,529,504,14,Finisher,4367
Andreas ,Hashøj Hansen,Andreas Hashøj Hansen,705,M30-34,Male,København,,Denmark,DK,1:14:29,5:01:22,3:39:51,0:06:02,0:04:08,10:05:52,4469,18082,13191,362,248,36352,530,505,116,1128,954,173,552,526,110,530,505,116,Finisher,3656
Ole Petter,Husmo,Ole Petter Husmo,2271,M18-24,Male,Porsgrunn,NO-08,Norway,NO,1:11:33,5:27:20,3:19:01,0:05:53,0:02:12,10:05:59,4293,19640,11941,353,132,36359,531,506,88,849,728,106,966,889,136,531,506,88,Finisher,3560
Finley,Belcher,Finley Belcher,579,M25-29,Male,Faringdon,England,United Kingdom,GB,1:16:44,5:07:51,3:33:28,0:05:19,0:03:09,10:06:31,4604,18471,12808,319,189,36391,532,507,152,1309,1096,310,691,654,184,532,507,152,Finisher,3683
Rune,LIZARD PETERSEN,Rune LIZARD PETERSEN,576,M30-34,Male,Frederiksberg,DK-84,Denmark,DK,1:17:16,5:04:06,3:36:18,0:06:18,0:02:38,10:06:37,4636,18246,12978,378,158,36397,533,508,117,1358,1136,199,656,623,128,533,508,117,Finisher,3647
Antti,Snicker,Antti Snicker,2120,M40-44,Male,ESPOO,HI,Finland,FI,1:15:49,5:01:10,3:40:44,0:05:11,0:03:57,10:06:51,4549,18070,13244,311,237,36411,534,509,45,1232,1034,94,559,533,56,534,509,45,Finisher,3596
André,Niederberghaus,André Niederberghaus,463,M50-54,Male,Coesfeld,NW,Germany,DE,1:04:43,4:57:13,3:53:19,0:06:06,0:05:40,10:07:01,3883,17833,13999,366,340,36421,535,510,17,315,280,14,306,294,12,535,510,17,Finisher,4178
Anders,Hvid,Anders Hvid,2566,M35-39,Male,Gundsømagle,DK-85,Denmark,DK,1:09:39,4:50:29,3:59:00,0:04:46,0:03:15,10:07:09,4179,17429,14340,286,195,36429,536,511,56,672,580,62,258,247,34,536,511,56,Finisher,3796
Koen,Van De Heyning,Koen Van De Heyning,1779,M40-44,Male,Beerse,ANTWERPEN,Belgium,BE,1:05:45,4:58:45,3:54:18,0:05:43,0:02:49,10:07:20,3945,17925,14058,343,169,36440,537,512,46,365,322,32,336,322,34,537,512,46,Finisher,3590
Carl,Larsen,Carl Larsen,1654,M25-29,Male,Nyborg,Fyn,Denmark,DK,1:04:09,5:13:46,3:39:32,0:06:03,0:03:56,10:07:27,3849,18826,13172,363,236,36447,538,513,153,291,259,75,596,569,156,538,513,153,Finisher,3671
Juan,Van Schalkwyk,Juan Van Schalkwyk,1049,M30-34,Male,Amsterdam,,South Africa,ZA,1:08:56,5:05:44,3:39:21,0:07:56,0:05:31,10:07:28,4136,18344,13161,476,331,36448,539,514,118,611,531,114,571,545,114,539,514,118,Finisher,3637
Emily,Joice,Emily Joice,1971,F30-34,Female,London,SRY,United Kingdom,GB,1:09:23,5:12:19,3:37:43,0:05:05,0:03:08,10:07:39,4163,18739,13063,305,188,36459,540,26,8,649,88,19,641,32,10,540,26,8,Finisher,4316
Scott,Phillips,Scott Phillips,1361,M25-29,Male,Ammanford,GB-CMN,United Kingdom,GB,1:13:36,4:58:33,3:45:31,0:06:12,0:03:48,10:07:40,4416,17913,13531,372,228,36460,541,515,154,1049,890,250,488,467,130,541,515,154,Finisher,3669
Sivert Boe,Hornburg,Sivert Boe Hornburg,2279,M18-24,Male,Bærum,Akershus,Norway,NO,1:19:06,5:30:25,3:08:41,0:06:38,0:02:53,10:07:42,4746,19825,11321,398,173,36462,542,516,89,1518,1270,198,1165,1051,157,542,516,89,Finisher,3540
Lisa,Svensson,Lisa Svensson,2406,F25-29,Female,Luxembourg ,Luxembourg ,Luxembourg,LU,1:20:09,5:14:29,3:19:55,0:07:58,0:05:15,10:07:46,4809,18869,11995,478,315,36466,543,27,12,1593,263,96,918,69,26,543,27,12,Finisher,4267
Cecilie,Meinert Pedersen,Cecilie Meinert Pedersen,1103,F30-34,Female,Frederiksberg,HOVEDSTADEN,Denmark,DK,1:02:39,5:18:24,3:37:33,0:06:21,0:02:54,10:07:53,3759,19104,13053,381,174,36473,544,28,9,221,26,7,653,33,11,544,28,9,Finisher,4313
Ben,Probert,Ben Probert,575,M40-44,Male,Hereford,Herefordshire,United Kingdom,GB,1:03:21,4:49:00,4:04:38,0:06:01,0:05:14,10:08:14,3801,17340,14678,361,314,36494,545,517,47,249,219,20,183,179,17,545,517,47,Finisher,3579
Christian ,Koefoed,Christian Koefoed,568,M25-29,Male,København,Copenhagen,Denmark,DK,1:16:19,5:07:11,3:35:59,0:06:03,0:02:43,10:08:14,4579,18431,12959,363,163,36494,546,518,155,1279,1073,303,685,649,182,546,518,155,Finisher,3662
Brian,Maher,Brian Maher,2440,M35-39,Male,Crawley,GB-WSX,Ireland,IE,1:04:35,5:03:14,3:52:57,0:05:20,0:02:17,10:08:23,3875,18194,13977,320,137,36503,547,519,57,308,274,35,391,375,42,547,519,57,Finisher,3781
Thomas,Reynolds,Thomas Reynolds,1193,M45-49,Male,Dorking,GB-SRY,United Kingdom,GB,1:07:45,5:07:03,3:45:12,0:04:17,0:04:06,10:08:24,4065,18423,13512,257,246,36504,548,520,22,509,446,34,503,481,21,548,520,22,Finisher,4050
Lukas,Nielsen,Lukas Nielsen,2314,M30-34,Male,Aarhus,,Denmark,DK,1:18:47,5:02:20,3:36:01,0:06:56,0:04:42,10:08:46,4727,18140,12961,416,282,36526,549,521,119,1491,1248,215,662,628,129,549,521,119,Finisher,3621
Ronni,Frederiksen,Ronni Frederiksen,2610,M40-44,Male,Tommerup,Fyn,Denmark,DK,1:11:38,5:06:04,3:43:02,0:04:50,0:03:15,10:08:49,4298,18364,13382,290,195,36529,550,522,48,862,739,71,570,544,59,550,522,48,Finisher,3572
Robbie,Hoeks,Robbie Hoeks,1483,M40-44,Male,Oisterwijk,,Netherlands,NL,1:24:38,5:13:41,3:17:16,0:08:33,0:04:44,10:08:52,5078,18821,11836,513,284,36532,551,523,49,1908,1583,148,1001,917,78,551,523,49,Finisher,3571
Max,Albek,Max Albek,917,M25-29,Male,"
København N",,Denmark,DK,1:09:21,5:11:16,3:33:00,0:10:28,0:04:54,10:08:59,4161,18676,12780,628,294,36539,552,524,156,644,559,154,718,680,192,552,524,156,Finisher,3653
Casper Vitalis,Madsen,Casper Vitalis Madsen,1107,M35-39,Male,Glostrup,DK-84,Denmark,DK,1:13:22,5:11:35,3:32:29,0:06:25,0:05:09,10:08:59,4402,18695,12749,385,309,36539,553,525,58,1023,870,92,721,683,77,553,525,58,Finisher,3774
Jeppe,Gade Strønæs,Jeppe Gade Strønæs,1301,M25-29,Male,frederiksberg,sjælland,Denmark,DK,1:20:47,5:04:30,3:34:29,0:06:35,0:02:40,10:09:01,4847,18270,12869,395,160,36541,554,526,157,1635,1363,379,731,692,197,554,526,157,Finisher,3653
William Damm,Kjærgaard,William Damm Kjærgaard,2030,M18-24,Male,Odense M,,Denmark,DK,1:03:57,5:04:20,3:48:38,0:05:27,0:06:47,10:09:09,3837,18260,13718,327,407,36549,555,527,90,283,251,29,395,379,63,555,527,90,Finisher,3522
Bjorn,Skollerud,Bjorn Skollerud,2580,M45-49,Male,Tolvsrød,NO-07,Norway,NO,0:56:16,4:57:17,4:07:10,0:03:50,0:04:38,10:09:10,3376,17837,14830,230,278,36550,556,528,23,44,42,2,173,169,6,556,528,23,Finisher,4040
Simon Bang,Mikkelsen,Simon Bang Mikkelsen,1617,M40-44,Male,Værløse,DK-84,Denmark,DK,1:11:51,5:07:32,3:42:51,0:04:48,0:02:13,10:09:16,4311,18452,13371,288,133,36556,557,529,50,883,756,72,598,571,61,557,529,50,Finisher,3567
Ole ,Bruun-thomsen ,Ole Bruun-thomsen,2205,M35-39,Male,Skanderborg,Central Jutland,Dominica,DM,1:28:13,5:06:35,3:21:57,0:08:52,0:04:00,10:09:37,5293,18395,12117,532,240,36577,558,530,59,2122,1747,191,944,872,103,558,530,59,Finisher,3767
Svende,Mikkelsen,Svende Mikkelsen,52,M55-59,Male,Herning,DK-82,Denmark,DK,1:08:23,5:02:50,3:50:38,0:05:19,0:02:32,10:09:42,4103,18170,13838,319,152,36582,559,531,15,561,492,17,451,433,16,559,531,15,Finisher,4321
Rasmus,Høyer,Rasmus Høyer,364,M25-29,Male,København N,HOVEDSTADEN,Denmark,DK,1:19:21,5:18:18,3:23:11,0:06:19,0:02:45,10:09:53,4761,19098,12191,379,165,36593,560,532,158,1542,1288,366,952,879,259,560,532,158,Finisher,3642
Laura,Westergaard,Laura Westergaard,1040,F30-34,Female,Frederiksberg,Copenhagen,Denmark,DK,1:02:19,5:21:14,3:40:08,0:04:14,0:02:00,10:09:55,3739,19274,13208,254,120,36595,561,29,10,211,24,6,657,34,12,561,29,10,Finisher,4289
Anthony,Van De Maele,Anthony Van De Maele,1438,M45-49,Male,Vollezele,,Belgium,BE,1:16:30,5:00:31,3:39:42,0:08:50,0:04:28,10:10:02,4590,18031,13182,530,268,36602,562,533,24,1295,1086,74,625,594,31,562,533,24,Finisher,4030
Anders,Zinckernagel,Anders Zinckernagel,532,M35-39,Male,Slagelse,Zealand,Denmark,DK,1:11:56,5:04:26,3:42:03,0:06:17,0:05:24,10:10:06,4316,18266,13323,377,324,36606,563,534,60,889,759,84,573,547,60,563,534,60,Finisher,3761
Jon-Andreas Lunde,Solberg,Jon-Andreas Lunde Solberg,2608,M45-49,Male,Barums Verk,,Norway,NO,1:28:18,5:19:15,3:14:18,0:05:26,0:02:51,10:10:08,5298,19155,11658,326,171,36608,564,535,25,2126,1751,119,1105,1004,62,564,535,25,Finisher,4029
Jeroen,Simons,Jeroen Simons,2663,M18-24,Male,Rotterdam,,Netherlands,NL,1:09:01,5:03:05,3:50:20,0:05:28,0:02:15,10:10:08,4141,18185,13820,328,135,36608,565,536,91,621,540,76,476,455,80,565,536,91,Finisher,3511
Oliver,Nørregård ,Oliver Nørregård,781,M25-29,Male,Give,Southern Jutland,Germany,DE,1:18:06,5:09:07,3:33:17,0:06:58,0:02:49,10:10:17,4686,18547,12797,418,169,36617,566,537,159,1432,1193,342,777,729,213,566,537,159,Finisher,3637
Simon,Doy,Simon Doy,845,M35-39,Male,Dorking,GB-GB-SRY,United Kingdom,GB,1:08:32,5:14:55,3:39:24,0:03:50,0:03:39,10:10:22,4112,18895,13164,230,219,36622,567,538,61,576,505,51,648,616,69,567,538,61,Finisher,3758
Lasse Klos,Lorenzen,Lasse Klos Lorenzen,1681,M35-39,Male,Risskov,MIDTJYLLAND,Denmark,DK,1:17:37,4:52:38,3:52:21,0:04:29,0:03:20,10:10:25,4657,17558,13941,269,200,36625,568,539,62,1393,1163,125,418,401,46,568,539,62,Finisher,3757
Christian,Vesterling,Christian Vesterling,805,M30-34,Male,Dyssegård,Copenhagen,Denmark,DK,1:17:48,4:53:40,3:46:25,0:06:57,0:05:36,10:10:25,4668,17620,13585,417,336,36625,569,540,120,1401,1169,204,490,469,99,569,540,120,Finisher,3601
Mads Wejrup,Andersen,Mads Wejrup Andersen,187,M18-24,Male,Beder,Central Jutland,Denmark,DK,1:03:18,4:57:28,4:01:17,0:04:57,0:03:42,10:10:43,3798,17848,14477,297,222,36643,570,541,92,248,218,26,273,262,35,570,541,92,Finisher,3504
Lucy,Marland,Lucy Marland,785,F40-44,Female,Pontyclun,Glamorgan,United Kingdom,GB,1:09:17,5:23:33,3:29:32,0:04:29,0:04:14,10:11:05,4157,19413,12572,269,254,36665,571,30,1,639,84,7,818,55,2,571,30,1,Finisher,5000
Kristian,Andersen,Kristian Andersen,2439,M25-29,Male,Aarhus C,Central Jutland,Denmark,DK,1:17:19,5:06:56,3:36:40,0:05:56,0:04:30,10:11:20,4639,18416,13000,356,270,36680,572,542,160,1362,1140,328,698,661,186,572,542,160,Finisher,3625
Elliott,Brown,Elliott Brown,264,M25-29,Male,Manchester,MANCHESTER,United Kingdom,GB,1:09:47,5:14:52,3:34:48,0:07:22,0:04:38,10:11:27,4187,18892,12888,442,278,36687,573,543,161,679,587,163,734,695,198,573,543,161,Finisher,3623
Tom,Jagger,Tom Jagger,801,M45-49,Male,huddersfield,GB-ERY,United Kingdom,GB,1:17:02,5:38:08,3:05:10,0:07:00,0:04:12,10:11:31,4622,20288,11110,420,252,36691,574,544,26,1335,1116,77,1260,1126,74,574,544,26,Finisher,4012
Frederik,Thomsen,Frederik Thomsen,816,M30-34,Male,Odense C,,Denmark,DK,1:03:27,5:07:49,3:50:06,0:04:54,0:05:18,10:11:33,3807,18469,13806,294,318,36693,575,545,121,254,224,52,446,428,93,575,545,121,Finisher,3588
Magnus Nørlund ,Rømer,Magnus Nørlund Rømer,671,M25-29,Male,Aalborg,Nordjylland,Denmark,DK,1:13:03,5:15:21,3:35:26,0:05:20,0:02:25,10:11:35,4383,18921,12926,320,145,36695,576,546,162,999,854,240,768,724,209,576,546,162,Finisher,3622
Iain,Campbell,Iain Campbell,277,M40-44,Male,Uckfield,GB-ESX,United Kingdom,GB,1:07:21,5:18:10,3:37:01,0:05:26,0:03:44,10:11:41,4041,19090,13021,326,224,36701,577,547,51,468,409,38,711,674,66,577,547,51,Finisher,3538
Viktor,Magtengaard,Viktor Magtengaard,1135,M18-24,Male,fredensborg,DK-85,Denmark,DK,1:07:50,5:01:27,3:54:54,0:04:58,0:02:32,10:11:41,4070,18087,14094,298,152,36701,578,548,93,518,454,65,403,387,65,578,548,93,Finisher,3492
Viktor,Krog,Viktor Krog,2438,M25-29,Male,Ry,MIDTJYLLAND,Denmark,DK,1:19:10,5:03:54,3:36:39,0:07:29,0:04:30,10:11:42,4750,18234,12999,449,270,36702,579,549,163,1526,1277,362,707,670,189,579,549,163,Finisher,3620
Peer,Hinrichsen,Peer Hinrichsen,2095,M60-64,Male,Sønderborg,SYDDANMARK,Denmark,DK,1:08:20,4:58:44,3:49:20,0:09:03,0:06:18,10:11:45,4100,17924,13760,543,378,36705,580,550,2,556,487,6,444,426,1,580,550,2,Finisher,4917
Nicolaj,Løvenhøj,Nicolaj Løvenhøj,369,M50-54,Male,Holbæk,,Denmark,DK,1:03:23,4:45:46,4:14:17,0:05:00,0:03:30,10:11:56,3803,17146,15257,300,210,36716,581,551,18,251,221,10,142,139,7,581,551,18,Finisher,4119
Jonas,Kofoed,Jonas Kofoed,1786,M18-24,Male,Ugerløse,DK-85,Denmark,DK,1:19:58,5:14:28,3:27:53,0:06:50,0:02:49,10:11:59,4798,18868,12473,410,169,36719,582,552,94,1581,1320,205,889,824,130,582,552,94,Finisher,3488
Andreas,Teklos,Andreas Teklos,1349,M40-44,Male,Limassol,Lemesos,Cyprus,CY,1:06:16,5:13:29,3:39:12,0:07:27,0:05:35,10:12:00,3976,18809,13152,447,335,36720,583,553,52,398,350,35,647,615,65,583,553,52,Finisher,3534
Arnaud,Schockaert,Arnaud Schockaert,1686,M25-29,Male,Wichelen,Vlaams Gewest,Belgium,BE,1:07:19,5:18:11,3:37:27,0:05:43,0:03:26,10:12:07,4039,19091,13047,343,206,36727,584,554,164,467,408,117,719,681,193,584,554,164,Finisher,3615
Oskar Løwenstein,Carstensen,Oskar Løwenstein Carstensen,2335,M18-24,Male,København,Copenhagen,Denmark,DK,1:18:20,5:03:31,3:42:29,0:05:33,0:02:23,10:12:15,4700,18211,13349,333,143,36735,585,555,95,1448,1208,185,652,620,101,585,555,95,Finisher,3485
Geert,Braendholt,Geert Braendholt,542,M50-54,Male,København S,DK-84,Denmark,DK,1:03:37,4:55:45,4:03:14,0:06:47,0:02:53,10:12:17,3817,17745,14594,407,173,36737,586,556,19,261,231,11,278,267,10,586,556,19,Finisher,4115
Marcus,Redpath,Marcus Redpath,2364,M25-29,Male,Romsey,GB-HAM,United Kingdom,GB,1:16:52,5:23:40,3:18:39,0:07:35,0:05:33,10:12:19,4612,19420,11919,455,333,36739,587,557,165,1324,1108,314,1020,933,281,587,557,165,Finisher,3613
Kalle,Juul-Olsen,Kalle Juul-Olsen,1854,M18-24,Male,Brønshøj,Copenhagen,Denmark,DK,1:11:27,5:18:00,3:35:53,0:04:28,0:02:38,10:12:26,4287,19080,12953,268,158,36746,588,558,96,837,718,104,770,726,111,588,558,96,Finisher,3483
Dorien,Heylen,Dorien Heylen,1184,F35-39,Female,Messelbroek,,Belgium,BE,1:05:09,5:15:26,3:44:41,0:04:40,0:02:43,10:12:39,3909,18926,13481,280,163,36759,589,31,3,335,39,4,615,31,2,589,31,3,Finisher,4185
Nikolaj ,Nellemann,Nikolaj Nellemann,2159,M25-29,Male,odense M,Fyn,Denmark,DK,1:04:38,5:00:51,3:56:05,0:05:22,0:05:58,10:12:54,3878,18051,14165,322,358,36774,590,559,166,309,275,81,347,332,95,590,559,166,Finisher,3606
Jannik,Hansen,Jannik Hansen,765,M30-34,Male,Værløse,DK-84,Denmark,DK,1:13:49,4:52:51,3:56:12,0:06:21,0:03:53,10:13:05,4429,17571,14172,381,233,36785,591,560,122,1070,909,169,390,374,83,591,560,122,Finisher,3569
Maarten,Cloeckaert,Maarten Cloeckaert,1419,M40-44,Male,Wuustwezel,,Belgium,BE,1:10:50,5:07:32,3:46:58,0:04:09,0:03:42,10:13:12,4250,18452,13618,249,222,36792,592,561,53,781,671,63,569,543,58,592,561,53,Finisher,3519
Jonas,Ditlevsen,Jonas Ditlevsen,2556,M35-39,Male,Aarhus N,Central Jutland,Denmark,DK,1:08:41,5:02:16,3:48:24,0:07:01,0:06:51,10:13:13,4121,18136,13704,421,411,36793,593,562,63,592,517,54,484,463,50,593,562,63,Finisher,3723
Daniel,Ewald,Daniel Ewald,693,M30-34,Male,Copenhagen,DK-84,Denmark,DK,1:10:22,5:10:31,3:40:29,0:08:47,0:03:06,10:13:15,4222,18631,13229,527,186,36795,594,563,123,728,624,124,686,650,134,594,563,123,Finisher,3567
Laurent,Degroote,Laurent Degroote,1518,M35-39,Male,Anzegem,Flemish Region,Belgium,BE,1:10:01,4:58:36,3:51:36,0:08:01,0:05:08,10:13:22,4201,17916,13896,481,308,36802,595,564,64,707,610,67,452,434,48,595,564,64,Finisher,3722
Demian,Van Daele,Demian Van Daele,875,M35-39,Male,Kessel-Lo,,Belgium,BE,1:01:14,5:17:15,3:46:53,0:03:56,0:04:07,10:13:25,3674,19035,13613,236,247,36805,596,565,65,167,146,18,563,537,57,596,565,65,Finisher,3721
Joachim,Rasmussen,Joachim Rasmussen,1756,M55-59,Male,Silkeborg,DK-82,Denmark,DK,1:05:46,5:12:02,3:43:56,0:06:33,0:05:27,10:13:44,3946,18722,13436,393,327,36824,597,566,16,366,323,7,600,573,19,597,566,16,Finisher,4273
August,Bergholdt,August Bergholdt,2719,M18-24,Male,Ringe,Denmark,Denmark,DK,1:12:49,4:56:59,3:52:34,0:07:24,0:04:02,10:13:48,4369,17819,13954,444,242,36828,598,567,97,976,836,121,466,446,78,598,567,97,Finisher,3467
Brian,Tuohy,Brian Tuohy,1243,M40-44,Male,co. Limerick,"Limerick, Clare, Tipperary, Kerry, Galway",Ireland,IE,1:12:59,4:56:36,3:55:44,0:05:23,0:03:08,10:13:50,4379,17796,14144,323,188,36830,599,568,54,991,849,85,422,404,39,599,568,54,Finisher,3512
Anders,Bergmann,Anders Bergmann,2496,M45-49,Male,6200,Southern Jutland,Denmark,DK,0:56:29,5:02:56,4:03:28,0:06:15,0:05:01,10:14:08,3389,18176,14608,375,301,36848,600,569,27,46,44,3,271,260,9,600,569,27,Finisher,3981
Magnus,Andersen,Magnus Andersen,1302,M25-29,Male,Porsgrunn,,Norway,NO,1:11:01,5:10:53,3:38:08,0:07:37,0:06:31,10:14:09,4261,18653,13088,457,391,36849,601,570,167,791,680,192,684,648,181,601,570,167,Finisher,3591
Simon,Borg,Simon Borg,2326,M18-24,Male,Egtved,,Denmark,DK,1:22:53,4:55:09,3:48:49,0:05:02,0:02:17,10:14:11,4973,17709,13729,302,137,36851,602,571,98,1796,1491,230,578,552,92,602,571,98,Finisher,3462
David,De Ruiter,David De Ruiter,154,M25-29,Male,Meppel,NL-DR,Netherlands,NL,1:13:58,5:21:45,3:28:37,0:06:01,0:03:58,10:14:20,4438,19305,12517,361,238,36860,603,572,168,1090,926,258,901,833,247,603,572,168,Finisher,3589
Mikkel,Lundgren,Mikkel Lundgren,1348,M18-24,Male,Viborg,DK-82,Denmark,DK,1:06:53,5:03:07,3:56:43,0:05:22,0:02:25,10:14:30,4013,18187,14203,322,145,36870,604,573,99,441,386,54,429,411,70,604,573,99,Finisher,3458
Merlijn,Becks,Merlijn Becks,2592,M25-29,Male,Doetinchem,NL-GE,Netherlands,NL,1:09:48,4:56:48,3:55:48,0:06:22,0:05:47,10:14:34,4188,17808,14148,382,347,36874,605,574,169,683,591,165,389,373,106,605,574,169,Finisher,3586
Bert,White,Bert White,2224,M25-29,Male,Waterlooville,HAM,United Kingdom,GB,1:10:22,5:16:59,3:40:07,0:04:30,0:02:41,10:14:39,4222,19019,13207,270,161,36879,606,575,170,731,627,176,730,691,196,606,575,170,Finisher,3585
Karol,Prost,Karol Prost,1344,M30-34,Male,Kraków,małopolskie,Poland,PL,1:07:01,5:00:12,3:59:42,0:04:04,0:03:49,10:14:47,4021,18012,14382,244,229,36887,607,576,124,452,395,88,357,342,79,607,576,124,Finisher,3549
Julius,Nielsen,Julius Nielsen,515,M25-29,Male,Jægerspris,DK-Nordsjælland,Denmark,DK,1:13:36,5:11:40,3:41:20,0:04:30,0:03:41,10:14:47,4416,18700,13280,270,221,36887,608,577,171,1048,889,249,688,652,183,608,577,171,Finisher,3583
Tim,Rosenkrantz Buur,Tim Rosenkrantz Buur,1429,M45-49,Male,Aalborg,DK-81,Denmark,DK,1:13:48,5:11:58,3:35:37,0:07:35,0:05:50,10:14:48,4428,18718,12937,455,350,36888,609,578,28,1067,906,61,762,719,43,609,578,28,Finisher,3973
Jeff,Sleichter,Jeff Sleichter,2548,M45-49,Male,Aalborg,,Denmark,DK,1:06:38,5:17:14,3:42:22,0:04:58,0:03:45,10:14:57,3998,19034,13342,298,225,36897,610,579,29,424,373,28,677,642,35,610,579,29,Finisher,3971
Nicklas,Træholt,Nicklas Træholt,130,M18-24,Male,Odense,Fyn,Denmark,DK,1:02:43,5:07:31,3:55:02,0:05:40,0:04:12,10:15:08,3763,18451,14102,340,252,36908,611,580,100,225,198,24,440,422,73,611,580,100,Finisher,3451
Ronja,Lund Ankerfelt,Ronja Lund Ankerfelt,91,F30-34,Female,København K,HOVEDSTADEN,Denmark,DK,1:05:54,5:10:38,3:52:51,0:03:24,0:02:27,10:15:14,3954,18638,13971,204,147,36914,612,32,11,374,47,11,517,23,6,612,32,11,Finisher,4225
Olivia,Damgaard,Olivia Damgaard,476,F25-29,Female,Hellerup,Copenhagen,Denmark,DK,1:08:43,5:22:12,3:31:12,0:07:51,0:05:23,10:15:21,4123,19332,12672,471,323,36921,613,33,13,596,76,30,843,61,21,613,33,13,Finisher,4176
Jeppe,Ejsing,Jeppe Ejsing,2349,M30-34,Male,København,Copenhagen,Denmark,DK,1:18:40,5:08:16,3:36:08,0:05:44,0:06:35,10:15:23,4720,18496,12968,344,395,36923,614,581,125,1479,1238,213,741,700,141,614,581,125,Finisher,3542
Bernd,Voerman,Bernd Voerman,1436,M25-29,Male,Groningen,Groningen,Netherlands,NL,1:07:23,5:06:23,3:50:57,0:07:05,0:04:04,10:15:51,4043,18383,13857,425,244,36951,615,582,172,474,414,118,533,510,142,615,582,172,Finisher,3571
Benoit,Vaesen,Benoit Vaesen,1970,M45-49,Male,mortroux,BE-WLG,Belgium,BE,1:19:07,5:16:22,3:31:20,0:06:18,0:02:46,10:15:53,4747,18982,12680,378,166,36953,616,583,30,1522,1273,85,903,835,49,616,583,30,Finisher,3960
Alexander,Hauser,Alexander Hauser,2050,M35-39,Male,Nivå,85,Denmark,DK,1:16:16,5:24:43,3:26:25,0:05:03,0:03:36,10:16:02,4576,19483,12385,303,216,36962,617,584,66,1272,1067,115,985,902,106,617,584,66,Finisher,3690
Tobias ,Lipp,Tobias Lipp,1766,M25-29,Male,Aarhus,Central Jutland,Denmark,DK,1:09:53,5:13:01,3:43:36,0:05:27,0:04:06,10:16:04,4193,18781,13416,327,246,36964,618,585,173,695,601,169,666,631,177,618,585,173,Finisher,3568
Lars,Thomsen,Lars Thomsen,1782,M55-59,Male,"
Aabenraa",,Denmark,DK,1:24:19,5:10:28,3:30:55,0:06:53,0:03:33,10:16:08,5059,18628,12655,413,213,36968,619,586,17,1889,1565,66,898,831,32,619,586,17,Finisher,4244
Lasse,Riisager,Lasse Riisager,1749,M40-44,Male,Hjørring,DK-81,Denmark,DK,1:16:38,4:57:32,3:55:24,0:03:42,0:02:57,10:16:13,4598,17852,14124,222,177,36973,620,587,55,1303,1092,96,483,462,46,620,587,55,Finisher,3483
Björn,Andrell,Björn Andrell,1593,M55-59,Male,Åkersberga,STOCKHOLMS LAN [SE-01],Sweden,SE,1:07:41,5:05:35,3:53:04,0:06:13,0:03:48,10:16:22,4061,18335,13984,373,228,36982,621,588,18,501,438,13,510,488,17,621,588,18,Finisher,4241
Bastien,Giraud,Bastien Giraud,1263,M25-29,Male,Copenhagen(CPH),Copenhagen,Netherlands,NL,1:08:59,5:15:35,3:41:24,0:06:32,0:03:59,10:16:29,4139,18935,13284,392,239,36989,622,589,174,617,537,148,716,678,191,622,589,174,Finisher,3563
Alexander Rendlev,Jensen,Alexander Rendlev Jensen,1272,M25-29,Male,Frederiksberg,foreigner,Denmark,DK,0:55:20,5:16:04,3:54:27,0:05:37,0:05:03,10:16:31,3320,18964,14067,337,303,36991,623,590,175,34,33,13,462,442,125,623,590,175,Finisher,3563
Thomas,Raavig,Thomas Raavig,202,M40-44,Male,Copenhagen S,DK-84,Denmark,DK,1:08:26,5:05:51,3:54:54,0:04:23,0:03:00,10:16:35,4106,18351,14094,263,180,36995,624,591,56,570,500,45,495,474,47,624,591,56,Finisher,3479
Annika,Green,Annika Green,2491,F35-39,Female,Geneva,,Switzerland,CH,1:11:55,5:29:15,3:23:10,0:06:50,0:05:28,10:16:38,4315,19755,12190,410,328,36998,625,34,4,888,130,15,1015,86,8,625,34,4,Finisher,4138
Philippe,Verswijvel,Philippe Verswijvel,762,M25-29,Male,Schilde,BE-VAN,Belgium,BE,1:10:53,5:03:33,3:52:16,0:05:53,0:04:06,10:16:40,4253,18213,13936,353,246,37000,626,592,176,784,674,189,524,501,139,626,592,176,Finisher,3561
Wim,Verdeyen,Wim Verdeyen,450,M50-54,Male,Bonheiden,BE-VAN,Belgium,BE,1:01:21,5:03:52,4:03:35,0:04:24,0:03:32,10:16:44,3681,18232,14615,264,212,37004,627,593,20,171,150,8,326,313,15,627,593,20,Finisher,4062
Mathias,Johansen,Mathias Johansen,495,M30-34,Male,København K,DK-84,Denmark,DK,1:18:46,5:03:06,3:43:00,0:06:45,0:05:14,10:16:51,4726,18186,13380,405,314,37011,628,594,126,1489,1246,214,672,637,130,628,594,126,Finisher,3524
Anders,NILSSON,Anders NILSSON,2685,M40-44,Male,Mörarp,SE-M,Sweden,SE,1:04:32,4:50:56,4:13:28,0:04:02,0:03:58,10:16:56,3872,17456,15208,242,238,37016,629,595,57,304,271,24,194,189,19,629,595,57,Finisher,3475
Louise,Liboriussen,Louise Liboriussen,494,F18-24,Female,Bjerringbro,MIDTJYLLAND,Denmark,DK,0:57:04,5:16:09,3:58:11,0:03:43,0:01:55,10:17:01,3424,18969,14291,223,115,37021,630,35,4,53,5,1,460,20,4,630,35,4,Finisher,4399
Jesper,Vognsen,Jesper Vognsen,1806,M45-49,Male,Aabybro,DK-81,Denmark,DK,1:25:01,5:02:09,3:40:09,0:06:01,0:03:44,10:17:03,5101,18129,13209,361,224,37023,631,596,31,1934,1602,104,758,715,42,631,596,31,Finisher,3946
Ole ,Ørbæk Svee,Ole Ørbæk Svee,2453,M18-24,Male,Larvik,VESTFOLD,Norway,NO,1:04:08,5:06:55,3:54:46,0:04:41,0:06:36,10:17:06,3848,18415,14086,281,396,37026,632,597,101,288,256,33,436,418,72,632,597,101,Finisher,3427
Matthew,Rutterford,Matthew Rutterford,2792,M35-39,Male,Ipswich,GB-SFK,United Kingdom,GB,1:15:59,5:20:58,3:30:15,0:05:57,0:04:00,10:17:09,4559,19258,12615,357,240,37029,633,598,67,1244,1045,113,927,858,101,633,598,67,Finisher,3676
Yann,Mesen,Yann Mesen,596,M25-29,Male,Buerschent,Dikrech,Luxembourg,LU,1:12:20,5:25:35,3:25:07,0:09:13,0:04:56,10:17:11,4340,19535,12307,553,296,37031,634,599,177,927,792,221,1006,921,274,634,599,177,Finisher,3555
Frank,Weidemann,Frank Weidemann,34,M50-54,Male,München,BY,Germany,DE,1:11:35,5:00:37,3:52:39,0:06:45,0:05:38,10:17:13,4295,18037,13959,405,338,37033,635,600,21,854,731,44,499,477,25,635,600,21,Finisher,4056
Mikkel,Strandgaard,Mikkel Strandgaard,2537,M25-29,Male,Aarhus,Central Jutland,Denmark,DK,1:21:04,5:32:48,3:13:19,0:06:19,0:03:45,10:17:15,4864,19968,11599,379,225,37035,636,601,178,1666,1391,390,1227,1100,325,636,601,178,Finisher,3554
Mikkel Valentin,Jørgensen,Mikkel Valentin Jørgensen,1548,M30-34,Male,Aarhus,,Denmark,DK,1:17:48,4:55:50,3:56:25,0:04:06,0:03:08,10:17:17,4668,17750,14185,246,188,37037,637,602,127,1402,1170,205,478,457,96,637,602,127,Finisher,3519
Jan,Ludvík,Jan Ludvík,2290,M50-54,Male,České Budějovice,South Bohemia,Czech Republic,CZ,1:19:54,5:21:24,3:25:37,0:05:45,0:04:44,10:17:24,4794,19284,12337,345,284,37044,638,603,22,1577,1316,96,1005,920,46,638,603,22,Finisher,4054
Karsten,Rieck,Karsten Rieck,2607,M45-49,Male,Hosle,,Norway,NO,1:10:32,5:27:26,3:32:33,0:04:56,0:02:12,10:17:39,4232,19646,12753,296,132,37059,639,604,32,744,637,46,928,859,52,639,604,32,Finisher,3939
Hanne,Egeberg,Hanne Egeberg,425,F45-49,Female,Greve,,Denmark,DK,1:15:29,5:11:19,3:42:37,0:05:29,0:02:57,10:17:51,4529,18679,13357,329,177,37071,640,36,2,1204,192,9,737,41,4,640,36,2,Finisher,4593
Sarah,Troelsgaard,Sarah Troelsgaard,1269,F25-29,Female,København,DK-84,Denmark,DK,1:02:51,5:25:12,3:41:49,0:04:56,0:03:04,10:17:52,3771,19512,13309,296,184,37072,641,37,14,231,28,11,753,42,16,641,37,14,Finisher,4146
Daan,van Unen,Daan van Unen,1611,M25-29,Male,Rotterdam,Zuid-Holland,Netherlands,NL,1:04:54,5:17:10,3:41:36,0:08:26,0:05:58,10:18:05,3894,19030,13296,506,358,37085,642,605,179,322,286,83,705,668,188,642,605,179,Finisher,3544
Hans ,Warnecke ,Hans Warnecke,2333,M18-24,Male,København,Copenhagen,Denmark,DK,1:17:02,5:29:31,3:21:16,0:07:26,0:02:51,10:18:07,4622,19771,12076,446,171,37087,643,606,102,1334,1115,164,1132,1028,153,643,606,102,Finisher,3415
Jonas,Hjorth Jacobsen,Jonas Hjorth Jacobsen,53,M45-49,Male,Virum,DK-84,Denmark,DK,1:08:13,5:03:16,3:54:22,0:05:46,0:06:46,10:18:23,4093,18196,14062,346,406,37103,644,607,33,546,479,36,468,447,19,644,607,33,Finisher,3930
Mathias,Sørensen,Mathias Sørensen,1120,M35-39,Male,Viborg,Central Jutland,Denmark,DK,1:16:33,4:54:15,3:56:50,0:07:10,0:03:34,10:18:23,4593,17655,14210,430,214,37103,645,608,68,1300,1090,117,486,465,51,645,608,68,Finisher,3661
Jessica,Van Droogenbroeck,Jessica Van Droogenbroeck,1300,F25-29,Female,London,foreigner,Belgium,BE,0:57:30,5:15:04,3:58:18,0:04:41,0:03:01,10:18:35,3450,18904,14298,281,181,37115,646,38,15,63,8,4,467,21,10,646,38,15,Finisher,4137
Dea Fanny,Richardy,Dea Fanny Richardy,748,F25-29,Female,København,Copenhagen,Denmark,DK,1:07:06,5:29:38,3:31:26,0:06:23,0:04:03,10:18:36,4026,19778,12686,383,243,37116,647,39,16,454,58,21,933,70,27,647,39,16,Finisher,4137
Thomas,Savage,Thomas Savage,728,M30-34,Male,London,SRY,United Kingdom,GB,1:07:50,5:24:15,3:36:11,0:05:06,0:05:16,10:18:38,4070,19455,12971,306,316,37118,648,609,128,517,453,97,817,763,147,648,609,128,Finisher,3503
Laura,Sørensen,Laura Sørensen,4,F18-24,Female,Frederiksberg,DK-HOVEDSTADEN,Denmark,DK,1:11:03,4:56:21,4:04:31,0:03:54,0:02:49,10:18:38,4263,17781,14671,234,169,37118,649,40,5,793,112,14,359,16,3,649,40,5,Finisher,4380
Owen,Cowley,Owen Cowley,1768,M25-29,Male,Ipswich ,England,United Kingdom,GB,1:04:12,5:36:29,3:27:57,0:06:28,0:03:33,10:18:38,3852,20189,12477,388,213,37118,650,610,180,293,261,77,1007,922,275,650,610,180,Finisher,3537
John,Harvey,John Harvey,809,M45-49,Male,Witney,OXF,United Kingdom,GB,1:02:40,5:23:51,3:41:15,0:05:05,0:05:48,10:18:39,3760,19431,13275,305,348,37119,651,611,34,223,197,13,726,688,39,651,611,34,Finisher,3927
Charlie,Tunley,Charlie Tunley,2380,M35-39,Male,Henley-on-Thames,OXF,United Kingdom,GB,0:59:09,5:24:07,3:45:33,0:05:19,0:04:31,10:18:40,3549,19447,13533,319,271,37120,652,612,69,108,95,12,671,636,72,652,612,69,Finisher,3658
Bo,Hansen,Bo Hansen,2235,M50-54,Male,Horsens,DK-82,Denmark,DK,0:58:50,5:13:22,3:58:22,0:05:20,0:02:53,10:18:48,3530,18802,14302,320,173,37128,653,613,23,99,88,4,475,454,23,653,613,23,Finisher,4037
David,Martín Pestaña,David Martín Pestaña,2168,M25-29,Male,Brabrand,Midtjylland,Spain,ES,1:13:24,5:27:34,3:27:20,0:07:43,0:02:51,10:18:52,4404,19654,12440,463,171,37132,654,614,181,1025,872,243,1031,942,284,654,614,181,Finisher,3534
Sebastian,Sonberg,Sebastian Sonberg,478,M25-29,Male,København,Copenhagen,Denmark,DK,1:20:05,5:17:05,3:30:37,0:07:11,0:03:55,10:18:53,4805,19025,12637,431,235,37133,655,615,182,1589,1328,372,958,883,260,655,615,182,Finisher,3534
Henrik,Ekdahl,Henrik Ekdahl,2401,M50-54,Male,Lidköping,SE-O,Sweden,SE,1:16:24,5:27:28,3:24:02,0:05:21,0:05:39,10:18:54,4584,19648,12242,321,339,37134,656,616,24,1284,1078,76,1041,951,47,656,616,24,Finisher,4036
Xin,Li,Xin Li,412,F40-44,Female,北京,Beijing,China,CN,1:29:06,4:59:35,3:41:46,0:04:28,0:04:02,10:18:58,5346,17975,13306,268,242,37138,657,41,2,2166,385,21,757,43,1,657,41,2,Finisher,4905
Katy,Armitage,Katy Armitage,907,F30-34,Female,Preston,GB-LAN,United Kingdom,GB,1:05:50,5:22:25,3:39:35,0:05:53,0:05:35,10:19:18,3950,19345,13175,353,335,37158,658,42,12,371,45,10,775,48,15,658,42,12,Finisher,4176
Victor,Bailey,Victor Bailey,80,M30-34,Male,Ho Chi Minh City,VN-SG,Denmark,DK,1:07:00,5:08:59,3:52:36,0:05:48,0:05:01,10:19:25,4020,18539,13956,348,301,37165,659,617,129,451,394,87,549,523,109,659,617,129,Finisher,3493
Bjarke,Jensen,Bjarke Jensen,393,M25-29,Male,Ringsted,DK-85,Denmark,DK,1:17:04,5:12:05,3:40:17,0:05:55,0:04:06,10:19:28,4624,18725,13217,355,246,37168,660,618,183,1338,1119,315,790,741,216,660,618,183,Finisher,3527
Alex,Ames,Alex Ames,294,M25-29,Male,Bury St Edmunds,SFK,United Kingdom,GB,1:13:27,5:07:29,3:48:35,0:05:51,0:04:20,10:19:42,4407,18449,13715,351,260,37182,661,619,184,1029,874,244,638,607,169,661,619,184,Finisher,3524
Malthe,Frederiksen ,Malthe Frederiksen,2114,M18-24,Male,Aarhus,Central Jutland,Denmark,DK,1:18:26,5:13:55,3:38:00,0:06:56,0:02:41,10:19:58,4706,18835,13080,416,161,37198,662,620,103,1458,1218,188,856,795,126,662,620,103,Finisher,3393
Joachim Bolding,Rasmussen,Joachim Bolding Rasmussen,718,M18-24,Male,Nørrebro,Copenhagen,Denmark,DK,1:17:56,5:22:22,3:28:45,0:08:27,0:02:30,10:20:00,4676,19342,12525,507,150,37200,663,621,104,1415,1181,178,1033,944,143,663,621,104,Finisher,3392
Sigrid,Frandsen,Sigrid Frandsen,745,F25-29,Female,København,HOVEDSTADEN,Denmark,DK,1:18:58,5:19:45,3:32:50,0:06:01,0:02:33,10:20:06,4738,19185,12770,361,153,37206,664,43,17,1507,246,91,964,77,30,664,43,17,Finisher,4119
Stine,Kjellev,Stine Kjellev,1336,F50-54,Female,Birkerød,DK-84,Denmark,DK,1:23:27,5:19:08,3:29:53,0:05:26,0:02:22,10:20:17,5007,19148,12593,326,142,37217,665,44,2,1832,314,17,1017,87,3,665,44,2,Finisher,4394
Laura,Frederiksen,Laura Frederiksen,61,F30-34,Female,København,DK-84,Denmark,DK,1:15:04,5:25:13,3:31:30,0:04:29,0:04:02,10:20:19,4504,19513,12690,269,242,37219,666,45,13,1173,183,40,967,78,24,666,45,13,Finisher,4164
Emma,Weiss,Emma Weiss,452,F25-29,Female,København Ø,DK-84,Denmark,DK,1:05:09,4:48:07,4:19:43,0:04:02,0:03:19,10:20:20,3909,17287,15583,242,199,37220,667,46,18,336,40,16,172,4,2,667,46,18,Finisher,4116
Christoffer,Tronhjem,Christoffer Tronhjem,2757,M25-29,Male,Sorø,Zealand,Denmark,DK,1:01:56,4:59:34,4:07:00,0:05:42,0:06:10,10:20:23,3716,17974,14820,342,370,37223,668,622,185,195,172,51,295,283,83,668,622,185,Finisher,3516
William,Pihl,William Pihl,804,M25-29,Male,Fredensborg,Nordsjælland,Denmark,DK,1:05:35,4:55:13,4:10:12,0:06:25,0:03:05,10:20:30,3935,17713,15012,385,185,37230,669,623,186,358,316,92,296,284,84,669,623,186,Finisher,3515
Kathrine,Styrbæk Germansen ,Kathrine Styrbæk Germansen,2332,F25-29,Female,Vejle,Syddanmark ,Denmark,DK,1:14:56,5:14:55,3:41:38,0:04:13,0:04:51,10:20:34,4496,18895,13298,253,291,37234,670,47,19,1166,182,67,774,47,18,670,47,19,Finisher,4113
Simon Rune,Mogensen,Simon Rune Mogensen,209,M30-34,Male,Skive,MIDTJYLLAND,Denmark,DK,1:12:15,5:03:15,3:50:19,0:07:51,0:07:05,10:20:45,4335,18195,13819,471,425,37245,671,624,130,913,780,147,584,557,116,671,624,130,Finisher,3477
Caroline,Rulis,Caroline Rulis,111,F30-34,Female,København,,Denmark,DK,0:56:06,5:33:51,3:43:35,0:04:03,0:03:12,10:20:47,3366,20031,13415,243,192,37247,672,48,14,41,2,1,771,45,14,672,48,14,Finisher,4159
Jakob,Fyrst,Jakob Fyrst,2732,M25-29,Male,Aalborg ,North Jütland,Denmark,DK,1:12:26,5:19:10,3:40:08,0:05:21,0:03:47,10:20:52,4346,19150,13208,321,227,37252,673,625,187,936,800,224,809,758,222,673,625,187,Finisher,3510
David,Trenkel Lopez,David Trenkel Lopez,1792,M25-29,Male,London,England,United Kingdom,GB,1:06:13,5:38:02,3:27:15,0:05:27,0:04:03,10:21:00,3973,20282,12435,327,243,37260,674,626,188,395,348,100,1052,959,291,674,626,188,Finisher,3509
Michael,Jakobsen,Michael Jakobsen,2097,M25-29,Male,Nibe,North Jütland,Denmark,DK,1:12:27,5:07:28,3:49:45,0:06:38,0:04:50,10:21:07,4347,18448,13785,398,290,37267,675,627,189,939,803,225,633,602,167,675,627,189,Finisher,3507
Yannick,Baer,Yannick Baer,1802,M30-34,Male,Leudelange,,Luxembourg,LU,1:07:57,5:41:32,3:18:25,0:08:13,0:05:02,10:21:10,4077,20492,11905,493,302,37270,676,628,131,532,466,101,1188,1068,199,676,628,131,Finisher,3472
Emil,Skov,Emil Skov,2436,M25-29,Male,Aarhus,,Denmark,DK,1:24:07,5:28:04,3:18:28,0:06:57,0:03:41,10:21:17,5047,19684,11908,417,221,37277,677,629,190,1871,1549,423,1212,1087,320,677,629,190,Finisher,3505
Petr,Šafránek,Petr Šafránek,2291,M45-49,Male,Vodňany,South Bohemia,Czech Republic,CZ,1:03:39,5:23:47,3:45:22,0:05:24,0:03:06,10:21:18,3819,19427,13522,324,186,37278,678,630,35,262,232,15,750,709,41,678,630,35,Finisher,3895
Maria-Louise,Obitsø Stamp,Maria-Louise Obitsø Stamp,2088,F45-49,Female,Holstebro,,Denmark,DK,1:06:43,5:17:10,3:49:26,0:05:07,0:02:56,10:21:22,4003,19030,13766,307,176,37282,679,49,3,431,54,2,679,36,3,679,49,3,Finisher,4551
Charles,Vriamont,Charles Vriamont,1217,M30-34,Male,Landen,BE-VBR,Belgium,BE,1:07:57,5:25:05,3:37:33,0:06:24,0:04:26,10:21:24,4077,19505,13053,384,266,37284,680,631,132,530,464,100,859,797,153,680,631,132,Finisher,3470
Thea,Nørholm,Thea Nørholm,2066,F25-29,Female,"
Risskov",,Denmark,DK,1:06:15,5:11:06,3:57:41,0:04:00,0:02:35,10:21:37,3975,18666,14261,240,155,37297,681,50,20,397,48,17,540,24,11,681,50,20,Finisher,4101
George,Billson,George Billson,245,M25-29,Male,Guernsey,GREAT BRITAIN,Guernsey,GG,1:04:55,5:23:05,3:40:51,0:07:34,0:05:17,10:21:42,3895,19385,13251,454,317,37302,682,632,191,323,287,84,795,745,218,682,632,191,Finisher,3500
Agnethe Døssing,Have,Agnethe Døssing Have,2588,F25-29,Female,Aarhus,DK-82,Denmark,DK,1:14:23,5:16:51,3:39:19,0:05:46,0:05:29,10:21:48,4463,19011,13159,346,329,37308,683,51,21,1120,173,65,811,52,19,683,51,21,Finisher,4099
Hans,Vander Mast,Hans Vander Mast,1558,M40-44,Male,Brasschaat,,Belgium,BE,1:08:19,5:21:43,3:41:30,0:06:08,0:04:11,10:21:52,4099,19303,13290,368,251,37312,684,633,58,555,486,44,801,751,71,684,633,58,Finisher,3415
Ruben,Van Duuren,Ruben Van Duuren,1555,M35-39,Male,Haarlem,Noord-Holland,Netherlands,NL,1:07:34,5:11:22,3:52:30,0:06:10,0:04:27,10:22:03,4054,18682,13950,370,267,37323,685,634,70,493,430,44,612,583,64,685,634,70,Finisher,3617
Sarah,Ikast Kristoffersen,Sarah Ikast Kristoffersen,1225,F30-34,Female,Aarhus,DK-82,Denmark,DK,1:08:49,5:09:20,3:56:15,0:05:04,0:02:35,10:22:04,4129,18560,14175,304,155,37324,686,52,15,602,77,17,581,27,9,686,52,15,Finisher,4143
Andreas,Tvermoes Sassarsson,Andreas Tvermoes Sassarsson,830,M30-34,Male,København,Copenhagen,Dominica,DM,1:01:31,4:51:16,4:16:56,0:06:43,0:05:40,10:22:05,3691,17476,15416,403,340,37325,687,635,133,176,155,38,195,190,52,687,635,133,Finisher,3461
Victoria ,Norden,Victoria Norden,464,F25-29,Female,København Ø,,Denmark,DK,0:59:21,5:24:31,3:48:08,0:05:59,0:04:07,10:22:06,3561,19471,13688,359,247,37326,688,53,22,111,14,7,689,37,13,688,53,22,Finisher,4095
Gilles,Struyf,Gilles Struyf,2302,M25-29,Male,Edegem,BE-VAN,Belgium,BE,1:18:33,5:12:25,3:41:12,0:07:48,0:02:09,10:22:07,4713,18745,13272,468,129,37327,689,636,192,1465,1224,349,844,783,231,689,636,192,Finisher,3495
Jakob,Jørgensen,Jakob Jørgensen,207,M30-34,Male,Aarhus C,DK-82,Denmark,DK,1:15:21,4:40:27,4:14:29,0:04:53,0:06:58,10:22:08,4521,16827,15269,293,418,37328,690,637,134,1196,1006,183,205,199,57,690,637,134,Finisher,3461
Emmanuel,Goossens,Emmanuel Goossens,1690,M25-29,Male,MAARKEDAL,,Belgium,BE,1:10:47,5:17:42,3:42:09,0:05:50,0:05:46,10:22:13,4247,19062,13329,350,346,37333,691,638,193,778,669,188,780,732,214,691,638,193,Finisher,3494
Mikkel,Holm,Mikkel Holm,538,M18-24,Male,København Ø,HOVEDSTADEN,Denmark,DK,1:10:39,5:34:40,3:27:57,0:05:32,0:03:27,10:22:15,4239,20080,12477,332,207,37335,692,639,105,761,654,93,1068,973,148,692,639,105,Finisher,3365
Antoine,Dubray,Antoine Dubray,1480,M40-44,Male,Arras,,France,FR,1:13:32,5:28:11,3:32:48,0:05:09,0:02:40,10:22:20,4412,19691,12768,309,160,37340,693,640,59,1037,879,87,1000,916,77,693,640,59,Finisher,3410
Raymond,Mc Groary,Raymond Mc Groary,1326,M35-39,Male,Donegal Town,"Donegal, Leitrim",Ireland,IE,1:09:04,5:28:11,3:36:22,0:04:59,0:03:49,10:22:25,4144,19691,12982,299,229,37345,694,641,71,626,545,59,915,847,98,694,641,71,Finisher,3613
Stathis,Christophi,Stathis Christophi,856,M50-54,Male,Limassol,CY-02,Cyprus,CY,1:14:19,5:11:03,3:47:55,0:05:00,0:04:19,10:22:36,4459,18663,13675,300,259,37356,695,642,25,1113,942,63,702,665,33,695,642,25,Finisher,3991
Kristian,Thygesen,Kristian Thygesen,1556,M40-44,Male,"
Copenhagen",HOVEDSTADEN,Denmark,DK,1:21:32,4:47:40,4:01:26,0:08:16,0:03:42,10:22:36,4892,17260,14486,496,222,37356,696,643,60,1700,1419,130,473,452,45,696,643,60,Finisher,3407
Johannes,Kronel,Johannes Kronel,1921,M18-24,Male,København NV,DK-84,Denmark,DK,1:16:02,5:07:51,3:50:29,0:05:07,0:03:09,10:22:38,4562,18471,13829,307,189,37358,697,644,106,1249,1049,153,680,644,104,697,644,106,Finisher,3361
Christoffer,Marquardt,Christoffer Marquardt,1625,M18-24,Male,Gandrup,North Jütland,Denmark,DK,1:19:31,5:10:13,3:42:57,0:06:11,0:03:50,10:22:43,4771,18613,13377,371,230,37363,698,645,107,1556,1300,204,797,747,116,698,645,107,Finisher,3360
Christian,Hein,Christian Hein,454,M25-29,Male,København Ø,,Denmark,DK,1:11:46,5:14:32,3:45:40,0:06:00,0:04:46,10:22:44,4306,18872,13540,360,286,37364,699,646,194,875,749,209,738,697,200,699,646,194,Finisher,3488
Mikkel,Valsø,Mikkel Valsø,615,M30-34,Male,København,DK-84,Denmark,DK,1:11:00,5:18:35,3:44:01,0:04:52,0:04:24,10:22:52,4260,19115,13441,292,264,37372,700,647,135,788,677,132,782,733,145,700,647,135,Finisher,3452
Noel,Keane,Noel Keane,1350,M50-54,Male,Limerick,"Limerick, Clare, Tipperary, Kerry, Galway",Ireland,IE,1:12:55,5:29:18,3:28:57,0:08:00,0:03:51,10:23:02,4375,19758,12537,480,231,37382,701,648,26,983,841,50,1057,964,49,701,648,26,Finisher,3986
Radek,Holinka,Radek Holinka,87,M45-49,Male,Kralupy nad Vltavou,MELNIK,Czech Republic,CZ,1:02:00,5:10:42,3:56:57,0:09:04,0:04:33,10:23:16,3720,18642,14217,544,273,37396,702,649,36,196,173,11,548,522,27,702,649,36,Finisher,3871
Nadja Pauline,Andersen,Nadja Pauline Andersen,2199,F30-34,Female,Aarhus,DK-82,Denmark,DK,1:16:12,5:17:14,3:42:16,0:04:47,0:02:55,10:23:24,4572,19034,13336,287,175,37404,703,54,16,1264,203,44,832,59,19,703,54,16,Finisher,4127
Riina,Kuuselo,Riina Kuuselo,164,F45-49,Female,Tampere,,Finland,FI,1:07:07,5:15:09,3:52:25,0:06:04,0:02:43,10:23:27,4027,18909,13945,364,163,37407,704,55,4,455,59,4,665,35,2,704,55,4,Finisher,4526
Henning,Kierkegaard,Henning Kierkegaard,2584,M60-64,Male,Bogense,Fyn,Denmark,DK,1:11:43,5:17:26,3:43:12,0:06:52,0:04:17,10:23:29,4303,19046,13392,412,257,37409,705,650,3,871,746,11,798,748,5,705,650,3,Finisher,4776
Ruben,Coenen,Ruben Coenen,993,M30-34,Male,Antwerp,,Belgium,BE,1:11:20,5:13:15,3:47:16,0:08:09,0:03:55,10:23:56,4280,18795,13636,489,235,37436,706,651,136,820,705,137,748,707,143,706,651,136,Finisher,3439
Philip,Bruhn,Philip Bruhn,1133,M25-29,Male,København ,HOVEDSTADEN,Denmark,DK,1:26:06,5:04:28,3:41:42,0:07:16,0:04:27,10:24:00,5166,18268,13302,436,267,37440,707,652,195,1994,1647,442,824,769,226,707,652,195,Finisher,3473
Oskar Weber,Jensen,Oskar Weber Jensen,1925,M25-29,Male,København V,,Denmark,DK,1:24:08,4:56:27,3:56:48,0:05:21,0:01:35,10:24:18,5048,17787,14208,321,95,37458,708,653,196,1875,1553,425,626,595,165,708,653,196,Finisher,3469
David,Moss,David Moss,1447,M30-34,Male,Colchester,ESSEX,United Kingdom,GB,1:06:53,5:29:51,3:38:34,0:06:08,0:02:53,10:24:19,4013,19791,13114,368,173,37459,709,654,137,440,385,85,925,856,165,709,654,137,Finisher,3435
Søren Schougaard,Hansen,Søren Schougaard Hansen,2626,M35-39,Male,Odense NV,SYDDANMARK,Denmark,DK,1:17:13,5:12:13,3:45:53,0:05:31,0:03:30,10:24:19,4633,18733,13553,331,210,37459,710,655,72,1351,1130,123,788,739,84,710,655,72,Finisher,3590
Mathias,Olsen,Mathias Olsen,1618,M25-29,Male,Valby,Copenhagen,Denmark,DK,1:15:41,5:17:56,3:40:18,0:07:02,0:03:28,10:24:24,4541,19076,13218,422,208,37464,711,656,197,1221,1026,289,886,821,241,711,656,197,Finisher,3468
Jeppe,Nielsen,Jeppe Nielsen,523,M25-29,Male,Stenlille,DK-85,Denmark,DK,1:13:34,5:11:09,3:48:48,0:06:42,0:04:12,10:24:26,4414,18669,13728,402,252,37466,712,657,198,1043,884,248,723,685,194,712,657,198,Finisher,3468
Arnaud,Cerene,Arnaud Cerene,761,M45-49,Male,Leamington Spa,WARWICKSHIRE,France,FR,1:01:53,5:34:12,3:38:10,0:06:21,0:03:54,10:24:30,3713,20052,13090,381,234,37470,713,658,37,192,169,10,916,848,51,713,658,37,Finisher,3856
Tempest,Norlin,Tempest Norlin,820,F35-39,Female,Malmö,świętokrzyskie,Sweden,SE,1:04:58,5:26:25,3:42:45,0:04:48,0:05:35,10:24:32,3898,19585,13365,288,335,37472,714,56,5,328,37,3,802,51,4,714,56,5,Finisher,4043
Denis,Sabba,Denis Sabba,22,M50-54,Male,Venezia,IT-VE,Italy,IT,1:11:26,5:32:43,3:28:44,0:07:19,0:04:30,10:24:42,4286,19963,12524,439,270,37482,715,659,27,833,716,43,1077,982,50,715,659,27,Finisher,3966
Fraser,Allison,Fraser Allison,1565,M25-29,Male,Edinburgh,Midlands,United Kingdom,GB,0:55:31,5:22:31,3:58:10,0:05:03,0:03:27,10:24:43,3331,19351,14290,303,207,37483,716,660,199,37,36,15,579,553,153,716,660,199,Finisher,3464
Marek,Nechanický,Marek Nechanický,93,M25-29,Male,Nová Paka,Hradec Králové Region,Czech Republic,CZ,1:11:46,5:20:13,3:37:46,0:09:45,0:05:23,10:24:53,4306,19213,13066,585,323,37493,717,661,200,872,747,207,900,832,246,717,661,200,Finisher,3462
Henri,Peltomäki,Henri Peltomäki,2215,M40-44,Male,Espoo,FI-18,Finland,FI,1:12:40,5:30:40,3:31:11,0:06:02,0:04:20,10:24:54,4360,19840,12671,362,260,37494,718,662,61,956,817,78,1043,952,80,718,662,61,Finisher,3379
Anya,Culling,Anya Culling,825,F25-29,Female,London,England,United Kingdom,GB,1:15:59,5:47:07,3:09:13,0:06:35,0:06:03,10:24:56,4559,20827,11353,395,363,37496,719,57,23,1245,200,76,1387,153,61,719,57,23,Finisher,4061
Michele,Montesanto,Michele Montesanto,86,M35-39,Male,Porto San giorgio,IT-FM,Italy,IT,1:23:07,5:02:31,3:47:39,0:07:44,0:03:58,10:24:58,4987,18151,13659,464,238,37498,720,663,73,1812,1503,160,763,720,80,720,663,73,Finisher,3582
Dominik,Vesely,Dominik Vesely,2289,M35-39,Male,Praha,,Czech Republic,CZ,1:23:29,5:20:46,3:29:44,0:06:30,0:04:34,10:25:02,5009,19246,12584,390,274,37502,721,664,74,1833,1519,166,1066,971,113,721,664,74,Finisher,3582
Antoine,Ratel,Antoine Ratel,1627,M25-29,Male,Issy-les-Moulineaux,Île-de-France,France,FR,1:06:52,5:21:19,3:46:29,0:05:53,0:04:35,10:25:08,4012,19279,13589,353,275,37508,722,665,201,439,384,110,772,727,211,722,665,201,Finisher,3459
Harriet,Carr,Harriet Carr,2149,F40-44,Female,Norwich,Norfolk,United Kingdom,GB,1:05:46,5:33:54,3:37:29,0:04:41,0:03:27,10:25:17,3946,20034,13049,281,207,37517,723,58,3,367,44,4,959,76,5,723,58,3,Finisher,4829
Stuart,Jones,Stuart Jones,1074,M35-39,Male,Clifford Wetherby,West Yorkshire,United Kingdom,GB,1:04:09,5:16:46,3:54:03,0:07:33,0:03:05,10:25:36,3849,19006,14043,453,185,37536,724,666,75,290,258,32,667,632,71,724,666,75,Finisher,3575
Christian,Christensen,Christian Christensen,2650,M30-34,Male,Karasjok,Finnmark,Norway,NO,1:14:32,5:04:20,3:57:36,0:05:55,0:03:14,10:25:37,4472,18260,14256,355,194,37537,725,667,138,1133,958,174,608,580,121,725,667,138,Finisher,3419
André,Feller,André Feller,191,M35-39,Male,Brachtenbach,,Luxembourg,LU,1:11:42,5:07:30,3:51:50,0:08:38,0:06:11,10:25:51,4302,18450,13910,518,371,37551,726,668,76,868,744,82,659,625,70,726,668,76,Finisher,3572
Thierry,Permane,Thierry Permane,770,M50-54,Male,Dalhem,BE-WLG,Belgium,BE,1:08:34,5:13:03,3:51:11,0:07:46,0:05:22,10:25:55,4114,18783,13871,466,322,37555,727,669,28,578,507,29,682,646,32,727,669,28,Finisher,3951
Sofus,Rosholm Warrer,Sofus Rosholm Warrer,2023,M18-24,Male,Risskov,Midtjylland,Denmark,DK,1:23:38,5:16:40,3:32:22,0:08:21,0:04:56,10:25:57,5018,19000,12742,501,296,37557,728,670,108,1843,1527,234,1030,941,142,728,670,108,Finisher,3321
Christian Skafdrup ,Hellesen,Christian Skafdrup Hellesen,2197,M25-29,,København,Copenhagen,Denmark,DK,1:14:27,4:44:07,4:18:36,0:05:28,0:03:22,10:26:01,4467,17047,15516,328,202,37561,729,671,202,1126,952,264,244,234,74,729,671,202,Finisher,3449
Janne,Jääskeläinen,Janne Jääskeläinen,1254,M35-39,Male,Seinäjoki,FI-03,Finland,FI,1:09:54,5:21:19,3:43:45,0:05:06,0:05:58,10:26:02,4194,19279,13425,306,358,37562,730,672,77,698,603,65,805,754,85,730,672,77,Finisher,3570
Geert,Van De Heyning,Geert Van De Heyning,1780,M40-44,Male,Oostmalle,ANTWERPEN,Belgium,BE,1:00:17,5:14:14,4:02:38,0:05:42,0:03:14,10:26:06,3617,18854,14558,342,194,37566,731,673,62,141,126,14,522,499,52,731,673,62,Finisher,3365
Herman,Brånén Eriksson,Herman Brånén Eriksson,736,M18-24,Male,Malmö,,Sweden,SE,1:03:44,5:21:36,3:51:23,0:05:45,0:03:42,10:26:10,3824,19296,13883,345,222,37570,732,674,109,267,236,28,715,677,107,732,674,109,Finisher,3318
Nard,Sinke,Nard Sinke,1660,M25-29,Male,Herveld,Gelderland,Netherlands,NL,1:02:57,4:58:34,4:17:19,0:04:51,0:02:30,10:26:11,3777,17914,15439,291,150,37571,733,675,203,235,206,63,283,271,80,733,675,203,Finisher,3447
Malin,Staude,Malin Staude,619,F25-29,Female,Copenhagen,DK-84,Norway,NO,1:10:27,5:10:10,3:58:26,0:04:32,0:02:38,10:26:14,4227,18610,14306,272,158,37574,734,59,24,738,106,40,614,30,12,734,59,24,Finisher,4045
Jan,Reichl,Jan Reichl,57,M55-59,Male,Farum,DK-84,Denmark,DK,1:15:21,5:11:39,3:50:47,0:05:42,0:02:45,10:26:14,4521,18699,13847,342,165,37574,735,676,19,1195,1005,40,745,704,27,735,676,19,Finisher,4123
Andreas,Filskov Andersen,Andreas Filskov Andersen,2034,M25-29,Male,Aarhus,Central Jutland,Denmark,DK,1:31:01,5:10:01,3:35:35,0:06:30,0:03:12,10:26:19,5461,18601,12935,390,192,37579,736,677,204,2239,1840,472,1011,926,278,736,677,204,Finisher,3445
Jeppe,Spanggaard,Jeppe Spanggaard,1073,M25-29,Male,Aalborg,DK-81,Denmark,DK,1:09:23,5:16:57,3:49:42,0:06:43,0:03:49,10:26:34,4163,19017,13782,403,229,37594,737,678,205,647,560,155,754,712,205,737,678,205,Finisher,3442
Gheorghe,Donciu,Gheorghe Donciu,1027,M30-34,Male,Chișinău,Municipiul Chișinău,Moldova,MD,1:18:11,5:00:08,4:00:37,0:04:07,0:03:33,10:26:35,4691,18008,14437,247,213,37595,738,679,139,1437,1198,210,562,536,112,738,679,139,Finisher,3407
John,Western,John Western,876,M30-34,Male,Teddington,GB-ENG,United Kingdom,GB,1:13:47,5:22:19,3:41:59,0:05:40,0:03:02,10:26:47,4427,19339,13319,340,182,37607,739,680,140,1064,903,167,902,834,160,739,680,140,Finisher,3405
Christian ,Søgaard-Andersen,Christian Søgaard-Andersen,512,M25-29,Male,Valby,HOVEDSTADEN,Denmark,DK,1:13:03,4:59:56,4:05:14,0:05:27,0:03:12,10:26:51,4383,17996,14714,327,192,37611,740,681,206,997,853,239,491,470,131,740,681,206,Finisher,3439
Mads,Overgaard,Mads Overgaard,2718,M45-49,Male,"Silkeborg
Voel",,Denmark,DK,0:57:46,5:23:54,3:53:22,0:06:48,0:05:03,10:26:52,3466,19434,14002,408,303,37612,741,682,38,69,61,5,668,633,33,741,682,38,Finisher,3828
Tony,Le Jean,Tony Le Jean,1677,M45-49,Male,Yerville,SEINE-MARITIME,France,FR,1:25:54,5:11:39,3:40:06,0:06:41,0:02:38,10:26:58,5154,18699,13206,401,158,37618,742,683,39,1981,1638,108,956,881,55,742,683,39,Finisher,3827
Simon,Pauly Kofoed Mose,Simon Pauly Kofoed Mose,105,M30-34,Male,Kongens Lyngby,DK-84,Denmark,DK,1:04:40,4:40:18,4:36:06,0:04:27,0:01:28,10:27:00,3880,16818,16566,267,88,37620,743,684,141,312,278,63,99,99,27,743,684,141,Finisher,3402
Stefan,Hansen,Stefan Hansen,2794,M45-49,Male,Naestved,SYDDANMARK,Denmark,DK,1:14:16,4:33:04,4:25:42,0:06:10,0:07:55,10:27:07,4456,16384,15942,370,475,37627,744,685,40,1109,939,63,130,129,4,744,685,40,Finisher,3825
Jonas,Thomsen,Jonas Thomsen,2467,M18-24,Male,Aarhus,Central Jutland,Denmark,DK,1:17:37,5:22:36,3:34:03,0:05:56,0:06:56,10:27:08,4657,19356,12843,356,416,37628,745,686,110,1392,1162,174,987,904,137,745,686,110,Finisher,3307
Sean,Mcdonald,Sean Mcdonald,2445,M40-44,Male,Neston,GB-CHW,United Kingdom,GB,1:09:24,4:44:55,4:20:53,0:06:39,0:05:29,10:27:20,4164,17095,15653,399,329,37640,746,687,63,650,562,51,211,205,20,746,687,63,Finisher,3350
Eirin Ronæs,Driveklepp,Eirin Ronæs Driveklepp,2075,F25-29,Female,Nittedal,AKERSHUS,Norway,NO,1:15:17,5:31:54,3:31:03,0:05:41,0:03:29,10:27:24,4517,19914,12663,341,209,37644,747,60,25,1191,188,72,1102,101,39,747,60,25,Finisher,4031
Eoin,Sheehan,Eoin Sheehan,1330,M30-34,Male,Limerick,Limerick,Ireland,IE,1:02:11,5:33:36,3:40:23,0:06:22,0:04:56,10:27:28,3731,20016,13223,382,296,37648,748,688,142,205,182,44,913,845,162,748,688,142,Finisher,3397
Gregory,Van Ostade,Gregory Van Ostade,2103,M30-34,Male,Antwerpen,ANTWERPEN,Belgium,BE,1:16:32,5:24:16,3:37:36,0:05:47,0:03:29,10:27:39,4592,19456,13056,347,209,37659,749,689,143,1297,1088,195,993,910,173,749,689,143,Finisher,3395
Philippe,Meric,Philippe Meric,1102,M50-54,Male,Sceaux,FR-IDF,France,FR,1:09:28,5:36:32,3:28:55,0:09:12,0:03:34,10:27:41,4168,20192,12535,552,214,37661,750,690,29,655,567,33,1144,1038,58,750,690,29,Finisher,3930
Malte,Lomberg,Malte Lomberg,943,M35-39,Male,Frankfurt,HE,Germany,DE,1:19:46,4:44:22,4:10:25,0:09:47,0:03:23,10:27:43,4786,17062,15025,587,203,37663,751,691,78,1572,1312,142,398,382,44,751,691,78,Finisher,3549
Oliver,Westphal,Oliver Westphal,1942,M30-34,Male,Hamburg,HH,Germany,DE,1:11:12,5:10:45,3:56:46,0:04:50,0:04:17,10:27:50,4272,18645,14206,290,257,37670,752,692,144,805,693,134,639,608,125,752,692,144,Finisher,3392
Freddy André,Henriksen,Freddy André Henriksen,156,M35-39,Male,Norway,NO-07,Norway,NO,1:24:07,5:01:13,3:51:09,0:06:05,0:05:16,10:27:51,5047,18073,13869,365,316,37671,753,693,79,1872,1550,171,722,684,78,753,693,79,Finisher,3548
Mikkel,Petersen,Mikkel Petersen,2151,M18-24,Male,Søborg,Søborg,Denmark,DK,1:22:24,5:06:06,3:49:54,0:06:05,0:03:31,10:27:58,4944,18366,13794,365,211,37678,754,694,111,1756,1460,221,784,735,114,754,694,111,Finisher,3297
Kristoffer ,Steen ,Kristoffer Steen,1033,M18-24,Male,Holmegaard,SJÆLLAND,Denmark,DK,1:13:04,5:05:17,4:01:37,0:05:20,0:02:44,10:28:03,4384,18317,14497,320,164,37683,755,695,112,1001,856,124,592,565,95,755,695,112,Finisher,3296
Dirk,Van Hoof,Dirk Van Hoof,113,M55-59,Male,Brecht,,Belgium,BE,1:03:24,5:03:04,4:09:40,0:06:17,0:05:42,10:28:07,3804,18184,14980,377,342,37687,756,696,20,252,222,5,384,368,14,756,696,20,Finisher,4100
Isabelle,Wilson,Isabelle Wilson,1949,F25-29,Female,Ketchum,ID,United States,US,1:07:26,5:41:48,3:24:01,0:09:02,0:05:57,10:28:14,4046,20508,12241,542,357,37694,757,61,26,478,61,23,1200,121,47,757,61,26,Finisher,4021
Mikkel,Ortved,Mikkel Ortved,2162,M25-29,Male,Esbjerg,DK-83,Denmark,DK,1:10:02,5:18:05,3:52:02,0:05:00,0:03:28,10:28:37,4202,19085,13922,300,208,37717,758,697,207,708,611,171,756,714,206,758,697,207,Finisher,3417
Sissel,Vang-Pedersen,Sissel Vang-Pedersen,2206,F25-29,Female,Aarhus N,Central Jutland,Denmark,DK,1:17:25,5:25:30,3:36:35,0:06:22,0:02:47,10:28:38,4645,19530,12995,382,167,37718,759,62,27,1368,224,81,1042,91,35,759,62,27,Finisher,4017
James,Lawrence,James Lawrence,2093,M30-34,Male,Saltdean,SXE,United Kingdom,GB,1:12:07,5:23:44,3:37:31,0:09:16,0:06:06,10:28:44,4327,19424,13051,556,366,37724,760,698,145,903,772,145,974,891,170,760,698,145,Finisher,3382
Camila,Di Biase,Camila Di Biase,192,F30-34,Female,London,England,Chile,CL,1:08:35,5:40:02,3:29:13,0:07:12,0:03:53,10:28:56,4115,20402,12553,432,233,37736,761,63,17,581,72,16,1159,111,31,761,63,17,Finisher,4061
Eskild ,Trolle,Eskild Trolle,466,M25-29,Male,København,Copenhagen,Denmark,DK,1:15:58,5:08:06,3:55:40,0:06:04,0:03:18,10:29:06,4558,18486,14140,364,198,37746,762,699,208,1242,1043,294,697,660,185,762,699,208,Finisher,3412
Michelle,Bitzi,Michelle Bitzi,201,F30-34,Female,Zürich,,Switzerland,CH,1:09:53,5:15:01,3:55:22,0:06:03,0:02:48,10:29:07,4193,18901,14122,363,168,37747,763,64,18,696,95,22,712,38,13,763,64,18,Finisher,4059
Johanne,Have,Johanne Have,2587,F18-24,Female,Aarhus,DK-82,Denmark,DK,1:12:34,5:20:57,3:48:15,0:04:37,0:02:46,10:29:09,4354,19257,13695,277,166,37749,764,65,6,948,137,17,830,57,7,764,65,6,Finisher,4254
Michael,Müller,Michael Müller,389,M50-54,Male,Karlslunde,HOVEDSTADEN,Denmark,DK,1:07:33,5:01:20,4:09:16,0:05:27,0:05:34,10:29:09,4053,18080,14956,327,334,37749,765,700,30,490,427,23,405,388,17,765,700,30,Finisher,3913
Nicolas,Delechambre,Nicolas Delechambre,1952,M30-34,Male,Rumst,,Belgium,BE,0:58:02,5:26:24,3:51:22,0:06:33,0:06:49,10:29:10,3482,19584,13882,393,409,37750,766,701,146,78,69,15,713,675,138,766,701,146,Finisher,3376
Adam,Łusiewicz,Adam Łusiewicz,2790,M18-24,Male,Wielen ,Wielkopolska,Poland,PL,1:13:45,5:19:53,3:44:59,0:06:22,0:04:17,10:29:17,4425,19193,13499,382,257,37757,767,702,113,1059,898,127,869,805,128,767,702,113,Finisher,3281
Sietske,Haitjema,Sietske Haitjema,1407,F25-29,Female,Amsterdam,North Holland,Netherlands,NL,1:10:12,5:24:03,3:47:35,0:03:53,0:03:37,10:29:21,4212,19443,13655,233,217,37761,768,66,28,718,99,38,831,58,20,768,66,28,Finisher,4008
Mads,Larsen,Mads Larsen,1406,M18-24,Male,Hillerød,Nordsjælland,Denmark,DK,1:13:55,5:11:11,3:48:31,0:08:05,0:07:41,10:29:24,4435,18671,13711,485,461,37764,769,703,114,1081,919,135,759,716,110,769,703,114,Finisher,3279
Sebastian,Neesgaard,Sebastian Neesgaard,2397,M18-24,Male,Aarhus,MIDTJYLLAND,Denmark,DK,1:03:59,5:27:37,3:47:57,0:05:56,0:04:01,10:29:30,3839,19657,13677,356,241,37770,770,704,115,285,253,31,820,765,121,770,704,115,Finisher,3278
Lorenzo,Ballarin,Lorenzo Ballarin,1517,M25-29,Male,Frederiksberg ,Copenhagen,Italy,IT,1:14:33,5:25:14,3:35:22,0:06:36,0:07:46,10:29:31,4473,19514,12922,396,466,37771,771,705,209,1135,960,267,991,908,268,771,705,209,Finisher,3407
Mikkel,de Krak,Mikkel de Krak,581,M35-39,Male,Taastrup,DK-84,Denmark,DK,1:18:45,5:20:27,3:36:05,0:07:04,0:07:14,10:29:36,4725,19227,12965,424,434,37776,772,706,80,1486,1243,134,990,907,107,772,706,80,Finisher,3527
Joost,Hoogenbosch,Joost Hoogenbosch,121,M45-49,Male,Den Burg,NL-NH,Netherlands,NL,1:15:05,5:09:48,3:55:13,0:05:03,0:04:29,10:29:38,4505,18588,14113,303,269,37778,773,707,41,1175,992,68,693,656,36,773,707,41,Finisher,3795
Ben,Stewart,Ben Stewart,286,M40-44,Male,ash,GB-SRY,United Kingdom,GB,1:07:55,5:10:34,4:03:07,0:05:12,0:03:03,10:29:51,4075,18634,14587,312,183,37791,774,708,64,528,462,43,591,564,60,774,708,64,Finisher,3320
Filip,Steylemans (Osteokin-Zemst),Filip Steylemans (Osteokin-Zemst),2152,M45-49,Male,Zemst,BE-VLAAMS-BRABANT,Belgium,BE,1:12:57,5:15:56,3:44:26,0:08:52,0:07:51,10:30:02,4377,18956,13466,532,471,37802,775,709,42,986,844,58,821,766,45,775,709,42,Finisher,3790
Emil,Christiansen,Emil Christiansen,697,M30-34,Male,København,Copenhagen,Denmark,DK,1:21:58,5:30:01,3:25:19,0:06:28,0:06:16,10:30:03,4918,19801,12319,388,376,37803,776,710,147,1730,1439,245,1205,1082,201,776,710,147,Finisher,3366
Mads,Nielsen,Mads Nielsen,1990,M50-54,Male,Esbjerg,DK-83,Denmark,DK,1:05:58,5:18:36,3:49:28,0:08:31,0:07:40,10:30:13,3958,19116,13768,511,460,37813,777,711,31,379,332,17,755,713,35,777,711,31,Finisher,3900
Sven,Perschneck,Sven Perschneck,931,M50-54,Male,Dresden,SN,Germany,DE,0:59:57,5:09:33,4:07:51,0:08:16,0:04:44,10:30:21,3597,18573,14871,496,284,37821,778,712,32,132,117,6,479,458,24,778,712,32,Finisher,3898
Mikkel Delff,Andersen,Mikkel Delff Andersen,881,M18-24,Male,København S,DK-84,Denmark,DK,1:05:01,5:20:45,3:52:23,0:05:33,0:06:44,10:30:26,3901,19245,13943,333,404,37826,779,713,116,330,292,38,720,682,108,779,713,116,Finisher,3267
Olga,Lozinski,Olga Lozinski,1403,F40-44,Female,Tallinn,EE-37,Estonia,EE,1:08:27,5:22:10,3:47:54,0:07:14,0:04:45,10:30:30,4107,19330,13674,434,285,37830,780,67,4,571,71,6,825,56,3,780,67,4,Finisher,4767
Ian,Barton,Ian Barton,33,M55-59,Male,LIchfield,GB-STS,United Kingdom,GB,1:10:44,4:55:03,4:14:59,0:05:32,0:04:18,10:30:36,4244,17703,15299,332,258,37836,781,714,21,771,662,26,360,344,11,781,714,21,Finisher,4070
Christoffer,BOHN,Christoffer BOHN,946,M25-29,Male,Rungsted Kyst,DK-84,Denmark,DK,1:16:41,5:20:21,3:44:04,0:06:26,0:03:05,10:30:36,4601,19221,13444,386,185,37836,782,715,210,1305,1093,308,942,870,256,782,715,210,Finisher,3394
Bastian,Weber Rønn,Bastian Weber Rønn,659,M18-24,Male,Kongens Lyngby,HOVEDSTADEN,Denmark,DK,1:21:14,5:00:42,3:55:29,0:06:52,0:06:21,10:30:39,4874,18042,14129,412,381,37839,783,716,117,1679,1403,218,676,641,103,783,716,117,Finisher,3264
Christoffer,Waltersdorff,Christoffer Waltersdorff,445,M18-24,Male,København,Copenhagen,Denmark,DK,1:16:29,5:15:44,3:50:11,0:04:46,0:03:30,10:30:39,4589,18944,13811,286,210,37839,784,717,118,1292,1085,160,810,759,119,784,717,118,Finisher,3264
Marc,Goergen,Marc Goergen,214,M45-49,Male,Erpeldange,LU-REIMECH,Luxembourg,LU,1:17:31,5:15:46,3:45:28,0:08:35,0:03:23,10:30:42,4651,18946,13528,515,203,37842,785,718,43,1381,1154,78,908,840,50,785,718,43,Finisher,3782
Christoffer,Munchaus,Christoffer Munchaus,1080,M25-29,Male,"
København Ø",,Denmark,DK,1:15:33,4:59:34,4:08:01,0:05:02,0:02:40,10:30:49,4533,17974,14881,302,160,37849,786,719,211,1207,1015,284,521,498,138,786,719,211,Finisher,3391
Alexander,Læssøe,Alexander Læssøe,1280,M25-29,Male,København,Copenhagen,Denmark,DK,1:16:48,5:11:51,3:51:21,0:07:10,0:03:45,10:30:54,4608,18711,13881,430,225,37854,787,720,212,1318,1103,312,796,746,219,787,720,212,Finisher,3390
Christian,Andersen,Christian Andersen,983,M25-29,Male,København Ø,,Denmark,DK,0:52:29,5:34:56,3:52:58,0:05:15,0:05:24,10:31:02,3149,20096,13978,315,324,37862,788,721,213,8,8,1,742,701,202,788,721,213,Finisher,3388
Andreas,Gravrok,Andreas Gravrok,706,M25-29,Male,Oslo,Oslo,Norway,NO,1:20:53,5:18:39,3:42:03,0:06:09,0:03:32,10:31:15,4853,19119,13323,369,212,37875,789,722,214,1651,1378,383,978,895,265,789,722,214,Finisher,3386
Nicklas,Nielsen,Nicklas Nielsen,2485,M25-29,Male,Esbjerg,Southern Jutland,Denmark,DK,1:11:26,5:26:23,3:44:24,0:05:29,0:03:36,10:31:18,4286,19583,13464,329,216,37878,790,723,215,834,717,200,938,867,255,790,723,215,Finisher,3385
Sebastian,Langner,Sebastian Langner,1162,M25-29,Male,Kastrup,,Denmark,DK,1:18:45,4:59:26,4:03:49,0:05:38,0:03:44,10:31:21,4725,17966,14629,338,224,37881,791,724,216,1487,1244,354,593,566,155,791,724,216,Finisher,3385
Kasper,Kjærgård,Kasper Kjærgård,241,M35-39,Male,Silkeborg,Central Jutland,Denmark,DK,1:11:29,5:25:14,3:41:21,0:06:51,0:06:42,10:31:37,4289,19514,13281,411,402,37897,792,725,81,841,721,80,943,871,102,792,725,81,Finisher,3503
Patrick,Schumacher,Patrick Schumacher,1896,M30-34,Male,Hamburg,Hamburg,Germany,DE,1:12:18,5:21:36,3:47:02,0:06:06,0:04:47,10:31:49,4338,19296,13622,366,287,37909,793,726,148,920,786,149,868,804,155,793,726,148,Finisher,3345
Pawel,Stasiak,Pawel Stasiak,142,M40-44,Male,Dzierżoniów,,Poland,PL,1:07:32,5:01:14,4:12:01,0:07:09,0:03:58,10:31:54,4052,18074,15121,429,238,37914,794,727,65,488,425,40,441,423,44,794,727,65,Finisher,3295
Mathias,Melsen,Mathias Melsen,2416,M25-29,Male,Silkeborg,Central Jutland,Denmark,DK,1:12:19,5:05:33,4:06:28,0:05:02,0:02:34,10:31:56,4339,18333,14788,302,154,37916,795,728,217,924,790,220,575,549,150,795,728,217,Finisher,3378
Sophie,Kirk,Sophie Kirk,1511,F30-34,Female,London,GB-SRY,United Kingdom,GB,1:01:02,5:09:27,4:08:35,0:06:17,0:06:34,10:31:56,3662,18567,14915,377,394,37916,796,68,19,160,20,4,457,19,4,796,68,19,Finisher,4025
Nicoline Sofie,Villadsen,Nicoline Sofie Villadsen,7,F18-24,Female,København S,DK-84,Denmark,DK,1:10:14,5:10:27,4:05:34,0:03:46,0:01:59,10:32:00,4214,18627,14734,226,119,37920,797,69,7,720,101,12,602,28,5,797,69,7,Finisher,4219
Lucas,Trampedach,Lucas Trampedach,92,M18-24,Male,Helsingør,DK-84,Denmark,DK,0:59:56,4:58:57,4:25:48,0:05:09,0:02:10,10:32:00,3596,17937,15948,309,130,37920,798,729,119,131,116,16,243,233,26,798,729,119,Finisher,3248
Kristoffer,Henriksen,Kristoffer Henriksen,1757,M30-34,Male,Aalborg,North Jütland,Denmark,DK,1:16:45,5:15:55,3:48:36,0:05:10,0:05:42,10:32:08,4605,18955,13716,310,342,37928,799,730,149,1314,1100,197,822,767,148,799,730,149,Finisher,3341
Sofie,Lorentzen,Sofie Lorentzen,1742,F25-29,Female,Aarhus,MIDTJYLLAND,Denmark,DK,1:13:03,5:35:10,3:37:37,0:03:46,0:02:50,10:32:26,4383,20110,13057,226,170,37946,800,70,29,998,145,55,1090,99,38,800,70,29,Finisher,3971
Nicklas,Schmidt,Nicklas Schmidt,2062,M25-29,Male,Nyborg,DK-83,Denmark,DK,1:19:05,5:06:55,3:55:59,0:07:20,0:03:14,10:32:33,4745,18415,14159,440,194,37953,801,731,218,1515,1267,360,761,718,208,801,731,218,Finisher,3370
Rowen,Gao,Rowen Gao,2006,M40-44,Male,北京,CN-BJ,China,CN,1:19:24,5:17:20,3:46:27,0:06:18,0:03:07,10:32:38,4764,19040,13587,378,187,37958,802,732,66,1545,1290,107,932,863,75,802,732,66,Finisher,3286
Junior,Burton,Junior Burton,924,M35-39,Male,Edinburgh,GB-EAST LOTHIAN,United Kingdom,GB,1:24:28,5:19:21,3:40:45,0:05:37,0:02:32,10:32:43,5068,19161,13245,337,152,37963,803,733,82,1899,1574,176,1046,955,111,803,733,82,Finisher,3489
Louis,Yates,Louis Yates,2148,M35-39,Male,Blackburn,GB-BBD,United Kingdom,GB,1:09:30,5:24:38,3:47:31,0:06:19,0:04:58,10:32:56,4170,19478,13651,379,298,37976,804,734,83,658,570,61,879,815,95,804,734,83,Finisher,3487
Adrian Valentin,Kragh-Hillers,Adrian Valentin Kragh-Hillers,2489,M25-29,Male,København,,Denmark,DK,1:14:34,4:56:10,4:10:53,0:06:00,0:05:29,10:33:06,4474,17770,15053,360,329,37986,805,735,219,1137,962,269,456,438,123,805,735,219,Finisher,3364
Rasmus,Pedersen,Rasmus Pedersen,949,M30-34,Male,Valby,HOVEDSTADEN,Denmark,DK,1:10:09,5:25:27,3:47:06,0:06:36,0:03:50,10:33:09,4209,19527,13626,396,230,37989,806,736,150,714,616,123,914,846,163,806,736,150,Finisher,3329
Olivia,Glubb,Olivia Glubb,258,F25-29,Female,London,GB-GBN,United Kingdom,GB,1:10:41,5:43:07,3:28:01,0:07:54,0:03:34,10:33:17,4241,20587,12481,474,214,37997,807,71,30,767,109,41,1256,133,52,807,71,30,Finisher,3961
Christopher ,Koller,Christopher Koller,215,M25-29,Male,København,København,Denmark,DK,1:10:27,5:17:33,3:55:40,0:06:59,0:02:39,10:33:17,4227,19053,14140,419,159,37997,808,737,220,737,632,178,789,740,215,808,737,220,Finisher,3361
Christoffer,Clemmensen,Christoffer Clemmensen,656,M18-24,Male,"
Frederiksberg",,Denmark,DK,1:20:46,5:16:57,3:44:50,0:06:57,0:03:56,10:33:26,4846,19017,13490,417,236,38006,809,738,120,1633,1361,209,962,886,135,809,738,120,Finisher,3231
Emil,Linnebjerg,Emil Linnebjerg,1858,M25-29,Male,Odense,DK-83,Denmark,DK,1:09:37,5:11:22,4:01:31,0:06:10,0:05:07,10:33:47,4177,18682,14491,370,307,38027,810,739,221,667,576,160,646,614,174,810,739,221,Finisher,3355
Pauline,Selleslagh,Pauline Selleslagh,1020,F35-39,Female,Sint-Pieters-Leeuw,Vlaams Gewest,Belgium,BE,1:00:49,5:48:18,3:38:47,0:03:38,0:02:18,10:33:50,3649,20898,13127,218,138,38030,811,72,6,154,18,1,1100,100,10,811,72,6,Finisher,3931
Sara,Scheffmann,Sara Scheffmann,1665,F35-39,Female,Oslo,OSLO,Germany,DE,1:09:49,5:24:32,3:48:41,0:06:11,0:04:42,10:33:55,4189,19472,13721,371,282,38035,812,73,7,686,94,10,885,65,6,812,73,7,Finisher,3930
Tobias,Dahl Kristensen,Tobias Dahl Kristensen,2776,M25-29,Male,Odense,SYDDANMARK,Denmark,DK,1:22:02,5:15:02,3:50:37,0:03:53,0:02:26,10:34:00,4922,18902,13837,233,146,38040,813,740,222,1734,1443,400,888,823,242,813,740,222,Finisher,3353
Louie,Hermansen,Louie Hermansen,2143,M18-24,Male,Kastrup,Copenhagen,Denmark,DK,0:59:33,5:21:35,4:04:04,0:05:32,0:03:19,10:34:03,3573,19295,14644,332,199,38043,814,741,121,116,102,14,635,604,98,814,741,121,Finisher,3224
Joël,Mesen,Joël Mesen,591,M30-34,Male,Echternacherbrück,DE-RP,Luxembourg,LU,1:11:16,5:17:53,3:51:10,0:09:17,0:04:30,10:34:06,4276,19073,13870,557,270,38046,815,742,151,813,700,135,838,779,150,815,742,151,Finisher,3317
Arn,Van Hemelen,Arn Van Hemelen,763,M25-29,Male,Antwerpen,Vlaams Gewest,Belgium,BE,1:21:02,5:13:24,3:48:28,0:07:24,0:03:51,10:34:09,4862,18804,13708,444,231,38049,816,743,223,1662,1388,387,906,838,248,816,743,223,Finisher,3351
Rikke,Skou Havaleschka,Rikke Skou Havaleschka,158,F35-39,Female,Ålsgårde,DK-84,Denmark,DK,1:10:13,5:40:44,3:34:01,0:05:37,0:03:42,10:34:17,4213,20444,12841,337,222,38057,817,74,8,719,100,11,1172,115,15,817,74,8,Finisher,3926
Lea Mathilde,Kierdorf,Lea Mathilde Kierdorf,1318,F25-29,Female,København,Copenhagen,Denmark,DK,1:11:50,5:26:40,3:44:55,0:05:18,0:05:39,10:34:22,4310,19600,13495,318,339,38062,818,75,31,879,127,48,949,73,28,818,75,31,Finisher,3948
Jonathan,Sørensen,Jonathan Sørensen,400,M25-29,Male,Aarhus N,DK-82,Denmark,DK,1:20:51,5:19:51,3:44:53,0:05:18,0:03:34,10:34:26,4851,19191,13493,318,214,38066,819,744,224,1646,1373,382,983,900,266,819,744,224,Finisher,3348
Allan,Andersen,Allan Andersen,2033,M25-29,Male,Søborg,DK-84,Denmark,DK,1:22:29,5:18:43,3:45:03,0:05:28,0:02:44,10:34:27,4949,19123,13503,328,164,38067,820,745,225,1765,1468,404,996,913,271,820,745,225,Finisher,3347
Daniel,Dahl Christensen ,Daniel Dahl Christensen,1883,M35-39,Male,Kalundborg,SJÆLLAND,Denmark,DK,1:18:09,5:08:43,3:59:02,0:04:37,0:03:59,10:34:30,4689,18523,14342,277,239,38070,821,746,84,1436,1197,128,724,686,79,821,746,84,Finisher,3468
Trung,Do,Trung Do,318,M35-39,Male,København NV,DK-85,Denmark,DK,1:15:52,5:32:17,3:39:06,0:04:46,0:02:36,10:34:37,4552,19937,13146,286,156,38077,822,747,85,1235,1036,112,1103,1002,117,822,747,85,Finisher,3467
Benjamin Bisgaard,Haarbo,Benjamin Bisgaard Haarbo,1224,M25-29,Male,København,DK-84,Denmark,DK,1:12:27,5:03:59,4:04:49,0:08:59,0:04:26,10:34:40,4347,18239,14689,539,266,38080,823,748,226,940,804,226,617,586,162,823,748,226,Finisher,3345
Emil,Østergaard,Emil Østergaard,353,M25-29,Male,Frederiksberg,DK-84,Denmark,DK,1:08:42,5:31:29,3:45:26,0:05:17,0:03:57,10:34:52,4122,19889,13526,317,237,38092,824,749,227,594,519,143,977,894,264,824,749,227,Finisher,3342
Mads,Borgen,Mads Borgen,1289,M25-29,Male,Cham,ZUG,Denmark,DK,1:17:17,5:18:41,3:49:39,0:05:57,0:03:43,10:35:16,4637,19121,13779,357,223,38116,825,750,228,1359,1137,327,909,841,249,825,750,228,Finisher,3338
Nicklas,Larsen,Nicklas Larsen,2476,M25-29,Male,København,DK-84,Denmark,DK,1:13:58,5:16:22,3:56:57,0:05:52,0:02:23,10:35:31,4438,18982,14217,352,143,38131,826,751,229,1088,924,257,803,752,221,826,751,229,Finisher,3335
Magnus Kamp,Larsen,Magnus Kamp Larsen,1185,M25-29,Male,KøbenhavnFrederiksberg,,Denmark,DK,1:14:07,5:19:53,3:49:41,0:06:28,0:05:28,10:35:38,4447,19193,13781,388,328,38138,827,752,230,1096,930,260,880,816,239,827,752,230,Finisher,3333
Liv,Dahlerup Østergaard,Liv Dahlerup Østergaard,2137,F25-29,Female,Aarhus,,Denmark,DK,1:13:10,5:36:38,3:37:06,0:05:12,0:03:35,10:35:42,4390,20198,13026,312,215,38142,828,76,32,1008,148,56,1141,106,41,828,76,32,Finisher,3932
Neville,Suzman,Neville Suzman,889,M60-64,Male,Cascais,Lisbon,Portugal,PT,1:18:36,5:20:06,3:46:09,0:07:17,0:03:37,10:35:46,4716,19206,13569,437,217,38146,829,753,4,1470,1229,21,982,899,9,829,753,4,Finisher,4628
Will,Challis,Will Challis,1859,M25-29,Male,Southampton,England,United Kingdom,GB,1:05:34,5:29:10,3:50:08,0:05:48,0:05:25,10:36:05,3934,19750,13808,348,325,38165,830,754,231,357,315,91,884,820,240,830,754,231,Finisher,3328
Maëlys,Ropars,Maëlys Ropars,327,F25-29,Female,København,Copenhagen,France,FR,1:10:21,5:28:07,3:46:15,0:06:30,0:04:54,10:36:08,4221,19687,13575,390,294,38168,831,77,33,726,103,39,971,81,32,831,77,33,Finisher,3927
Martin,Englund,Martin Englund,531,M45-49,Male,Löddeköpinge,SE-M,Sweden,SE,1:06:14,5:10:38,4:09:19,0:04:56,0:05:02,10:36:08,3974,18638,14959,296,302,38168,832,755,44,396,349,23,550,524,28,832,755,44,Finisher,3717
Magnus,Trier Hansen ,Magnus Trier Hansen,2434,M18-24,Male,Odense,SYDDANMARK,Denmark,DK,1:13:49,5:14:20,3:58:02,0:06:08,0:03:52,10:36:11,4429,18860,14282,368,232,38171,833,756,122,1069,908,131,778,730,112,833,756,122,Finisher,3198
Jacob,Kaalund,Jacob Kaalund,2408,M18-24,Male,Århus,Midtjylland,Denmark,DK,1:17:17,5:07:12,4:03:00,0:05:26,0:03:17,10:36:12,4637,18432,14580,326,197,38172,834,757,123,1360,1138,167,692,655,105,834,757,123,Finisher,3198
Glen,Sharp,Glen Sharp,1748,M25-29,Male,London,Greater London,United Kingdom,GB,1:07:31,5:23:10,3:55:28,0:07:18,0:02:54,10:36:21,4051,19390,14128,438,174,38181,835,758,232,486,423,120,827,771,227,835,758,232,Finisher,3325
Michaël,Pollet,Michaël Pollet,2717,M30-34,Male,Edegem,,Belgium,BE,1:12:25,5:34:59,3:39:15,0:05:58,0:03:43,10:36:22,4345,20099,13155,358,223,38182,836,759,152,935,799,151,1116,1014,189,836,759,152,Finisher,3290
Patrick,Hunt,Patrick Hunt,1905,M35-39,Male,Aldershot,ENG,United Kingdom,GB,1:21:59,5:15:55,3:45:57,0:06:03,0:06:35,10:36:29,4919,18955,13557,363,395,38189,837,760,86,1731,1440,153,951,878,105,837,760,86,Finisher,3444
Alastair,Cormack,Alastair Cormack,304,M25-29,Male,Edinburgh,Scotland,United Kingdom,GB,1:01:04,5:30:07,3:52:31,0:06:14,0:06:36,10:36:32,3664,19807,13951,374,396,38192,838,761,233,161,141,38,819,764,224,838,761,233,Finisher,3322
Oscar,Lundahl,Oscar Lundahl,144,M30-34,Male,Stockholm,SE-AB,Sweden,SE,0:59:35,5:10:21,4:11:58,0:07:51,0:06:53,10:36:38,3575,18621,15118,471,413,38198,839,762,153,117,103,24,480,459,97,839,762,153,Finisher,3287
Joachim,Dannerfjord,Joachim Dannerfjord,1222,M40-44,Male,København SV,DK-84,Denmark,DK,1:19:50,5:08:57,4:00:06,0:04:39,0:03:06,10:36:38,4790,18537,14406,279,186,38198,840,763,67,1574,1314,114,765,722,69,840,763,67,Finisher,3238
Tobias,Haubye,Tobias Haubye,1009,M30-34,Male,København S,Copenhagen,Denmark,DK,1:07:58,5:26:56,3:52:56,0:05:37,0:03:13,10:36:41,4078,19616,13976,337,193,38201,841,764,154,534,468,102,883,819,157,841,764,154,Finisher,3286
James,Lewis,James Lewis,1727,M25-29,Male,Leamington Spa,Warwickshire,United Kingdom,GB,1:08:54,5:47:01,3:27:50,0:08:34,0:04:22,10:36:41,4134,20821,12470,514,262,38201,842,765,234,608,529,147,1292,1154,339,842,765,234,Finisher,3321
Richard,Collins,Richard Collins,79,M55-59,Male,Gobowen,GB-SHR,United Kingdom,GB,1:12:22,5:04:03,4:08:53,0:07:11,0:04:15,10:36:44,4342,18243,14933,431,255,38204,843,766,22,929,794,30,589,562,18,843,766,22,Finisher,3997
Mathias,Fisker,Mathias Fisker,2318,M25-29,Male,København,Copenhagen,Denmark,DK,1:27:33,5:31:54,3:28:04,0:06:01,0:03:21,10:36:53,5253,19914,12484,361,201,38213,844,767,235,2087,1717,456,1313,1174,348,844,767,235,Finisher,3318
Daniel Kjær Birkenfeldt,Hansen,Daniel Kjær Birkenfeldt Hansen,1995,M25-29,Male,"
Østbirk",,Denmark,DK,1:21:15,5:11:55,3:55:27,0:05:47,0:02:29,10:36:53,4875,18715,14127,347,149,38213,845,768,236,1680,1404,391,848,787,232,845,768,236,Finisher,3318
Philip,Monberg,Philip Monberg,2101,M35-39,Male,Sønderborg,,Denmark,DK,1:20:41,5:09:40,3:52:56,0:08:11,0:05:26,10:36:54,4841,18580,13976,491,326,38214,846,769,87,1628,1358,147,839,780,89,846,769,87,Finisher,3439
Magnus,Damkær,Magnus Damkær,1179,M25-29,Male,København,Copenhagen,Denmark,DK,1:11:39,5:22:33,3:51:41,0:07:11,0:03:50,10:36:55,4299,19353,13901,431,230,38215,847,770,237,866,742,206,893,827,244,847,770,237,Finisher,3318
David,Silva Montemayor,David Silva Montemayor,336,M35-39,Male,Copenhagen,,Spain,ES,1:12:20,5:21:13,3:52:33,0:06:39,0:04:19,10:37:04,4340,19273,13953,399,259,38224,848,771,88,925,791,87,874,810,93,848,771,88,Finisher,3437
Lukasz,Aubrecht Pradzynski,Lukasz Aubrecht Pradzynski,1609,M35-39,Male,Chojnice,PL-PM,Poland,PL,1:05:38,5:15:17,4:08:22,0:03:46,0:04:17,10:37:20,3938,18917,14902,226,257,38240,849,772,89,360,318,40,604,576,63,849,772,89,Finisher,3434
Skipper,HANSEN,Skipper HANSEN,2087,M45-49,Male,Vallensbæk Strand,DK-84,Denmark,DK,0:55:40,5:14:15,4:16:50,0:04:30,0:06:11,10:37:26,3340,18855,15410,270,371,38246,850,773,45,38,37,1,410,393,16,850,773,45,Finisher,3701
Jonas,Søderholm,Jonas Søderholm,2766,M18-24,Male,Odense N,SYDDANMARK,Denmark,DK,1:27:59,5:03:08,3:56:40,0:07:00,0:02:52,10:37:40,5279,18188,14200,420,172,38260,851,774,124,2107,1735,253,829,773,123,851,774,124,Finisher,3180
Alexander,Voges,Alexander Voges,104,M35-39,Male,Hamburg,HH,Germany,DE,1:10:42,5:20:13,3:55:34,0:05:37,0:05:36,10:37:42,4242,19213,14134,337,336,38262,852,775,90,769,660,72,806,755,86,852,775,90,Finisher,3430
Michael,Schenk,Michael Schenk,558,M40-44,Male,Knaphoscheid,CLERF,Luxembourg,LU,1:16:36,4:59:27,4:12:36,0:06:04,0:03:01,10:37:43,4596,17967,15156,364,181,38263,853,776,68,1301,1091,95,557,531,55,853,776,68,Finisher,3225
Magnus,Brandt,Magnus Brandt,2089,M25-29,Male,Nykøbing Sjælland,DK-85,Denmark,DK,1:10:22,5:05:09,4:11:55,0:05:46,0:04:32,10:37:44,4222,18309,15115,346,272,38264,854,777,238,728,624,175,538,515,144,854,777,238,Finisher,3308
Conor,O'Brien,Conor O'Brien,1505,M30-34,Male,Dublin,DUBLIN,Ireland,IE,1:02:31,5:22:36,4:02:48,0:05:06,0:04:46,10:37:46,3751,19356,14568,306,286,38266,855,778,155,217,192,45,700,663,136,855,778,155,Finisher,3273
Viktor,Vester Andersen,Viktor Vester Andersen,536,M25-29,Male,Holbæk,DK-85,Denmark,DK,1:13:48,5:29:29,3:47:02,0:04:49,0:02:48,10:37:56,4428,19769,13622,289,168,38276,856,779,239,1066,905,254,1019,932,280,856,779,239,Finisher,3306
Jonas,MØLLER,Jonas MØLLER,1171,M25-29,Male,Vanløse,,Denmark,DK,1:07:17,5:31:22,3:45:24,0:07:57,0:05:58,10:37:58,4037,19882,13524,477,358,38278,857,780,240,465,406,116,995,912,270,857,780,240,Finisher,3305
Simon Bror,Roug,Simon Bror Roug,2553,M18-24,Male,Aarhus,Central Jutland,Denmark,DK,1:09:54,5:23:11,3:53:42,0:06:34,0:04:39,10:38:01,4194,19391,14022,394,279,38281,858,781,125,697,602,85,863,800,127,858,781,125,Finisher,3176
Isac,Jensin,Isac Jensin,727,M25-29,Male,København,Copenhagen,Denmark,DK,1:13:34,5:28:35,3:45:24,0:06:39,0:03:53,10:38:05,4414,19715,13524,399,233,38285,859,782,241,1042,883,247,1035,946,286,859,782,241,Finisher,3304
Niall,Macrae,Niall Macrae,254,M40-44,Male,Aberdeen,ABERDEEN CITY,United Kingdom,GB,1:12:50,5:38:22,3:34:58,0:05:01,0:07:00,10:38:11,4370,20302,12898,301,420,38291,860,783,69,978,838,82,1168,1054,87,860,783,69,Finisher,3220
Dylan,Price,Dylan Price,2446,M30-34,Male,Maidstone,England,Ireland,IE,1:25:43,5:22:52,3:41:40,0:05:03,0:03:07,10:38:24,5143,19372,13300,303,187,38304,861,784,156,1972,1631,273,1124,1022,191,861,784,156,Finisher,3266
Thomas,Benoit,Thomas Benoit,526,M25-29,Male,Vienna,VA,United States,US,1:13:06,5:16:38,3:51:19,0:09:22,0:08:06,10:38:32,4386,18998,13879,562,486,38312,862,785,242,1005,859,241,853,792,233,862,785,242,Finisher,3298
Maris,Merelaid,Maris Merelaid,2346,F25-29,Female,Tallinn,Harjumaa,Estonia,EE,1:04:23,5:30:59,3:54:45,0:04:30,0:03:58,10:38:34,3863,19859,14085,270,238,38314,863,78,34,299,33,13,866,64,23,863,78,34,Finisher,3897
Niels Rossen,Hansen,Niels Rossen Hansen,2704,M25-29,Male,Hørning,,Denmark,DK,1:28:11,5:07:55,3:53:54,0:06:01,0:02:43,10:38:45,5291,18475,14034,361,163,38325,864,786,243,2119,1745,462,911,843,250,864,786,243,Finisher,3296
Martin,Nielsen,Martin Nielsen,88,M60-64,Male,Kelkheim,DE-HE,Denmark,DK,1:02:11,5:24:40,4:02:48,0:05:08,0:03:59,10:38:47,3731,19480,14568,308,239,38327,865,787,5,207,184,1,733,694,3,865,787,5,Finisher,4592
Emma,Aho,Emma Aho,2037,F30-34,Female,Lahti,PAIJANNE-TAVASTLAND,Finland,FI,1:14:23,5:36:36,3:39:01,0:04:29,0:04:22,10:38:50,4463,20196,13141,269,262,38330,866,79,20,1118,172,37,1152,107,30,866,79,20,Finisher,3942
Reece,Williams,Reece Williams,1024,M35-39,Male,Norwich,GB-NFK,United Kingdom,GB,1:11:50,5:45:01,3:32:28,0:04:46,0:04:53,10:38:59,4310,20701,12748,286,293,38339,867,788,91,880,753,83,1253,1121,132,867,788,91,Finisher,3414
Gert Jan,Van Den Berg,Gert Jan Van Den Berg,1936,M40-44,Male,Groningen,,Netherlands,NL,0:59:22,5:05:05,4:18:55,0:11:01,0:04:43,10:39:06,3562,18305,15535,661,283,38346,868,789,70,112,98,9,432,414,42,868,789,70,Finisher,3209
Kenneth,Christensen,Kenneth Christensen,366,M55-59,Male,København,DK-84,Denmark,DK,1:19:00,5:18:02,3:51:13,0:06:43,0:04:11,10:39:08,4740,19082,13873,403,251,38348,869,790,23,1510,1264,52,947,875,34,869,790,23,Finisher,3968
Andrew,Jhu,Andrew Jhu,795,M25-29,Male,New York,NY,United States,US,1:07:46,5:12:48,4:07:41,0:06:15,0:04:42,10:39:12,4066,18768,14861,375,282,38352,870,791,244,512,449,125,642,610,171,870,791,244,Finisher,3290
Otto,Harder,Otto Harder,2382,M18-24,Male,Valby,DK-84,Denmark,DK,1:28:18,5:12:33,3:50:31,0:05:44,0:02:07,10:39:14,5298,18753,13831,344,127,38354,871,792,126,2125,1750,257,994,911,138,871,792,126,Finisher,3161
Emilie,Mullier,Emilie Mullier,153,F35-39,Female,berlin,DE-BE,France,FR,1:05:41,5:50:51,3:32:54,0:05:18,0:04:39,10:39:24,3941,21051,12774,318,279,38364,872,80,9,363,43,6,1258,134,17,872,80,9,Finisher,3864
Lasse,emde,Lasse emde,1720,M35-39,Male,københavn,Copenhagen,Denmark,DK,1:14:15,5:19:49,3:57:03,0:04:58,0:03:25,10:39:30,4455,19189,14223,298,205,38370,873,793,92,1107,937,102,850,789,91,873,793,92,Finisher,3408
Emin,Covic,Emin Covic,610,M25-29,Male,Oslo,Oslo,Norway,NO,1:18:50,5:16:28,3:51:34,0:07:52,0:05:00,10:39:44,4730,18988,13894,472,300,38384,874,794,245,1498,1255,355,935,865,254,874,794,245,Finisher,3284
thomas,machtelinckx,thomas machtelinckx,2716,M30-34,Male,Berchem,ANTWERPEN,Belgium,BE,1:12:38,5:42:02,3:32:32,0:08:14,0:05:00,10:40:26,4358,20522,12752,494,300,38426,875,795,157,955,816,155,1273,1135,207,875,795,157,Finisher,3241
Mads,Sørensen,Mads Sørensen,2096,M25-29,Male,Blokhus,North Jütland,Denmark,DK,1:18:51,5:27:20,3:42:32,0:08:15,0:03:29,10:40:27,4731,19640,13352,495,209,38427,876,796,246,1499,1256,356,1135,1031,308,876,796,246,Finisher,3275
Bram,De Mulder,Bram De Mulder,2146,M25-29,Male,Destelbergen,Oost-Vlaanderen,Belgium,BE,1:01:52,5:16:57,4:09:27,0:06:54,0:05:22,10:40:32,3712,19017,14967,414,322,38432,877,797,247,190,167,49,623,592,163,877,797,247,Finisher,3274
Maja,Dahlberg,Maja Dahlberg,66,F25-29,Female,København,HOVEDSTADEN,Denmark,DK,1:09:31,5:29:56,3:53:58,0:04:41,0:02:29,10:40:35,4171,19796,14038,281,149,38435,878,81,35,660,89,35,954,74,29,878,81,35,Finisher,3873
Mathias,Skovgaard,Mathias Skovgaard,2287,M30-34,,København,Copenhagen,Denmark,DK,1:26:53,5:19:15,3:37:26,0:11:57,0:05:07,10:40:39,5213,19155,13046,717,307,38439,879,798,158,2048,1686,283,1193,1073,200,879,798,158,Finisher,3239
Nico,Hirsch,Nico Hirsch,2265,M50-54,Male,Würzburg,BAYERN,Germany,DE,1:14:27,5:31:37,3:40:12,0:10:22,0:04:11,10:40:48,4467,19897,13212,622,251,38448,880,799,33,1125,951,65,1170,1056,62,880,799,33,Finisher,3773
Lewis,Oconnor,Lewis Oconnor,283,M30-34,Male,Featherstone,GB-Devon,United Kingdom,GB,1:19:46,5:30:47,3:42:41,0:04:55,0:02:49,10:40:58,4786,19847,13361,295,169,38458,881,800,159,1571,1311,223,1151,1045,194,881,800,159,Finisher,3235
Octavio,Copello,Octavio Copello,2367,M35-39,Male,Aarhus,Midjylland,Argentina,AR,0:57:50,5:26:11,4:06:16,0:05:53,0:04:48,10:40:58,3470,19571,14776,353,288,38458,882,801,93,71,62,5,690,653,74,882,801,93,Finisher,3390
Florian,Lapierre,Florian Lapierre,2026,M30-34,Male,Vejle,Southern Jutland,Belgium,BE,1:11:34,5:47:54,3:24:16,0:09:45,0:07:36,10:41:04,4294,20874,12256,585,456,38464,883,802,160,850,729,140,1376,1229,224,883,802,160,Finisher,3234
Rikke,Aaskov Christiansen,Rikke Aaskov Christiansen,2090,F40-44,Female,"Vallensbæk Stand
Vallensbæk Strand",,Denmark,DK,1:16:15,5:29:23,3:45:39,0:06:11,0:03:39,10:41:06,4575,19763,13539,371,219,38466,884,82,5,1271,205,12,1086,97,6,884,82,5,Finisher,4639
Lauri,Lahtinen,Lauri Lahtinen,1987,M25-29,Male,Helsinki,NYLAND,Finland,FI,1:14:02,5:26:57,3:50:24,0:06:10,0:03:38,10:41:11,4442,19617,13824,370,218,38471,885,803,248,1094,929,259,1009,924,277,885,803,248,Finisher,3267
Kristof,Andries,Kristof Andries,837,M40-44,Male,Grobbendonk,ANTWERPEN,Belgium,BE,1:06:59,5:26:03,3:55:40,0:06:43,0:05:46,10:41:11,4019,19563,14140,403,346,38471,886,804,71,450,393,37,864,801,72,886,804,71,Finisher,3184
Simon,Helsted Juul,Simon Helsted Juul,901,M25-29,Male,Odense SØ,Fyn,Denmark,DK,1:16:10,5:16:39,3:57:58,0:05:55,0:04:34,10:41:15,4570,18999,14278,355,274,38475,887,805,249,1261,1059,299,842,782,230,887,805,249,Finisher,3266
Troels Sandahl,Poulsen,Troels Sandahl Poulsen,808,M25-29,Male,København,,Denmark,DK,1:09:07,5:15:40,4:06:43,0:05:56,0:03:50,10:41:16,4147,18940,14803,356,230,38476,888,806,250,628,546,149,709,672,190,888,806,250,Finisher,3266
Matti,Rutanen,Matti Rutanen,2049,M45-49,Male,Helsinki,,Finland,FI,1:15:24,4:59:39,4:14:51,0:06:09,0:05:13,10:41:17,4524,17979,15291,369,313,38477,889,807,46,1198,1008,69,536,513,25,889,807,46,Finisher,3655
Ksenia,Sirotkina,Ksenia Sirotkina,27,F30-34,Female,Бишкек,Bishkek,Kyrgyzstan,KG,1:08:10,5:34:21,3:50:15,0:05:35,0:02:57,10:41:19,4090,20061,13815,335,177,38479,890,83,21,543,67,15,1021,88,27,890,83,21,Finisher,3912
Camilla,Grün,Camilla Grün,101,F45-49,Female,Copenhagen,HOVEDSTADEN,Denmark,DK,1:13:21,5:39:29,3:42:19,0:04:11,0:01:59,10:41:19,4401,20369,13339,251,119,38479,891,84,5,1022,153,6,1175,116,5,891,84,5,Finisher,4312
Steven,Bosmans,Steven Bosmans,481,M35-39,Male,Maaseik,,Belgium,BE,1:15:08,5:15:30,3:51:06,0:12:03,0:07:35,10:41:20,4508,18930,13866,723,455,38480,892,808,94,1177,994,106,920,851,99,892,808,94,Finisher,3386
Jonathan,Walters,Jonathan Walters,2462,M40-44,Male,Swansea,Swansea,United Kingdom,GB,1:04:38,5:31:23,3:54:10,0:05:45,0:05:23,10:41:20,3878,19883,14050,345,323,38480,893,809,72,310,276,25,904,836,74,893,809,72,Finisher,3182
Jacob,Hansen,Jacob Hansen,585,M45-49,Male,3400,DK-85,Denmark,DK,1:24:56,5:12:41,3:53:30,0:07:37,0:02:48,10:41:32,5096,18761,14010,457,168,38492,894,810,47,1927,1597,103,975,892,57,894,810,47,Finisher,3652
Peter Fester,Thaysen,Peter Fester Thaysen,358,M25-29,Male,København NV,DK-84,Denmark,DK,1:09:17,4:46:19,4:36:12,0:05:15,0:04:32,10:41:37,4157,17179,16572,315,272,38497,895,811,251,638,555,152,209,203,61,895,811,251,Finisher,3261
Emil,Steenhold,Emil Steenhold,2549,M25-29,Male,Frederiksberg,Copenhagen,Denmark,DK,1:04:12,5:29:59,3:57:11,0:06:02,0:04:27,10:41:52,3852,19799,14231,362,267,38512,896,812,252,292,260,76,875,811,237,896,812,252,Finisher,3258
Anne,Toftdahl,Anne Toftdahl,315,F25-29,Female,København,København,Denmark,DK,1:14:15,5:24:19,3:54:04,0:06:20,0:02:55,10:41:53,4455,19459,14044,380,175,38513,897,85,36,1105,170,63,968,79,31,897,85,36,Finisher,3858
Thomas,Lavsen,Thomas Lavsen,1685,M30-34,Male,København K,,Denmark,DK,1:01:00,4:52:54,4:41:55,0:03:52,0:02:15,10:41:56,3660,17574,16915,232,135,38516,898,813,161,157,139,35,177,173,46,898,813,161,Finisher,3223
Carsten,Hyld,Carsten Hyld,818,M55-59,Male,Næstved,,Denmark,DK,1:10:11,5:09:59,4:04:08,0:07:46,0:10:07,10:42:11,4211,18599,14648,466,607,38531,899,814,24,715,617,24,660,626,21,899,814,24,Finisher,3931
Jarkko,Makkonen,Jarkko Makkonen,674,M55-59,Male,Järvenpää,,Finland,FI,1:22:53,5:20:05,3:38:20,0:10:30,0:10:27,10:42:14,4973,19205,13100,630,627,38534,900,815,25,1795,1490,59,1119,1017,39,900,815,25,Finisher,3931
Simon,Holmberg,Simon Holmberg,634,M30-34,Male,København,DK-84,Denmark,DK,1:16:14,5:13:48,3:53:12,0:11:48,0:07:12,10:42:14,4574,18828,13992,708,432,38534,901,816,162,1267,1064,192,905,837,161,901,816,162,Finisher,3220
Andreas,Buus Tange,Andreas Buus Tange,669,M25-29,Male,København,Copenhagen,Denmark,DK,1:10:38,5:11:45,4:09:18,0:05:26,0:05:14,10:42:22,4238,18705,14958,326,314,38542,902,817,253,760,653,183,658,624,175,902,817,253,Finisher,3252
Adrian ,Saxton ,Adrian Saxton,300,M40-44,Male,Stockport ,England,Ukraine,UA,1:37:50,5:26:14,3:26:31,0:07:13,0:04:35,10:42:22,5870,19574,12391,433,275,38542,903,818,73,2376,1938,183,1409,1251,100,903,818,73,Finisher,3169
Carsten ,Fenger,Carsten Fenger,1283,M50-54,Male,Virum,Copenhagen,Denmark,DK,1:06:24,5:07:34,4:16:35,0:07:29,0:04:22,10:42:24,3984,18454,15395,449,262,38544,904,819,34,413,364,18,542,518,26,904,819,34,Finisher,3754
Daniel,Perkis,Daniel Perkis,1848,M35-39,Male,Kristiansand,Kristiansand,Norway,NO,1:11:22,5:16:59,4:03:18,0:06:27,0:04:21,10:42:28,4282,19019,14598,387,261,38548,905,820,95,825,708,76,787,738,83,905,820,95,Finisher,3372
Thomas,Skarsbø,Thomas Skarsbø,1150,M30-34,Male,Jessheim,,Norway,NO,1:15:11,5:22:01,3:54:48,0:05:41,0:05:01,10:42:42,4511,19321,14088,341,301,38562,906,821,163,1184,999,182,926,857,166,906,821,163,Finisher,3214
Amy,Young,Amy Young,2231,F40-44,Female,"Westfield, Radstock",GB-SOM,United Kingdom,GB,1:03:42,5:46:10,3:43:38,0:05:59,0:03:22,10:42:51,3822,20770,13418,359,202,38571,907,86,6,264,31,3,1160,112,7,907,86,6,Finisher,4618
Patrick,Kennedy,Patrick Kennedy,1837,M35-39,Male,St Lawrence,Jersey,Ireland,IE,1:02:46,5:31:43,3:58:43,0:06:02,0:03:43,10:42:58,3766,19903,14323,362,223,38578,908,822,96,227,200,27,882,818,96,908,822,96,Finisher,3366
Frederik Vesterholm,Hansen,Frederik Vesterholm Hansen,934,M25-29,Male,Vallensbæk Strand,Copenhagen,Denmark,DK,1:18:35,5:21:45,3:50:56,0:07:45,0:04:01,10:43:02,4715,19305,13856,465,241,38582,909,823,254,1468,1227,350,1018,931,279,909,823,254,Finisher,3244
Grant,Preston,Grant Preston,197,M50-54,Male,Puddletown,DOR,United Kingdom,GB,1:36:01,5:15:56,3:36:30,0:10:41,0:03:54,10:43:02,5761,18956,12990,641,234,38582,910,824,35,2352,1923,151,1264,1129,67,910,824,35,Finisher,3746
Odalrich ,Grein,Odalrich Grein,1379,M30-34,Male,Valence,,France,FR,1:06:11,5:16:47,4:10:05,0:06:30,0:03:40,10:43:14,3971,19007,15005,390,220,38594,911,825,164,393,346,77,683,647,133,911,825,164,Finisher,3208
Morten,Petersen,Morten Petersen,1776,M30-34,Male,København S,,Denmark,DK,1:19:19,5:25:40,3:47:56,0:06:14,0:04:10,10:43:19,4759,19540,13676,374,250,38599,912,826,165,1539,1286,220,1071,976,181,912,826,165,Finisher,3207
Lasse,Rasmussen,Lasse Rasmussen,2613,M25-29,Male,Aarhus C,MIDTJYLLAND,Denmark,DK,1:16:17,5:35:54,3:43:16,0:05:06,0:02:54,10:43:27,4577,20154,13396,306,174,38607,913,827,255,1275,1070,302,1180,1062,316,913,827,255,Finisher,3239
Kristoffer,Møller Hansen,Kristoffer Møller Hansen,2782,M25-29,Male,Aarhus,DK-82,Denmark,DK,1:18:02,5:21:28,3:53:50,0:07:39,0:02:29,10:43:28,4682,19288,14030,459,149,38608,914,828,256,1425,1188,341,1008,923,276,914,828,256,Finisher,3239
Nikolaj,Wielandt Jensen,Nikolaj Wielandt Jensen,502,M18-24,Male,Valby,,Denmark,DK,1:08:39,4:53:53,4:30:05,0:07:14,0:03:37,10:43:28,4119,17633,16205,434,217,38608,915,829,127,587,514,72,329,316,49,915,829,127,Finisher,3111
Ziggy Olsen ,Reebirk,Ziggy Olsen Reebirk,1983,M30-34,Male,Frederiksberg,HOVEDSTADEN,Denmark,DK,1:19:00,5:17:03,3:58:18,0:05:26,0:03:48,10:43:36,4740,19023,14298,326,228,38616,916,830,166,1511,1265,218,895,829,159,916,830,166,Finisher,3203
Andreas,Edenhart,Andreas Edenhart,582,M35-39,Male,Burglengenfeld,BY,Germany,DE,1:00:47,5:38:06,3:55:46,0:04:51,0:04:08,10:43:38,3647,20286,14146,291,248,38618,917,831,97,153,136,16,946,874,104,917,831,97,Finisher,3358
Lukasz,Zabolski,Lukasz Zabolski,2576,M25-29,Male,Gdynia,pomorskie,Poland,PL,1:21:50,5:15:39,3:56:32,0:05:15,0:04:27,10:43:44,4910,18939,14192,315,267,38624,918,832,257,1721,1433,398,923,854,253,918,832,257,Finisher,3236
Rasmus,damgaard,Rasmus damgaard,2448,M25-29,Male,Helsingør,DK-84,Denmark,DK,1:23:24,5:21:31,3:48:33,0:06:39,0:03:38,10:43:46,5004,19291,13713,399,218,38626,919,833,258,1827,1514,413,1082,987,301,919,833,258,Finisher,3236
Peter,Kiessling,Peter Kiessling,2106,M45-49,Male,St. Moritz,CH-GR,Germany,DE,1:06:37,5:43:36,3:44:39,0:04:46,0:04:09,10:43:48,3997,20616,13479,286,249,38628,920,834,48,423,372,27,1140,1035,65,920,834,48,Finisher,3625
Servaas,Van Hooreweghe,Servaas Van Hooreweghe,1933,M45-49,Male,Assenede,OOST-VLAANDEREN,Belgium,BE,1:01:35,5:24:29,4:03:46,0:06:16,0:07:44,10:43:51,3695,19469,14626,376,464,38631,921,835,49,179,157,9,739,698,40,921,835,49,Finisher,3624
Scott,Hennig,Scott Hennig,1448,M18-24,Male,Eisenhüttenstadt,DE-BB,Germany,DE,1:11:18,5:16:06,4:07:23,0:04:27,0:04:41,10:43:54,4278,18966,14843,267,281,38634,922,836,128,814,701,102,729,690,109,922,836,128,Finisher,3105
Dennis,Lauritzen,Dennis Lauritzen,2021,M40-44,Male,Helsingør,DK-85,Denmark,DK,1:11:53,5:01:58,4:17:16,0:05:55,0:06:53,10:43:55,4313,18118,15436,355,413,38635,923,837,74,886,758,73,513,491,51,923,837,74,Finisher,3151
Johan,Schmidt,Johan Schmidt,2321,M25-29,Male,København,Copenhagen,Dominica,DM,1:06:49,4:54:35,4:27:42,0:09:31,0:05:30,10:44:07,4009,17675,16062,571,330,38647,924,838,259,438,383,109,348,333,96,924,838,259,Finisher,3231
Frederik,Zobbe Christiansen,Frederik Zobbe Christiansen,390,M25-29,Male,Greve,Zealand,Denmark,DK,1:17:06,5:21:29,3:55:23,0:05:52,0:04:19,10:44:09,4626,19289,14123,352,259,38649,925,839,260,1344,1124,320,961,885,261,925,839,260,Finisher,3231
Sebastian,Burattini,Sebastian Burattini,2609,M18-24,Male,Odense,Odense,Denmark,DK,1:17:34,5:14:08,4:02:58,0:05:12,0:04:19,10:44:12,4654,18848,14578,312,259,38652,926,840,129,1388,1158,171,808,757,118,926,840,129,Finisher,3102
Neil,Mccready,Neil Mccready,2723,M50-54,Male,Newtonabbey,DONEGAL,Ireland,IE,1:12:41,5:33:10,3:47:53,0:06:44,0:03:50,10:44:17,4361,19990,13673,404,230,38657,927,841,36,958,819,49,1099,1000,55,927,841,36,Finisher,3731
Christine,Fisker,Christine Fisker,1312,F35-39,Female,Hørsholm,Nordsjælland,Denmark,DK,1:14:43,5:32:58,3:43:35,0:06:16,0:06:46,10:44:20,4483,19978,13415,376,406,38660,928,87,10,1147,178,20,1130,104,12,928,87,10,Finisher,3805
Rasmus,Storkehave,Rasmus Storkehave,2104,M25-29,Male,Aalborg,,Denmark,DK,1:24:45,5:29:32,3:40:25,0:06:26,0:03:21,10:44:28,5085,19772,13225,386,201,38668,929,842,261,1914,1586,430,1240,1110,328,929,842,261,Finisher,3227
Christian,Kjeldsen,Christian Kjeldsen,2602,M45-49,Male,Hvidovre,Copenhagen,Denmark,DK,1:31:59,5:25:48,3:36:28,0:06:20,0:04:06,10:44:41,5519,19548,12988,380,246,38681,930,843,50,2267,1860,133,1288,1150,77,930,843,50,Finisher,3614
Trevor,Coccimiglio,Trevor Coccimiglio,1960,M35-39,Male,Salt Lake City,UT,United States,US,1:15:09,5:30:21,3:49:39,0:06:24,0:03:30,10:45:03,4509,19821,13779,384,210,38703,931,844,98,1180,996,107,1088,990,114,931,844,98,Finisher,3341
Mathias,Kirkegaard Rasmussen,Mathias Kirkegaard Rasmussen,2250,M25-29,Male,Aalborg,DK-81,Denmark,DK,1:19:31,5:03:44,4:07:21,0:07:15,0:07:20,10:45:11,4771,18224,14841,435,440,38711,932,845,262,1557,1301,368,704,667,187,932,845,262,Finisher,3219
Jonathan,Tofft,Jonathan Tofft,1920,M25-29,Male,Charlottenlund,DK-84,Denmark,DK,1:21:54,4:50:33,4:21:00,0:05:32,0:06:17,10:45:15,4914,17433,15660,332,377,38715,933,846,263,1726,1436,399,485,464,128,933,846,263,Finisher,3218
Simon,Lenton,Simon Lenton,2699,M40-44,Male,Worthing,WEST SUSSEX,United Kingdom,GB,1:18:04,5:23:39,3:50:18,0:07:48,0:05:27,10:45:15,4684,19419,13818,468,327,38715,934,847,75,1427,1189,102,1047,956,81,934,847,75,Finisher,3135
Julian,Mayer,Julian Mayer,1148,M25-29,Male,Brühl,North-Rhine-Westfalia,Germany,DE,1:09:25,5:35:21,3:52:41,0:05:19,0:02:33,10:45:18,4165,20121,13961,319,153,38718,935,848,264,652,564,156,1054,961,292,935,848,264,Finisher,3217
Julie ,Høj,Julie Høj,1853,F25-29,Female,Aarhus C,MIDTJYLLAND,Denmark,DK,1:13:13,5:52:08,3:29:48,0:06:35,0:03:36,10:45:21,4393,21128,12588,395,216,38721,936,88,37,1012,150,57,1422,161,63,936,88,37,Finisher,3816
Adrienn,Schmidt,Adrienn Schmidt,1293,F35-39,Female,Rødovre,,Hungary,HU,1:26:56,5:48:15,3:21:07,0:06:10,0:02:59,10:45:26,5216,20895,12067,370,179,38726,937,89,11,2051,363,42,1576,199,26,937,89,11,Finisher,3792
Nicolai,Gade Momme,Nicolai Gade Momme,2543,M25-29,Male,Aalborg,Nordjylland,Denmark,DK,1:07:16,5:15:50,4:12:21,0:05:22,0:04:37,10:45:27,4036,18950,15141,322,277,38727,938,849,265,464,405,115,669,634,178,938,849,265,Finisher,3215
Conrad,Schat-Holm,Conrad Schat-Holm,2388,M18-24,Male,Hellerup,Gentofte,Denmark,DK,1:28:10,5:22:45,3:43:46,0:07:16,0:03:32,10:45:29,5290,19365,13426,436,212,38729,939,850,130,2117,1743,255,1196,1076,162,939,850,130,Finisher,3086
Slawek,Pradzynski,Slawek Pradzynski,12,M45-49,Male,Kedzierzyn Kozle,opolskie,Poland,PL,1:20:26,4:57:24,4:19:52,0:03:44,0:04:03,10:45:30,4826,17844,15592,224,243,38730,940,851,51,1610,1343,86,546,520,26,940,851,51,Finisher,3604
Marc,Gudgeon,Marc Gudgeon,1416,M50-54,Male,Wanborough,GB-ENG,United Kingdom,GB,1:16:06,5:29:38,3:45:54,0:07:29,0:06:25,10:45:32,4566,19778,13554,449,385,38732,941,852,37,1254,1054,74,1112,1011,57,941,852,37,Finisher,3716
Mads,Bertelsen,Mads Bertelsen,1180,M30-34,Male,Valby,Copenhagen,Denmark,DK,1:14:57,5:27:37,3:47:37,0:08:51,0:06:34,10:45:36,4497,19657,13657,531,394,38736,942,853,167,1167,985,179,1076,981,184,942,853,167,Finisher,3179
Nicolai,Hoegh,Nicolai Hoegh,1104,M50-54,Male,KØBENHAVN Ø,Copenhagen,Denmark,DK,1:02:30,5:17:18,4:14:30,0:05:43,0:05:36,10:45:37,3750,19038,15270,343,336,38737,943,854,38,216,191,9,618,587,30,943,854,38,Finisher,3715
Frederik,Lund,Frederik Lund,1498,M18-24,Male,NÆSTVED,Sjælland,Denmark,DK,1:16:09,5:26:51,3:51:22,0:07:44,0:03:40,10:45:46,4569,19611,13882,464,220,38746,944,855,131,1259,1058,154,1065,970,146,944,855,131,Finisher,3083
Søren Bo,Pedersen,Søren Bo Pedersen,465,M30-34,Male,København,,Denmark,DK,1:14:54,5:28:42,3:49:33,0:07:39,0:04:59,10:45:47,4494,19722,13773,459,299,38747,945,856,168,1162,981,178,1072,977,182,945,856,168,Finisher,3177
James,Hoffmann,James Hoffmann,1265,M30-34,Male,Rhode-Saint-Genèse,Région Flamande,Belgium,BE,1:14:35,5:16:52,4:02:35,0:07:46,0:04:01,10:45:49,4475,19012,14555,466,241,38749,946,857,169,1138,963,175,854,793,152,946,857,169,Finisher,3177
Shauni,Naert,Shauni Naert,1010,F30-34,Female,Moorsele,,Belgium,BE,0:57:11,5:36:25,4:00:48,0:06:00,0:05:29,10:45:52,3431,20185,14448,360,329,38752,947,90,22,56,6,2,862,63,21,947,90,22,Finisher,3858
Katrine,Abel,Katrine Abel,1031,F30-34,Female,Aarhus,Central Jutland,Denmark,DK,1:16:42,5:20:24,3:58:32,0:06:06,0:04:10,10:45:54,4602,19224,14312,366,250,38754,948,91,23,1306,213,47,936,71,23,948,91,23,Finisher,3857
Mathias,Lassen,Mathias Lassen,1215,M18-24,Male,Østerbro,Copenhagen,Denmark,DK,1:18:48,5:12:36,4:06:38,0:05:26,0:02:32,10:46:00,4728,18756,14798,326,152,38760,949,858,132,1494,1251,194,807,756,117,949,858,132,Finisher,3080
Christian Peter,Hübschmann,Christian Peter Hübschmann,2516,M18-24,Male,"
Virum",SJÆLLAND,Denmark,DK,1:21:39,5:30:55,3:45:04,0:05:41,0:02:47,10:46:05,4899,19855,13504,341,167,38765,950,859,133,1712,1426,219,1199,1079,164,950,859,133,Finisher,3079
Amy,Burnett,Amy Burnett,1999,F18-24,Female,Dublin,IE-D,Ireland,IE,1:10:30,5:34:34,3:52:07,0:05:25,0:03:40,10:46:17,4230,20074,13927,325,220,38777,951,92,8,740,107,13,1062,95,10,951,92,8,Finisher,4048
Anthony,O'Toole,Anthony O'Toole,140,M50-54,Male,Dublin,IE-D,Ireland,IE,1:15:08,5:21:29,3:52:12,0:07:11,0:10:19,10:46:19,4508,19289,13932,431,619,38779,952,860,39,1179,995,67,948,876,43,952,860,39,Finisher,3707
Artjom,Djatsuk,Artjom Djatsuk,2655,M35-39,Male,Tallinn,HARJUMAA,Estonia,EE,1:09:55,5:14:57,4:11:33,0:05:19,0:04:34,10:46:19,4195,18897,15093,319,274,38779,953,861,99,700,605,66,699,662,75,953,861,99,Finisher,3326
Yannick,Buijsse,Yannick Buijsse,1823,M30-34,Male,Malopolska,foreigner,Belgium,BE,1:06:24,5:15:20,4:13:39,0:06:57,0:04:03,10:46:22,3984,18920,15219,417,243,38782,954,862,170,411,362,79,675,640,131,954,862,170,Finisher,3170
Jacob Bruun,Kristensen,Jacob Bruun Kristensen,1209,M25-29,Male,Frederiksberg,foreigner,Denmark,DK,1:17:52,5:14:06,4:02:29,0:07:26,0:04:28,10:46:22,4672,18846,14549,446,268,38782,955,863,266,1409,1176,337,858,796,235,955,863,266,Finisher,3204
Mathias,Hansen,Mathias Hansen,203,M30-34,Male,København,DK-84,Denmark,DK,1:20:50,5:25:48,3:48:33,0:07:11,0:04:13,10:46:34,4850,19548,13713,431,253,38794,956,864,171,1642,1369,234,1127,1024,192,956,864,171,Finisher,3168
Ben,Lillistone,Ben Lillistone,1931,M25-29,Male,London,GB-ENG,United Kingdom,GB,1:06:22,5:38:32,3:48:00,0:09:11,0:04:42,10:46:46,3982,20312,13680,551,282,38806,957,865,267,407,358,101,1133,1029,306,957,865,267,Finisher,3200
Lewis,Fellas,Lewis Fellas,753,M50-54,Male,St Helier,NFK,United Kingdom,GB,1:07:46,5:02:24,4:24:52,0:07:08,0:04:36,10:46:47,4066,18144,15892,428,276,38807,958,866,40,513,450,24,471,450,22,958,866,40,Finisher,3701
James,Crotty,James Crotty,1366,M35-39,Male,Keynsham,GB-SOM,United Kingdom,GB,1:11:24,5:06:31,4:22:04,0:04:44,0:02:09,10:46:52,4284,18391,15724,284,129,38812,959,867,100,829,712,77,572,546,59,959,867,100,Finisher,3320
Ahmet Ender,Cevik,Ahmet Ender Cevik,322,M35-39,Male,COPENHAGEN,DK-84,Turkey,TR,1:07:53,5:44:17,3:44:21,0:07:27,0:02:57,10:46:55,4073,20657,13461,447,177,38815,960,868,101,524,459,46,1217,1091,129,960,868,101,Finisher,3319
Morten,Demant,Morten Demant,2086,M50-54,Male,Odense,,Denmark,DK,1:16:47,4:57:22,4:18:48,0:08:16,0:05:43,10:46:55,4607,17842,15528,496,343,38815,961,869,41,1316,1101,78,561,535,27,961,869,41,Finisher,3699
Srdjan,Stojkov,Srdjan Stojkov,1616,M50-54,Male,PANCEVO,Serbia,Serbia,RS,0:59:49,5:32:30,3:59:32,0:06:45,0:08:21,10:46:57,3589,19950,14372,405,501,38817,962,870,42,126,112,5,851,790,39,962,870,42,Finisher,3699
Sylvester,Rugaard,Sylvester Rugaard,1610,M18-24,Male,Brønshøj,DK-84,Denmark,DK,1:18:47,5:28:56,3:49:01,0:06:45,0:03:32,10:47:02,4727,19736,13741,405,212,38822,963,871,134,1492,1249,193,1136,1032,154,963,871,134,Finisher,3068
Mathias,Lindholm,Mathias Lindholm,1281,M25-29,Male,Frederiksberg,DK-84,Denmark,DK,1:14:30,5:30:31,3:53:52,0:05:12,0:03:05,10:47:10,4470,19831,14032,312,185,38830,964,872,268,1129,955,266,1056,963,293,964,872,268,Finisher,3195
Morten,Rick,Morten Rick,2094,M50-54,Male,Sønderborg,SYDDANMARK,Denmark,DK,1:03:45,5:12:03,4:18:27,0:08:12,0:04:47,10:47:14,3825,18723,15507,492,287,38834,965,873,43,269,238,12,597,570,29,965,873,43,Finisher,3696
Kristoffer Bjerg,Larsen,Kristoffer Bjerg Larsen,880,M18-24,Male,Vanløse,DK-84,Denmark,DK,1:11:47,5:22:05,4:04:30,0:05:04,0:04:01,10:47:27,4307,19325,14670,304,241,38847,966,874,135,876,750,110,847,786,125,966,874,135,Finisher,3063
Kerstin,Heinen,Kerstin Heinen,1532,F30-34,Female,St. Vith,,Belgium,BE,1:32:46,5:38:46,3:22:59,0:07:53,0:05:04,10:47:28,5566,20326,12179,473,304,38848,967,93,24,2292,416,89,1547,189,46,967,93,24,Finisher,3838
Christian,Hansen,Christian Hansen,913,M18-24,Male,Frederiksberg C,Copenhagen,Germany,DE,1:17:27,5:25:22,3:52:01,0:08:00,0:04:43,10:47:33,4647,19522,13921,480,283,38853,968,875,136,1374,1149,169,1067,972,147,968,875,136,Finisher,3062
Andreas,Jessen,Andreas Jessen,2044,M25-29,Male,Frederiksberg,Copenhagen,Denmark,DK,1:18:38,5:05:48,4:08:13,0:07:20,0:07:46,10:47:46,4718,18348,14893,440,466,38866,969,876,269,1474,1233,353,728,689,195,969,876,269,Finisher,3188
Christian,Ryt-Hansen,Christian Ryt-Hansen,637,M30-34,Male,Valby,DK-84,Denmark,DK,1:12:01,5:22:33,4:04:52,0:05:38,0:02:55,10:47:58,4321,19353,14692,338,175,38878,970,877,172,894,764,144,873,809,156,970,877,172,Finisher,3151
Jakob,Kjærgaard,Jakob Kjærgaard,1692,M25-29,Male,Odense SØ,SYDDANMARK,Denmark,DK,1:15:14,4:58:47,4:23:58,0:05:09,0:04:54,10:48:02,4514,17927,15838,309,294,38882,971,878,270,1188,1001,279,504,482,133,971,878,270,Finisher,3184
Joren,Vervliet,Joren Vervliet,1877,M30-34,Male,Copenhagen,HOVEDSTADEN,South Africa,ZA,1:19:21,5:29:15,3:42:18,0:10:21,0:06:51,10:48:06,4761,19755,13338,621,411,38886,972,879,173,1540,1287,221,1211,1086,202,972,879,173,Finisher,3149
Le,Zhang,Le Zhang,1513,M25-29,Male,北京,Kinki,China,CN,1:11:57,5:16:17,4:08:17,0:07:03,0:04:35,10:48:10,4317,18977,14897,423,275,38890,973,880,271,891,761,214,792,743,217,973,880,271,Finisher,3183
Jimmi,Johnsen,Jimmi Johnsen,380,M55-59,Male,"
Kastrup",HOVEDSTADEN,Denmark,DK,1:28:03,4:54:19,4:16:33,0:05:47,0:03:29,10:48:11,5283,17659,15393,347,209,38891,974,881,26,2111,1738,81,663,629,22,974,881,26,Finisher,3859
Jaime,Ryan,Jaime Ryan,1451,F30-34,Female,"
København v",,Australia,AU,1:10:00,5:35:40,3:53:22,0:06:13,0:03:00,10:48:15,4200,20140,14002,373,180,38895,975,94,25,706,97,24,1087,98,29,975,94,25,Finisher,3829
Wai kit,Woo,Wai kit Woo,2640,M45-49,Male,HONG KONG,Hong Kong,Hong Kong,HK,1:10:33,5:29:52,3:58:53,0:05:30,0:03:30,10:48:17,4233,19792,14333,330,210,38897,976,882,52,746,639,47,981,898,59,976,882,52,Finisher,3571
Charles,Boisson,Charles Boisson,1423,M50-54,Male,aigremont,YVELINES,France,FR,1:28:30,5:30:34,3:40:01,0:06:14,0:03:06,10:48:25,5310,19834,13201,374,186,38905,977,883,44,2133,1757,139,1308,1169,72,977,883,44,Finisher,3681
Jesper,Uglebjerg,Jesper Uglebjerg,2286,M40-44,Male,Hinnerup,,Denmark,DK,1:12:23,5:30:38,3:55:53,0:05:44,0:03:50,10:48:28,4343,19838,14153,344,230,38908,978,884,76,930,795,77,1032,943,79,978,884,76,Finisher,3096
Frederik,Helth,Frederik Helth,537,M30-34,Male,Lunderskov,DK-83,Denmark,DK,1:10:00,5:33:04,3:57:08,0:05:04,0:03:20,10:48:35,4200,19984,14228,304,200,38915,979,885,174,705,609,122,1022,934,175,979,885,174,Finisher,3143
Hayley,Lamkin,Hayley Lamkin,1372,F30-34,Female,Witham,ESSEX,United Kingdom,GB,1:09:33,5:53:56,3:35:00,0:06:34,0:03:32,10:48:36,4173,21236,12900,394,212,38916,980,95,26,664,91,20,1394,154,36,980,95,26,Finisher,3825
Emil,Madsen,Emil Madsen,933,M25-29,Male,"Copenhagen, N",Copenhagen,Denmark,DK,1:15:42,5:21:48,3:56:45,0:10:37,0:03:59,10:48:51,4542,19308,14205,637,239,38931,981,886,272,1223,1028,291,1023,935,282,981,886,272,Finisher,3175
Casper,Jensen,Casper Jensen,2356,M25-29,Male,København K,Copenhagen,Denmark,DK,1:19:00,5:24:34,3:55:14,0:05:20,0:04:44,10:48:53,4740,19474,14114,320,284,38933,982,887,273,1509,1263,359,1038,948,287,982,887,273,Finisher,3174
Szymon,Lis,Szymon Lis,1573,M40-44,Male,Wroclaw,dolnośląskie,Poland,PL,1:17:28,5:09:59,4:11:03,0:06:13,0:04:12,10:48:55,4648,18599,15063,373,252,38935,983,888,77,1375,1150,100,767,723,70,983,888,77,Finisher,3091
Marco,Scheffmann,Marco Scheffmann,1666,M35-39,Male,Oslo,,Germany,DE,1:18:05,5:17:05,4:01:51,0:05:15,0:06:40,10:48:56,4685,19025,14511,315,400,38936,984,889,102,1430,1192,127,878,814,94,984,889,102,Finisher,3295
David,Stabell,David Stabell,1804,M25-29,Male,Aarhus N,Central Jutland,Denmark,DK,1:07:35,4:57:04,4:32:13,0:07:01,0:05:10,10:49:04,4055,17824,16333,421,310,38944,985,890,274,494,431,121,366,350,100,985,890,274,Finisher,3172
Filip,Walotka,Filip Walotka,710,M45-49,Male,Łódź,łódzkie,Poland,PL,1:06:11,5:28:15,4:04:45,0:05:42,0:04:14,10:49:08,3971,19695,14685,342,254,38948,986,891,53,394,347,22,871,807,48,986,891,53,Finisher,3561
Per Magnus ,Melnes ,Per Magnus Melnes,2764,M25-29,Male,Oslo,OSLO,Norway,NO,1:19:55,5:24:21,3:52:56,0:07:16,0:04:44,10:49:13,4795,19461,13976,436,284,38953,987,892,275,1579,1318,371,1079,984,298,987,892,275,Finisher,3170
Joachim,Solvang,Joachim Solvang,2689,M35-39,Male,Oslo,NO-03,Norway,NO,1:11:04,5:28:28,3:54:36,0:08:06,0:07:13,10:49:26,4264,19708,14076,486,433,38966,988,893,103,794,682,73,1013,928,109,988,893,103,Finisher,3289
Rebecca,Gundersen,Rebecca Gundersen,2541,F25-29,Female,Moss,,Norway,NO,1:15:08,5:33:08,3:52:11,0:05:26,0:03:38,10:49:32,4508,19988,13931,326,218,38972,989,96,38,1178,184,68,1126,103,40,989,96,38,Finisher,3766
Christian,NICOLAJSEN,Christian NICOLAJSEN,2771,M25-29,Male,Copenhagen,DK-84,Denmark,DK,1:21:37,5:31:39,3:47:21,0:06:39,0:02:26,10:49:42,4897,19899,13641,399,146,38982,990,894,276,1707,1423,396,1222,1095,322,990,894,276,Finisher,3164
Malthe,Eismark,Malthe Eismark,2400,M18-24,Male,Copenhagen,Copenhagen,Denmark,DK,1:23:32,5:10:03,4:03:45,0:08:21,0:04:18,10:49:59,5012,18603,14625,501,258,38999,991,895,137,1838,1523,232,910,842,132,991,895,137,Finisher,3032
Andreas,Ravn,Andreas Ravn,1236,M25-29,Male,København,,Denmark,DK,1:19:11,5:24:38,3:57:02,0:05:07,0:04:04,10:50:02,4751,19478,14222,307,244,39002,992,896,277,1528,1278,363,1039,949,288,992,896,277,Finisher,3160
Søren,Haack,Søren Haack,2586,M50-54,Male,Aabyhoej,,Denmark,DK,1:22:59,5:29:24,3:41:04,0:09:12,0:07:37,10:50:16,4979,19764,13264,552,457,39016,993,897,45,1803,1496,115,1252,1120,66,993,897,45,Finisher,3659
Peter,Bolger,Peter Bolger,1322,M30-34,Male,New Ross,Wexford,Ireland,IE,1:05:23,5:53:19,3:42:54,0:05:31,0:03:12,10:50:19,3923,21199,13374,331,192,39019,994,898,175,347,306,66,1289,1151,211,994,898,175,Finisher,3123
Giovanni,Tomassini,Giovanni Tomassini,1910,M60-64,Male,Villanova d'Albenga,,Italy,IT,1:08:57,5:26:52,4:03:28,0:05:50,0:05:15,10:50:23,4137,19612,14608,350,315,39023,995,899,6,612,532,8,897,830,6,995,899,6,Finisher,4453
Jasper,Dedapper,Jasper Dedapper,184,M25-29,Male,Wuustwezel,Antwerpen,Belgium,BE,1:02:58,5:18:24,4:15:45,0:07:07,0:06:36,10:50:51,3778,19104,15345,427,396,39051,996,900,278,236,207,64,670,635,179,996,900,278,Finisher,3151
Tim,Arkesteijn,Tim Arkesteijn,1090,M25-29,Male,Aalborg,NORDJYLLAND,Denmark,DK,1:18:12,5:24:10,3:57:25,0:06:16,0:04:48,10:50:52,4692,19450,14245,376,288,39052,997,901,279,1440,1201,344,1028,939,283,997,901,279,Finisher,3150
Amanda Godtkjær,Juul-Olsen,Amanda Godtkjær Juul-Olsen,1855,F25-29,Female,Valby,Capital Region,Denmark,DK,1:11:18,5:25:18,4:06:30,0:04:55,0:02:54,10:50:55,4278,19518,14790,295,174,39055,998,97,39,816,114,43,896,67,25,998,97,39,Finisher,3749
Tom,Lynott,Tom Lynott,878,M45-49,Male,Stourbridge,ENG,United Kingdom,GB,1:07:13,5:15:30,4:14:49,0:07:42,0:05:50,10:51:03,4033,18930,15289,462,350,39063,999,902,54,461,402,29,703,666,38,999,902,54,Finisher,3538
Frederik,Hinsch,Frederik Hinsch,1771,M18-24,Male,København,Copenhagen,Denmark,DK,1:09:11,5:35:36,3:56:25,0:06:54,0:02:57,10:51:04,4151,20136,14185,414,177,39064,1000,903,138,630,547,77,1084,988,149,1000,903,138,Finisher,3019
Johan ,Jørgensen ,Johan Jørgensen,1094,M30-34,Male,Odense,Fyn,Denmark,DK,1:03:01,5:27:38,4:12:46,0:05:31,0:02:12,10:51:08,3781,19658,15166,331,132,39068,1001,904,176,239,210,48,800,750,146,1001,904,176,Finisher,3113
Myles,Traynor,Myles Traynor,749,M25-29,Male,Dublin,IE-D,Ireland,IE,1:10:20,5:20:55,4:09:26,0:06:35,0:03:58,10:51:14,4220,19255,14966,395,238,39074,1002,905,280,725,623,174,823,768,225,1002,905,280,Finisher,3146
Nejc,Iršič,Nejc Iršič,1675,M25-29,Male,Slovenj Gradec,SI-112,Slovenia,SI,1:12:16,5:15:36,4:13:05,0:04:38,0:05:53,10:51:28,4336,18936,15185,278,353,39088,1003,906,281,917,784,219,740,699,201,1003,906,281,Finisher,3143
Koen,Bloksma,Koen Bloksma,1645,M25-29,Male,Leiden,NL-ZH,Netherlands,NL,1:11:18,5:16:00,4:12:42,0:06:36,0:04:55,10:51:32,4278,18960,15162,396,295,39092,1004,907,282,817,703,196,769,725,210,1004,907,282,Finisher,3142
Nikola,Kekovic,Nikola Kekovic,1220,M25-29,Male,Podgorica,Podgorica,Montenegro,ME,1:02:40,5:48:30,3:45:44,0:09:42,0:05:00,10:51:35,3760,20910,13544,582,300,39095,1005,908,283,222,196,59,1242,1111,329,1005,908,283,Finisher,3142
Alex,Maidens,Alex Maidens,2266,M18-24,Male,København,,Denmark,DK,1:01:40,5:34:11,4:03:33,0:06:17,0:06:00,10:51:41,3700,20051,14613,377,360,39101,1006,909,139,182,160,20,912,844,133,1006,909,139,Finisher,3012
Carl,Devonport,Carl Devonport,663,M50-54,Male,Eynsham,GB-OXF,United Kingdom,GB,1:10:46,5:07:01,4:23:11,0:05:25,0:05:30,10:51:53,4246,18421,15791,325,330,39113,1007,910,46,776,667,39,580,554,28,1007,910,46,Finisher,3640
Jacob,Nielsen,Jacob Nielsen,1239,M30-34,Male,Frederiksberg,Copenhagen,Denmark,DK,1:21:10,5:14:55,4:02:23,0:06:37,0:06:50,10:51:54,4870,18895,14543,397,410,39114,1008,911,177,1674,1398,242,921,852,164,1008,911,177,Finisher,3104
Johan,Nielsen,Johan Nielsen,717,M18-24,Male,København Ø,Copenhagen,Denmark,DK,1:17:25,5:24:23,4:01:28,0:05:37,0:03:02,10:51:56,4645,19463,14488,337,182,39116,1009,912,140,1369,1145,168,1010,925,140,1009,912,140,Finisher,3009
Magnus,GÖHRAN,Magnus GÖHRAN,1632,M50-54,Male,Lund,SE-M,Sweden,SE,1:17:59,5:26:42,3:54:41,0:07:22,0:05:15,10:51:59,4679,19602,14081,442,315,39119,1010,913,47,1420,1185,85,1091,992,53,1010,913,47,Finisher,3639
Jonathan Hahn,Bergsøe,Jonathan Hahn Bergsøe,2160,M30-34,Male,København Ø,DK-84,Denmark,DK,1:15:52,5:52:43,3:32:09,0:07:14,0:04:02,10:52:00,4552,21163,12729,434,242,39120,1011,914,178,1236,1037,187,1480,1305,239,1011,914,178,Finisher,3102
Amy,Rogan,Amy Rogan,287,F25-29,Female,Reigate and Banstead,GB-SRY,Ireland,IE,1:06:26,5:50:38,3:43:33,0:05:39,0:05:46,10:52:03,3986,21038,13413,339,346,39123,1012,98,40,416,50,18,1268,138,54,1012,98,40,Finisher,3736
Kevin Bjerkeli,Pladsen,Kevin Bjerkeli Pladsen,2309,M35-39,Male,Halden,Østfold,Norway,NO,1:23:24,5:44:41,3:34:04,0:06:26,0:03:33,10:52:06,5004,20681,12844,386,213,39126,1013,915,104,1826,1513,165,1456,1290,146,1013,915,104,Finisher,3257
Trinh,The Long,Trinh The Long,1229,M30-34,Male,Ho Chi Minh,Ho Chi Minh,Vietnam,VN,1:18:04,5:17:49,4:04:29,0:07:25,0:04:30,10:52:17,4684,19069,14669,445,270,39137,1014,916,179,1429,1191,208,939,868,168,1014,916,179,Finisher,3099
Adrian,Paszko,Adrian Paszko,1612,M40-44,Male,Chojniczki,,Poland,PL,1:21:28,5:29:12,3:54:15,0:04:36,0:02:51,10:52:22,4888,19752,14055,276,171,39142,1015,917,78,1697,1416,128,1147,1041,86,1015,917,78,Finisher,3049
Dag Johan,Fjelde,Dag Johan Fjelde,2402,M25-29,Male,Ski,AKERSHUS,Norway,NO,0:53:03,5:16:04,4:36:49,0:03:34,0:02:54,10:52:24,3183,18964,16609,214,174,39144,1016,918,284,20,19,8,383,367,104,1016,918,284,Finisher,3132
Liam,Grønnegaard,Liam Grønnegaard,1603,M25-29,Male,Odense,SYDDANMARK,Denmark,DK,1:17:04,5:17:45,4:10:47,0:04:24,0:02:31,10:52:32,4624,19065,15047,264,151,39152,1017,919,285,1339,1120,316,854,793,234,1017,919,285,Finisher,3130
Kasper,Gottlieb,Kasper Gottlieb,1467,M18-24,Male,Varde,SYDDANMARK,Denmark,DK,1:19:28,5:13:06,4:10:54,0:05:22,0:03:43,10:52:33,4768,18786,15054,322,223,39153,1018,920,141,1551,1295,202,826,770,122,1018,920,141,Finisher,3002
Mille Marie,Gydesen,Mille Marie Gydesen,1996,F25-29,Female,Aarhus,MIDTJYLLAND,Denmark,DK,1:09:00,5:18:45,4:15:31,0:04:30,0:05:01,10:52:47,4140,19125,15331,270,301,39167,1019,99,41,620,81,32,736,40,15,1019,99,41,Finisher,3727
Magnus,Munck,Magnus Munck,860,M25-29,Male,Valby,,Denmark,DK,1:12:35,5:27:01,4:03:29,0:07:05,0:02:40,10:52:50,4355,19621,14609,425,160,39170,1020,921,286,950,813,231,997,914,272,1020,921,286,Finisher,3127
Hamid,Khalidan,Hamid Khalidan,1397,M25-29,Male,Ballerup,Copenhagen,Denmark,DK,1:11:49,5:28:57,4:00:58,0:06:11,0:04:55,10:52:50,4309,19737,14458,371,295,39170,1021,922,287,878,752,211,1002,918,273,1021,922,287,Finisher,3127
Bennet,Lehmann,Bennet Lehmann,429,M18-24,Male,Itzstedt,Schleswig-Holstein,Germany,DE,1:11:02,6:01:16,3:26:36,0:09:26,0:04:54,10:53:14,4262,21676,12396,566,294,39194,1022,923,142,792,681,97,1581,1381,205,1022,923,142,Finisher,2993
Casper,Wass,Casper Wass,2735,M25-29,Male,Odense V,Fyn,Denmark,DK,1:30:31,5:29:17,3:42:38,0:05:33,0:05:17,10:53:16,5431,19757,13358,333,317,39196,1023,924,288,2221,1823,470,1310,1171,346,1023,924,288,Finisher,3122
Kristian,Balsby,Kristian Balsby,2487,M25-29,Male,København N,,Denmark,DK,1:15:02,5:23:18,4:04:35,0:06:23,0:04:03,10:53:20,4502,19398,14675,383,243,39200,1024,925,289,1171,989,277,963,887,262,1024,925,289,Finisher,3121
phillip,turner,phillip turner,600,M55-59,Male,carmarthenshire,GB-CMN,United Kingdom,GB,1:13:43,5:11:13,4:17:34,0:06:09,0:04:56,10:53:35,4423,18673,15454,369,296,39215,1025,926,27,1053,892,33,717,679,26,1025,926,27,Finisher,3794
Remy,Engelsen,Remy Engelsen,1811,M50-54,Male,Barum,NO-02,Norway,NO,1:25:49,5:07:33,4:10:34,0:05:43,0:03:57,10:53:37,5149,18453,15034,343,237,39217,1026,927,48,1976,1634,124,852,791,40,1026,927,48,Finisher,3619
Casper Agerskov,Hansen,Casper Agerskov Hansen,580,M30-34,Male,København,København,Denmark,DK,1:15:11,5:33:23,3:52:57,0:09:04,0:03:06,10:53:42,4511,20003,13977,544,186,39222,1027,928,180,1182,998,181,1187,1067,198,1027,928,180,Finisher,3082
Harold ,Fisher,Harold Fisher,1967,M30-34,Male,London,England,United Kingdom,GB,1:09:02,5:34:54,3:59:21,0:05:29,0:04:56,10:53:42,4142,20094,14361,329,296,39222,1028,929,181,623,542,117,1045,954,179,1028,929,181,Finisher,3082
Mahmoud,Bedoui,Mahmoud Bedoui,1619,M35-39,Male,München,BY,Germany,DE,1:16:53,5:28:32,3:54:18,0:08:15,0:05:47,10:53:45,4613,19712,14058,495,347,39225,1029,930,105,1325,1109,120,1125,1023,121,1029,930,105,Finisher,3237
Mark,Berriman,Mark Berriman,261,M40-44,Male,Reading,BRK,United Kingdom,GB,0:59:53,5:14:43,4:28:29,0:06:01,0:04:43,10:53:49,3593,18883,16109,361,283,39229,1030,931,79,129,115,13,529,506,53,1030,931,79,Finisher,3032
Jonas,Tåsåsen,Jonas Tåsåsen,1695,M25-29,Male,Oslo,,Norway,NO,1:05:42,5:34:25,4:04:39,0:04:49,0:04:20,10:53:55,3942,20065,14679,289,260,39235,1031,932,290,364,321,94,970,890,263,1031,932,290,Finisher,3114
Mikkel,Karlsson,Mikkel Karlsson,1021,M25-29,Male,København NV,HOVEDSTADEN,Denmark,DK,1:10:59,5:21:57,4:11:11,0:07:03,0:02:52,10:54:01,4259,19317,15071,423,172,39241,1032,933,291,787,676,190,867,803,236,1032,933,291,Finisher,3113
Oliver,Laholm,Oliver Laholm,725,M30-34,Male,Ringsted,DK-85,Denmark,DK,1:21:17,5:19:54,4:01:27,0:07:01,0:04:23,10:54:02,4877,19194,14487,421,263,39242,1033,934,182,1685,1406,243,1024,936,176,1033,934,182,Finisher,3078
Emma,Andresen,Emma Andresen,2435,F25-29,Female,Aarhus C,DK-82,Denmark,DK,1:13:24,5:28:15,4:00:29,0:07:14,0:04:42,10:54:04,4404,19695,14429,434,282,39244,1034,100,42,1026,154,58,1037,90,34,1034,100,42,Finisher,3711
Šimon,Mayer,Šimon Mayer,668,M18-24,Male,Beroun,Central Bohemian Region,Czech Republic,CZ,1:18:02,5:33:39,3:50:27,0:06:46,0:05:11,10:54:05,4682,20019,13827,406,311,39245,1035,935,143,1424,1187,179,1204,1081,165,1035,935,143,Finisher,2983
Niels,Erichsen,Niels Erichsen,1273,M55-59,Male,"Furesø kommune
Værløse",SJÆLLAND,Denmark,DK,1:26:50,5:09:29,4:06:59,0:06:51,0:04:16,10:54:25,5210,18569,14819,411,256,39265,1036,936,28,2043,1681,75,934,864,33,1036,936,28,Finisher,3784
Jack,Gillerlain,Jack Gillerlain,1488,M25-29,Male,BATAVIA,IL,United States,US,1:18:02,5:44:28,3:32:22,0:12:46,0:07:00,10:54:37,4682,20668,12742,766,420,39277,1037,937,292,1422,1186,340,1471,1301,380,1037,937,292,Finisher,3105
Sam,Stretch,Sam Stretch,1394,M30-34,Male,Liverpool,MERSEYSIDE,United Kingdom,GB,1:21:54,5:40:51,3:43:10,0:05:56,0:02:53,10:54:43,4914,20451,13390,356,173,39283,1038,938,183,1725,1435,244,1366,1221,221,1038,938,183,Finisher,3070
Louise,Selvang,Louise Selvang,137,F30-34,Female,København NV,,Denmark,DK,1:12:12,5:19:34,4:13:07,0:05:22,0:04:31,10:54:46,4332,19174,15187,322,271,39286,1039,101,27,910,133,30,814,54,18,1039,101,27,Finisher,3751
Nicolai,Kornø,Nicolai Kornø,1262,M18-24,Male,København,Copenhagen,Denmark,DK,1:24:58,5:34:41,3:41:45,0:08:56,0:04:25,10:54:46,5098,20081,13305,536,265,39286,1040,939,144,1930,1600,240,1364,1219,181,1040,939,144,Finisher,2975
Jonas,Safi-Rasmussen,Jonas Safi-Rasmussen,1142,M30-34,Male,København,Copenhagen,Denmark,DK,1:17:21,5:30:06,3:53:07,0:08:34,0:05:43,10:54:51,4641,19806,13987,514,343,39291,1041,940,184,1364,1142,201,1162,1050,196,1041,940,184,Finisher,3068
Angelo,Carotenuto,Angelo Carotenuto,168,M40-44,Male,Roma,,Italy,IT,1:20:49,5:12:15,4:09:01,0:07:26,0:05:21,10:54:51,4849,18735,14941,446,321,39291,1042,941,80,1640,1367,121,881,817,73,1042,941,80,Finisher,3020
Line Mathilde,Vognsen,Line Mathilde Vognsen,1807,F35-39,Female,Tylstrup,,Denmark,DK,1:22:58,5:14:35,4:05:50,0:07:28,0:04:04,10:54:54,4978,18875,14750,448,244,39294,1043,102,12,1801,307,38,973,83,7,1043,102,12,Finisher,3678
Emilie,Petersen,Emilie Petersen,2357,F25-29,Female,Aarhus,Central Jutland,Denmark,DK,1:08:18,5:42:32,3:55:37,0:05:14,0:03:17,10:54:58,4098,20552,14137,314,197,39298,1044,103,43,554,69,26,1164,114,44,1044,103,43,Finisher,3701
Cédric,Jobard,Cédric Jobard,1631,M25-29,Male,Verrières-le-Buisson,,France,FR,1:29:52,5:45:01,3:27:51,0:06:08,0:06:09,10:55:01,5392,20701,12471,368,369,39301,1045,942,293,2193,1802,466,1573,1376,392,1045,942,293,Finisher,3101
Erik,Søe-Pedersen,Erik Søe-Pedersen,408,M60-64,Male,Vedbæk,DK-84,Denmark,DK,1:15:39,5:11:23,4:17:55,0:05:53,0:04:17,10:55:08,4539,18683,15475,353,257,39308,1046,943,7,1219,1024,18,752,711,4,1046,943,7,Finisher,4396
Stephen,Davies,Stephen Davies,1972,M55-59,Male,Ferndale,GB-RCT,United Kingdom,GB,1:16:24,5:23:18,4:00:05,0:09:58,0:05:35,10:55:20,4584,19398,14405,598,335,39320,1047,944,29,1285,1079,46,1050,957,36,1047,944,29,Finisher,3773
JAVI,ROS,JAVI ROS,1490,M30-34,Male,Cuarte de Huerva,ES-Z,Spain,ES,1:20:06,6:00:19,3:15:10,0:10:53,0:08:53,10:55:21,4806,21619,11710,653,533,39321,1048,945,185,1592,1330,227,1730,1499,258,1048,945,185,Finisher,3062
Markus,Svenberg,Markus Svenberg,2739,M30-34,Male,Oslo,Oslo,Norway,NO,1:20:40,5:16:27,4:06:24,0:05:53,0:06:03,10:55:28,4840,18987,14784,353,363,39328,1049,946,186,1626,1356,232,931,862,167,1049,946,186,Finisher,3061
Lui,Bisgaard,Lui Bisgaard,1409,M25-29,Male,København,Copenhagen,Denmark,DK,1:20:32,5:37:01,3:45:13,0:07:06,0:05:41,10:55:31,4832,20221,13513,426,341,39331,1050,947,294,1616,1347,376,1296,1158,340,1050,947,294,Finisher,3095
Ffion,Caines,Ffion Caines,1362,F30-34,Female,Ammanford,GB-CMN,United Kingdom,GB,1:01:49,5:31:07,4:13:44,0:05:39,0:03:19,10:55:37,3709,19867,15224,339,199,39337,1051,104,28,185,23,5,840,60,20,1051,104,28,Finisher,3741
Karl,Bergstein,Karl Bergstein,1310,M25-29,Male,København,Copenhagen,Denmark,DK,1:15:00,5:34:47,3:52:07,0:07:10,0:06:35,10:55:39,4500,20087,13927,430,395,39339,1052,948,295,1169,987,276,1174,1059,314,1052,948,295,Finisher,3093
Jason,Rojas,Jason Rojas,2083,M50-54,Male,København,DK-85,Trinidad and Tobago,TT,1:12:07,5:09:44,4:25:30,0:03:45,0:04:46,10:55:51,4327,18584,15930,225,286,39351,1053,949,49,902,771,46,621,590,31,1053,949,49,Finisher,3592
Stefan,Tofte,Stefan Tofte,1112,M35-39,Male,Randers SV,MIDTJYLLAND,Denmark,DK,1:12:35,5:20:30,4:12:31,0:05:48,0:04:28,10:55:51,4355,19230,15151,348,268,39351,1054,950,106,949,812,89,846,785,90,1054,950,106,Finisher,3212
Karina,Minx,Karina Minx,326,F25-29,Female,Pullach im Isartal,BAYERN,Germany,DE,1:12:38,5:23:07,4:10:42,0:05:36,0:03:49,10:55:52,4358,19387,15042,336,229,39352,1055,105,44,954,139,51,891,66,24,1055,105,44,Finisher,3690
Rune,Pauly,Rune Pauly,126,M50-54,Male,Rødovre,DK-84,Denmark,DK,1:28:13,5:05:32,4:12:49,0:05:46,0:03:33,10:55:54,5293,18332,15169,346,213,39354,1056,951,50,2121,1746,137,861,799,41,1056,951,50,Finisher,3592
Nick,Jeziorski,Nick Jeziorski,411,M40-44,Male,tune,DK-85,Denmark,DK,1:26:48,5:23:22,3:54:31,0:07:59,0:03:19,10:56:00,5208,19402,14071,479,199,39360,1057,952,81,2041,1680,155,1195,1075,88,1057,952,81,Finisher,3006
Lukas,Müller,Lukas Müller,2747,M30-34,Male,Esslingen am Neckar,Baden-Württemberg,Germany,DE,1:12:10,5:32:54,3:57:37,0:08:30,0:04:50,10:56:01,4330,19974,14257,510,290,39361,1058,953,187,909,777,146,1123,1021,190,1058,953,187,Finisher,3054
Matthew,Whittaker,Matthew Whittaker,767,M35-39,Male,Barnard Castle,GB-DUR,United Kingdom,GB,1:00:07,5:04:11,4:41:13,0:06:26,0:04:21,10:56:18,3607,18251,16873,386,261,39378,1059,954,107,136,121,14,345,330,40,1059,954,107,Finisher,3206
Annadora,Bergmann,Annadora Bergmann,1753,F18-24,Female,Frederiksberg,Copenhagen,Denmark,DK,1:11:27,5:39:32,3:58:06,0:04:49,0:02:26,10:56:21,4287,20372,14286,289,146,39381,1060,106,9,835,118,15,1157,109,11,1060,106,9,Finisher,3927
Miron,Sipos,Miron Sipos,643,M25-29,Male,Copenhagen,,Slovakia,SK,1:16:01,5:26:31,3:51:56,0:11:53,0:10:00,10:56:21,4561,19591,13916,713,600,39381,1061,955,296,1248,1048,295,1134,1030,307,1061,955,296,Finisher,3085
Sisse,Kallehave,Sisse Kallehave,734,F30-34,Female,Copenhagen,DK-84,Denmark,DK,1:12:49,5:19:10,4:18:13,0:03:29,0:02:40,10:56:21,4369,19150,15493,209,160,39381,1062,107,29,974,140,33,793,50,17,1062,107,29,Finisher,3732
Erik,Tscherning,Erik Tscherning,2064,M55-59,Male,Moss,NO-ØSTFOLD,Norway,NO,1:24:29,5:22:28,3:56:20,0:06:36,0:06:30,10:56:23,5069,19348,14180,396,390,39383,1063,956,30,1900,1575,67,1121,1019,41,1063,956,30,Finisher,3761
Helén,Johnsson,Helén Johnsson,1887,F50-54,Female,Gantofta,,Sweden,SE,1:13:13,5:24:57,4:08:50,0:05:58,0:03:32,10:56:31,4393,19497,14930,358,212,39391,1064,108,3,1010,149,6,955,75,2,1064,108,3,Finisher,3959
Ellie,Humphries,Ellie Humphries,2119,F30-34,Female,Margate,QLD,United Kingdom,GB,1:16:08,5:32:10,3:51:36,0:08:50,0:07:53,10:56:37,4568,19930,13896,530,473,39397,1065,109,30,1257,201,43,1176,117,32,1065,109,30,Finisher,3729
Shaun,Bundy,Shaun Bundy,786,M35-39,Male,Bridgend,Mid Glamorgan,United Kingdom,GB,1:16:50,5:13:49,4:16:03,0:06:24,0:03:34,10:56:40,4610,18829,15363,384,214,39400,1066,957,108,1320,1105,118,812,760,87,1066,957,108,Finisher,3202
Lasse,kidmose,Lasse kidmose,2536,M18-24,Male,Aarhus c,MIDTJYLLAND,Denmark,DK,1:21:10,5:49:28,3:35:05,0:06:02,0:05:04,10:56:48,4870,20968,12905,362,304,39408,1067,958,145,1673,1397,216,1502,1321,195,1067,958,145,Finisher,2951
James,Russell,James Russell,2376,M35-39,Male,Taunton,England,United Kingdom,GB,1:23:53,5:36:06,3:45:18,0:07:44,0:03:57,10:56:58,5033,20166,13518,464,237,39418,1068,959,109,1862,1542,170,1352,1208,138,1068,959,109,Finisher,3198
Mariska,Van Haren,Mariska Van Haren,2190,F25-29,Female,‘s-Gravendeel,ZUID-HOLLAND,Netherlands,NL,1:09:38,5:39:44,3:51:39,0:08:01,0:08:06,10:57:08,4178,20384,13899,481,486,39428,1069,110,45,668,92,36,1182,120,46,1069,110,45,Finisher,3675
Patrick Rudbæk,Olsen,Patrick Rudbæk Olsen,626,M25-29,Male,Kalundborg,DK-85,Denmark,DK,1:14:33,5:24:06,4:05:25,0:07:31,0:05:36,10:57:11,4473,19446,14725,451,336,39431,1070,960,297,1136,961,268,988,905,267,1070,960,297,Finisher,3075
Sus,Vindberg,Sus Vindberg,1589,F35-39,Female,Frederiksberg,,Denmark,DK,1:14:08,5:36:13,3:57:12,0:05:42,0:03:58,10:57:13,4448,20173,14232,342,238,39433,1071,111,13,1098,167,18,1163,113,14,1071,111,13,Finisher,3651
Christina,Schmidt-Andersen,Christina Schmidt-Andersen,430,F35-39,Female,Snekkersten,DK-85,Denmark,DK,1:19:21,5:42:53,3:43:08,0:07:10,0:04:42,10:57:15,4761,20573,13388,430,282,39435,1072,112,14,1541,254,29,1385,151,20,1072,112,14,Finisher,3650
August,Lykke Amstrup,August Lykke Amstrup,1172,M18-24,Male,København,Copenhagen,Denmark,DK,1:23:34,5:31:53,3:45:57,0:09:54,0:06:00,10:57:19,5014,19913,13557,594,360,39439,1073,961,146,1841,1525,233,1311,1172,175,1073,961,146,Finisher,2944
Matt,Paden,Matt Paden,1551,M50-54,Male,Balerno,"EDINBURGH, CITY OF",United Kingdom,GB,1:14:26,5:20:16,4:09:34,0:08:08,0:05:10,10:57:33,4466,19216,14974,488,310,39453,1074,962,51,1124,950,64,924,855,42,1074,962,51,Finisher,3572
Tomi,Suomi,Tomi Suomi,71,M45-49,Male,Raisio,FI-19,Finland,FI,1:14:46,5:22:25,4:12:22,0:05:47,0:02:17,10:57:37,4486,19345,15142,347,137,39457,1075,963,55,1151,972,65,929,860,53,1075,963,55,Finisher,3459
Maurice,Geheniau,Maurice Geheniau,2301,M25-29,Male,Antwerpen,Flemish Region,Belgium,BE,1:22:53,5:16:29,4:02:50,0:07:11,0:08:16,10:57:38,4973,18989,14570,431,496,39458,1076,964,298,1794,1489,407,992,909,269,1076,964,298,Finisher,3069
Bastian,Barsø,Bastian Barsø,1081,M30-34,Male,København,Copenhagen,Denmark,DK,1:22:10,5:45:24,3:40:00,0:06:25,0:03:40,10:57:39,4930,20724,13200,385,220,39459,1077,965,188,1742,1448,248,1447,1282,235,1077,965,188,Finisher,3035
Elliott,Jones-Myklebust,Elliott Jones-Myklebust,2759,M30-34,Male,Oslo,NO-03,Norway,NO,1:10:53,5:21:20,4:16:27,0:06:09,0:02:56,10:57:44,4253,19280,15387,369,176,39464,1078,966,189,785,675,131,836,777,149,1078,966,189,Finisher,3034
Philip,Grønnslett-Eriksen,Philip Grønnslett-Eriksen,1306,M18-24,Male,KRISTIANSAND S,Agder,Norway,NO,1:12:26,5:08:07,4:27:41,0:05:09,0:04:23,10:57:46,4346,18487,16061,309,263,39466,1079,967,147,937,801,116,622,591,96,1079,967,147,Finisher,2939
Chelsea,Henderson,Chelsea Henderson,58,F35-39,Female,Victoria,BC,Canada,CA,1:07:47,5:40:08,4:00:53,0:05:25,0:03:35,10:57:48,4067,20408,14453,325,215,39468,1080,113,15,514,64,8,1114,102,11,1080,113,15,Finisher,3644
Thomas,Fuchs,Thomas Fuchs,1961,M35-39,Male,Wals,SALZBURG,Austria,AT,1:18:19,5:31:58,3:54:02,0:07:51,0:05:42,10:57:52,4699,19918,14042,471,342,39472,1081,968,110,1447,1207,130,1194,1074,126,1081,968,110,Finisher,3188
Sofie Amstrup,Jørgensen,Sofie Amstrup Jørgensen,2334,F25-29,Female,Dyssegård,,Denmark,DK,1:15:18,5:34:31,3:59:16,0:05:47,0:03:00,10:57:53,4518,20071,14356,347,180,39473,1082,114,46,1192,189,73,1155,108,42,1082,114,46,Finisher,3666
Dom,North,Dom North,1096,M35-39,Male,St Albans,GB-HRT,United Kingdom,GB,1:10:06,5:03:27,4:35:48,0:05:41,0:02:55,10:57:56,4206,18207,16548,341,175,39476,1083,969,111,711,614,68,505,483,54,1083,969,111,Finisher,3187
Sam,Houtermans,Sam Houtermans,1646,M25-29,Male,Steyl,Limburg,Netherlands,NL,1:13:18,5:55:21,3:40:37,0:05:15,0:03:32,10:58:02,4398,21321,13237,315,212,39482,1084,970,299,1018,866,242,1445,1280,371,1084,970,299,Finisher,3064
Max,Van Hooft,Max Van Hooft,1378,M25-29,Male,Amsterdam,NL-Noord-Holland,Netherlands,NL,1:22:53,5:21:44,4:00:55,0:06:45,0:05:51,10:58:08,4973,19304,14455,405,351,39488,1085,971,300,1798,1492,408,1075,980,297,1085,971,300,Finisher,3063
Eemil,Vaulamo,Eemil Vaulamo,2253,M18-24,Male,Klaukkala,,Finland,FI,1:10:30,5:31:08,4:08:15,0:05:06,0:03:10,10:58:09,4230,19868,14895,306,190,39489,1086,972,148,741,634,89,999,915,139,1086,972,148,Finisher,2934
Martijn,Samson,Martijn Samson,1647,M25-29,Male,Steyl,Limburg,Netherlands,NL,1:17:30,5:50:20,3:39:57,0:06:13,0:04:11,10:58:10,4650,21020,13197,373,251,39490,1087,973,301,1379,1153,332,1448,1283,372,1087,973,301,Finisher,3063
Aksel,Misje Kirchert,Aksel Misje Kirchert,2040,M18-24,Male,Skanderborg,Jylland,Denmark,DK,1:02:20,5:39:12,4:06:22,0:06:26,0:03:52,10:58:12,3740,20352,14782,386,232,39492,1088,974,149,212,188,23,1014,929,141,1088,974,149,Finisher,2934
Nicholas,Ee,Nicholas Ee,766,M25-29,Male,Vancouver,British Columbia,Singapore,SG,0:58:25,5:50:17,4:02:14,0:04:24,0:02:51,10:58:12,3505,21017,14534,264,171,39492,1089,975,302,85,75,26,1109,1008,305,1089,975,302,Finisher,3062
Jakub,Levanszky,Jakub Levanszky,758,M30-34,Male,Ostrava,foreigner,Czech Republic,CZ,1:27:15,5:33:34,3:34:01,0:09:29,0:13:57,10:58:15,5235,20014,12841,569,837,39495,1090,976,190,2069,1701,286,1398,1243,227,1090,976,190,Finisher,3027
Martin,Laursen,Martin Laursen,446,M25-29,Male,København S,DK-84,Denmark,DK,1:11:46,5:57:39,3:38:34,0:05:30,0:04:51,10:58:21,4306,21459,13114,330,291,39501,1091,977,303,874,748,208,1462,1294,375,1091,977,303,Finisher,3061
Anna ,Blomquist Jørgensen,Anna Blomquist Jørgensen,1496,F30-34,Female,København,Copenhagen,Denmark,DK,1:12:36,5:40:23,3:56:08,0:05:24,0:03:59,10:58:29,4356,20423,14168,324,239,39509,1092,115,31,951,138,32,1202,123,33,1092,115,31,Finisher,3706
Amalie,Nygaard,Amalie Nygaard,2390,F25-29,Female,Aalborg,North Jütland,Denmark,DK,1:13:29,5:41:04,3:54:38,0:06:17,0:03:08,10:58:37,4409,20464,14078,377,188,39517,1093,116,47,1031,157,59,1241,131,50,1093,116,47,Finisher,3657
Michael,Ammitzbøll,Michael Ammitzbøll,2458,M40-44,Male,Helsinge,DK-85,Denmark,DK,1:21:29,5:16:20,4:10:25,0:06:54,0:03:31,10:58:40,4889,18980,15025,414,211,39520,1094,978,82,1698,1417,129,965,888,76,1094,978,82,Finisher,2974
Mia,Clark,Mia Clark,2456,F18-24,Female,Alresford,Hampshire,United Kingdom,GB,1:08:50,6:01:28,3:40:54,0:04:14,0:03:27,10:58:53,4130,21688,13254,254,207,39533,1095,117,10,603,78,10,1457,167,15,1095,117,10,Finisher,3897
Edvinas,Lepiochinas,Edvinas Lepiochinas,1694,M25-29,Male,Oslo,OSLO,Norway,NO,1:21:23,5:37:17,3:49:50,0:06:47,0:03:40,10:58:57,4883,20237,13790,407,220,39537,1096,979,304,1690,1409,394,1312,1173,347,1096,979,304,Finisher,3053
Sam,Linton,Sam Linton,2043,M45-49,Male,Northern Ireland,foreigner,United Kingdom,GB,1:28:58,5:51:07,3:25:08,0:07:58,0:05:50,10:59:00,5338,21067,12308,478,350,39540,1097,980,56,2156,1774,121,1683,1466,98,1097,980,56,Finisher,3442
Daniel,Loubjerg,Daniel Loubjerg,2273,M30-34,Male,Odense,Odense,Denmark,DK,1:20:51,5:22:46,4:07:10,0:04:58,0:03:18,10:59:03,4851,19366,14830,298,198,39543,1098,981,191,1648,1375,236,1027,938,178,1098,981,191,Finisher,3018
Magnus ,Nechard,Magnus Nechard,1444,M25-29,Male,Køge,Zealand,Denmark,DK,1:05:22,5:15:15,4:27:29,0:06:10,0:04:49,10:59:06,3922,18915,16049,370,289,39546,1099,982,305,346,305,89,640,609,170,1099,982,305,Finisher,3052
Arthur,Deketelaere,Arthur Deketelaere,2647,M25-29,Male,Ruddervoorde,,Belgium,BE,1:23:48,5:11:31,4:11:46,0:07:08,0:05:03,10:59:16,5028,18691,15106,428,303,39556,1100,983,306,1854,1535,418,917,849,251,1100,983,306,Finisher,3050
QU,CHEN,QU CHEN,1468,M40-44,Male,北京,CN-BJ,China,CN,1:32:40,5:21:56,3:52:50,0:07:06,0:05:11,10:59:43,5560,19316,13970,426,311,39583,1101,984,83,2289,1875,175,1257,1124,93,1101,984,83,Finisher,2961
Lewis,Collins,Lewis Collins,2173,M45-49,Male,Hagley,England,United Kingdom,GB,1:12:09,5:11:39,4:24:13,0:06:17,0:05:32,10:59:50,4329,18699,15853,377,332,39590,1102,985,57,905,773,53,696,659,37,1102,985,57,Finisher,3432
Rasmus,Nielsen,Rasmus Nielsen,1772,M18-24,Male,Hvidovre,,Denmark,DK,1:11:38,5:37:01,4:01:10,0:06:51,0:03:11,10:59:50,4298,20221,14470,411,191,39590,1103,986,150,860,737,108,1153,1046,155,1103,986,150,Finisher,2914
Max,Rosenberg,Max Rosenberg,593,M25-29,Male,København V,,Denmark,DK,1:20:50,5:37:08,3:51:34,0:06:53,0:03:30,10:59:55,4850,20228,13894,413,210,39595,1104,987,307,1643,1370,381,1299,1161,342,1104,987,307,Finisher,3042
Hubert,Møller,Hubert Møller,2080,M18-24,Male,Kongens Lyngby,,Denmark,DK,1:18:43,5:30:22,3:57:57,0:08:53,0:04:03,10:59:58,4723,19822,14277,533,243,39598,1105,988,151,1483,1241,191,1192,1072,161,1105,988,151,Finisher,2913
Nicolai,Rosenquist,Nicolai Rosenquist,1292,M18-24,Male,Copenhagen,DK-84,Denmark,DK,1:06:03,5:25:40,4:21:59,0:03:51,0:02:33,11:00:05,3963,19540,15719,231,153,39605,1106,989,152,384,337,45,794,744,115,1106,989,152,Finisher,2911
Sigurd Lilmose,Bech,Sigurd Lilmose Bech,1303,M25-29,Male,Frederiksberg,Copenhagen,Denmark,DK,1:10:46,5:56:53,3:40:37,0:08:32,0:03:33,11:00:21,4246,21413,13237,512,213,39621,1107,990,308,775,666,187,1492,1313,385,1107,990,308,Finisher,3037
Nanna,Wulff,Nanna Wulff,1941,F25-29,Female,Trollhättan,SE-O,Sweden,SE,1:21:17,5:52:22,3:35:16,0:06:51,0:04:36,11:00:22,4877,21142,12916,411,276,39622,1108,118,48,1682,278,101,1563,194,71,1108,118,48,Finisher,3636
Luke,Conti,Luke Conti,2353,M40-44,Male,Waddington,LAN,United Kingdom,GB,1:17:03,5:46:35,3:42:47,0:09:07,0:05:05,11:00:36,4623,20795,13367,547,305,39636,1109,991,84,1336,1117,98,1432,1270,102,1109,991,84,Finisher,2951
Joshua,Blackmore,Joshua Blackmore,1357,M30-34,Male,Llanelli,GB-WLS,United Kingdom,GB,1:10:47,5:41:25,3:54:31,0:07:43,0:06:30,11:00:56,4247,20485,14071,463,390,39656,1110,992,192,777,668,130,1221,1094,203,1110,992,192,Finisher,2995
Phillip,Sperling,Phillip Sperling,2633,M25-29,Male,"
Aalborg",,Denmark,DK,1:17:25,5:40:25,3:53:24,0:04:37,0:05:05,11:00:57,4645,20425,14004,277,305,39657,1111,993,309,1370,1146,330,1263,1128,333,1111,993,309,Finisher,3029
Oliver,Hou-Jensen,Oliver Hou-Jensen,2272,M25-29,Male,Odense,DK-83,Denmark,DK,1:27:43,5:05:22,4:18:28,0:07:12,0:02:24,11:01:11,5263,18322,15508,432,144,39671,1112,994,310,2096,1724,458,877,813,238,1112,994,310,Finisher,3027
Caroline,Linde,Caroline Linde,351,F30-34,Female,KØBENHAVN Ø,HOVEDSTADEN,Denmark,DK,1:07:54,5:36:47,4:08:43,0:04:50,0:03:03,11:01:16,4074,20207,14923,290,183,39676,1113,119,32,526,66,14,1048,92,28,1113,119,32,Finisher,3673
Edward,de Renzy-Martin,Edward de Renzy-Martin,1016,M40-44,Male,Charlottenlund,HOVEDSTADEN,United Kingdom,GB,1:11:08,5:35:17,4:04:04,0:07:35,0:03:33,11:01:37,4268,20117,14644,455,213,39697,1114,995,85,799,687,65,1131,1027,84,1114,995,85,Finisher,2938
Ronny ,Jansson ,Ronny Jansson,1993,M40-44,Male,Hvalstad ,Akershus,Norway,NO,1:11:26,5:34:11,4:03:23,0:07:56,0:04:43,11:01:39,4286,20051,14603,476,283,39699,1115,996,86,832,715,69,1122,1020,83,1115,996,86,Finisher,2938
Julie,Kjersgaard,Julie Kjersgaard,590,F35-39,Female,København,,Denmark,DK,1:21:37,5:31:39,3:52:33,0:09:26,0:06:30,11:01:44,4897,19899,13953,566,390,39704,1116,120,16,1706,284,35,1266,137,18,1116,120,16,Finisher,3596
Lise,Mathelet,Lise Mathelet,2236,F30-34,Female,Oisquercq,Walloon Region,France,FR,1:09:49,5:30:48,4:10:11,0:06:22,0:04:40,11:01:50,4189,19848,15011,382,280,39710,1117,121,33,684,93,21,1003,85,26,1117,121,33,Finisher,3666
Magnus,Skou,Magnus Skou,2352,M25-29,Male,Århus C,Central Jutland,Denmark,DK,1:17:34,5:31:27,3:57:36,0:11:02,0:04:18,11:01:56,4654,19887,14256,662,258,39716,1118,997,311,1387,1157,333,1226,1099,324,1118,997,311,Finisher,3018
Rob,Franckeiss,Rob Franckeiss,2614,M50-54,Male,Fareham,GB-HAM,United Kingdom,GB,1:07:31,5:24:12,4:18:40,0:06:20,0:05:34,11:02:17,4051,19452,15520,380,334,39737,1119,998,52,487,424,22,828,772,38,1119,998,52,Finisher,3515
Nicolai,Marger Nielsen,Nicolai Marger Nielsen,684,M30-34,Male,København,København,Denmark,DK,1:15:59,5:17:01,4:18:18,0:05:41,0:05:22,11:02:20,4559,19021,15498,341,322,39740,1120,999,193,1243,1044,188,841,781,151,1120,999,193,Finisher,2978
Szczepan,Kosel,Szczepan Kosel,19,M40-44,Male,Wrocław,PL-DS,Poland,PL,1:19:32,5:31:44,3:58:58,0:09:36,0:02:36,11:02:26,4772,19904,14338,576,156,39746,1121,1000,87,1561,1304,111,1243,1112,90,1121,1000,87,Finisher,2929
Carsten,Selmann,Carsten Selmann,381,M55-59,Male,Kastrup,DK-84,Denmark,DK,1:08:59,5:13:41,4:30:35,0:05:31,0:03:43,11:02:29,4139,18821,16235,331,223,39749,1122,1001,31,616,536,21,664,630,23,1122,1001,31,Finisher,3688
Daniel,Clifton,Daniel Clifton,1583,M35-39,Male,London,ENG,United Kingdom,GB,1:19:06,5:42:09,3:50:30,0:06:32,0:04:27,11:02:44,4746,20529,13830,392,267,39764,1123,1002,112,1519,1271,137,1354,1210,140,1123,1002,112,Finisher,3129
Bojan,Šumelj,Bojan Šumelj,1733,M35-39,Male,Zagreb,Zagreb,Croatia,HR,1:13:35,5:33:25,4:04:13,0:06:56,0:04:41,11:02:49,4415,20005,14653,416,281,39769,1124,1003,113,1046,887,95,1129,1026,122,1124,1003,113,Finisher,3128
Lasse,Krauss,Lasse Krauss,1149,M25-29,Male,Karlsruhe,BADEN-WURTTEMBERG,Denmark,DK,1:17:14,5:30:32,4:01:54,0:07:24,0:05:47,11:02:51,4634,19832,14514,444,347,39771,1125,1004,312,1355,1134,326,1143,1037,310,1125,1004,312,Finisher,3007
Mai-Brit,THYGESEN,Mai-Brit THYGESEN,1494,F50-54,Female,Skodsborg,DK-85,Denmark,DK,1:14:45,5:50:44,3:46:20,0:05:38,0:05:33,11:03:00,4485,21044,13580,338,333,39780,1126,122,4,1150,179,9,1405,158,7,1126,122,4,Finisher,3881
Stephan,Åkeborg,Stephan Åkeborg,2363,M60-64,Male,Munka-Ljungby,SE-M,Sweden,SE,1:12:14,5:26:58,4:13:11,0:06:36,0:04:04,11:03:04,4334,19618,15191,396,244,39784,1127,1005,8,911,778,12,980,897,8,1127,1005,8,Finisher,4301
Morten,Wilms,Morten Wilms,406,M40-44,Male,Hvidovre,DK-84,Denmark,DK,1:30:37,5:23:10,3:55:48,0:09:45,0:03:47,11:03:07,5437,19390,14148,585,227,39787,1128,1006,88,2226,1828,170,1279,1141,95,1128,1006,88,Finisher,2920
Martin Irgens,Ronæs,Martin Irgens Ronæs,2142,M45-49,Male,Moss,,Norway,NO,1:07:28,5:30:27,4:14:13,0:06:12,0:04:53,11:03:13,4048,19827,15253,372,293,39793,1129,1007,58,481,419,31,953,880,54,1129,1007,58,Finisher,3392
Oliver,Siebert,Oliver Siebert,2379,M25-29,Male,Kolding,Southern Jutland,Denmark,DK,1:27:24,5:15:09,4:09:58,0:06:51,0:03:58,11:03:20,5244,18909,14998,411,238,39800,1130,1008,313,2077,1708,453,1044,953,290,1130,1008,313,Finisher,3001
Rosa,Holm,Rosa Holm,368,F18-24,Female,Valby,,Denmark,DK,1:13:56,5:25:04,4:12:40,0:06:01,0:05:44,11:03:25,4436,19504,15160,361,344,39805,1131,123,11,1082,163,20,972,82,8,1131,123,11,Finisher,3842
Adam,Jennings,Adam Jennings,1383,M35-39,Male,Staines,SRY,United Kingdom,GB,1:11:57,5:10:23,4:22:13,0:06:36,0:12:25,11:03:34,4317,18623,15733,396,745,39814,1132,1009,114,890,760,85,678,643,73,1132,1009,114,Finisher,3119
Patrick,Kennedy,Patrick Kennedy,2564,M45-49,Male,St Lawrence,Jersey,United Kingdom,GB,1:47:25,6:03:57,3:02:17,0:05:47,0:04:16,11:03:41,6445,21837,10937,347,256,39821,1133,1010,59,2465,2000,163,2055,1747,125,1133,1010,59,Finisher,3386
Jonathan,Johansson,Jonathan Johansson,1699,M25-29,Male,Århus,Midtjylland,Denmark,DK,1:11:16,5:45:36,3:56:08,0:07:49,0:03:03,11:03:52,4276,20736,14168,469,183,39832,1134,1011,314,811,698,195,1297,1159,341,1134,1011,314,Finisher,2994
Anners,Bilenberg,Anners Bilenberg,2365,M50-54,Male,Viborg,,Denmark,DK,1:18:38,5:20:34,4:14:27,0:06:52,0:03:21,11:03:52,4718,19234,15267,412,201,39832,1135,1012,53,1472,1231,89,986,903,45,1135,1012,53,Finisher,3496
Jakob Mahler,Winther,Jakob Mahler Winther,1514,M25-29,Male,Give,Vejle ,Denmark,DK,1:23:53,5:14:08,4:16:36,0:05:41,0:03:48,11:04:06,5033,18848,15396,341,228,39846,1136,1013,315,1863,1543,421,945,873,257,1136,1013,315,Finisher,2992
Marius,Hashem,Marius Hashem,1227,M30-34,Male,Søborg,Copenhagen,Denmark,DK,1:20:17,5:28:18,4:05:20,0:06:43,0:03:36,11:04:14,4817,19698,14720,403,216,39854,1137,1014,194,1602,1336,228,1148,1042,193,1137,1014,194,Finisher,2956
Franck,Chapuis,Franck Chapuis,1893,M50-54,Male,Noisy le Roi,,France,FR,1:04:58,5:41:01,4:08:17,0:05:31,0:05:01,11:04:49,3898,20461,14897,331,301,39889,1138,1015,54,327,291,15,1078,983,51,1138,1015,54,Finisher,3485
Maximilian,Fredson,Maximilian Fredson,397,M25-29,Male,København Ø,Copenhagen,Denmark,DK,1:22:37,5:38:44,3:55:24,0:03:57,0:04:09,11:04:51,4957,20324,14124,237,249,39891,1139,1016,316,1775,1476,406,1309,1170,345,1139,1016,316,Finisher,2983
Marcel,Kurmann,Marcel Kurmann,1369,M25-29,Male,Sempach,CH-Luzern,Switzerland,CH,1:07:16,5:26:14,4:19:29,0:07:52,0:04:01,11:04:53,4036,19574,15569,472,241,39893,1140,1017,317,463,404,114,892,826,243,1140,1017,317,Finisher,2982
Michael,Hawkes,Michael Hawkes,1542,M50-54,Male,Southsea,HAM,United Kingdom,GB,1:13:00,5:17:26,4:24:31,0:05:52,0:04:06,11:04:55,4380,19046,15871,352,246,39895,1141,1018,55,992,850,53,804,753,37,1141,1018,55,Finisher,3483
Frederik,Møller Jessen,Frederik Møller Jessen,1590,M25-29,Male,"
Sunds",,Denmark,DK,1:22:17,5:40:55,3:49:49,0:06:36,0:05:23,11:05:00,4937,20455,13789,396,323,39900,1142,1019,318,1749,1454,401,1389,1236,362,1142,1019,318,Finisher,2981
Kristian,Walters,Kristian Walters,1663,M45-49,Male,merthyr,MERTHYR TYDFIL [MERTHYR TUDFUL GB-MTU],United Kingdom,GB,1:24:51,6:07:41,3:18:44,0:09:00,0:04:55,11:05:11,5091,22061,11924,540,295,39911,1143,1020,60,1921,1591,102,1869,1604,111,1143,1020,60,Finisher,3368
Magnus,Skelmose,Magnus Skelmose,439,M25-29,Male,Aarhus,Central Jutland,Denmark,DK,1:17:08,5:34:14,4:04:28,0:06:29,0:02:52,11:05:12,4628,20054,14668,389,172,39912,1144,1021,319,1346,1126,322,1191,1071,317,1144,1021,319,Finisher,2978
Stefan,Meijering,Stefan Meijering,2604,M30-34,Male,Groningen,Groningen,Netherlands,NL,1:14:45,5:39:52,3:55:06,0:09:52,0:05:38,11:05:13,4485,20392,14106,592,338,39913,1145,1022,195,1149,971,176,1293,1155,213,1145,1022,195,Finisher,2944
Lola,Devroe,Lola Devroe,519,F30-34,Female,Wezembeek-Oppem,,Belgium,BE,1:22:38,5:48:55,3:46:09,0:03:41,0:03:59,11:05:22,4958,20935,13569,221,239,39922,1146,124,34,1776,300,65,1470,170,42,1146,124,34,Finisher,3624
Jarmo,Kuusisto,Jarmo Kuusisto,2016,M55-59,Male,Pori,Satakunta,Finland,FI,1:13:19,5:12:03,4:29:29,0:05:20,0:05:10,11:05:22,4399,18723,16169,320,310,39922,1147,1023,32,1021,869,32,708,671,25,1147,1023,32,Finisher,3653
Pierre-Paul,De Mahieu,Pierre-Paul De Mahieu,1634,M35-39,Male,Archennes,,Belgium,BE,1:16:17,5:19:16,4:20:15,0:05:09,0:04:28,11:05:25,4577,19156,15615,309,268,39925,1148,1024,115,1274,1069,116,887,822,97,1148,1024,115,Finisher,3097
Emilie,Lolk-Ottosen,Emilie Lolk-Ottosen,2612,F25-29,Female,"
Svendborg",,Denmark,DK,1:13:02,5:42:57,3:50:18,0:13:27,0:05:54,11:05:38,4382,20577,13818,807,354,39938,1149,125,49,994,143,54,1386,152,60,1149,125,49,Finisher,3573
Katharina,Simka,Katharina Simka,942,F40-44,Female,Premstätten,STEIERMARK,Germany,DE,1:02:40,5:33:25,4:17:18,0:07:14,0:05:03,11:05:41,3760,20005,15438,434,303,39941,1150,126,7,224,27,1,940,72,4,1150,126,7,Finisher,4344
Jacob Darling,Hansen,Jacob Darling Hansen,2480,M30-34,Male,KØBENHAVN S,Copenhagen,Denmark,DK,1:09:39,5:45:04,3:55:12,0:09:33,0:06:16,11:05:44,4179,20704,14112,573,376,39944,1151,1025,196,671,579,119,1290,1152,212,1151,1025,196,Finisher,2938
Daniel,Strecker,Daniel Strecker,559,M35-39,Male,Eschweiler,WILTZ,Luxembourg,LU,1:28:36,5:19:17,4:05:22,0:08:41,0:03:50,11:05:46,5316,19157,14722,521,230,39946,1152,1026,116,2137,1760,192,1173,1058,124,1152,1026,116,Finisher,3093
Gustav Normann,Strøyberg,Gustav Normann Strøyberg,2545,M25-29,Male,Aalborg,North Jütland,Denmark,DK,1:14:59,5:38:56,4:02:35,0:04:59,0:04:19,11:05:49,4499,20336,14555,299,259,39949,1153,1027,320,1168,986,275,1209,1084,319,1153,1027,320,Finisher,2971
Claire,Cleaver,Claire Cleaver,103,F35-39,Female,London,SRY,United Kingdom,GB,1:05:21,5:44:39,4:07:02,0:04:55,0:03:54,11:05:52,3921,20679,14822,295,234,39952,1154,127,17,344,41,5,1139,105,13,1154,127,17,Finisher,3547
Marius,Gartoft,Marius Gartoft,1060,M18-24,Male,København K,Copenhagen,Denmark,DK,1:32:56,5:33:07,3:52:33,0:05:08,0:02:13,11:05:57,5576,19987,13953,308,133,39957,1155,1028,153,2302,1884,272,1406,1248,188,1155,1028,153,Finisher,2841
Linnéa,Gyllberg,Linnéa Gyllberg,2745,F25-29,Female,Solna,SE-AB,Sweden,SE,0:58:18,6:20:03,3:36:27,0:06:30,0:04:39,11:05:58,3498,22803,12987,390,279,39958,1156,128,50,84,10,6,1634,205,76,1156,128,50,Finisher,3569
Karsten,Madsen,Karsten Madsen,233,M50-54,Male,"
Greve",,Denmark,DK,1:15:55,5:30:02,4:07:39,0:07:15,0:05:09,11:05:59,4555,19802,14859,435,309,39959,1157,1029,56,1239,1040,72,1110,1009,56,1157,1029,56,Finisher,3471
Sidney,Verhulst,Sidney Verhulst,2546,F25-29,Female,Valencia,VALENCIA*,Belgium,BE,1:25:39,5:43:57,3:45:08,0:06:05,0:05:15,11:06:04,5139,20637,13508,365,315,39964,1158,129,51,1969,341,119,1478,175,68,1158,129,51,Finisher,3567
Henrik De La Fuente,Rasmussen,Henrik De La Fuente Rasmussen,379,M45-49,Male,Åbybro,DK-81,Denmark,DK,1:38:21,5:03:44,4:09:36,0:11:19,0:03:07,11:06:07,5901,18224,14976,679,187,39967,1159,1030,61,2382,1941,153,1117,1015,64,1159,1030,61,Finisher,3357
Juha-Matti,Hautaniemi,Juha-Matti Hautaniemi,2014,M45-49,Male,Pori,FI-17,Finland,FI,1:10:18,5:24:02,4:19:30,0:05:42,0:06:45,11:06:17,4218,19442,15570,342,405,39977,1160,1031,62,724,622,44,870,806,47,1160,1031,62,Finisher,3355
Victor,Ingstrup Elligsøe,Victor Ingstrup Elligsøe,2393,M25-29,Male,Skive,,Denmark,DK,1:13:34,5:22:34,4:22:23,0:05:20,0:02:34,11:06:25,4414,19354,15743,320,154,39985,1161,1032,321,1040,882,246,894,828,245,1161,1032,321,Finisher,2964
Joakim,Almløf,Joakim Almløf,2447,M50-54,Male,Hakadal,NO-02,Sweden,SE,0:58:31,5:11:35,4:45:35,0:06:08,0:04:42,11:06:31,3511,18695,17135,368,282,39991,1162,1033,57,89,78,3,447,429,20,1162,1033,57,Finisher,3464
Louie Steven,Jacobsen ,Louie Steven Jacobsen,1276,M25-29,Male,Aarhus,Central Jutland,Denmark,DK,1:19:43,5:56:25,3:40:46,0:07:22,0:02:59,11:07:15,4783,21385,13246,442,179,40035,1163,1034,322,1570,1310,370,1612,1409,401,1163,1034,322,Finisher,2954
Ivan,Hayes,Ivan Hayes,1341,M45-49,Male,Limerick,IE-Limerick,Ireland,IE,1:07:36,5:44:03,3:55:09,0:13:15,0:07:13,11:07:17,4056,20643,14109,795,433,40037,1164,1035,63,497,434,33,1300,1162,79,1164,1035,63,Finisher,3343
Lin,Bigom-Eriksen,Lin Bigom-Eriksen,206,F25-29,Female,Kongens Lyngby,DK-84,Denmark,DK,1:10:09,5:31:21,4:17:15,0:05:12,0:03:22,11:07:19,4209,19881,15435,312,202,40039,1165,130,52,713,98,37,998,84,33,1165,130,52,Finisher,3552
Gordon,Stephen,Gordon Stephen,850,M35-39,Male,Exeter,DEV,United Kingdom,GB,1:20:51,5:41:28,3:50:50,0:06:55,0:07:24,11:07:27,4851,20488,13850,415,444,40047,1166,1036,117,1644,1371,149,1378,1230,143,1166,1036,117,Finisher,3073
Andreas,Thøgersen,Andreas Thøgersen,563,M18-24,Male,Aarhus,DK-82,Denmark,DK,1:16:19,5:15:09,4:24:59,0:05:42,0:05:25,11:07:33,4579,18909,15899,342,325,40053,1167,1037,154,1280,1074,157,815,761,120,1167,1037,154,Finisher,2822
Thore,Kaalund,Thore Kaalund,2412,M55-59,Male,Sønderborg,,Denmark,DK,1:14:21,4:53:59,4:49:37,0:06:26,0:03:13,11:07:36,4461,17639,17377,386,193,40056,1168,1038,33,1116,945,36,419,402,15,1168,1038,33,Finisher,3626
Mads,Olsen Nekkøy,Mads Olsen Nekkøy,2252,M25-29,Male,Olso,Oslo,Norway,NO,1:15:15,6:02:34,3:38:12,0:07:13,0:04:25,11:07:38,4515,21754,13092,433,265,40058,1169,1039,323,1189,1002,280,1637,1431,410,1169,1039,323,Finisher,2949
Rasmus,Preisler,Rasmus Preisler,813,M18-24,Male,København Ø,Copenhagen,Denmark,DK,1:13:57,5:28:09,4:11:28,0:07:35,0:06:37,11:07:46,4437,19689,15088,455,397,40066,1170,1040,155,1085,921,136,1051,958,144,1170,1040,155,Finisher,2819
Louis,Sørensen,Louis Sørensen,1177,M30-34,Male,København,Copenhagen,Denmark,DK,1:32:02,5:02:55,4:23:15,0:06:20,0:03:25,11:07:57,5522,18175,15795,380,205,40077,1171,1041,197,2271,1864,311,890,825,158,1171,1041,197,Finisher,2911
Annette,De Wolf,Annette De Wolf,2371,F30-34,Female,Rotterdam,NL-ZH,Netherlands,NL,1:26:25,5:44:57,3:45:07,0:07:44,0:03:53,11:08:06,5185,20697,13507,464,233,40086,1172,131,35,2012,355,76,1540,186,44,1172,131,35,Finisher,3591
Mariusz,Szultka,Mariusz Szultka,2637,M40-44,Male,Koszalin,,Poland,PL,1:21:12,5:37:26,3:57:02,0:07:46,0:04:44,11:08:10,4872,20246,14222,466,284,40090,1173,1042,89,1678,1402,125,1324,1184,96,1173,1042,89,Finisher,2860
Ville,Nieminen,Ville Nieminen,1785,M35-39,Male,HELSINKI,Uusimaa,Finland,FI,1:24:34,5:28:40,4:01:16,0:07:12,0:06:41,11:08:23,5074,19720,14476,432,401,40103,1174,1043,118,1904,1579,177,1233,1105,131,1174,1043,118,Finisher,3061
Bente,Arts,Bente Arts,919,F30-34,Female,København K,Copenhagen,Denmark,DK,1:23:39,5:13:21,4:18:24,0:07:55,0:05:14,11:08:33,5019,18801,15504,475,314,40113,1175,132,36,1844,317,68,969,80,25,1175,132,36,Finisher,3585
Daniel,Koefoed pedersen-drejer,Daniel Koefoed pedersen-drejer,1535,M35-39,Male,Maribo,SJÆLLAND,Denmark,DK,1:12:48,5:48:12,3:55:49,0:06:44,0:05:00,11:08:34,4368,20892,14149,404,300,40114,1176,1044,119,971,832,90,1353,1209,139,1176,1044,119,Finisher,3059
Maria,Glavind,Maria Glavind,1314,F30-34,Female,Frederikssund,DK-84,Denmark,DK,1:19:11,5:46:58,3:46:07,0:08:36,0:07:44,11:08:35,4751,20818,13567,516,464,40115,1177,133,37,1527,250,53,1460,168,41,1177,133,37,Finisher,3585
Frederik,Jagd Bank,Frederik Jagd Bank,1903,M25-29,Male,Aarhus,DK-82,Denmark,DK,1:17:08,5:29:24,4:11:41,0:05:02,0:05:23,11:08:38,4628,19764,15101,302,323,40118,1178,1045,324,1345,1125,321,1081,986,300,1178,1045,324,Finisher,2937
Emil Skibsted,Jakobsen,Emil Skibsted Jakobsen,731,M25-29,Male,København NV,Region Hovedstaden,Denmark,DK,1:10:45,6:07:26,3:44:03,0:04:38,0:01:58,11:08:49,4245,22046,13443,278,118,40129,1179,1046,325,772,663,186,1601,1399,396,1179,1046,325,Finisher,2935
Lucy,Crowther,Lucy Crowther,296,F35-39,Female,Guildford,SRY,United Kingdom,GB,1:11:34,5:51:39,3:55:25,0:05:59,0:04:16,11:08:53,4294,21099,14125,359,256,40133,1180,134,18,851,122,13,1377,148,19,1180,134,18,Finisher,3511
Michal,Okuniewski,Michal Okuniewski,1879,M35-39,Male,Gdansk,PL-PM,Poland,PL,1:16:02,5:26:16,4:13:58,0:08:05,0:04:43,11:09:05,4562,19576,15238,485,283,40145,1181,1047,120,1250,1050,114,1060,966,112,1181,1047,120,Finisher,3053
louis,leclef,louis leclef,676,M25-29,Male,Gent,OOST-VLAANDEREN,Belgium,BE,1:25:21,5:51:49,3:36:42,0:09:18,0:06:00,11:09:10,5121,21109,13002,558,360,40150,1182,1048,326,1955,1619,435,1659,1447,413,1182,1048,326,Finisher,2931
Will,Glenn,Will Glenn,269,M18-24,Male,Reigate,Surrey,United Kingdom,GB,1:11:04,5:55:01,3:51:54,0:04:58,0:06:26,11:09:23,4264,21301,13914,298,386,40163,1183,1049,156,795,683,98,1403,1246,187,1183,1049,156,Finisher,2800
Jacob,Mølbæk Mosgaard Christensen,Jacob Mølbæk Mosgaard Christensen,2124,M25-29,Male,Aarhus,DK-82,Denmark,DK,1:12:31,5:43:27,4:01:39,0:07:36,0:04:20,11:09:32,4351,20607,14499,456,260,40172,1184,1050,327,946,810,229,1280,1142,336,1184,1050,327,Finisher,2926
Adam,Moore,Adam Moore,1324,M25-29,Male,Co Down,foreigner,United Kingdom,GB,1:08:05,5:28:30,4:23:35,0:06:03,0:03:32,11:09:45,4085,19710,15815,363,212,40185,1185,1051,328,541,475,130,919,850,252,1185,1051,328,Finisher,2924
Olivia,Eliasen,Olivia Eliasen,1048,F25-29,Female,Frederiksberg,Copenhagen,Denmark,DK,1:20:43,5:59:03,3:39:09,0:06:09,0:04:44,11:09:48,4843,21543,13149,369,284,40188,1186,135,53,1630,271,98,1651,208,77,1186,135,53,Finisher,3523
Jonas,Wilmann,Jonas Wilmann,1849,M35-39,Male,Stavanger,Rogaland,Norway,NO,1:30:44,5:38:04,3:44:45,0:10:14,0:06:06,11:09:53,5444,20284,13485,614,366,40193,1187,1052,121,2228,1830,202,1538,1353,156,1187,1052,121,Finisher,3043
Ryan,Parry-Finneran,Ryan Parry-Finneran,273,M35-39,Male,Bookham,SRY,United Kingdom,GB,1:13:41,5:31:49,4:12:40,0:07:33,0:04:12,11:09:55,4421,19909,15160,453,252,40195,1188,1053,122,1051,891,97,1108,1007,118,1188,1053,122,Finisher,3043
Paul,Hustwit,Paul Hustwit,1298,M35-39,Male,Leeds,GB-EAST RIDING OF YORKSHIRE,United Kingdom,GB,1:13:57,5:56:05,3:44:36,0:08:56,0:06:27,11:10:02,4437,21365,13476,536,387,40202,1189,1054,123,1087,923,100,1536,1351,155,1189,1054,123,Finisher,3042
Robert,Granfelt,Robert Granfelt,1698,M35-39,Male,Espoo,Uusimaa,Finland,FI,1:18:04,5:46:00,3:51:39,0:09:05,0:05:21,11:10:10,4684,20760,13899,545,321,40210,1190,1055,124,1428,1190,126,1436,1274,145,1190,1055,124,Finisher,3040
Mads,Damsgaard,Mads Damsgaard,418,M55-59,Male,Frederikshavn,DK-81,Denmark,DK,1:18:29,5:27:30,4:11:03,0:08:50,0:04:29,11:10:20,4709,19650,15063,530,269,40220,1191,1056,34,1462,1222,49,1138,1034,42,1191,1056,34,Finisher,3593
Balder,Støen ,Balder Støen,1728,M18-24,Male,Nesoddtangen,Akershus,Norway,NO,1:18:49,5:33:11,4:07:32,0:05:45,0:05:05,11:10:23,4729,19991,14852,345,305,40223,1192,1057,157,1496,1253,195,1190,1070,160,1192,1057,157,Finisher,2788
Mathias,Boock,Mathias Boock,2155,M35-39,Male,Køge,,Denmark,DK,1:17:10,5:18:12,4:25:20,0:04:48,0:04:55,11:10:25,4630,19092,15920,288,295,40225,1193,1058,125,1349,1128,122,872,808,92,1193,1058,125,Finisher,3037
Joshua,Jensin,Joshua Jensin,726,M18-24,Male,Kastrup,DK-84,Denmark,DK,1:27:59,5:23:54,4:04:01,0:08:35,0:05:58,11:10:27,5279,19434,14641,515,358,40227,1194,1059,158,2106,1734,252,1235,1106,168,1194,1059,158,Finisher,2787
Yves,Savoy,Yves Savoy,129,M25-29,Male,Zürich,CH-ZH,Switzerland,CH,1:09:55,5:39:49,4:11:26,0:04:59,0:04:20,11:10:30,4195,20389,15086,299,260,40230,1195,1060,329,701,606,170,1137,1033,309,1195,1060,329,Finisher,2915
Magne,Drejergaard,Magne Drejergaard,670,M18-24,Male,Tommerup,SYDDANMARK,Denmark,DK,1:13:46,5:49:40,3:57:06,0:06:16,0:03:40,11:10:30,4426,20980,14226,376,220,40230,1196,1061,159,1062,901,129,1388,1235,186,1196,1061,159,Finisher,2786
Ben,Diprose,Ben Diprose,291,M50-54,Male,Reigate,GB-SSX,United Kingdom,GB,1:18:29,5:36:50,3:58:46,0:09:36,0:07:02,11:10:43,4709,20210,14326,576,422,40243,1197,1062,58,1461,1221,87,1302,1164,71,1197,1062,58,Finisher,3414
Natascha Krebs,Vogter,Natascha Krebs Vogter,692,F30-34,Female,København V,DK-84,Denmark,DK,1:22:07,5:12:42,4:27:02,0:06:52,0:02:11,11:10:55,4927,18762,16022,412,131,40255,1198,136,38,1738,293,62,899,68,22,1198,136,38,Finisher,3557
Bridie,Salmon,Bridie Salmon,2668,F25-29,Female,Thorganby,Lincolnshire,United Kingdom,GB,1:11:42,5:43:50,4:07:44,0:04:55,0:02:46,11:10:58,4302,20630,14864,295,166,40258,1199,137,54,869,125,47,1234,129,49,1199,137,54,Finisher,3509
Sune,Petersen,Sune Petersen,2339,M30-34,Male,København SV,,Denmark,DK,1:24:03,5:35:57,3:59:07,0:07:15,0:04:40,11:11:02,5043,20157,14347,435,280,40262,1200,1063,198,1869,1547,258,1342,1198,219,1200,1063,198,Finisher,2874
Andrew,Cavendish,Andrew Cavendish,1805,M40-44,Male,Whitby,GB-NYK,United Kingdom,GB,1:20:51,5:20:52,4:14:17,0:09:36,0:05:28,11:11:04,4851,19252,15257,576,328,40264,1201,1064,90,1647,1374,122,1073,978,82,1201,1064,90,Finisher,2825
Ronald,Calolot,Ronald Calolot,587,M40-44,Male,Vienna,,Philippines,PH,1:20:16,5:48:28,3:52:23,0:05:38,0:04:35,11:11:21,4816,20908,13943,338,275,40281,1202,1065,91,1601,1335,119,1453,1287,103,1202,1065,91,Finisher,2822
Søren Ole Løth,Westergaard,Søren Ole Løth Westergaard,2069,M18-24,Male,VIBORG,Viborg kommune,Denmark,DK,1:17:40,5:49:21,3:53:36,0:06:58,0:03:52,11:11:26,4660,20961,14016,418,232,40286,1203,1066,160,1394,1164,175,1446,1281,189,1203,1066,160,Finisher,2775
Jakob,Wiik,Jakob Wiik,2488,M25-29,Male,Østerbro,,Denmark,DK,1:09:21,5:34:18,4:15:20,0:08:29,0:04:05,11:11:32,4161,20058,15320,509,245,40292,1204,1067,330,643,558,153,1093,994,302,1204,1067,330,Finisher,2902
Emil,Jensen,Emil Jensen,1538,M25-29,Male,København,Copenhagen,Denmark,DK,1:16:43,6:00:49,3:46:03,0:05:57,0:02:08,11:11:40,4603,21649,13563,357,128,40300,1205,1068,331,1308,1095,309,1611,1408,400,1205,1068,331,Finisher,2901
Jakob,Buchmann,Jakob Buchmann,1706,M25-29,Male,München,Bavaria,Germany,DE,1:12:56,5:34:15,4:07:23,0:11:13,0:05:53,11:11:40,4376,20055,14843,673,353,40300,1206,1069,332,985,843,237,1203,1080,318,1206,1069,332,Finisher,2901
Max,Singer,Max Singer,1019,M35-39,Male,Ballasalla Isle of Man ,LAN,Isle of Man,IM,1:03:44,5:23:23,4:32:33,0:07:29,0:04:36,11:11:46,3824,19403,16353,449,276,40306,1207,1070,126,268,237,30,786,737,82,1207,1070,126,Finisher,3021
Gerriet,Gruben,Gerriet Gruben,1404,M40-44,Male,Gelting,Schlewig-Holstein,Germany,DE,1:20:15,5:53:41,3:41:45,0:10:31,0:05:37,11:11:49,4815,21221,13305,631,337,40309,1208,1071,92,1598,1332,117,1628,1424,124,1208,1071,92,Finisher,2816
August,Toftte,August Toftte,316,M18-24,Male,Valby,Copenhagen,Denmark,DK,1:14:31,5:44:09,4:02:51,0:07:56,0:02:30,11:11:57,4471,20649,14571,476,150,40317,1209,1072,161,1131,956,144,1329,1188,177,1209,1072,161,Finisher,2769
Ruben,Lathuy,Ruben Lathuy,2617,M25-29,Male,København NV,,Belgium,BE,1:12:21,5:45:57,3:59:25,0:09:40,0:04:35,11:11:59,4341,20757,14365,580,275,40319,1210,1073,333,928,793,222,1356,1212,357,1210,1073,333,Finisher,2897
Reto,Rothenbühler,Reto Rothenbühler,242,M55-59,Male,Suhr,CH-AG,Switzerland,CH,1:06:58,5:23:33,4:28:56,0:08:56,0:03:41,11:12:04,4018,19413,16136,536,221,40324,1211,1074,35,449,392,10,860,798,31,1211,1074,35,Finisher,3573
Jesper Storm,Thygesen,Jesper Storm Thygesen,1495,M50-54,Male,Skodsborg,Copenhagen,Denmark,DK,1:19:41,5:48:02,3:56:53,0:04:48,0:02:47,11:12:10,4781,20882,14213,288,167,40330,1212,1075,59,1567,1308,94,1427,1265,82,1212,1075,59,Finisher,3396
Frederik,Bülow,Frederik Bülow,2131,M25-29,Male,København,HOVEDSTADEN,Denmark,DK,1:32:01,5:38:40,3:45:43,0:06:56,0:08:55,11:12:16,5521,20320,13543,416,535,40336,1213,1076,334,2270,1863,477,1521,1337,388,1213,1076,334,Finisher,2894
Mathias Haugaard ,Jensen ,Mathias Haugaard Jensen,1966,M18-24,Male,Aarhus,Central Jutland,Denmark,DK,1:14:42,5:34:34,4:11:56,0:06:20,0:04:58,11:12:30,4482,20074,15116,380,298,40350,1214,1077,162,1145,968,145,1155,1048,156,1214,1077,162,Finisher,2762
Andreas,Larsen,Andreas Larsen,2750,M25-29,Male,Fevik,Agder,Norway,NO,1:31:58,5:19:54,4:08:04,0:08:21,0:04:18,11:12:35,5518,19194,14884,501,258,40355,1215,1078,335,2266,1859,476,1228,1101,326,1215,1078,335,Finisher,2890
Carsten,Bjørn,Carsten Bjørn,496,M50-54,Male,Værløse,HOVEDSTADEN,Denmark,DK,1:13:34,5:33:25,4:13:29,0:08:16,0:03:57,11:12:42,4414,20005,15209,496,237,40362,1216,1079,60,1044,885,57,1146,1040,59,1216,1079,60,Finisher,3390
Sébastien,Nève De Mévergnies,Sébastien Nève De Mévergnies,1635,M30-34,Male,Bruxelles,,Belgium,BE,1:22:20,5:39:49,3:57:18,0:09:11,0:04:25,11:13:03,4940,20389,14238,551,265,40383,1217,1080,199,1752,1457,250,1410,1252,231,1217,1080,199,Finisher,2850
Sofie ,Malig,Sofie Malig,855,F25-29,Female,København ,,Denmark,DK,1:23:40,5:33:06,4:06:40,0:05:53,0:03:56,11:13:15,5020,19986,14800,353,236,40395,1218,138,55,1846,318,114,1265,136,53,1218,138,55,Finisher,3481
Amalie Skjold,Frederiksen,Amalie Skjold Frederiksen,623,F25-29,Female,Vanløse,,Denmark,DK,1:17:33,5:44:42,4:00:40,0:06:56,0:03:33,11:13:24,4653,20682,14440,416,213,40404,1219,139,56,1386,230,83,1373,146,58,1219,139,56,Finisher,3479
John,Nickels,John Nickels,1754,M50-54,Male,Plymouth,Devon,United Kingdom,GB,1:10:35,5:31:24,4:13:40,0:10:34,0:07:12,11:13:25,4235,19884,15220,634,432,40405,1220,1081,61,753,646,37,1097,998,54,1220,1081,61,Finisher,3381
Immy,Syms,Immy Syms,929,F25-29,Female,London,GB-WND,United Kingdom,GB,1:13:40,5:47:45,4:02:37,0:05:06,0:04:17,11:13:25,4420,20865,14557,306,257,40405,1221,140,57,1050,160,60,1328,141,56,1221,140,57,Finisher,3479
Brian,Carlsen,Brian Carlsen,2419,M50-54,Male,Randes NØ,MIDTJYLLAND,Denmark,DK,1:17:18,5:27:00,4:20:08,0:05:49,0:03:23,11:13:39,4638,19620,15608,349,203,40419,1222,1082,62,1361,1139,80,1055,962,48,1222,1082,62,Finisher,3379
Pavel,Matous,Pavel Matous,2246,M35-39,Male,Srubec,,Czech Republic,CZ,1:22:47,5:49:13,3:49:59,0:07:22,0:04:23,11:13:45,4967,20953,13799,442,263,40425,1223,1083,127,1788,1484,157,1546,1358,159,1223,1083,127,Finisher,2997
Lennert,Jonckheere,Lennert Jonckheere,1097,M18-24,Male,Sint-Amandsberg (Gent),OOST-VLAANDEREN,Belgium,BE,1:14:22,5:30:05,4:13:52,0:09:24,0:06:02,11:13:45,4462,19805,15232,564,362,40425,1224,1084,163,1117,946,142,1128,1025,152,1224,1084,163,Finisher,2747
Isabell,Schwenkert,Isabell Schwenkert,96,F45-49,Female,Hannover,DE-NI,Germany,DE,1:30:06,5:36:46,3:52:55,0:09:10,0:04:51,11:13:49,5406,20206,13975,550,291,40429,1225,141,6,2206,395,28,1487,177,8,1225,141,6,Finisher,3922
Mikael,Mortensen,Mikael Mortensen,469,M35-39,Male,ishoej,DK-84,Denmark,DK,1:14:12,5:34:36,4:14:59,0:06:18,0:03:48,11:13:53,4452,20076,15299,378,228,40433,1226,1085,128,1101,933,101,1142,1036,123,1226,1085,128,Finisher,2995
Neil,Feakins,Neil Feakins,434,M45-49,Male,Longfield,GB-KEN,United Kingdom,GB,1:09:53,5:45:33,4:01:51,0:09:06,0:07:32,11:13:55,4193,20733,14511,546,452,40435,1227,1086,64,694,600,41,1295,1157,78,1227,1086,64,Finisher,3263
Thomas, Ryaa,Thomas Ryaa,1909,M40-44,Male,Kongens Lyngby,HOVEDSTADEN,Denmark,DK,1:25:20,5:42:29,3:51:12,0:08:31,0:06:25,11:13:58,5120,20549,13872,511,385,40438,1228,1087,93,1952,1617,152,1496,1317,107,1228,1087,93,Finisher,2790
Clara,Koch,Clara Koch,1705,F25-29,Female,Kongens Lyngby,DK-84,Denmark,DK,1:14:25,5:40:19,4:09:45,0:05:39,0:03:52,11:14:00,4465,20419,14985,339,232,40440,1229,142,58,1123,174,66,1232,128,48,1229,142,58,Finisher,3472
Frederik,Stengaard,Frederik Stengaard,2018,M30-34,Male,København Ø,Copenhagen,Denmark,DK,1:24:27,5:31:20,4:01:42,0:10:50,0:05:44,11:14:04,5067,19880,14502,650,344,40444,1230,1088,200,1898,1573,264,1331,1190,217,1230,1088,200,Finisher,2838
Martin,Scarlett,Martin Scarlett,1899,M40-44,Male,Reading,BRK,United Kingdom,GB,1:24:33,5:48:19,3:53:23,0:04:40,0:03:11,11:14:06,5073,20899,14003,280,191,40446,1231,1089,94,1902,1577,147,1519,1335,109,1231,1089,94,Finisher,2789
Rune Andre,Wiig,Rune Andre Wiig,2497,M55-59,Male,Ski,AKERSHUS,Norway,NO,1:18:55,5:49:01,3:54:58,0:06:31,0:04:42,11:14:07,4735,20941,14098,391,282,40447,1232,1090,36,1504,1259,51,1455,1289,51,1232,1090,36,Finisher,3548
Dylan,Thomas,Dylan Thomas,1667,M40-44,Male,Merthyr tydfil,GB-WLS,United Kingdom,GB,1:24:25,5:33:15,4:00:22,0:09:38,0:06:55,11:14:35,5065,19995,14422,578,415,40475,1233,1091,95,1895,1571,145,1343,1199,98,1233,1091,95,Finisher,2783
Tobias,Hartelius,Tobias Hartelius,1063,M18-24,Male,København S,,Denmark,DK,1:13:54,5:01:11,4:47:16,0:07:25,0:04:55,11:14:42,4434,18071,17236,445,295,40482,1234,1092,164,1078,917,134,567,541,91,1234,1092,164,Finisher,2736
Tomasz,Tatarata,Tomasz Tatarata,2515,M35-39,Male,Hamburg,DE-HH,Poland,PL,1:30:30,5:17:29,4:08:54,0:10:44,0:07:07,11:14:44,5430,19049,14934,644,427,40484,1235,1093,129,2220,1822,201,1208,1083,128,1235,1093,129,Finisher,2985
Mads,Bilgrav-Nielsen,Mads Bilgrav-Nielsen,1160,M25-29,Male,København S,Copenhagen,Denmark,DK,1:25:20,5:21:07,4:14:27,0:08:55,0:04:57,11:14:45,5120,19267,15267,535,297,40485,1236,1094,336,1950,1615,434,1149,1043,311,1236,1094,336,Finisher,2864
Adam,Vergara,Adam Vergara,188,M30-34,Male,"
Aarhus",,Denmark,DK,1:26:00,5:29:46,4:08:40,0:06:59,0:03:25,11:14:50,5160,19786,14920,419,205,40490,1237,1095,201,1985,1641,274,1270,1132,206,1237,1095,201,Finisher,2828
Louella,Benvenuti,Louella Benvenuti,609,F40-44,Female,pianezza,PIEMONTE,Italy,IT,1:09:33,5:47:14,4:07:10,0:05:40,0:05:21,11:14:58,4173,20834,14830,340,321,40498,1238,143,8,663,90,8,1262,135,8,1238,143,8,Finisher,4233
Julie,Høj,Julie Høj,2056,F18-24,Female,Hvide Sande,MIDTJYLLAND,Denmark,DK,1:26:50,5:42:41,3:53:46,0:07:27,0:04:16,11:14:59,5210,20561,14026,447,256,40499,1239,144,12,2042,362,37,1510,184,17,1239,144,12,Finisher,3704
Yuemiao,Sun,Yuemiao Sun,409,M40-44,Male,北京,CN-BJ,China,CN,1:07:22,6:09:47,3:48:56,0:04:53,0:04:14,11:15:12,4042,22187,13736,293,254,40512,1240,1096,96,472,412,39,1586,1385,118,1240,1096,96,Finisher,2775
Klaus,Schneider Knutsson,Klaus Schneider Knutsson,1762,M25-29,Male,Aarhus,Central Jutland,Denmark,DK,1:17:13,5:40:09,3:58:38,0:10:58,0:08:24,11:15:23,4633,20409,14318,658,504,40523,1241,1097,337,1354,1133,325,1361,1216,358,1241,1097,337,Finisher,2856
Tilde,Danbo,Tilde Danbo,696,F30-34,Female,København S,HOVEDSTADEN,Denmark,DK,1:26:11,6:08:55,3:33:23,0:04:59,0:02:01,11:15:28,5171,22135,12803,299,121,40528,1242,145,39,1998,350,75,1855,260,56,1242,145,39,Finisher,3502
Daniel,Maxwell,Daniel Maxwell,447,M25-29,Male,København,Copenhagen,Denmark,DK,1:08:45,5:54:34,4:03:33,0:05:21,0:03:22,11:15:35,4125,21274,14613,321,202,40535,1243,1098,338,597,521,145,1365,1220,360,1243,1098,338,Finisher,2854
Harald Kjeldahl Gehl ,Andersen,Harald Kjeldahl Gehl Andersen,1719,M18-24,Male,Brøndby,Copenhagen,Denmark,DK,1:13:11,5:54:12,3:51:11,0:09:07,0:07:58,11:15:39,4391,21252,13871,547,478,40539,1244,1099,165,1009,861,125,1500,1319,193,1244,1099,165,Finisher,2724
Sebastian ,Reves ,Sebastian Reves,1594,M25-29,Male,København,Valby,Denmark,DK,1:17:10,5:23:33,4:20:36,0:09:40,0:04:44,11:15:43,4630,19413,15636,580,284,40543,1245,1100,339,1348,1127,323,1059,965,294,1245,1100,339,Finisher,2852
Nikolaj,Christensen,Nikolaj Christensen,950,M30-34,Male,Aalborg ,Nordjylland ,Denmark,DK,1:22:07,5:34:24,4:07:25,0:07:27,0:04:24,11:15:47,4927,20064,14845,447,264,40547,1246,1101,202,1737,1445,246,1285,1147,209,1246,1101,202,Finisher,2817
Jan,Jary,Jan Jary,2251,M40-44,Male,Prague,PRAHA 13,Czech Republic,CZ,1:12:43,5:47:57,3:56:45,0:11:41,0:06:50,11:15:57,4363,20877,14205,701,410,40557,1247,1102,97,960,821,79,1426,1264,101,1247,1102,97,Finisher,2766
Sofia,Turner,Sofia Turner,1655,F25-29,Female,Surbiton,SRY,United Kingdom,GB,1:20:05,5:47:17,3:51:36,0:07:46,0:09:26,11:16:11,4805,20837,13896,466,566,40571,1248,146,59,1590,262,95,1466,169,65,1248,146,59,Finisher,3446
Andreas,Carlsson,Andreas Carlsson,1629,M40-44,Male,Grimstad,NO-09,Sweden,SE,1:21:36,5:45:53,3:55:43,0:07:37,0:05:31,11:16:21,4896,20753,14143,457,331,40581,1249,1103,98,1705,1422,132,1465,1297,105,1249,1103,98,Finisher,2762
Dennis Alexander,Møllebjerg,Dennis Alexander Møllebjerg,2687,M25-29,Male,Aarhus,Central Jutland,Denmark,DK,1:20:26,5:14:57,4:28:34,0:08:29,0:04:02,11:16:28,4826,18897,16114,509,242,40588,1250,1104,340,1611,1344,374,950,877,258,1250,1104,340,Finisher,2843
Carl,Campbell,Carl Campbell,1386,M45-49,Male,Trier,DE-RP,South Africa,ZA,1:03:57,6:07:41,3:56:35,0:04:19,0:04:00,11:16:32,3837,22061,14195,259,240,40592,1251,1105,65,282,250,16,1484,1309,89,1251,1105,65,Finisher,3232
Morten,Lyngbæk,Morten Lyngbæk,1058,M35-39,Male,København S,DK-HOVEDSTADEN,Denmark,DK,1:10:37,5:45:50,4:07:22,0:07:19,0:05:25,11:16:32,4237,20750,14842,439,325,40592,1252,1106,130,756,649,71,1283,1145,133,1252,1106,130,Finisher,2964
Boaz,Middag,Boaz Middag,743,M18-24,Male,West Betuwe,Gelderland,Netherlands,NL,1:20:49,6:01:57,3:45:02,0:05:38,0:03:16,11:16:41,4849,21717,13502,338,196,40601,1253,1107,166,1641,1368,212,1690,1471,220,1253,1107,166,Finisher,2712
Victor,Pasfall,Victor Pasfall,2708,M18-24,Male,"
Middelfart",SYDDANMARK,Denmark,DK,1:18:14,5:45:08,4:03:48,0:05:59,0:03:36,11:16:45,4694,20708,14628,359,216,40605,1254,1108,167,1442,1203,183,1381,1232,185,1254,1108,167,Finisher,2711
Birk,Borchorst,Birk Borchorst,2692,M18-24,Male,Aarhus,MIDTJYLLAND,Denmark,DK,1:07:05,5:27:29,4:31:50,0:05:43,0:04:40,11:16:47,4025,19649,16310,343,280,40607,1255,1109,168,453,396,55,876,812,129,1255,1109,168,Finisher,2711
Kasper ,Robertsen ,Kasper Robertsen,449,M35-39,Male,Roskilde,Zealand,Denmark,DK,1:33:51,5:10:09,4:19:49,0:08:49,0:04:10,11:16:49,5631,18609,15589,529,250,40609,1256,1110,131,2322,1900,210,1101,1001,116,1256,1110,131,Finisher,2960
Rik,van der Vegte,Rik van der Vegte,1077,M30-34,Male,München,Bavaria,Netherlands,NL,1:05:56,6:04:33,3:55:31,0:06:24,0:04:35,11:16:58,3956,21873,14131,384,275,40618,1257,1111,203,376,329,71,1507,1324,240,1257,1111,203,Finisher,2803
Valdemar Brinch,Larsen,Valdemar Brinch Larsen,2751,M45-49,Male,Kalundborg,DK-85,Denmark,DK,1:18:45,5:38:49,4:06:17,0:07:23,0:05:56,11:17:10,4725,20329,14777,443,356,40630,1258,1112,66,1488,1245,83,1303,1165,80,1258,1112,66,Finisher,3224
Jacob,Wedell-Wedellsborg,Jacob Wedell-Wedellsborg,1935,M18-24,,København K,Copenhagen,Denmark,DK,1:24:57,5:35:50,4:04:28,0:07:59,0:03:57,11:17:10,5097,20150,14668,479,237,40630,1259,1113,169,1928,1598,239,1368,1223,182,1259,1113,169,Finisher,2706
Jake,Davies,Jake Davies,262,M25-29,Male,North Holmwood,Surrey,United Kingdom,GB,1:09:47,5:44:44,4:12:47,0:06:58,0:03:03,11:17:19,4187,20684,15167,418,183,40639,1260,1114,341,680,588,164,1251,1119,332,1260,1114,341,Finisher,2833
Louise Klinke,Jørgensen,Louise Klinke Jørgensen,707,F50-54,Female,Glumsø,,Denmark,DK,1:17:32,5:43:58,4:03:40,0:05:39,0:06:35,11:17:24,4652,20638,14620,339,395,40644,1261,147,5,1384,229,13,1339,143,5,1261,147,5,Finisher,3709
Hugh,Walton,Hugh Walton,180,M35-39,Male,Ley Hill,GB-BKM,United Kingdom,GB,1:22:55,5:26:49,4:15:07,0:07:26,0:05:23,11:17:39,4975,19609,15307,446,323,40659,1262,1115,132,1799,1493,158,1177,1060,125,1262,1115,132,Finisher,2950
Abigail,Wheel,Abigail Wheel,1126,F25-29,Female,Cupar,FIFE,United Kingdom,GB,0:57:49,6:15:07,3:50:18,0:07:09,0:07:25,11:17:48,3469,22507,13818,429,445,40668,1263,148,60,70,9,5,1553,192,70,1263,148,60,Finisher,3427
Sara,Hansen,Sara Hansen,1687,F30-34,Female,København SV,DK-84,Denmark,DK,1:26:02,5:53:40,3:48:53,0:04:40,0:04:44,11:17:58,5162,21220,13733,280,284,40678,1264,149,40,1987,346,73,1624,204,48,1264,149,40,Finisher,3472
Erik,Lindmark,Erik Lindmark,1940,M18-24,Male,Åsbro,SE-T,Sweden,SE,1:13:59,5:57:29,3:53:14,0:07:28,0:05:49,11:17:58,4439,21449,13994,448,349,40678,1265,1116,170,1091,927,138,1534,1349,199,1265,1116,170,Finisher,2697
Hannah,Williams,Hannah Williams,501,F30-34,Female,Chester,England,United Kingdom,GB,1:13:41,6:08:57,3:46:02,0:06:05,0:03:15,11:18:02,4421,22137,13562,365,195,40682,1266,150,41,1052,161,36,1698,223,49,1266,150,41,Finisher,3472
Peter,Montoya Møller Hunderup ,Peter Montoya Møller Hunderup,1744,M25-29,Male,København S,Region Hovedstaden,Denmark,DK,1:24:36,5:40:12,4:00:17,0:06:34,0:06:34,11:18:14,5076,20412,14417,394,394,40694,1267,1117,342,1905,1580,427,1411,1253,363,1267,1117,342,Finisher,2822
Lucas,Lauritzen,Lucas Lauritzen,1003,M25-29,Male,agedrup,SYDDANMARK,Denmark,DK,1:17:28,5:28:02,4:22:14,0:06:02,0:04:44,11:18:31,4648,19682,15734,362,284,40711,1268,1118,343,1376,1151,331,1080,985,299,1268,1118,343,Finisher,2819
Juan,Artero,Juan Artero,2140,M50-54,Male,Viersen,DE-NW,Spain,ES,1:14:11,5:41:35,4:09:25,0:08:44,0:04:37,11:18:32,4451,20495,14965,524,277,40712,1269,1119,63,1099,932,61,1294,1156,70,1269,1119,63,Finisher,3320
Martin,Jørgensen,Martin Jørgensen,2600,M25-29,Male,Odense,,Denmark,DK,1:15:40,4:59:18,4:49:20,0:06:57,0:07:32,11:18:47,4540,17958,17360,417,452,40727,1270,1120,344,1220,1025,288,553,527,147,1270,1120,344,Finisher,2815
Vas,Vernikos,Vas Vernikos,255,M40-44,Male,London,GB-ENG,Greece,GR,1:13:33,5:13:57,4:43:26,0:05:23,0:02:28,11:18:47,4413,18837,17006,323,148,40727,1271,1121,99,1039,881,88,751,710,68,1271,1121,99,Finisher,2732
Emilia,Tarnowska,Emilia Tarnowska,2012,F35-39,Female,Zlotoryja,Lower Silesia,Poland,PL,1:19:27,5:45:30,3:58:30,0:07:18,0:08:04,11:18:48,4767,20730,14310,438,484,40728,1272,151,19,1549,256,30,1425,162,22,1272,151,19,Finisher,3392
Tomas,Fasko,Tomas Fasko,2057,M50-54,Male,Praha 8,Prague,Slovakia,SK,1:12:10,5:33:32,4:22:35,0:06:00,0:04:33,11:18:51,4330,20012,15755,360,273,40731,1273,1122,64,907,775,47,1085,989,52,1273,1122,64,Finisher,3316
Aksel,Rasmussen,Aksel Rasmussen,2714,M25-29,Male,Aarhus C,Central Jutland,Denmark,DK,1:17:51,5:51:06,3:57:24,0:07:15,0:05:20,11:18:56,4671,21066,14244,435,320,40736,1274,1123,345,1407,1174,336,1494,1315,386,1274,1123,345,Finisher,2814
Piotr,Fleszar,Piotr Fleszar,2169,M35-39,Male,Dychow,,Poland,PL,1:22:13,5:28:46,4:15:24,0:09:21,0:03:22,11:19:06,4933,19726,15324,561,202,40746,1275,1124,133,1746,1452,155,1230,1103,130,1275,1124,133,Finisher,2933
Niklas,Christensen,Niklas Christensen,1541,M25-29,Male,Aalborg,North Jütland,Denmark,DK,1:34:19,5:51:04,3:36:09,0:13:33,0:04:09,11:19:15,5659,21064,12969,813,249,40755,1276,1125,346,2334,1907,483,1832,1579,436,1276,1125,346,Finisher,2810
Søren,Cortzen,Søren Cortzen,1230,M35-39,Male,Valby,Copenhagen,Denmark,DK,1:29:00,5:29:52,4:08:28,0:07:37,0:04:28,11:19:25,5340,19792,14908,457,268,40765,1277,1126,134,2158,1776,196,1326,1186,136,1277,1126,134,Finisher,2929
Philip,Ekström,Philip Ekström,571,M30-34,Male,Söderkulla,Nyland,Finland,FI,1:13:05,5:31:08,4:23:10,0:05:38,0:06:28,11:19:29,4385,19868,15790,338,388,40769,1278,1127,204,1002,857,161,1053,960,180,1278,1127,204,Finisher,2773
Mikkel,Kaas Krabbe,Mikkel Kaas Krabbe,2141,M25-29,Male,Helsingør,DK-85,Denmark,DK,1:07:53,5:11:15,4:51:52,0:05:11,0:03:24,11:19:35,4073,18675,17512,311,204,40775,1279,1128,347,521,456,126,599,572,157,1279,1128,347,Finisher,2806
Michael ,Lavrysen,Michael Lavrysen,2483,M45-49,Male,Gaasbeek,,Belgium,BE,1:25:06,5:35:52,4:08:51,0:06:55,0:02:57,11:19:41,5106,20152,14931,415,177,40781,1280,1129,67,1939,1605,105,1355,1211,83,1280,1129,67,Finisher,3194
Emil Tjøstheim,Razakandriana,Emil Tjøstheim Razakandriana,2502,M25-29,Male,Stavanger,NO-11,Norway,NO,1:23:11,5:31:07,4:15:44,0:05:26,0:04:38,11:20:06,4991,19867,15344,326,278,40806,1281,1130,348,1817,1506,412,1219,1093,321,1281,1130,348,Finisher,2800
Ross,Armstrong,Ross Armstrong,2523,M45-49,Male,Castlerock,LONDONDERRY,Ireland,IE,1:14:51,5:27:57,4:23:29,0:06:04,0:07:45,11:20:06,4491,19677,15809,364,465,40806,1282,1131,68,1160,979,66,1036,947,60,1282,1131,68,Finisher,3189
Ben,Dixon,Ben Dixon,1838,M45-49,Male,La Rue Des Samares,England,United Kingdom,GB,1:24:15,5:31:08,4:08:23,0:07:44,0:08:38,11:20:09,5055,19868,14903,464,518,40809,1283,1132,69,1886,1563,101,1276,1138,75,1283,1132,69,Finisher,3189
Hannah,Woodman,Hannah Woodman,2116,F25-29,Female,Worcestershire,WORCESTERSHIRE,United Kingdom,GB,1:14:16,6:07:34,3:48:12,0:06:45,0:03:23,11:20:10,4456,22054,13692,405,203,40810,1284,152,61,1110,171,64,1695,221,82,1284,152,61,Finisher,3398
Gillian,Sandford,Gillian Sandford,899,F30-34,Female,London,GB-WSM,United Kingdom,GB,1:10:21,5:56:53,4:03:46,0:06:10,0:03:07,11:20:17,4221,21413,14626,370,187,40817,1285,153,42,727,104,26,1439,165,40,1285,153,42,Finisher,3445
Nathan,Kon,Nathan Kon,1256,M30-34,Male,Amsterdam,North Holland,Netherlands,NL,1:18:16,5:44:13,4:07:01,0:07:43,0:03:06,11:20:19,4696,20653,14821,463,186,40819,1286,1133,205,1445,1205,211,1396,1242,226,1286,1133,205,Finisher,2763
Trine,Thunbo Rivold,Trine Thunbo Rivold,1359,F35-39,Female,"KBH
København S",,Denmark,DK,1:17:05,6:04:00,3:48:40,0:04:52,0:05:49,11:20:26,4625,21840,13720,292,349,40826,1287,154,20,1340,220,27,1652,209,29,1287,154,20,Finisher,3372
Martin ,Mikalsen,Martin Mikalsen,170,M25-29,Male,Tromsø,ROMSA,Norway,NO,1:15:34,5:37:54,4:14:37,0:07:12,0:05:13,11:20:30,4534,20274,15277,432,313,40830,1288,1134,349,1211,1017,285,1237,1107,327,1288,1134,349,Finisher,2795
Rheana,Gray,Rheana Gray,524,F25-29,Female,Boulder,COLORADO,United States,US,1:22:08,5:21:48,4:28:12,0:05:38,0:02:46,11:20:33,4928,19308,16092,338,166,40833,1289,155,62,1740,294,106,1049,93,36,1289,155,62,Finisher,3394
Mathias,Maigaard,Mathias Maigaard,2670,M30-34,Male,Brabrand,Central Jutland,Denmark,DK,1:24:19,5:16:14,4:27:51,0:07:59,0:04:31,11:20:54,5059,18974,16071,479,271,40854,1290,1135,206,1890,1566,261,1026,937,177,1290,1135,206,Finisher,2756
Michael,Gillick,Michael Gillick,1471,M35-39,Male,Kilcock,Kildare,Ireland,IE,1:18:20,5:59:11,3:50:15,0:08:03,0:05:10,11:20:59,4700,21551,13815,483,310,40859,1291,1136,135,1450,1210,131,1646,1440,167,1291,1136,135,Finisher,2910
Dimitris,Efstathiou,Dimitris Efstathiou,858,M45-49,Male,LIMASSOL,foreigner,Cyprus,CY,1:06:24,5:30:54,4:30:08,0:08:25,0:05:16,11:21:07,3984,19854,16208,505,316,40867,1292,1137,70,410,361,25,979,896,58,1292,1137,70,Finisher,3177
Carl Ejnar,Kristensen,Carl Ejnar Kristensen,2085,M55-59,Male,Holstebro,,Denmark,DK,1:14:49,5:10:20,4:40:38,0:08:16,0:07:08,11:21:11,4489,18620,16838,496,428,40871,1293,1138,37,1155,975,39,764,721,29,1293,1138,37,Finisher,3463
Ida,Züberlein,Ida Züberlein,1384,F25-29,Female,København,Copenhagen,Denmark,DK,1:15:11,6:04:20,3:48:54,0:07:08,0:05:38,11:21:11,4511,21860,13734,428,338,40871,1294,156,63,1183,185,69,1663,214,79,1294,156,63,Finisher,3386
Sam,Hellebrekers,Sam Hellebrekers,729,M30-34,Male,Breda,NOORD-BRABANT,Netherlands,NL,0:59:41,5:35:10,4:34:49,0:05:00,0:06:31,11:21:11,3581,20110,16489,300,391,40871,1295,1139,207,124,110,26,865,802,154,1295,1139,207,Finisher,2752
Eyoel,Wondwossen,Eyoel Wondwossen,1053,M18-24,Male,Frederiksberg,HOVEDSTADEN,Denmark,DK,1:14:24,6:08:44,3:40:52,0:11:48,0:05:24,11:21:13,4464,22124,13252,708,324,40873,1296,1140,171,1122,949,143,1780,1542,228,1296,1140,171,Finisher,2658
Kate,Walsh,Kate Walsh,1557,F40-44,Female,Leigh-on-Sea,ESS,United Kingdom,GB,1:11:27,5:57:23,4:00:47,0:06:50,0:04:47,11:21:14,4287,21443,14447,410,287,40874,1297,157,9,836,119,9,1477,174,10,1297,157,9,Finisher,4158
Stan,van Drunen,Stan van Drunen,1775,M25-29,Male,Vlijmen,NL-NB,Netherlands,NL,1:11:39,5:45:33,4:15:49,0:05:34,0:03:00,11:21:35,4299,20733,15349,334,180,40895,1298,1141,350,863,740,205,1271,1133,335,1298,1141,350,Finisher,2782
Jakub,Wicki,Jakub Wicki,2591,M25-29,Male,Gdynia,pomorskie,Poland,PL,1:09:12,5:34:53,4:26:20,0:05:05,0:06:26,11:21:55,4152,20093,15980,305,386,40915,1299,1142,351,632,549,150,1040,950,289,1299,1142,351,Finisher,2778
Mikkel Gradert,Wermuth,Mikkel Gradert Wermuth,477,M25-29,Male,Frederiksberg C,HOVEDSTADEN,Denmark,DK,1:18:11,5:37:35,4:14:31,0:06:59,0:04:54,11:22:10,4691,20255,15271,419,294,40930,1300,1143,352,1439,1200,343,1269,1131,334,1300,1143,352,Finisher,2775
Willians,Pereira,Willians Pereira,260,M40-44,Male,Porto Alegre,BR-RS,Brazil,BR,1:21:36,5:48:02,3:54:26,0:10:46,0:07:21,11:22:11,4896,20882,14066,646,441,40931,1301,1144,100,1704,1421,131,1560,1367,113,1301,1144,100,Finisher,2692
Santi,Rovira Obradors,Santi Rovira Obradors,1380,M60-64,Male,Vic,ES-B,Spain,ES,1:13:31,5:53:25,4:04:03,0:06:32,0:04:40,11:22:11,4411,21205,14643,392,280,40931,1302,1145,9,1035,878,14,1440,1275,15,1302,1145,9,Finisher,4071
Kemp,Price,Kemp Price,285,M30-34,Male,London,GB-ENG,United Kingdom,GB,1:16:44,5:27:09,4:24:39,0:09:08,0:04:42,11:22:22,4604,19629,15879,548,282,40942,1303,1146,208,1311,1097,196,1107,1006,188,1303,1146,208,Finisher,2738
Nina,Falk,Nina Falk,1529,F35-39,Female,Vejle Ø,SYDDANMARK,Denmark,DK,1:21:46,5:42:58,4:01:48,0:10:41,0:05:10,11:22:24,4906,20578,14508,641,310,40944,1304,158,21,1718,288,36,1474,172,24,1304,158,21,Finisher,3348
Elias ,Mølbæk,Elias Mølbæk,1092,M25-29,Male,Nørresundby,North Jütland,Denmark,DK,1:11:35,5:50:44,4:11:51,0:05:06,0:03:10,11:22:26,4295,21044,15111,306,190,40946,1305,1147,353,855,732,202,1347,1203,354,1305,1147,353,Finisher,2772
Sian Elen,Thomas,Sian Elen Thomas,543,F30-34,Female,Tenby,GB-WLS,United Kingdom,GB,1:21:08,5:45:08,4:07:47,0:05:29,0:02:59,11:22:32,4868,20708,14867,329,179,40952,1306,159,43,1671,276,57,1417,159,39,1306,159,43,Finisher,3418
Susan,Reimer,Susan Reimer,639,F50-54,Female,Kastrup,HOVEDSTADEN,Denmark,DK,1:16:44,5:37:00,4:19:26,0:06:06,0:03:42,11:22:58,4604,20220,15566,366,222,40978,1307,160,6,1310,214,12,1220,127,4,1307,160,6,Finisher,3642
Line,Bornstein,Line Bornstein,2469,F25-29,Female,København,DK-84,Denmark,DK,1:21:17,5:40:08,4:11:35,0:07:49,0:02:13,11:23:01,4877,20408,15095,469,133,40981,1308,161,64,1683,279,102,1379,149,59,1308,161,64,Finisher,3364
Edward,Marshall,Edward Marshall,2165,M30-34,Male,Yaxley,Cambridgeshire ,United Kingdom,GB,1:12:42,5:46:35,4:15:05,0:05:31,0:03:10,11:23:03,4362,20795,15305,331,190,40983,1309,1148,209,959,820,156,1298,1160,214,1309,1148,209,Finisher,2730
Lars,Hendrichsen,Lars Hendrichsen,730,M55-59,Male,Jyllinge,DK-85,Denmark,DK,1:18:08,5:20:25,4:34:16,0:05:46,0:04:37,11:23:12,4688,19225,16456,346,277,40992,1310,1149,38,1433,1194,48,957,882,35,1310,1149,38,Finisher,3439
Erik,Liljenborg,Erik Liljenborg,2415,M35-39,Male,Helsingborg ,Skåne,Sweden,SE,1:19:51,5:51:45,3:51:34,0:11:57,0:08:12,11:23:20,4791,21105,13894,717,492,41000,1311,1150,136,1575,1315,143,1613,1410,163,1311,1150,136,Finisher,2882
Morten Hessing,Kobbelgaard,Morten Hessing Kobbelgaard,2477,M18-24,Male,Aalborg SV,North Jütland,Denmark,DK,0:53:21,5:48:51,4:30:10,0:08:12,0:02:52,11:23:27,3201,20931,16210,492,172,41007,1312,1151,172,22,21,5,1061,967,145,1312,1151,172,Finisher,2631
Micki,Bruggebush,Micki Bruggebush,2386,M25-29,Male,Roskilde,Roskilde,Denmark,DK,1:24:48,5:39:57,4:01:55,0:10:14,0:06:40,11:23:34,5088,20397,14515,614,400,41014,1313,1152,354,1917,1587,431,1463,1295,376,1313,1152,354,Finisher,2758
Kristoffer,Brejndal,Kristoffer Brejndal,604,M25-29,Male,København N,DK-84,Denmark,DK,1:17:12,5:50:53,4:04:21,0:06:45,0:04:25,11:23:35,4632,21053,14661,405,265,41015,1314,1153,355,1350,1129,324,1461,1293,374,1314,1153,355,Finisher,2758
Anna Mai,Pedersen,Anna Mai Pedersen,2180,F18-24,Female,Kolding,Southern Jutland,Denmark,DK,1:27:32,5:52:36,3:50:49,0:08:12,0:04:29,11:23:38,5252,21156,13849,492,269,41018,1315,162,13,2085,370,38,1687,219,22,1315,162,13,Finisher,3600
Ronald,Vos,Ronald Vos,190,M35-39,Male,Dordrecht,,Netherlands,NL,1:13:19,5:32:33,4:26:18,0:07:31,0:04:03,11:23:43,4399,19953,15978,451,243,41023,1316,1154,137,1020,868,91,1115,1013,120,1316,1154,137,Finisher,2877
Jeppe,Juul-Andersen,Jeppe Juul-Andersen,332,M45-49,Male,Glumsø,DK-85,Denmark,DK,1:16:28,5:21:12,4:35:22,0:06:46,0:03:57,11:23:45,4588,19272,16522,406,237,41025,1317,1155,71,1290,1084,73,960,884,56,1317,1155,71,Finisher,3145
Anders,Agersnap Thomsen,Anders Agersnap Thomsen,2061,M18-24,Male,Bording,DK-82,Denmark,DK,1:12:38,6:04:09,3:53:08,0:09:43,0:04:15,11:23:53,4358,21849,13988,583,255,41033,1318,1156,173,952,814,117,1660,1448,216,1318,1156,173,Finisher,2626
Cristian,Palmiere,Cristian Palmiere,146,M50-54,Male,Tartegnin,CH-VD,Italy,IT,0:48:10,6:11:02,4:10:35,0:08:22,0:05:51,11:24:00,2890,22262,15035,502,351,41040,1319,1157,65,1,1,1,1349,1205,75,1319,1157,65,Finisher,3254
Jamie,Wimborne,Jamie Wimborne,1469,M25-29,Male,London,England,United Kingdom,GB,1:25:33,5:27:42,4:18:44,0:08:00,0:04:07,11:24:06,5133,19662,15524,480,247,41046,1320,1158,356,1965,1626,437,1249,1117,330,1320,1158,356,Finisher,2752
Daniel,Andersen,Daniel Andersen,827,M30-34,Male,København,DK-84,Denmark,DK,1:17:54,5:20:25,4:37:18,0:05:06,0:03:25,11:24:08,4674,19225,16638,306,205,41048,1321,1159,210,1411,1178,206,941,869,169,1321,1159,210,Finisher,2717
Thijs,van Houdt,Thijs van Houdt,2563,M25-29,Male,Nijmegen,Gelderland,Netherlands,NL,1:16:23,5:51:03,3:54:43,0:14:48,0:07:23,11:24:19,4583,21063,14083,888,443,41059,1322,1160,357,1283,1077,304,1589,1387,395,1322,1160,357,Finisher,2749
Matthæus,Ehlers,Matthæus Ehlers,967,M18-24,Male,Vedbæk,DK-84,Denmark,DK,1:16:58,5:52:36,4:00:57,0:08:12,0:05:38,11:24:21,4618,21156,14457,492,338,41061,1323,1161,174,1329,1111,161,1523,1339,197,1323,1161,174,Finisher,2620
Danny,Bravo,Danny Bravo,2347,M35-39,Male,York ,NYK,United Kingdom,GB,1:21:41,5:48:58,4:00:44,0:08:02,0:04:58,11:24:22,4901,20938,14444,482,298,41062,1324,1162,138,1713,1427,152,1530,1345,153,1324,1162,138,Finisher,2870
Kai,Schwalfenberg,Kai Schwalfenberg,1947,M30-34,Male,Bad Nauheim,HE,Germany,DE,1:15:33,6:01:40,3:52:38,0:08:13,0:06:21,11:24:26,4533,21700,13958,493,381,41066,1325,1163,211,1210,1016,185,1644,1438,249,1325,1163,211,Finisher,2713
Richard,Wood,Richard Wood,1083,M55-59,Male,Leigh-on-Sea,ESS,United Kingdom,GB,1:08:51,5:50:57,4:12:38,0:06:33,0:05:50,11:24:50,4131,21057,15158,393,350,41090,1326,1164,39,605,526,20,1321,1181,45,1326,1164,39,Finisher,3419
Marc,Franssen,Marc Franssen,2661,M30-34,Male,Eindhoven,Brabant,Netherlands,NL,1:31:22,6:00:27,3:40:31,0:07:08,0:05:26,11:24:53,5482,21627,13231,428,326,41093,1327,1165,212,2251,1849,310,1831,1578,266,1327,1165,212,Finisher,2708
Nicolas ,Veiga,Nicolas Veiga,534,M18-24,Male,København V,HOVEDSTADEN,Denmark,DK,1:18:59,5:50:08,4:04:14,0:06:43,0:04:56,11:25:00,4739,21008,14654,403,296,41100,1328,1166,175,1508,1262,197,1481,1306,192,1328,1166,175,Finisher,2612
Lydia,Ferrari Kehoe,Lydia Ferrari Kehoe,271,F25-29,Female,Nottingham,NTT,Ireland,IE,0:52:40,6:03:16,4:18:44,0:05:18,0:05:08,11:25:05,3160,21796,15524,318,308,41105,1329,163,65,11,1,1,1248,132,51,1329,163,65,Finisher,3339
Janus,De Bondt,Janus De Bondt,2628,M30-34,Male,Kessel-Lo,,Belgium,BE,1:08:58,6:01:26,4:03:16,0:06:41,0:04:47,11:25:09,4138,21686,14596,401,287,41109,1330,1167,213,615,535,116,1513,1329,242,1330,1167,213,Finisher,2705
Caroline,Paulsen,Caroline Paulsen,2139,F25-29,Female,Århus,Midtjylland,Denmark,DK,1:19:07,5:23:04,4:28:13,0:08:09,0:06:36,11:25:10,4747,19384,16093,489,396,41110,1331,164,66,1521,249,93,1058,94,37,1331,164,66,Finisher,3338
Alec,Kneen,Alec Kneen,1029,M45-49,Male,Douglas,Isle of Man,Isle of Man,IM,1:21:10,5:29:35,4:15:17,0:10:53,0:08:35,11:25:30,4870,19775,15317,653,515,41130,1332,1168,72,1676,1400,91,1255,1123,73,1332,1168,72,Finisher,3124
Felix Lukas,Albert,Felix Lukas Albert,2166,M18-24,Male,Hamburg,Hamburg,Germany,DE,1:12:44,5:45:17,4:13:57,0:08:27,0:05:06,11:25:31,4364,20717,15237,507,306,41131,1333,1169,176,961,822,118,1325,1185,176,1333,1169,176,Finisher,2606
Andy,Taylor,Andy Taylor,552,M50-54,Male,Hereford,Herefordshire,United Kingdom,GB,1:09:14,5:51:32,4:14:14,0:06:24,0:04:15,11:25:39,4154,21092,15254,384,255,41139,1334,1170,66,635,552,31,1341,1197,74,1334,1170,66,Finisher,3235
Simon,Nordvig,Simon Nordvig,227,M30-34,Male,Copenhagen,,Denmark,DK,1:28:16,5:26:28,4:17:19,0:09:14,0:04:34,11:25:52,5296,19588,15439,554,274,41152,1335,1171,214,2124,1749,291,1286,1148,210,1335,1171,214,Finisher,2696
Christoffer,Ewers,Christoffer Ewers,1414,M50-54,Male,København S,DK-84,Denmark,DK,1:21:54,5:24:26,4:22:54,0:09:56,0:06:46,11:25:56,4914,19466,15774,596,406,41156,1336,1172,67,1727,1437,107,1169,1055,61,1336,1172,67,Finisher,3231
Cifdine,Hadj Abdallah,Cifdine Hadj Abdallah,1953,M25-29,Male,Lebbeke,BE-VOV,Belgium,BE,1:27:50,6:17:05,3:26:23,0:09:31,0:05:20,11:26:10,5270,22625,12383,571,320,41170,1337,1173,358,2101,1729,459,2022,1724,456,1337,1173,358,Finisher,2727
Eivind,Ingebretsen,Eivind Ingebretsen,2010,M35-39,Male,Laksevåg,Vestland,Norway,NO,1:18:48,5:44:23,4:13:45,0:05:08,0:04:17,11:26:20,4728,20663,15225,308,257,41180,1338,1174,139,1493,1250,136,1360,1215,141,1338,1174,139,Finisher,2846
Ole ,Thomsen,Ole Thomsen,2715,M55-59,Male,Skanderborg,Central Jutland,Denmark,DK,1:32:39,5:25:44,4:15:32,0:07:52,0:04:47,11:26:34,5559,19544,15332,472,287,41194,1339,1175,40,2288,1874,88,1319,1179,44,1339,1175,40,Finisher,3399
Niclas Victor,Sørensen,Niclas Victor Sørensen,2636,M25-29,Male,Nuuk,GL-Nuussuaq,Greenland,GL,1:08:24,5:35:55,4:31:14,0:06:36,0:04:29,11:26:38,4104,20155,16274,396,269,41198,1340,1176,359,563,494,137,1069,974,296,1340,1176,359,Finisher,2721
Lewis,Ayrey,Lewis Ayrey,265,M25-29,Male,Manchester,GTM,United Kingdom,GB,1:18:23,5:41:16,4:08:04,0:12:03,0:06:59,11:26:44,4703,20476,14884,723,419,41204,1341,1177,360,1454,1214,347,1416,1258,366,1341,1177,360,Finisher,2720
Jonas,Grotrian,Jonas Grotrian,2316,M25-29,Male,Aalborg,DK-81,Denmark,DK,1:20:53,5:26:32,4:27:15,0:08:47,0:03:32,11:26:59,4853,19592,16035,527,212,41219,1342,1178,361,1652,1379,384,1166,1052,312,1342,1178,361,Finisher,2717
Emil,Tuan Henriksen,Emil Tuan Henriksen,570,M25-29,Male,Frederiksberg,DK-84,Denmark,DK,1:18:38,5:10:17,4:47:45,0:04:25,0:06:05,11:27:10,4718,18617,17265,265,365,41230,1343,1179,362,1473,1232,352,760,717,207,1343,1179,362,Finisher,2715
Fabian,WALLHAGEN,Fabian WALLHAGEN,1527,M25-29,Male,Limhamn,SE-M,Sweden,SE,1:17:56,5:54:21,3:58:59,0:09:42,0:06:12,11:27:10,4676,21261,14339,582,372,41230,1344,1180,363,1416,1182,339,1585,1384,394,1344,1180,363,Finisher,2715
Mikkel,Glitzky,Mikkel Glitzky,498,M18-24,Male,Odendse,SYDDANMARK,Denmark,DK,1:24:51,5:11:35,4:42:19,0:05:24,0:03:01,11:27:11,5091,18695,16939,324,181,41231,1345,1181,177,1920,1590,237,907,839,131,1345,1181,177,Finisher,2586
Honas,Kader,Honas Kader,806,M25-29,Male,København,HOVEDSTADEN,Denmark,DK,1:36:29,5:39:39,3:57:47,0:07:21,0:05:57,11:27:13,5789,20379,14267,441,357,41233,1346,1182,364,2360,1928,486,1610,1407,399,1346,1182,364,Finisher,2714
Bertram,Brandt Kristensen,Bertram Brandt Kristensen,1354,M25-29,Male,København NV,Copenhagen,Denmark,DK,1:11:23,5:40:56,4:07:28,0:23:20,0:04:07,11:27:14,4283,20456,14848,1400,247,41234,1347,1183,365,827,710,198,1476,1303,382,1347,1183,365,Finisher,2714
Gareth,Bridge,Gareth Bridge,1939,M50-54,Male,Teddington,GB-ENG,New Zealand,NZ,1:16:43,5:49:08,4:08:23,0:08:00,0:05:05,11:27:19,4603,20948,14903,480,305,41239,1348,1184,68,1307,1094,77,1443,1278,86,1348,1184,68,Finisher,3215
Jake,Sewell,Jake Sewell,1678,M25-29,Male,London,GB-ENG,United Kingdom,GB,1:17:23,5:34:41,4:20:26,0:09:25,0:05:43,11:27:38,4643,20081,15626,565,343,41258,1349,1185,366,1366,1144,329,1250,1118,331,1349,1185,366,Finisher,2709
Sebastian,Dall,Sebastian Dall,2603,M18-24,Male,København,DK-84,Denmark,DK,1:10:43,5:40:35,4:20:27,0:09:50,0:06:11,11:27:45,4243,20435,15627,590,371,41265,1350,1186,178,770,661,95,1247,1116,170,1350,1186,178,Finisher,2579
Johnny Grønbek,Mogensen,Johnny Grønbek Mogensen,1493,M50-54,Male,Gedved,DK-82,Denmark,DK,1:22:26,5:57:34,3:49:57,0:10:57,0:06:55,11:27:48,4946,21454,13797,657,415,41268,1351,1187,69,1760,1464,111,1724,1495,102,1351,1187,69,Finisher,3209
Bart,Van De Graaf,Bart Van De Graaf,1930,M30-34,Male,Salzburg,,Netherlands,NL,1:13:05,5:34:02,4:32:10,0:05:01,0:03:32,11:27:51,4385,20042,16330,301,212,41271,1352,1188,215,1003,858,162,1094,995,186,1352,1188,215,Finisher,2672
Fraser,Agnew,Fraser Agnew,1562,M25-29,Male,Aberdeen,Scotland,United Kingdom,GB,0:54:24,6:07:55,4:13:46,0:05:13,0:06:41,11:27:58,3264,22075,15226,313,401,41278,1353,1189,367,29,28,11,1348,1204,355,1353,1189,367,Finisher,2705
Nikolaj,Olsen,Nikolaj Olsen,1746,M25-29,Male,København,Copenhagen,Denmark,DK,1:23:59,5:36:36,4:13:18,0:06:12,0:07:52,11:27:58,5039,20196,15198,372,472,41278,1354,1190,368,1867,1545,422,1333,1192,351,1354,1190,368,Finisher,2705
Gustav Buur,Bergmann,Gustav Buur Bergmann,1959,M18-24,Male,København NV,Copenhagen,Denmark,DK,1:37:01,5:11:21,4:29:50,0:04:49,0:05:11,11:28:12,5821,18681,16190,289,311,41292,1355,1191,179,2366,1930,279,1111,1010,150,1355,1191,179,Finisher,2574
Esben,Lorenzen,Esben Lorenzen,479,M35-39,Male,Copenhagen,Copenhagen,Denmark,DK,1:11:28,5:21:07,4:45:47,0:05:51,0:04:01,11:28:13,4288,19267,17147,351,241,41293,1356,1192,140,839,719,79,837,778,88,1356,1192,140,Finisher,2823
Rumle Wind,Didriksen,Rumle Wind Didriksen,1136,M18-24,Male,København,Copenhagen,Denmark,DK,1:18:24,5:35:30,4:20:17,0:08:54,0:05:15,11:28:20,4704,20130,15617,534,315,41300,1357,1193,180,1456,1216,187,1272,1134,171,1357,1193,180,Finisher,2572
Rasmus Hoeg,Hoeg,Rasmus Hoeg Hoeg,2145,M35-39,Male,Aabenraa,Kliplev ,Denmark,DK,1:24:50,5:45:13,4:05:19,0:08:18,0:04:44,11:28:24,5090,20713,14719,498,284,41304,1358,1194,141,1919,1589,178,1528,1343,152,1358,1194,141,Finisher,2821
Albert Schmidt,Møller,Albert Schmidt Møller,155,M35-39,Male,Vanløse,,Denmark,DK,1:30:03,5:36:03,4:02:20,0:12:58,0:07:00,11:28:24,5403,20163,14540,778,420,41304,1359,1195,142,2202,1808,200,1539,1354,157,1359,1195,142,Finisher,2821
Daniel,Pedersen,Daniel Pedersen,394,M45-49,Male,Stenløse,Danmark,Denmark,DK,1:09:26,5:43:54,4:24:49,0:06:23,0:04:05,11:28:36,4166,20634,15889,383,245,41316,1360,1196,73,653,565,38,1218,1092,70,1360,1196,73,Finisher,3087
Marianne Ahrenkiel,Søgaard,Marianne Ahrenkiel Søgaard,2136,F40-44,Female,"
Silkeborg",,Denmark,DK,1:12:02,5:48:35,4:15:16,0:07:30,0:05:19,11:28:41,4322,20915,15316,450,319,41321,1361,165,10,896,131,10,1357,145,9,1361,165,10,Finisher,4068
Rebekah,Csizmazia,Rebekah Csizmazia,1154,F35-39,Female,Manchester,GB-MAN,United Kingdom,GB,1:15:19,5:51:21,4:08:42,0:06:41,0:06:44,11:28:47,4519,21081,14922,401,404,41327,1362,166,22,1193,190,22,1438,164,23,1362,166,22,Finisher,3272
Hans,Larsen,Hans Larsen,1648,M18-24,Male,Billund,Sønderjylland,Denmark,DK,1:07:35,5:50:38,4:20:21,0:06:42,0:03:33,11:28:49,4055,21038,15621,402,213,41329,1363,1197,181,495,432,61,1301,1163,173,1363,1197,181,Finisher,2566
Guner,Veliovski,Guner Veliovski,1174,M50-54,Male,Taastrup,Taastrup,Denmark,DK,1:19:43,5:33:27,4:19:34,0:09:33,0:06:41,11:28:58,4783,20007,15574,573,401,41338,1364,1198,70,1568,1309,95,1267,1130,68,1364,1198,70,Finisher,3195
Lewis,McKeever-Chapman,Lewis McKeever-Chapman,1526,M30-34,Male,Lincoln,LIN,United Kingdom,GB,1:18:39,6:23:17,3:25:50,0:12:45,0:08:30,11:29:01,4719,22997,12350,765,510,41341,1365,1199,216,1476,1235,212,2028,1729,291,1365,1199,216,Finisher,2658
Martin,Olesen,Martin Olesen,525,M55-59,Male,Brøndby,DK-84,Denmark,DK,1:19:02,5:31:45,4:24:05,0:08:22,0:05:50,11:29:05,4742,19905,15845,502,350,41345,1366,1200,41,1513,1266,53,1213,1088,43,1366,1200,41,Finisher,3368
Simon,Mills,Simon Mills,595,M45-49,Male,Burry Port,CARMARTHENSHIRE [SIR GAERFYRDDIN GB-GFY],United Kingdom,GB,1:20:54,5:30:12,4:25:30,0:06:20,0:06:12,11:29:07,4854,19812,15930,380,372,41347,1367,1201,74,1654,1381,89,1184,1064,68,1367,1201,74,Finisher,3081
Mathias,Gonzalez,Mathias Gonzalez,1089,M25-29,Male,Frederiksberg,Frederiksberg,Denmark,DK,1:09:13,5:51:02,4:15:23,0:07:24,0:06:12,11:29:14,4153,21062,15323,444,372,41354,1368,1202,369,634,551,151,1351,1207,356,1368,1202,369,Finisher,2690
Fennella,Lind Vestergaard,Fennella Lind Vestergaard,1584,F25-29,Female,Aarhus C,Central Jutland,Denmark,DK,1:20:45,6:17:48,3:36:56,0:07:59,0:05:55,11:29:22,4845,22668,13016,479,355,41362,1369,167,67,1632,272,99,1924,277,104,1369,167,67,Finisher,3288
Justas,Jaruševičius,Justas Jaruševičius,1311,M35-39,Male,København,,Lithuania,LT,1:19:06,5:52:28,4:08:04,0:06:33,0:03:17,11:29:28,4746,21148,14884,393,197,41368,1370,1203,143,1520,1272,138,1527,1342,151,1370,1203,143,Finisher,2808
Sheridan,Court,Sheridan Court,1570,F35-39,Female,Neath,BDF,United Kingdom,GB,1:15:48,5:57:48,4:02:26,0:09:17,0:04:13,11:29:32,4548,21468,14546,557,253,41372,1371,168,23,1229,197,24,1602,203,27,1371,168,23,Finisher,3263
Georgios Stefan Rieland,Moyzakis,Georgios Stefan Rieland Moyzakis,886,M35-39,Male,København,København,Denmark,DK,1:31:10,5:52:09,3:52:10,0:07:55,0:06:19,11:29:43,5470,21129,13930,475,379,41383,1372,1204,144,2242,1842,204,1729,1498,176,1372,1204,144,Finisher,2805
Mauro,Corsini,Mauro Corsini,1333,M50-54,Male,Montirone,LOMBARDIA,Italy,IT,1:12:25,5:44:30,4:22:08,0:06:46,0:03:54,11:29:44,4345,20670,15728,406,234,41384,1373,1205,71,933,797,48,1282,1144,69,1373,1205,71,Finisher,3186
Mattias,Nestel,Mattias Nestel,1206,M18-24,Male,Hvidovre,HOVEDSTADEN,Denmark,DK,1:12:46,5:37:49,4:26:55,0:08:20,0:04:03,11:29:53,4366,20269,16015,500,243,41393,1374,1206,182,966,827,119,1210,1085,166,1374,1206,182,Finisher,2554
Benjamin,Belboom,Benjamin Belboom,2571,M30-34,Male,Liège,Walloon Region,Belgium,BE,1:24:13,5:57:45,3:56:40,0:06:41,0:04:36,11:29:55,5053,21465,14200,401,276,41395,1375,1207,217,1882,1559,260,1697,1475,253,1375,1207,217,Finisher,2647
Xin,Luo,Xin Luo,416,M40-44,Male,北京,CN-BJ,China,CN,1:30:34,5:42:43,4:02:52,0:09:14,0:04:42,11:30:04,5434,20563,14572,554,282,41404,1376,1208,101,2224,1826,169,1595,1393,121,1376,1208,101,Finisher,2597
Garry,Morgan ,Garry Morgan,1241,M40-44,Male,Murroe ,Limerick,Ireland,IE,1:20:01,5:27:42,4:28:20,0:07:32,0:06:36,11:30:11,4801,19662,16100,452,396,41411,1377,1209,102,1585,1324,116,1145,1039,85,1377,1209,102,Finisher,2596
Kristian,Bache Larsen,Kristian Bache Larsen,2533,M30-34,Male,København,Copenhagen,Denmark,DK,1:18:49,5:43:29,4:14:22,0:08:53,0:04:39,11:30:12,4729,20609,15262,533,279,41412,1378,1210,218,1495,1252,216,1407,1249,230,1378,1210,218,Finisher,2644
Jennie,Pennington ,Jennie Pennington,1082,F45-49,Female,Southend-on-Sea,GB-ENG,United Kingdom,GB,1:18:30,5:48:37,4:12:37,0:07:16,0:03:20,11:30:20,4710,20917,15157,436,200,41420,1379,169,7,1463,241,14,1452,166,7,1379,169,7,Finisher,3723
Jens,Kleinau,Jens Kleinau,1228,M65-69,Male,Düsseldorf,DE-NW,Germany,DE,1:06:58,5:49:14,4:22:15,0:07:04,0:04:55,11:30:26,4018,20954,15735,424,295,41426,1380,1211,1,448,391,1,1278,1140,2,1380,1211,1,Finisher,5000
Megan,Brownsell,Megan Brownsell,2532,F25-29,Female,Bishop's Waltham,England,United Kingdom,GB,1:25:03,6:02:18,3:52:42,0:06:27,0:04:00,11:30:30,5103,21738,13962,387,240,41430,1381,170,68,1937,334,118,1766,238,87,1381,170,68,Finisher,3274
John Martin,Søndergaard,John Martin Søndergaard,2567,M45-49,Male,videbæk,DK-82,Denmark,DK,1:16:45,5:30:38,4:33:38,0:05:37,0:03:55,11:30:33,4605,19838,16418,337,235,41433,1382,1212,75,1313,1099,75,1106,1005,63,1382,1212,75,Finisher,3064
Ellen,Mclachlan,Ellen Mclachlan,2293,F35-39,Female,Poulton-le-Fylde,GB-LAN,United Kingdom,GB,1:15:36,5:49:13,4:17:08,0:06:09,0:02:31,11:30:38,4536,20953,15428,369,151,41438,1383,171,24,1213,195,23,1402,157,21,1383,171,24,Finisher,3250
Jil,Schwanke,Jil Schwanke,1574,F30-34,Female,Basel,Basel-Stadt,Germany,DE,1:14:40,6:08:57,3:55:28,0:06:48,0:04:48,11:30:41,4480,22137,14128,408,288,41441,1384,172,44,1141,177,39,1714,226,51,1384,172,44,Finisher,3320
Anders,Fog Iversen,Anders Fog Iversen,708,M50-54,Male,Næstved,,Denmark,DK,1:25:10,5:29:18,4:25:34,0:06:30,0:04:22,11:30:55,5110,19758,15934,390,262,41455,1385,1213,72,1943,1608,122,1246,1115,65,1385,1213,72,Finisher,3171
Wybren,Heida,Wybren Heida,1456,M30-34,Male,Harkstede,NL-GR,Netherlands,NL,1:08:03,5:43:47,4:30:00,0:05:45,0:03:46,11:31:21,4083,20627,16200,345,226,41481,1386,1214,219,537,471,103,1186,1066,197,1386,1214,219,Finisher,2630
Joachim,Dam,Joachim Dam,1100,M18-24,Male,Glumsø ,,Denmark,DK,1:22:45,5:45:09,4:07:36,0:12:15,0:03:39,11:31:24,4965,20709,14856,735,219,41484,1387,1215,183,1786,1482,228,1555,1362,201,1387,1215,183,Finisher,2535
Rob,Fidler,Rob Fidler,2484,M40-44,Male,London,GB-ENG,United Kingdom,GB,1:11:14,5:58:36,4:10:41,0:07:04,0:03:55,11:31:30,4274,21516,15041,424,235,41490,1388,1216,103,808,695,67,1509,1326,108,1388,1216,103,Finisher,2580
Thomas Scheby,Petersen,Thomas Scheby Petersen,440,M50-54,Male,Kalundborg,SJÆLLAND,Denmark,DK,1:12:56,5:11:53,4:57:02,0:05:42,0:04:12,11:31:45,4376,18713,17822,342,252,41505,1389,1217,73,984,842,51,706,669,34,1389,1217,73,Finisher,3161
Martin,Carter,Martin Carter,205,M55-59,Male,Evesham,Worcestershire,United Kingdom,GB,1:17:41,5:23:43,4:35:26,0:09:16,0:05:42,11:31:48,4661,19423,16526,556,342,41508,1390,1218,42,1395,1165,47,1063,968,37,1390,1218,42,Finisher,3336
Konstantin,Kouzmitchev,Konstantin Kouzmitchev,2667,M25-29,Male,Helsinki,Uusimaa,Finland,FI,1:09:44,5:53:39,4:10:10,0:11:49,0:06:28,11:31:51,4184,21219,15010,709,388,41511,1391,1219,370,677,585,161,1469,1300,379,1391,1219,370,Finisher,2659
Signe,Windahl,Signe Windahl,867,F30-34,Female,København,Copenhagen,Denmark,DK,1:41:33,5:29:22,4:06:03,0:08:19,0:06:36,11:31:54,6093,19762,14763,499,396,41514,1392,173,45,2418,452,95,1543,187,45,1392,173,45,Finisher,3305
Caroline,Hoeg,Caroline Hoeg,2295,F30-34,Female,København N,Copenhagen,Denmark,DK,1:19:32,5:52:18,4:05:08,0:10:06,0:05:01,11:32:04,4772,21138,14708,606,301,41524,1393,174,46,1560,257,54,1584,201,47,1393,174,46,Finisher,3303
Ellie,Swallow,Ellie Swallow,1537,F30-34,Female,Eastbourne,GB-ESX,United Kingdom,GB,1:10:14,5:53:23,4:17:39,0:06:37,0:04:14,11:32:07,4214,21203,15459,397,254,41527,1394,175,47,721,102,25,1397,155,37,1394,175,47,Finisher,3303
Eric,Kesseler,Eric Kesseler,1801,M35-39,Male,Bergem,ESCH AN DER ALZETTE,Luxembourg,LU,1:21:09,5:59:45,3:56:44,0:09:55,0:04:56,11:32:30,4869,21585,14204,595,296,41550,1395,1220,145,1672,1396,150,1722,1494,175,1395,1220,145,Finisher,2772
Ed,Rollinson,Ed Rollinson,1452,M45-49,Male,Cheltenham,UK,United Kingdom,GB,1:17:50,5:57:44,3:59:39,0:09:45,0:07:33,11:32:32,4670,21464,14379,585,453,41552,1396,1221,76,1406,1173,79,1643,1437,95,1396,1221,76,Finisher,3040
Molly,Gillett,Molly Gillett,1474,F30-34,Female,Leeds ,England,United Kingdom,GB,1:10:58,5:51:55,4:15:11,0:07:41,0:06:53,11:32:39,4258,21115,15311,461,413,41559,1397,176,48,786,111,28,1401,156,38,1397,176,48,Finisher,3296
Ryan,Morris,Ryan Morris,764,M45-49,Male,Oxfordshire,OXF,United Kingdom,GB,1:16:18,5:38:58,4:20:07,0:08:49,0:08:31,11:32:43,4578,20338,15607,529,511,41563,1398,1222,77,1276,1071,72,1287,1149,76,1398,1222,77,Finisher,3038
Fergus,Gibson,Fergus Gibson,852,M25-29,Male,London,GB-ENG,United Kingdom,GB,1:08:53,5:34:05,4:37:42,0:05:49,0:06:16,11:32:44,4133,20045,16662,349,376,41564,1399,1223,371,606,527,146,1034,945,285,1399,1223,371,Finisher,2648
Christopher,Connolly,Christopher Connolly,2288,M35-39,Male,Omeath,IE-Louth,Ireland,IE,1:18:40,5:57:41,4:05:08,0:07:02,0:04:24,11:32:54,4720,21461,14708,422,264,41574,1400,1224,146,1478,1237,133,1607,1404,162,1400,1224,146,Finisher,2767
Casper,Nordahl-Meyer,Casper Nordahl-Meyer,1202,M40-44,Male,Hedehusene,,Denmark,DK,0:55:15,5:07:38,5:16:04,0:08:24,0:05:34,11:32:55,3315,18458,18964,504,334,41575,1401,1225,104,33,32,3,358,343,36,1401,1225,104,Finisher,2563
Brian,Ahrens,Brian Ahrens,2270,M50-54,Male,"
Bramming",SYDDANMARK,Denmark,DK,1:22:32,5:41:49,4:11:16,0:12:00,0:05:22,11:32:58,4952,20509,15076,720,322,41578,1402,1226,74,1769,1471,112,1497,1318,88,1402,1226,74,Finisher,3147
Miklas,Larsen,Miklas Larsen,1650,M25-29,Male,Odense,Denmark,Denmark,DK,1:17:06,5:25:26,4:38:55,0:08:10,0:03:33,11:33:09,4626,19526,16735,490,213,41589,1403,1227,372,1343,1123,319,1064,969,295,1403,1227,372,Finisher,2643
Silvia,Gundersen Kristiansen,Silvia Gundersen Kristiansen,528,F25-29,Female,OSLO,NO-Oslo,Norway,NO,1:18:55,6:06:44,3:56:08,0:06:11,0:05:16,11:33:14,4735,22004,14168,371,316,41594,1404,177,69,1503,245,90,1735,233,85,1404,177,69,Finisher,3241
James,Down,James Down,1524,M40-44,Male,Upton,NOTTINGHAMSHIRE,United Kingdom,GB,1:21:46,5:53:27,4:05:02,0:08:01,0:05:03,11:33:17,4906,21207,14702,481,303,41597,1405,1228,105,1717,1430,133,1603,1400,123,1405,1228,105,Finisher,2558
Neel,Jansen,Neel Jansen,2481,F45-49,Female,Herfølge,DK-DK-85,Denmark,DK,1:09:19,5:39:49,4:30:47,0:08:08,0:05:26,11:33:28,4159,20389,16247,488,326,41608,1406,178,8,640,85,5,1178,118,6,1406,178,8,Finisher,3686
Amalie,Jensby,Amalie Jensby,1724,F18-24,Female,Risskov,,Denmark,DK,1:24:46,5:28:03,4:31:58,0:05:46,0:02:58,11:33:32,5086,19683,16318,346,178,41612,1407,179,14,1915,329,31,1207,125,13,1407,179,14,Finisher,3481
Matthew,Hill,Matthew Hill,1087,M50-54,Male,Maldon,Essex,United Kingdom,GB,1:13:50,5:50:47,4:14:33,0:08:23,0:06:00,11:33:33,4430,21047,15273,503,360,41613,1408,1229,75,1073,912,60,1435,1273,84,1408,1229,75,Finisher,3140
Mikkel,Ebbesen,Mikkel Ebbesen,1032,M30-34,Male,Aarhus,Central Jutland,Denmark,DK,1:16:47,5:24:43,4:41:44,0:06:07,0:04:16,11:33:36,4607,19483,16904,367,256,41616,1409,1230,220,1317,1102,198,1012,927,174,1409,1230,220,Finisher,2603
Joshua,Dörig,Joshua Dörig,2706,M25-29,Male,Köln,North Rhine-Westphalia,Switzerland,CH,1:28:09,5:49:33,4:05:11,0:06:26,0:04:19,11:33:37,5289,20973,14711,386,259,41617,1410,1231,373,2115,1742,461,1620,1417,405,1410,1231,373,Finisher,2637
Louis,Esparbès,Louis Esparbès,1633,M25-29,Male,Verrières le Buisson,,France,FR,1:52:10,5:58:11,3:33:08,0:07:03,0:03:18,11:33:50,6730,21491,12788,423,198,41630,1411,1232,374,2479,2012,493,2056,1748,459,1411,1232,374,Finisher,2635
Peter,Grant Larsen,Peter Grant Larsen,2507,M30-34,Male,Silkeborg,MIDTJYLLAND,Denmark,DK,1:20:39,5:42:41,4:12:16,0:11:16,0:07:08,11:34:00,4839,20561,15136,676,428,41640,1412,1233,221,1623,1353,231,1458,1291,238,1412,1233,221,Finisher,2598
Claus,Jensen,Claus Jensen,1731,M45-49,Male,Bjerringbro,,Denmark,DK,1:32:16,6:16:26,3:36:09,0:06:29,0:02:49,11:34:09,5536,22586,12969,389,169,41649,1413,1234,78,2277,1867,136,2036,1737,122,1413,1234,78,Finisher,3021
Marius,Damgaard Laursen,Marius Damgaard Laursen,2269,M18-24,Male,Aarhus,DK-82,Dominica,DM,1:23:03,6:29:36,3:26:58,0:09:29,0:05:19,11:34:26,4983,23376,12418,569,319,41666,1414,1235,184,1808,1500,231,2113,1788,263,1414,1235,184,Finisher,2499
Mads,Thøgersen,Mads Thøgersen,791,M25-29,Male,CHARLOTTENLUND,HOVEDSTADEN,Denmark,DK,1:12:24,5:57:22,4:07:57,0:10:44,0:06:05,11:34:32,4344,21442,14877,644,365,41672,1415,1236,375,932,796,223,1562,1369,391,1415,1236,375,Finisher,2626
Marcel,Irrgang,Marcel Irrgang,1626,M45-49,Male,Pulheim,Nordrhein-Westfalen,Germany,DE,1:22:52,5:34:54,4:23:53,0:08:36,0:04:23,11:34:38,4972,20094,15833,516,263,41678,1416,1237,79,1793,1488,99,1322,1182,82,1416,1237,79,Finisher,3015
Max,van Woerden,Max van Woerden,2562,M25-29,Male,Nijmegen,Gelderland,Netherlands,NL,1:20:48,5:43:54,4:12:04,0:10:27,0:07:25,11:34:39,4848,20634,15124,627,445,41679,1417,1238,376,1638,1366,380,1467,1298,378,1417,1238,376,Finisher,2625
Martyna,Staskiewicz,Martyna Staskiewicz,1155,F25-29,Female,Herlev,DK-85,Poland,PL,1:22:53,5:48:24,4:07:37,0:09:36,0:06:11,11:34:41,4973,20904,14857,576,371,41681,1418,180,70,1797,306,112,1569,196,72,1418,180,70,Finisher,3224
Daniel,Smith,Daniel Smith,1549,M45-49,Male,Stroud ,Gloucestershire,United Kingdom,GB,1:21:32,5:31:25,4:30:50,0:07:25,0:03:31,11:34:41,4892,19885,16250,445,211,41681,1419,1239,80,1701,1420,93,1231,1104,71,1419,1239,80,Finisher,3014
Christopher Tim,Klein,Christopher Tim Klein,1576,M35-39,Male,Hünxe,NW,Germany,DE,1:34:50,5:37:31,4:13:02,0:04:56,0:04:29,11:34:47,5690,20251,15182,296,269,41687,1420,1240,147,2343,1916,213,1515,1331,150,1420,1240,147,Finisher,2745
Mathias Holger,Nielsen,Mathias Holger Nielsen,1750,M25-29,Male,Hjørring,NORDJYLLAND,Denmark,DK,1:17:05,5:47:50,4:18:31,0:07:07,0:04:17,11:34:50,4625,20870,15511,427,257,41690,1421,1241,377,1341,1121,317,1423,1262,368,1421,1241,377,Finisher,2623
Freja Sjúrðardóttir,Hansen,Freja Sjúrðardóttir Hansen,2520,F25-29,Female,Aarhus N,MIDTJYLLAND,Denmark,DK,1:11:22,5:50:26,4:26:33,0:03:45,0:02:46,11:34:51,4282,21026,15993,225,166,41691,1422,181,71,823,117,45,1314,140,55,1422,181,71,Finisher,3222
Patrick,Hulse,Patrick Hulse,645,M30-34,Male,London,GB-LND,United States,US,1:10:40,5:28:11,4:43:46,0:07:08,0:05:08,11:34:54,4240,19691,17026,428,308,41694,1423,1242,222,762,655,128,984,901,171,1423,1242,222,Finisher,2588
Simon,Smith,Simon Smith,1734,M50-54,Male,Kentsboro,Hants,United Kingdom,GB,1:22:08,5:53:47,4:08:35,0:06:38,0:03:48,11:34:56,4928,21227,14915,398,228,41696,1424,1243,76,1739,1446,108,1596,1394,95,1424,1243,76,Finisher,3123
Carole,Savary,Carole Savary,89,F50-54,Female,Mayenne,FR-53,France,FR,1:10:41,5:50:33,4:19:50,0:08:09,0:05:48,11:35:02,4241,21033,15590,489,348,41702,1425,182,7,766,108,3,1383,150,6,1425,182,7,Finisher,3497
Emil Fredsted,Dumont,Emil Fredsted Dumont,1592,M25-29,Male,Sønderborg,Southern Jutland,Denmark,DK,1:26:35,5:49:46,3:59:55,0:11:40,0:07:08,11:35:05,5195,20986,14395,700,428,41705,1426,1244,378,2024,1667,447,1682,1465,418,1426,1244,378,Finisher,2620
Laura,Dyhrberg,Laura Dyhrberg,1391,F18-24,Female,Frederiksberg,Copenhagen,Denmark,DK,1:19:12,5:52:56,4:11:35,0:07:07,0:04:15,11:35:05,4752,21176,15095,427,255,41705,1427,183,15,1530,251,28,1544,188,19,1427,183,15,Finisher,3462
Ollie,Foord,Ollie Foord,275,M30-34,Male,Billingshurst,GB-ENG,United Kingdom,GB,1:06:39,5:34:51,4:46:23,0:04:43,0:02:30,11:35:06,3999,20091,17183,283,150,41706,1428,1245,223,425,374,83,989,906,172,1428,1245,223,Finisher,2585
Niels Pihl ,Nielsen,Niels Pihl Nielsen,493,M25-29,Male,4700,Zealand,Germany,DE,1:41:46,5:48:38,3:54:50,0:06:43,0:03:19,11:35:16,6106,20918,14090,403,199,41716,1429,1246,379,2420,1968,489,1805,1556,432,1429,1246,379,Finisher,2618
Tobias Bruun,Brøgger,Tobias Bruun Brøgger,535,M40-44,Male,København,Copenhagen,Denmark,DK,1:06:19,5:45:28,4:30:53,0:08:09,0:04:35,11:35:25,3979,20728,16253,489,275,41725,1430,1247,106,402,354,36,1224,1097,89,1430,1247,106,Finisher,2533
Victoria,Stausholm,Victoria Stausholm,1152,F25-29,Female,Esbjerg,SYDDANMARK,Denmark,DK,1:12:07,6:03:47,4:09:51,0:06:11,0:03:35,11:35:32,4327,21827,14991,371,215,41732,1431,184,72,904,132,50,1587,202,75,1431,184,72,Finisher,3214
Andrew,Wathen,Andrew Wathen,508,M45-49,Male,Hereford,Herefordshire,United Kingdom,GB,1:11:30,5:47:31,4:21:35,0:09:31,0:05:39,11:35:46,4290,20851,15695,571,339,41746,1432,1248,81,844,724,51,1363,1218,84,1432,1248,81,Finisher,3001
rasmus breiner,Jacobsen,rasmus breiner Jacobsen,2157,M35-39,Male,Lystrup,Central Jutland,Denmark,DK,1:28:36,5:31:49,4:22:25,0:08:34,0:04:21,11:35:46,5316,19909,15745,514,261,41746,1433,1249,148,2139,1762,193,1372,1227,142,1433,1249,148,Finisher,2733
Charles,Low,Charles Low,2344,M25-29,Male,Reigate,England,United Kingdom,GB,1:22:37,5:51:21,4:05:52,0:09:24,0:06:31,11:35:46,4957,21081,14752,564,391,41746,1434,1250,380,1774,1475,405,1606,1403,398,1434,1250,380,Finisher,2612
Christian Kokholm,Rothmann,Christian Kokholm Rothmann,1946,M30-34,Male,Aalborg,North Jütland,Denmark,DK,1:26:25,5:35:35,4:21:53,0:06:41,0:05:13,11:35:48,5185,20135,15713,401,313,41748,1435,1251,224,2013,1658,276,1367,1222,222,1435,1251,224,Finisher,2577
Antoine,Hoffmann,Antoine Hoffmann,1267,M25-29,Male,Rhode-Saint-Genèse,Flemish Region,Belgium,BE,1:21:26,5:28:45,4:29:50,0:09:45,0:06:07,11:35:53,4886,19725,16190,585,367,41753,1436,1252,381,1694,1413,395,1223,1096,323,1436,1252,381,Finisher,2610
Dave,Watts,Dave Watts,1411,M60-64,Male,Sevenoaks,KEN,United Kingdom,GB,1:21:48,6:14:35,3:41:45,0:10:13,0:07:38,11:35:59,4908,22475,13305,613,458,41759,1437,1253,10,1720,1432,29,1925,1648,31,1437,1253,10,Finisher,3906
Jay,Robinson,Jay Robinson,1815,M30-34,Male,Ulceby,England,United Kingdom,GB,1:30:33,5:42:20,4:13:21,0:06:03,0:03:48,11:36:05,5433,20540,15201,363,228,41765,1438,1254,225,2223,1825,306,1535,1350,243,1438,1254,225,Finisher,2573
Benny,Kay,Benny Kay,421,M35-39,Male,København V,HOVEDSTADEN,Denmark,DK,1:23:50,5:55:05,3:59:06,0:11:20,0:06:53,11:36:13,5030,21305,14346,680,413,41773,1439,1255,149,1859,1540,169,1712,1487,174,1439,1255,149,Finisher,2727
Silas,Twietmeyer,Silas Twietmeyer,2005,M25-29,Male,Rostock,MV,Germany,DE,1:11:06,5:53:13,4:19:08,0:07:21,0:05:42,11:36:31,4266,21193,15548,441,342,41791,1440,1256,382,797,685,193,1415,1257,365,1440,1256,382,Finisher,2603
Rachid,Bardach,Rachid Bardach,2240,M50-54,Male,Krefeld,DE-NW,Germany,DE,1:12:58,5:37:35,4:36:17,0:06:51,0:02:53,11:36:33,4378,20255,16577,411,173,41793,1441,1257,77,988,846,52,1183,1063,63,1441,1257,77,Finisher,3104
Katri,Vuori,Katri Vuori,457,F55-59,Female,Finland,foreigner,Finland,FI,1:11:32,5:41:38,4:32:26,0:06:06,0:04:57,11:36:39,4292,20498,16346,366,297,41799,1442,185,1,848,121,2,1214,126,1,1442,185,1,Finisher,5000
Jan Haurum,Dige,Jan Haurum Dige,2768,M45-49,Male,Skive,MIDTJYLLAND,Denmark,DK,1:30:01,5:19:05,4:36:42,0:07:22,0:03:30,11:36:40,5401,19145,16602,442,210,41800,1443,1258,82,2201,1807,125,1171,1057,67,1443,1258,82,Finisher,2990
Mike,Eynon,Mike Eynon,2454,M40-44,Male,London,England,United Kingdom,GB,1:26:38,6:01:05,3:57:24,0:06:21,0:05:17,11:36:44,5198,21665,14244,381,317,41804,1444,1259,107,2032,1674,154,1769,1531,138,1444,1259,107,Finisher,2517
Matthew,Garnham,Matthew Garnham,2372,M45-49,Male,Clophill,England,United Kingdom,GB,1:22:25,5:58:17,4:02:46,0:09:37,0:03:42,11:36:47,4945,21497,14566,577,222,41807,1445,1260,83,1759,1463,95,1713,1488,99,1445,1260,83,Finisher,2989
Malthe,Dan Jensen,Malthe Dan Jensen,2063,M18-24,Male,Odense N,Denmark,Denmark,DK,1:24:53,5:48:53,4:08:40,0:08:33,0:05:49,11:36:47,5093,20933,14920,513,349,41807,1446,1261,185,1922,1592,238,1592,1390,206,1446,1261,185,Finisher,2471
Matthias,Haas,Matthias Haas,2079,M45-49,Male,Schotten,DE-HE,Germany,DE,1:15:01,5:37:59,4:33:27,0:06:34,0:04:10,11:37:10,4501,20279,16407,394,250,41830,1447,1262,84,1170,988,67,1216,1090,69,1447,1262,84,Finisher,2984
Sofia,Landin,Sofia Landin,2082,F30-34,Female,Stockholm,SE-AB,Sweden,SE,1:32:30,6:01:00,3:48:03,0:07:18,0:08:30,11:37:21,5550,21660,13683,438,510,41841,1448,186,49,2281,411,88,1865,265,58,1448,186,49,Finisher,3240
Christoffer,Skouboe,Christoffer Skouboe,565,M18-24,Male,København,Copenhagen,Denmark,DK,1:13:51,5:59:51,4:10:29,0:08:44,0:04:45,11:37:40,4431,21591,15029,524,285,41860,1449,1263,186,1075,914,133,1593,1391,207,1449,1263,186,Finisher,2460
Loïck ,Moulène-Dalançon ,Loïck Moulène-Dalançon,1398,M25-29,Male,MONTIGNY LE BRETONNEUX,YVELINES,France,FR,1:02:11,6:04:01,4:20:26,0:07:39,0:03:25,11:37:43,3731,21841,15626,459,205,41863,1450,1264,383,206,183,55,1444,1279,370,1450,1264,383,Finisher,2588
Kasper,Bhatia,Kasper Bhatia,2539,M25-29,Male,Aarhus C,MIDTJYLLAND,Denmark,DK,1:17:49,5:42:13,4:27:47,0:06:07,0:03:48,11:37:43,4669,20533,16067,367,228,41863,1451,1265,384,1404,1171,335,1318,1178,350,1451,1265,384,Finisher,2588
Max,Pitterling,Max Pitterling,2552,M25-29,Male,Neuss,NW,Germany,DE,1:13:49,5:43:43,4:29:38,0:07:26,0:03:08,11:37:44,4429,20623,16178,446,188,41864,1452,1266,385,1072,911,255,1304,1166,343,1452,1266,385,Finisher,2588
Mads-Christian,Gregersen,Mads-Christian Gregersen,1076,M25-29,Male,København,Copenhagen,Denmark,DK,1:27:50,6:03:03,3:55:17,0:05:58,0:05:49,11:37:57,5270,21783,14117,358,349,41877,1453,1267,386,2102,1730,460,1801,1555,431,1453,1267,386,Finisher,2585
Andrea,Bjergaarde,Andrea Bjergaarde,488,F25-29,Female,København Ø,Copenhagen,Denmark,DK,1:15:11,5:53:24,4:18:40,0:07:24,0:03:18,11:37:58,4511,21204,15520,444,198,41878,1454,187,73,1185,186,70,1486,176,69,1454,187,73,Finisher,3185
Joni,Karras,Joni Karras,2666,M25-29,Male,Helsinki,Uusimaa,Finland,FI,1:16:48,5:48:07,4:18:04,0:10:21,0:04:39,11:38:00,4608,20887,15484,621,279,41880,1455,1268,387,1319,1104,313,1472,1302,381,1455,1268,387,Finisher,2585
Laurits Barner,Hansen,Laurits Barner Hansen,2029,M18-24,Male,Næstved,Sjælland ,Denmark,DK,1:29:49,6:13:12,3:38:50,0:10:47,0:05:26,11:38:03,5389,22392,13130,647,326,41883,1456,1269,187,2191,1800,261,2013,1716,252,1456,1269,187,Finisher,2456
Atlanta,Woolnough,Atlanta Woolnough,709,F25-29,Female,Hornchurch,GB-ENG,United Kingdom,GB,1:17:46,6:04:54,4:08:51,0:04:17,0:02:30,11:38:18,4666,21894,14931,257,150,41898,1457,188,74,1400,232,85,1666,216,80,1457,188,74,Finisher,3181
Naomi,Avery,Naomi Avery,1523,F40-44,Female,Bletchley,BKM,United Kingdom,GB,1:24:47,6:06:38,3:58:00,0:05:48,0:03:22,11:38:34,5087,21998,14280,348,202,41914,1458,189,11,1916,330,15,1807,250,14,1458,189,11,Finisher,3950
Jes,From,Jes From,2366,M18-24,Male,Holstebro,Central Jutland,Denmark,DK,1:20:06,5:39:13,4:26:21,0:08:19,0:04:38,11:38:37,4806,20353,15981,499,278,41917,1459,1270,188,1591,1329,206,1350,1206,180,1459,1270,188,Finisher,2449
Christopher,Hughes,Christopher Hughes,1878,M30-34,Male,Wirral,WIRRAL,United Kingdom,GB,1:11:37,6:02:58,4:01:09,0:13:43,0:09:11,11:38:38,4297,21778,14469,823,551,41918,1460,1271,226,858,735,142,1686,1468,251,1460,1271,226,Finisher,2543
Mie,Ekman,Mie Ekman,746,F30-34,Female,Odense C,,Denmark,DK,1:17:56,5:36:36,4:34:12,0:06:07,0:03:54,11:38:45,4676,20196,16452,367,234,41925,1461,190,50,1414,234,51,1236,130,34,1461,190,50,Finisher,3223
Carl,Bale,Carl Bale,1737,M45-49,Male,Bridgend,Mid Glamorgan,United Kingdom,GB,1:11:00,5:42:19,4:32:46,0:07:21,0:05:24,11:38:51,4260,20539,16366,441,324,41931,1462,1272,85,789,678,49,1238,1108,72,1462,1272,85,Finisher,2964
Asterios,Nastas,Asterios Nastas,2262,M30-34,Male,Copenhagen,DK-84,Greece,GR,1:26:51,5:48:47,4:10:21,0:08:07,0:04:47,11:38:53,5211,20927,15021,487,287,41933,1463,1273,227,2044,1682,280,1616,1413,245,1463,1273,227,Finisher,2540
Rose,Johnston,Rose Johnston,1741,F25-29,Female,Orpington,KEN,United Kingdom,GB,1:08:40,6:01:17,4:18:51,0:05:22,0:04:53,11:39:03,4120,21677,15531,322,293,41943,1464,191,75,590,75,29,1473,171,66,1464,191,75,Finisher,3172
Daniel,Otte,Daniel Otte,1693,M45-49,Male,Köln,NW,Germany,DE,1:27:04,6:01:57,3:56:16,0:09:28,0:04:18,11:39:05,5224,21717,14176,568,258,41945,1465,1274,86,2058,1693,113,1824,1573,108,1465,1274,86,Finisher,2961
Kasper,Mahlamäki,Kasper Mahlamäki,1984,M30-34,Male,Helsinki,Uusimaa,Finland,FI,1:03:56,6:39:51,3:44:13,0:05:53,0:05:20,11:39:13,3836,23991,13453,353,320,41953,1466,1275,228,277,245,58,1956,1673,280,1466,1275,228,Finisher,2536
Patrick,Kronholm,Patrick Kronholm,1278,M30-34,Male,Køge,DK-85,Denmark,DK,1:29:04,5:47:11,4:10:13,0:08:57,0:04:15,11:39:40,5344,20831,15013,537,255,41980,1467,1276,229,2162,1779,299,1642,1436,248,1467,1276,229,Finisher,2530
Tobias,Perto,Tobias Perto,2112,M18-24,Male,Aarhus,Central Jutland,Dominica,DM,1:22:42,5:48:16,4:18:50,0:06:46,0:03:09,11:39:44,4962,20896,15530,406,189,41984,1468,1277,189,1781,1479,226,1522,1338,196,1468,1277,189,Finisher,2435
Nils,Bauer,Nils Bauer,1168,M35-39,Male,Lautertal (Odenwald),Hessen,Germany,DE,1:44:33,5:46:52,3:56:27,0:08:08,0:03:47,11:39:46,6273,20812,14187,488,227,41986,1469,1278,150,2444,1987,221,1842,1586,188,1469,1278,150,Finisher,2685
Alex,Chadfield,Alex Chadfield,1554,M30-34,Male,Dublin,Dublin,Ireland,IE,1:08:46,6:10:35,3:56:00,0:10:46,0:13:38,11:39:46,4126,22235,14160,646,818,41986,1470,1279,230,599,523,113,1711,1486,255,1470,1279,230,Finisher,2529
Edgar,Burgos,Edgar Burgos,196,M55-59,Male,Søborg,DK-84,Denmark,DK,1:24:33,5:34:12,4:29:10,0:07:38,0:04:13,11:39:47,5073,20052,16150,458,253,41987,1471,1280,43,1903,1578,68,1323,1183,46,1471,1280,43,Finisher,3240
Petri,Ahti,Petri Ahti,2303,M60-64,Male,Espoo,Uusimaa,Finland,FI,1:14:53,5:25:41,4:45:35,0:08:05,0:05:36,11:39:51,4493,19541,17135,485,336,41991,1472,1281,11,1161,980,16,1029,940,10,1472,1281,11,Finisher,3859
Ludvig,Veilbaek,Ludvig Veilbaek,2181,M18-24,Male,Værløse,Copenhagen,Denmark,DK,1:19:29,5:29:18,4:36:30,0:09:26,0:05:11,11:39:54,4769,19758,16590,566,311,41994,1473,1282,190,1553,1297,203,1198,1078,163,1473,1282,190,Finisher,2433
Veronika,Chladekova,Veronika Chladekova,324,F25-29,Female,Gentofte,HOVEDSTADEN,Denmark,DK,1:17:27,6:05:40,4:01:50,0:07:44,0:07:21,11:40:01,4647,21940,14510,464,441,42001,1474,192,76,1373,225,82,1723,229,83,1474,192,76,Finisher,3160
SETH,DAVIES,SETH DAVIES,2519,M50-54,Male,STOCKPORT,Please select...,United Kingdom,GB,1:13:32,5:53:10,4:17:03,0:11:13,0:05:05,11:40:04,4412,21190,15423,673,305,42004,1475,1283,78,1038,880,56,1526,1341,92,1475,1283,78,Finisher,3062
Gry Simone Lumbye,Floor,Gry Simone Lumbye Floor,1752,F25-29,Female,København,Copenhagen,Denmark,DK,0:57:22,6:08:35,4:24:01,0:05:51,0:04:23,11:40:11,3442,22115,15841,351,263,42011,1476,193,77,60,7,3,1418,160,62,1476,193,77,Finisher,3158
Alexander,Eggenhuizen,Alexander Eggenhuizen,1545,M60-64,Male,Barendrecht,,Netherlands,NL,1:06:39,5:54:27,4:27:45,0:07:11,0:04:31,11:40:34,3999,21267,16065,431,271,42034,1477,1284,12,426,375,4,1359,1214,13,1477,1284,12,Finisher,3851
Anthony,Vezian,Anthony Vezian,733,M25-29,Male,Nice,Alpes Maritimes,France,FR,1:22:59,6:13:04,3:51:52,0:08:34,0:04:05,11:40:34,4979,22384,13912,514,245,42034,1478,1285,388,1802,1495,409,1903,1632,443,1478,1285,388,Finisher,2554
Richard,Taylor,Richard Taylor,2449,M50-54,Male,Alton,HAM,United Kingdom,GB,1:21:24,6:12:42,3:47:42,0:11:43,0:07:15,11:40:46,4884,22362,13662,703,435,42046,1479,1286,79,1691,1410,101,1916,1642,121,1479,1286,79,Finisher,3053
Torben Bundgaard,Nielsen,Torben Bundgaard Nielsen,712,M40-44,Male,Søborg,DK-84,Denmark,DK,1:27:24,5:47:34,4:07:16,0:10:13,0:08:20,11:40:48,5244,20854,14836,613,500,42048,1480,1287,108,2078,1709,159,1641,1435,126,1480,1287,108,Finisher,2468
Nicole,Nissen,Nicole Nissen,1046,F25-29,Female,Esbjerg,Southern Jutland,Denmark,DK,1:21:38,6:11:55,3:57:01,0:05:46,0:04:29,11:40:49,4898,22315,14221,346,269,42049,1481,194,78,1710,286,105,1836,254,92,1481,194,78,Finisher,3150
Callum,Wood,Callum Wood,1072,M30-34,Male,New Milton,Hampshire,United Kingdom,GB,1:12:50,6:06:38,4:07:19,0:09:07,0:04:58,11:40:51,4370,21998,14839,547,298,42051,1482,1288,231,977,837,158,1694,1474,252,1482,1288,231,Finisher,2516
Jamie,Dury,Jamie Dury,2544,M30-34,Male,Gateshead,England,United Kingdom,GB,1:11:19,5:54:30,4:21:40,0:08:21,0:05:04,11:40:54,4279,21270,15700,501,304,42054,1483,1289,232,818,704,136,1449,1284,236,1483,1289,232,Finisher,2516
Iben,Skafdrup,Iben Skafdrup,1047,F25-29,Female,København,,Denmark,DK,1:38:08,6:05:39,3:47:11,0:05:59,0:04:02,11:40:59,5888,21939,13631,359,242,42059,1484,195,79,2379,439,135,1960,284,107,1484,195,79,Finisher,3148
Dieter,Saelens,Dieter Saelens,1328,M45-49,Male,knokke,,Belgium,BE,1:11:15,5:59:36,4:18:18,0:08:16,0:03:39,11:41:05,4275,21576,15498,496,219,42065,1485,1290,87,810,697,50,1541,1355,91,1485,1290,87,Finisher,2937
Nicolai,Utzon-Frank,Nicolai Utzon-Frank,1572,M45-49,Male,Gentofte,Region Hovedstaden,Denmark,DK,1:44:09,6:05:48,3:34:22,0:12:06,0:04:43,11:41:08,6249,21948,12862,726,283,42068,1486,1291,88,2441,1985,159,2111,1787,130,1486,1291,88,Finisher,2937
Peter,Dahl,Peter Dahl,1012,M65-69,Male,Charlottenlund,Copenhagen,Denmark,DK,1:29:06,5:24:59,4:31:40,0:09:09,0:06:17,11:41:10,5346,19499,16300,549,377,42070,1487,1292,2,2165,1781,7,1277,1139,1,1487,1292,2,Finisher,4871
Rasmus Ramshøj,Pløen,Rasmus Ramshøj Pløen,2696,M40-44,Male,Malling,Central Jutland,Denmark,DK,1:13:31,6:13:54,4:03:08,0:07:01,0:03:41,11:41:15,4411,22434,14588,421,221,42075,1488,1293,109,1033,876,86,1774,1536,140,1488,1293,109,Finisher,2463
Marko,Pavlovic,Marko Pavlovic,1615,M45-49,Male,Pancevo,Serbia,Serbia,RS,1:32:39,6:04:16,3:48:29,0:10:02,0:06:10,11:41:35,5559,21856,13709,602,370,42095,1489,1294,89,2287,1873,139,1928,1650,116,1489,1294,89,Finisher,2931
Elliot,Pascoe,Elliot Pascoe,1368,M25-29,Male,Bristol,SOM,United Kingdom,GB,1:08:13,6:30:27,3:49:46,0:06:59,0:06:10,11:41:36,4093,23427,13786,419,370,42096,1490,1295,389,547,480,132,1914,1640,446,1490,1295,389,Finisher,2542
Simone,Benevento,Simone Benevento,1502,M35-39,Male,Fiumicino,IT-IT-LAZIO,Italy,IT,1:13:35,5:46:46,4:25:52,0:09:29,0:05:57,11:41:39,4415,20806,15952,569,357,42099,1491,1296,151,1047,888,96,1392,1239,144,1491,1296,151,Finisher,2662
Anders,Bogh Jacobsen,Anders Bogh Jacobsen,1491,M25-29,Male,Kongens Lyngby,DK-84,Denmark,DK,1:05:47,5:46:44,4:39:59,0:04:45,0:04:24,11:41:39,3947,20804,16799,285,264,42099,1492,1297,390,368,324,95,1179,1061,315,1492,1297,390,Finisher,2541
Charlotte,Minister,Charlotte Minister,1473,F25-29,Female,Biggleswade,GB-BDF,United Kingdom,GB,1:18:54,6:16:40,3:52:53,0:07:37,0:05:42,11:41:45,4734,22600,13973,457,342,42105,1493,196,80,1502,244,89,1886,267,97,1493,196,80,Finisher,3139
Tom,Boulden,Tom Boulden,1244,M35-39,Male,Plymouth,England,United Kingdom,GB,1:26:02,6:18:28,3:41:37,0:10:15,0:05:30,11:41:51,5162,22708,13297,615,330,42111,1494,1298,152,1988,1642,183,2030,1731,200,1494,1298,152,Finisher,2660
Gustav Spieler,Palmers,Gustav Spieler Palmers,1880,M18-24,Male,Nesoddtangen,Akershus,Norway,NO,1:17:03,5:40:16,4:35:38,0:05:37,0:03:19,11:41:53,4623,20416,16538,337,199,42113,1495,1299,191,1337,1118,165,1275,1137,172,1495,1299,191,Finisher,2410
Stefán Helgi,Pálsson,Stefán Helgi Pálsson,2078,M55-59,Male,Sønderborg,SYDDANMARK,Iceland,IS,1:07:24,5:52:55,4:22:08,0:12:21,0:07:08,11:41:55,4044,21175,15728,741,428,42115,1496,1300,44,475,415,12,1431,1269,50,1496,1300,44,Finisher,3214
Kenneth,Rachlitz,Kenneth Rachlitz,1098,M45-49,Male,"Fløng
Hedehusene",,Denmark,DK,1:28:33,5:44:53,4:16:21,0:06:50,0:05:28,11:42:06,5313,20693,15381,410,328,42126,1497,1301,90,2135,1759,120,1558,1365,92,1497,1301,90,Finisher,2925
Anders,Rask,Anders Rask,2108,M30-34,Male,Odense,SYDDANMARK,Denmark,DK,1:23:03,5:58:18,4:02:32,0:12:06,0:06:13,11:42:12,4983,21498,14552,726,373,42132,1498,1302,233,1807,1499,254,1762,1525,260,1498,1302,233,Finisher,2500
Christian,Henriksen,Christian Henriksen,1560,M30-34,Male,Copenhagen,,Denmark,DK,1:22:09,6:27:51,3:39:45,0:06:06,0:06:23,11:42:14,4929,23271,13185,366,383,42134,1499,1303,234,1741,1447,247,2043,1741,294,1499,1303,234,Finisher,2500
Ivar,Van liempt,Ivar Van liempt,2328,M40-44,Male,Antwerpen,ANTWERPEN,Belgium,BE,1:27:35,5:44:45,4:11:25,0:12:17,0:06:15,11:42:17,5255,20685,15085,737,375,42137,1500,1304,110,2090,1719,160,1632,1428,125,1500,1304,110,Finisher,2450
axel,jensen,axel jensen,621,M18-24,Male,Rødovre,DK-84,Denmark,DK,1:31:18,6:00:04,4:00:37,0:07:05,0:03:21,11:42:26,5478,21604,14437,425,201,42146,1501,1305,192,2249,1847,270,1823,1572,233,1501,1305,192,Finisher,2403
Andre,Segger,Andre Segger,15,M55-59,Male,London,GB-ENG,Germany,DE,1:16:17,5:54:00,4:21:29,0:05:56,0:04:48,11:42:29,4577,21240,15689,356,288,42149,1502,1306,45,1273,1068,45,1493,1314,52,1502,1306,45,Finisher,3208
James,Tipler,James Tipler,2664,M30-34,Male,Royal Tunbridge Wells,KEN,United Kingdom,GB,1:12:46,5:50:28,4:24:14,0:09:37,0:05:25,11:42:31,4366,21028,15854,577,325,42151,1503,1307,235,967,828,157,1433,1271,234,1503,1307,235,Finisher,2496
Ben,Adler,Ben Adler,77,M40-44,Male,New York,NY,United States,US,1:19:36,6:05:16,4:02:24,0:08:43,0:06:33,11:42:33,4776,21916,14544,523,393,42153,1504,1308,111,1564,1306,112,1764,1527,137,1504,1308,111,Finisher,2447
Christoffer Voldsgaard,Holm,Christoffer Voldsgaard Holm,1358,M25-29,Male,Charlottenlund,HOVEDSTADEN,Denmark,DK,1:25:55,5:50:33,4:13:22,0:07:59,0:04:48,11:42:38,5155,21033,15202,479,288,42158,1505,1309,391,1982,1639,441,1629,1425,409,1505,1309,391,Finisher,2529
Jakob Skovrup,Stampe,Jakob Skovrup Stampe,613,M40-44,Male,aalborg,DK-81,Denmark,DK,1:22:33,,4:16:02,0:04:00,0:00:00,11:43:00,4953,0,15362,240,0,42180,1506,1310,112,1771,1473,139,99999,99999,99999,1506,1310,112,Finisher,2442
Maarten,De Locht,Maarten De Locht,1546,M25-29,Male,Ekeren,ANTWERPEN,Belgium,BE,1:11:51,5:54:49,4:20:57,0:07:37,0:07:51,11:43:04,4311,21289,15657,457,471,42184,1507,1311,392,881,754,212,1451,1286,373,1507,1311,392,Finisher,2524
Daniel,Raof,Daniel Raof,1580,M18-24,Male,Århus,jylland,Denmark,DK,1:18:56,5:50:02,4:20:33,0:08:55,0:04:43,11:43:09,4736,21002,15633,535,283,42189,1508,1312,193,1505,1260,196,1525,1340,198,1508,1312,193,Finisher,2394
Andrei,Dankevich,Andrei Dankevich,2538,M50-54,Male,Tallinn,HARJUMAA,Estonia,EE,1:34:47,5:31:14,4:21:58,0:11:29,0:03:44,11:43:12,5687,19874,15718,689,224,42192,1509,1313,80,2341,1914,149,1518,1334,91,1509,1313,80,Finisher,3024
Casper Facius,Christensen,Casper Facius Christensen,2220,M35-39,Male,Herning,Midtjylland,Denmark,DK,1:19:35,5:53:17,4:18:08,0:07:00,0:05:16,11:43:15,4775,21197,15488,420,316,42195,1510,1314,153,1562,1305,141,1550,1360,160,1510,1314,153,Finisher,2643
Mikkel,Jakobsen,Mikkel Jakobsen,2468,M18-24,Male,Århus,Danmark,Denmark,DK,1:27:44,5:45:55,4:19:36,0:07:07,0:02:54,11:43:16,5264,20755,15576,427,174,42196,1511,1315,194,2098,1726,250,1566,1371,203,1511,1315,194,Finisher,2393
Enya,Serneels,Enya Serneels,1653,F30-34,Female,Gent,OOST-VLAANDEREN,Belgium,BE,1:16:36,6:07:16,4:08:48,0:05:23,0:05:14,11:43:16,4596,22036,14928,323,314,42196,1512,197,51,1302,211,46,1702,225,50,1512,197,51,Finisher,3169
Anja,Walter,Anja Walter,739,F45-49,Female,Damme,NIEDERSACHSEN,Germany,DE,1:16:32,6:03:01,4:11:51,0:06:26,0:05:36,11:43:26,4592,21781,15111,386,336,42206,1513,198,9,1298,210,12,1654,211,10,1513,198,9,Finisher,3566
Huw,morgan,Huw morgan,586,M25-29,Female,London,GB-ENG,United Kingdom,GB,1:01:13,5:57:26,4:31:15,0:07:21,0:06:14,11:43:29,3673,21446,16275,441,374,42209,1514,1316,393,166,145,41,1316,1176,349,1514,1316,393,Finisher,2519
Clarine,Ovando,Clarine Ovando,321,F35-39,Female,København,DK-85,France,FR,1:02:53,6:11:39,4:19:51,0:05:58,0:03:10,11:43:32,3773,22299,15591,358,190,42212,1515,199,25,233,29,2,1564,195,25,1515,199,25,Finisher,3095
Mathias,Helvig,Mathias Helvig,2501,M25-29,Male,Stavanger,NO-11,Norway,NO,1:14:19,6:05:16,4:16:59,0:04:31,0:02:38,11:43:43,4459,21916,15419,271,158,42223,1516,1317,394,1114,943,262,1619,1416,404,1516,1317,394,Finisher,2516
Vladyslav,Semeniuk,Vladyslav Semeniuk,320,M30-34,Male,København S,DK-84,Denmark,DK,1:28:50,5:53:55,4:10:05,0:06:46,0:04:10,11:43:45,5330,21235,15005,406,250,42225,1517,1318,236,2150,1770,297,1706,1481,254,1517,1318,236,Finisher,2481
Klaus,Risager,Klaus Risager,961,M55-59,Male,Skovlunde,HOVEDSTADEN,Denmark,DK,1:07:14,5:14:33,5:13:05,0:05:36,0:03:22,11:43:50,4034,18873,18785,336,202,42230,1518,1319,46,462,403,11,650,618,20,1518,1319,46,Finisher,3191
Karl,Chatterjee,Karl Chatterjee,98,M55-59,Male,London,GB-LBH,United Kingdom,GB,1:18:30,5:55:35,4:12:51,0:11:49,0:05:11,11:43:55,4710,21335,15171,709,311,42235,1519,1320,47,1464,1223,50,1650,1443,58,1519,1320,47,Finisher,3190
Herman,Haver,Herman Haver,1948,M18-24,Male,Tananger,Rogaland,Norway,NO,1:10:41,5:56:01,4:23:56,0:09:06,0:04:15,11:43:59,4241,21361,15836,546,255,42239,1520,1321,195,764,657,94,1479,1304,191,1520,1321,195,Finisher,2384
Victor,Dahl,Victor Dahl,2019,M40-44,Male,Vallentuna,,Sweden,SE,1:31:37,5:39:41,4:18:36,0:07:14,0:06:52,11:43:59,5497,20381,15516,434,412,42239,1521,1322,113,2256,1852,173,1529,1344,111,1521,1322,113,Finisher,2430
Andy,Allen,Andy Allen,1857,M30-34,Male,"Swanwick, Southampton",England,United Kingdom,GB,1:26:53,6:06:16,4:00:00,0:05:35,0:05:16,11:44:00,5213,21976,14400,335,316,42240,1522,1323,237,2047,1685,282,1829,1576,265,1522,1323,237,Finisher,2478
Magnus,Marger,Magnus Marger,1691,M25-29,Male,"
Vanløse",,Denmark,DK,1:18:22,5:42:06,4:37:07,0:03:28,0:03:02,11:44:04,4702,20526,16627,208,182,42244,1523,1324,395,1451,1211,346,1284,1146,338,1523,1324,395,Finisher,2512
Maximillian,Christelow,Maximillian Christelow,1008,M25-29,Male,Redhill,UNITED KINGDOM,United Kingdom,GB,1:09:31,5:38:36,4:37:01,0:08:06,0:11:00,11:44:13,4171,20316,16621,486,660,42253,1524,1325,396,661,572,158,1167,1053,313,1524,1325,396,Finisher,2510
Ian,Brewer,Ian Brewer,2175,M40-44,Male,Wellington,SOMERSET,United Kingdom,GB,1:22:20,5:31:23,4:37:59,0:07:55,0:04:38,11:44:15,4940,19883,16679,475,278,42255,1525,1326,114,1751,1456,138,1254,1122,92,1525,1326,114,Finisher,2427
Tilly,Meyrick,Tilly Meyrick,1400,F18-24,Female,Cromer,England,United Kingdom,GB,0:58:57,6:22:22,4:11:14,0:06:09,0:05:35,11:44:17,3537,22942,15074,369,335,42257,1526,200,16,103,13,3,1671,217,21,1526,200,16,Finisher,3352
Xan,Gray Muir,Xan Gray Muir,1688,M18-24,Male,By Forfar,Angus,United Kingdom,GB,1:14:07,6:09:52,4:00:53,0:10:36,0:08:51,11:44:19,4447,22192,14453,636,531,42259,1527,1327,196,1097,931,140,1776,1538,226,1527,1327,196,Finisher,2380
Thomas,Guldberg Nielsen,Thomas Guldberg Nielsen,1992,M18-24,Male,Esbjerg V,Southern Jutland,Denmark,DK,1:13:46,5:48:39,4:30:57,0:06:52,0:04:28,11:44:42,4426,20919,16257,412,268,42282,1528,1328,197,1060,899,128,1380,1231,184,1528,1328,197,Finisher,2376
Giovanni,Sacconelli,Giovanni Sacconelli,1418,M30-34,Male,Bovolone,,Italy,IT,1:25:08,5:52:23,4:06:21,0:14:44,0:06:09,11:44:45,5108,21143,14781,884,369,42285,1529,1329,238,1941,1607,269,1742,1507,259,1529,1329,238,Finisher,2469
Mikkel,Albæk,Mikkel Albæk,1130,M18-24,Male,Copenhagen,HOVEDSTADEN,Denmark,DK,1:14:00,5:23:22,4:56:41,0:05:36,0:05:13,11:44:52,4440,19402,17801,336,313,42292,1530,1330,198,1092,928,139,930,861,134,1530,1330,198,Finisher,2374
Niovi,Papanikolaou,Niovi Papanikolaou,894,F30-34,Female,Athens,ATTIKI,Greece,GR,1:17:24,6:14:32,4:00:32,0:07:50,0:04:36,11:44:55,4644,22472,14432,470,276,42295,1531,201,52,1367,223,50,1848,259,55,1531,201,52,Finisher,3149
Patrick Stub,Bruselius,Patrick Stub Bruselius,1134,M25-29,Male,Køge,Zealand,Denmark,DK,1:21:04,5:41:52,4:27:25,0:08:33,0:06:04,11:44:57,4864,20512,16045,513,364,42297,1532,1331,397,1665,1390,389,1412,1254,364,1532,1331,397,Finisher,2501
Mindaugas,Garmus,Mindaugas Garmus,1279,M45-49,Male,Copenhagen,DK-85,Lithuania,LT,1:34:05,5:53:32,4:00:35,0:11:32,0:05:16,11:45:00,5645,21212,14435,692,316,42300,1533,1332,91,2325,1901,147,1835,1582,109,1533,1332,91,Finisher,2890
Radovan,Popadic,Radovan Popadic,1561,M45-49,Male,KRAGUJEVAC,RS-12,Serbia,RS,1:18:41,5:49:00,4:23:48,0:08:13,0:05:20,11:45:01,4721,20940,15828,493,320,42301,1534,1333,92,1481,1239,82,1483,1308,88,1534,1333,92,Finisher,2890
Theerin,Tanatithchanudom,Theerin Tanatithchanudom,672,M35-39,Male,Bangkok,KRUNG THEP MAHA NAKHON,Thailand,TH,1:27:27,5:49:09,4:10:33,0:10:54,0:07:00,11:45:03,5247,20949,15033,654,420,42303,1535,1334,154,2080,1711,190,1672,1455,170,1535,1334,154,Finisher,2621
Johan,Eigtved,Johan Eigtved,1101,M30-34,Male,Frederiksberg C,,Denmark,DK,1:09:51,5:52:52,4:30:17,0:06:28,0:05:39,11:45:06,4191,21172,16217,388,339,42306,1536,1335,239,688,594,120,1374,1228,223,1536,1335,239,Finisher,2465
Chris,Carter,Chris Carter,1399,M60-64,Male,Shrewsbury,Shropshire,United Kingdom,GB,1:19:58,5:53:04,4:21:34,0:05:44,0:04:59,11:45:18,4798,21184,15694,344,299,42318,1537,1336,13,1580,1319,25,1532,1347,17,1537,1336,13,Finisher,3794
Tommy-Lee,Lippens,Tommy-Lee Lippens,1950,M25-29,Male,Antwerpen,Flemish Region,Belgium,BE,1:10:30,6:15:15,4:06:20,0:07:01,0:06:18,11:45:23,4230,22515,14780,421,378,42323,1538,1337,398,739,633,179,1751,1515,425,1538,1337,398,Finisher,2496
Christian Munch,Nielsen,Christian Munch Nielsen,2299,M30-34,Male,Aalborg,North Jütland,Denmark,DK,1:40:16,5:25:18,4:28:26,0:06:17,0:05:31,11:45:47,6016,19518,16106,377,331,42347,1539,1338,240,2404,1956,317,1420,1260,232,1539,1338,240,Finisher,2457
David,Butchart,David Butchart,1790,M40-44,Male,Burton upon Trent,STS,United Kingdom,GB,1:05:24,6:24:14,4:05:48,0:06:43,0:03:49,11:45:57,3924,23054,14748,403,229,42357,1540,1339,115,348,307,30,1792,1549,143,1540,1339,115,Finisher,2406
Ellie,Thorn,Ellie Thorn,295,F25-29,Female,Capel,Surrey,United Kingdom,GB,1:18:03,5:54:58,4:16:56,0:08:08,0:07:57,11:46:01,4683,21298,15416,488,477,42361,1541,202,81,1426,238,88,1574,198,73,1541,202,81,Finisher,3088
Niklas,LUNDIN,Niklas LUNDIN,2420,M35-39,Male,Malmö,SE-M,Sweden,SE,1:11:07,5:53:18,4:23:39,0:14:49,0:03:12,11:46:04,4267,21198,15819,889,192,42364,1542,1340,155,798,686,74,1542,1356,158,1542,1340,155,Finisher,2609
Frank,Rosenkilde,Frank Rosenkilde,2345,M65-69,Male,Randers NV,,Denmark,DK,1:40:11,5:39:41,4:17:27,0:04:59,0:03:46,11:46:04,6011,20381,15447,299,226,42364,1543,1341,3,2401,1953,13,1633,1429,3,1543,1341,3,Finisher,4812
Rasmus,Jepsen,Rasmus Jepsen,1208,M30-34,Male,Rødovre,DK-84,Denmark,DK,1:17:20,5:42:55,4:34:11,0:07:54,0:04:00,11:46:20,4640,20575,16451,474,240,42380,1544,1342,241,1363,1141,200,1358,1213,220,1544,1342,241,Finisher,2450
Nico,Huybrechts,Nico Huybrechts,2020,M40-44,Male,Kessel-lo,Flemish Region,Belgium,BE,1:25:14,5:47:37,4:18:24,0:09:46,0:05:26,11:46:27,5114,20857,15504,586,326,42387,1545,1343,116,1948,1613,151,1597,1395,122,1545,1343,116,Finisher,2400
René,Just Poulsen,René Just Poulsen,2381,M35-39,Male,Viborg,DK,Denmark,DK,1:26:32,6:02:44,4:01:52,0:10:42,0:04:56,11:46:46,5192,21764,14512,642,296,42406,1546,1344,156,2021,1665,186,1852,1593,191,1546,1344,156,Finisher,2601
Buster Bukart ,Hansen,Buster Bukart Hansen,2729,M30-34,Male,Odense,SYDDANMARK,Denmark,DK,1:17:26,5:37:43,4:40:23,0:06:52,0:04:23,11:46:47,4646,20263,16823,412,263,42407,1547,1345,242,1372,1148,202,1259,1125,205,1547,1345,242,Finisher,2445
Juliane Agnete,Haxthausen,Juliane Agnete Haxthausen,1850,F25-29,Female,København V ,Copenhagen,Denmark,DK,1:17:09,5:58:56,4:20:11,0:05:24,0:05:14,11:46:54,4629,21536,15611,324,314,42414,1548,203,82,1347,221,80,1577,200,74,1548,203,82,Finisher,3077
David,Cree,David Cree,2521,M50-54,Male,Leeds,England,United Kingdom,GB,1:17:32,5:43:49,4:25:14,0:10:13,0:10:13,11:47:00,4652,20629,15914,613,613,42420,1549,1346,81,1383,1155,81,1414,1256,80,1549,1346,81,Finisher,2978
Christian,Buur,Christian Buur,2574,M60-64,Male,"
Risskov",MIDTJYLLAND,Denmark,DK,1:20:01,5:49:28,4:22:07,0:09:26,0:06:01,11:47:02,4801,20968,15727,566,361,42422,1550,1347,14,1586,1325,26,1533,1348,18,1550,1347,14,Finisher,3773
Kristian Toft,Langæble,Kristian Toft Langæble,2407,M25-29,Male,Nørresundby,North Jütland,Denmark,DK,1:18:23,5:51:15,4:28:55,0:05:23,0:03:08,11:47:05,4703,21075,16135,323,188,42425,1551,1348,399,1455,1215,348,1464,1296,377,1551,1348,399,Finisher,2476
Trine Foget ,Johansen,Trine Foget Johansen,1796,F35-39,Female,Aarhus,Central Jutland,Denmark,DK,1:08:14,5:20:46,5:10:20,0:04:36,0:03:23,11:47:19,4094,19246,18620,276,203,42439,1552,204,26,548,68,9,766,44,3,1552,204,26,Finisher,3049
Lars Winther,Nielsen,Lars Winther Nielsen,1722,M35-39,Male,"
Hillerød",,Denmark,DK,1:12:27,5:26:37,4:55:29,0:07:56,0:04:55,11:47:23,4347,19597,17729,476,295,42443,1553,1349,157,938,802,88,1004,919,108,1553,1349,157,Finisher,2593
Tobias Holm,Mikkelsen,Tobias Holm Mikkelsen,2589,M25-29,Male,Ebeltoft,MIDTJYLLAND,Denmark,DK,1:23:48,6:04:41,4:09:26,0:05:57,0:03:49,11:47:40,5028,21881,14966,357,229,42460,1554,1350,400,1853,1534,417,1773,1535,429,1554,1350,400,Finisher,2469
Emil,Andersen,Emil Andersen,848,M30-34,Male,København,Copenhagen,Denmark,DK,1:22:13,5:40:45,4:35:05,0:06:50,0:03:04,11:47:58,4933,20445,16505,410,184,42478,1555,1351,243,1745,1451,249,1390,1237,225,1555,1351,243,Finisher,2431
Simon,Rahbek Larsen,Simon Rahbek Larsen,2572,M30-34,Male,Nyborg,DK-83,Denmark,DK,1:17:32,5:54:24,4:18:56,0:09:46,0:07:21,11:47:59,4652,21264,15536,586,441,42479,1556,1352,244,1385,1156,203,1580,1380,244,1556,1352,244,Finisher,2431
Danielle,Dawson,Danielle Dawson,118,F35-39,Female,York,GB-NYK,United Kingdom,GB,1:22:44,6:08:04,4:06:41,0:06:04,0:04:27,11:48:00,4964,22084,14801,364,267,42480,1557,205,27,1783,304,37,1802,247,31,1557,205,27,Finisher,3041
Michael,Collin,Michael Collin,549,M60-64,Male,Nuuk,DK-84,Greenland,GL,1:22:47,5:37:16,4:38:20,0:06:34,0:03:07,11:48:04,4967,20236,16700,394,187,42484,1558,1353,15,1790,1485,30,1330,1189,12,1558,1353,15,Finisher,3761
Lærke,Tofteng,Lærke Tofteng,1327,F25-29,Female,Aarhus C,Central Jutland,Denmark,DK,1:17:41,6:20:47,3:56:52,0:09:01,0:03:48,11:48:08,4661,22847,14212,541,228,42488,1559,206,83,1396,231,84,1934,280,105,1559,206,83,Finisher,3063
Philip,Møller,Philip Møller,455,M25-29,Male,Vanløse,HOVEDSTADEN,Denmark,DK,1:12:47,6:04:19,4:20:16,0:06:12,0:04:37,11:48:10,4367,21859,15616,372,277,42490,1560,1354,401,968,829,235,1605,1402,397,1560,1354,401,Finisher,2463
Mie,Dahl Christensen,Mie Dahl Christensen,1932,F18-24,Female,Aarhus,DK-82,Denmark,DK,1:08:51,6:13:23,4:20:29,0:03:32,0:01:54,11:48:10,4131,22403,15629,212,114,42490,1561,207,17,604,79,11,1649,207,20,1561,207,17,Finisher,3305
Sam,Lant,Sam Lant,1834,M35-39,Male,Wellington,SHROPSHIRE,United Kingdom,GB,1:23:17,6:02:40,4:11:12,0:06:50,0:04:11,11:48:12,4997,21760,15072,410,251,42492,1562,1355,158,1820,1509,163,1755,1519,178,1562,1355,158,Finisher,2584
Klara,Andrup,Klara Andrup,2676,F25-29,Female,Kullavik,Halland,Sweden,SE,1:21:35,5:57:42,4:17:16,0:06:41,0:04:58,11:48:12,4895,21462,15436,401,298,42492,1563,208,84,1703,283,104,1653,210,78,1563,208,84,Finisher,3062
Daria,Pettit,Daria Pettit,1022,F25-29,Female,Frederiksberg ,Copenhagen,Denmark,DK,1:21:03,6:05:25,4:13:36,0:04:53,0:03:24,11:48:20,4863,21925,15216,293,204,42500,1564,209,85,1664,275,100,1732,232,84,1564,209,85,Finisher,3060
Jakub,Cerovský,Jakub Cerovský,665,M18-24,Male,Chyňava,Central Bohemian Region,Czech Republic,CZ,1:18:13,6:23:27,3:53:14,0:09:03,0:04:25,11:48:21,4693,23007,13994,543,265,42501,1565,1356,199,1441,1202,182,1971,1685,249,1565,1356,199,Finisher,2332
Mads Phuong,Jørgensen,Mads Phuong Jørgensen,2683,M25-29,Male,Lynge,85,Denmark,DK,1:15:20,5:53:33,4:25:55,0:08:29,0:05:05,11:48:23,4520,21213,15955,509,305,42503,1566,1357,402,1194,1004,282,1517,1333,387,1566,1357,402,Finisher,2460
Mia,Okkels,Mia Okkels,1295,F30-34,Female,København,Copenhagen,Denmark,DK,1:36:48,5:56:09,4:01:33,0:07:17,0:06:38,11:48:26,5808,21369,14493,437,398,42506,1567,210,53,2364,435,94,1858,262,57,1567,210,53,Finisher,3107
Piotr,Dworzynski,Piotr Dworzynski,1315,M35-39,Male,Kastrup,,Poland,PL,1:30:56,5:59:50,3:58:40,0:10:40,0:08:24,11:48:29,5456,21590,14320,640,504,42509,1568,1358,159,2236,1837,203,1867,1602,194,1568,1358,159,Finisher,2580
Ties,Robroek,Ties Robroek,319,M30-34,Male,Valby,,Netherlands,NL,1:13:49,5:40:21,4:32:45,0:12:19,0:09:19,11:48:33,4429,20421,16365,739,559,42513,1569,1359,245,1068,907,168,1327,1187,216,1569,1359,245,Finisher,2424
Daniel,Stephen,Daniel Stephen,2059,M50-54,Male,Claypole,Newark,United Kingdom,GB,1:13:43,6:00:16,4:19:30,0:07:50,0:07:16,11:48:36,4423,21616,15570,470,436,42516,1570,1360,82,1054,893,58,1582,1382,94,1570,1360,82,Finisher,2959
Patrick ,Cheyne ,Patrick Cheyne,1408,M30-34,Male,Exmouth ,England,United Kingdom,GB,1:20:21,6:23:19,3:51:45,0:09:42,0:03:38,11:48:45,4821,22999,13905,582,218,42525,1571,1361,246,1605,1339,230,2006,1709,287,1571,1361,246,Finisher,2421
Berardo,Artieri,Berardo Artieri,992,M40-44,Male,Kongens Lyngby,Copenhagen,Italy,IT,1:29:02,5:38:59,4:26:48,0:07:51,0:06:26,11:49:06,5342,20339,16008,471,386,42546,1572,1362,117,2160,1778,164,1482,1307,106,1572,1362,117,Finisher,2369
Ulrikke,Brun,Ulrikke Brun,1093,F25-29,Female,Valby,DK-85,Denmark,DK,1:22:42,5:27:56,4:48:28,0:05:10,0:04:51,11:49:08,4962,19676,17308,310,291,42548,1573,211,86,1782,303,110,1158,110,43,1573,211,86,Finisher,3051
Graham,Doyle,Graham Doyle,599,M55-59,Male,Whitchurch,CHS,United Kingdom,GB,1:10:38,5:21:22,5:04:26,0:06:21,0:06:41,11:49:28,4238,19282,18266,381,401,42568,1574,1363,48,758,651,25,834,775,30,1574,1363,48,Finisher,3124
Mark,Burrows,Mark Burrows,1371,M35-39,Male,Poulton-le-Fylde,LANCASHIRE,United Kingdom,GB,1:08:05,6:13:10,4:17:19,0:06:43,0:04:12,11:49:28,4085,22390,15439,403,252,42568,1575,1364,160,539,473,47,1679,1462,171,1575,1364,160,Finisher,2568
Andreas,Søgaard Skøtt,Andreas Søgaard Skøtt,2713,M18-24,Male,Aarhus N,Central Jutland,Denmark,DK,1:09:52,5:44:20,4:44:44,0:06:30,0:04:05,11:49:31,4192,20660,17084,390,245,42571,1576,1365,200,692,598,84,1239,1109,169,1576,1365,200,Finisher,2318
David,Bernard,David Bernard,1189,M35-39,Male,Schouweiler,LU-CA,Luxembourg,LU,1:34:05,5:50:46,4:06:14,0:10:58,0:07:33,11:49:36,5645,21046,14774,658,453,42576,1577,1366,161,2326,1902,211,1787,1547,180,1577,1366,161,Finisher,2567
Ewald,Campbell,Ewald Campbell,1387,M40-44,Male,Aalsmeer,NOORD-HOLLAND,South Africa,ZA,1:11:05,5:54:58,4:29:50,0:08:40,0:05:08,11:49:41,4265,21298,16190,520,308,42581,1578,1367,118,796,684,64,1459,1292,104,1578,1367,118,Finisher,2362
Zander,Maanum,Zander Maanum,2431,M18-24,Male,Lillehammer,Innlandet,Norway,NO,1:10:07,6:06:39,4:22:01,0:06:01,0:04:55,11:49:42,4207,21999,15721,361,295,42582,1579,1368,201,712,615,86,1600,1398,210,1579,1368,201,Finisher,2316
Jonathan,Gleeson-Solomon,Jonathan Gleeson-Solomon,288,M35-39,Male,London,GB-LND,Ireland,IE,1:08:38,5:38:41,4:50:49,0:05:57,0:05:55,11:50:00,4118,20321,17449,357,355,42600,1580,1369,162,586,513,53,1113,1012,119,1580,1369,162,Finisher,2562
Paulo,Santos,Paulo Santos,918,M30-34,Male,København,DK-83,Brazil,BR,1:06:07,5:51:54,4:38:40,0:08:01,0:05:20,11:50:03,3967,21114,16720,481,320,42603,1581,1370,247,386,339,74,1317,1177,215,1581,1370,247,Finisher,2406
Andreas,Jørgensen,Andreas Jørgensen,2179,M25-29,Male,glostrup,HOVEDSTADEN,Denmark,DK,1:11:31,5:51:46,4:37:01,0:05:11,0:04:39,11:50:09,4291,21106,16621,311,279,42609,1582,1371,403,845,725,201,1362,1217,359,1582,1371,403,Finisher,2439
Jimmy,Van Den Eynden,Jimmy Van Den Eynden,2284,M45-49,Male,Boortmeerbeek,BE-VBR,Belgium,BE,1:12:18,5:04:33,5:21:37,0:03:39,0:08:05,11:50:12,4338,18273,19297,219,485,42612,1583,1372,93,921,787,55,528,505,24,1583,1372,93,Finisher,2828
Iben,Lang Nielsen,Iben Lang Nielsen,963,F18-24,Female,Aarhus,Central Jutland,Denmark,DK,1:16:14,6:09:12,4:12:51,0:07:16,0:04:40,11:50:13,4574,22152,15171,436,280,42613,1584,212,18,1269,204,22,1750,236,26,1584,212,18,Finisher,3281
Elisabeth,Sortsøe Høgsberg,Elisabeth Sortsøe Høgsberg,69,F55-59,Female,københavn k,DK-84,Denmark,DK,1:19:22,5:46:17,4:28:45,0:10:30,0:05:21,11:50:15,4762,20777,16125,630,321,42615,1585,213,2,1543,255,7,1490,179,3,1585,213,2,Finisher,4836
Andy,Edwards,Andy Edwards,1050,M40-44,Male,COLCHESTER,Essex,United Kingdom,GB,1:09:38,6:19:39,4:13:28,0:04:56,0:02:47,11:50:28,4178,22779,15208,296,167,42628,1586,1373,119,670,578,54,1770,1532,139,1586,1373,119,Finisher,2352
Sam,Fraser,Sam Fraser,1938,M25-29,Male,Reading,GB-RDG,United Kingdom,GB,1:26:56,5:49:58,4:20:36,0:07:05,0:05:57,11:50:32,5216,20998,15636,425,357,42632,1587,1374,404,2050,1688,451,1618,1415,403,1587,1374,404,Finisher,2434
Frederik,Moll,Frederik Moll,2622,M25-29,Male,København s,Sjælland ,Denmark,DK,1:23:33,5:30:10,4:34:29,0:11:34,0:10:46,11:50:32,5013,19810,16469,694,646,42632,1588,1375,405,1839,1524,414,1307,1168,344,1588,1375,405,Finisher,2434
Robert Samuel,Van Prooijen,Robert Samuel Van Prooijen,1929,M30-34,Male,Breda,foreigner,Netherlands,NL,1:10:33,5:15:03,5:10:40,0:07:04,0:07:25,11:50:46,4233,18903,18640,424,445,42646,1589,1376,248,748,641,126,744,703,142,1589,1376,248,Finisher,2397
Roberto,Gorin,Roberto Gorin,2442,M45-49,,Lido Di Venezia,Veneto,Italy,IT,1:06:28,5:41:37,4:48:28,0:07:47,0:06:26,11:50:46,3988,20497,17308,467,386,42646,1590,1377,94,417,367,26,1161,1049,66,1590,1377,94,Finisher,2821
Jeroen,Van Lammeren,Jeroen Van Lammeren,1579,M25-29,Male,Lelystad,,Netherlands,NL,1:25:14,5:44:02,4:25:44,0:09:46,0:06:12,11:50:57,5114,20642,15944,586,372,42657,1591,1378,406,1945,1610,432,1537,1352,389,1591,1378,406,Finisher,2429
Olivia,Lundsgaard,Olivia Lundsgaard,2113,F18-24,Female,Aarhus,Central Jutland,Denmark,DK,1:16:30,5:37:40,4:49:39,0:04:10,0:03:01,11:51:00,4590,20260,17379,250,181,42660,1592,214,19,1294,209,23,1201,122,12,1592,214,19,Finisher,3271
Ryan,Mace,Ryan Mace,920,M50-54,Male,Nottingham,Nottinghamshire,United Kingdom,GB,1:15:45,5:41:43,4:36:45,0:09:36,0:07:17,11:51:06,4545,20503,16605,576,437,42666,1593,1379,83,1226,1031,70,1338,1196,73,1593,1379,83,Finisher,2929
August,Engell Riding,August Engell Riding,2304,M30-34,Male,Rødovre,Copenhagen,Denmark,DK,1:22:22,6:06:23,4:07:19,0:08:41,0:06:27,11:51:11,4942,21983,14839,521,387,42671,1594,1380,249,1754,1458,251,1810,1559,262,1594,1380,249,Finisher,2392
Oliver,Hammans,Oliver Hammans,915,M35-39,Male,Surbiton,GB-ENG,United Kingdom,GB,1:03:35,5:40:44,4:53:30,0:07:47,0:05:41,11:51:18,3815,20444,17610,467,341,42678,1595,1381,163,259,229,29,1092,993,115,1595,1381,163,Finisher,2546
Maja,Nyholm,Maja Nyholm,1339,F35-39,Female,København N,HOVEDSTADEN,Denmark,DK,1:11:27,5:34:57,4:55:10,0:05:13,0:04:32,11:51:21,4287,20097,17710,313,272,42681,1596,215,28,838,120,12,1083,96,9,1596,215,28,Finisher,3001
Henning,Böttger,Henning Böttger,1818,M55-59,Male,Hannover,NI,Germany,DE,1:13:55,5:33:02,4:54:50,0:04:06,0:05:32,11:51:26,4435,19982,17690,246,332,42686,1597,1382,49,1080,918,34,1070,975,38,1597,1382,49,Finisher,3100
Adam,Buffery,Adam Buffery,1840,M30-34,Male,Putney,GB-SRY,United Kingdom,GB,1:01:00,5:25:41,5:12:33,0:06:07,0:06:17,11:51:37,3660,19541,18753,367,377,42697,1598,1383,250,156,138,34,749,708,144,1598,1383,250,Finisher,2387
Jason,Grauenkjær,Jason Grauenkjær,1829,M40-44,Male,Tommerup,SYDDANMARK,Denmark,DK,1:24:12,5:49:45,4:25:18,0:07:57,0:04:25,11:51:38,5052,20985,15918,477,265,42698,1599,1384,120,1880,1558,144,1583,1383,117,1599,1384,120,Finisher,2338
Jérôme,Codognan,Jérôme Codognan,2464,M50-54,Male,Cestas,Aquitaine,France,FR,1:10:02,5:55:48,4:37:22,0:05:24,0:03:05,11:51:42,4202,21348,16642,324,185,42702,1600,1385,84,709,612,36,1408,1250,78,1600,1385,84,Finisher,2922
Frederikke Bay,Christensen,Frederikke Bay Christensen,2200,F25-29,Female,Kolding,SYDDANMARK,Denmark,DK,1:06:33,6:32:47,4:05:04,0:04:47,0:02:36,11:51:48,3993,23567,14704,287,156,42708,1601,216,87,420,51,19,1894,269,99,1601,216,87,Finisher,3019
Kieran,Douglas-Shiels,Kieran Douglas-Shiels,1956,M25-29,Male,Cumbernauld,North Lanarkshire,United Kingdom,GB,1:05:22,6:03:35,4:31:03,0:07:09,0:04:40,11:51:48,3922,21815,16263,429,280,42708,1602,1386,407,345,304,88,1489,1311,383,1602,1386,407,Finisher,2419
Bettina,Retslov,Bettina Retslov,124,F55-59,Female,Idestrup,DK-85,Denmark,DK,1:26:32,5:51:26,4:20:45,0:08:32,0:04:36,11:51:51,5192,21086,15645,512,276,42711,1603,217,3,2022,357,15,1661,213,5,1603,217,3,Finisher,4817
Mikkel ,Grønning ,Mikkel Grønning,540,M18-24,Male,Valby ,Copenhagen,Denmark,DK,1:21:11,5:46:38,4:27:53,0:07:21,0:09:10,11:52:12,4871,20798,16073,441,550,42732,1604,1387,202,1677,1401,217,1468,1299,190,1604,1387,202,Finisher,2286
Thomas,Olesen,Thomas Olesen,2351,M35-39,Male,LONG IS CITY,NY,Denmark,DK,1:29:36,5:48:04,4:23:26,0:05:58,0:05:28,11:52:32,5376,20884,15806,358,328,42752,1605,1388,164,2181,1792,198,1615,1412,164,1605,1388,164,Finisher,2532
Alex,Diordiev,Alex Diordiev,521,M50-54,Male,Copenhagen,,Moldova,MD,1:22:11,5:52:07,4:24:15,0:09:10,0:04:56,11:52:39,4931,21127,15855,550,296,42759,1606,1389,85,1743,1449,109,1609,1406,97,1606,1389,85,Finisher,2911
Janus,Worsøe,Janus Worsøe,2785,M18-24,Male,Nørresundby,North Jütland,Denmark,DK,1:44:44,6:04:22,3:49:15,0:10:29,0:03:52,11:52:41,6284,21862,13755,629,232,42761,1607,1390,203,2445,1988,284,2079,1766,257,1607,1390,203,Finisher,2280
Kirsty,Crisp,Kirsty Crisp,1860,F25-29,Female,Southampton,England,United Kingdom,GB,1:12:52,6:29:38,4:00:00,0:05:19,0:04:56,11:52:45,4372,23378,14400,319,296,42765,1608,218,88,981,142,53,1936,282,106,1608,218,88,Finisher,3007
Iben,Stycke Sønnichsen,Iben Stycke Sønnichsen,1845,F18-24,Female,Odense,DK-83,Denmark,DK,1:13:26,5:57:41,4:28:50,0:05:43,0:07:18,11:52:57,4406,21461,16130,343,438,42777,1609,219,20,1028,155,19,1506,183,16,1609,219,20,Finisher,3248
Sanne Nissen,Moller,Sanne Nissen Moller,638,F55-59,Female,Kastrup,,Denmark,DK,1:31:11,5:29:24,4:40:08,0:06:35,0:05:41,11:52:58,5471,19764,16808,395,341,42778,1610,220,4,2243,401,21,1340,144,2,1610,220,4,Finisher,4804
Stig,Pihlkjer,Stig Pihlkjer,980,M30-34,Male,Vallensbæk Strand,Copenhagen,Denmark,DK,1:30:31,5:20:48,4:38:37,0:11:37,0:11:28,11:53:01,5431,19248,16717,697,688,42781,1611,1391,251,2222,1824,305,1274,1136,208,1611,1391,251,Finisher,2370
Kristine,Birch,Kristine Birch,2307,F25-29,Female,København,Copenhagen,Denmark,DK,1:26:07,5:42:46,4:34:23,0:06:40,0:03:07,11:53:03,5167,20566,16463,400,187,42783,1612,221,89,1996,349,121,1475,173,67,1612,221,89,Finisher,3004
Peter,JAKOBSEN,Peter JAKOBSEN,985,M40-44,Male,Årslev,,Denmark,DK,1:23:48,6:18:26,3:55:07,0:12:21,0:03:27,11:53:09,5028,22706,14107,741,207,42789,1613,1392,121,1855,1536,142,2025,1727,159,1613,1392,121,Finisher,2320
Frederik,Wulff Johnsen,Frederik Wulff Johnsen,382,M18-24,Male,Kastrup,DK-84,Denmark,DK,1:13:47,5:03:35,5:28:54,0:04:38,0:02:17,11:53:11,4427,18215,19734,278,137,42791,1614,1393,204,1065,904,130,555,529,88,1614,1393,204,Finisher,2274
Maureen,Schram,Maureen Schram,2331,F25-29,Female,Edegem ,Flemish Region,Belgium,BE,1:29:05,6:17:04,3:50:29,0:13:05,0:03:35,11:53:17,5345,22624,13829,785,215,42797,1615,222,90,2163,384,125,2072,311,116,1615,222,90,Finisher,3001
Siu Hoi,Luk,Siu Hoi Luk,986,M30-34,Male,Wageningen,wageningen,Singapore,SG,1:13:14,6:29:43,3:57:34,0:08:32,0:04:21,11:53:23,4394,23383,14254,512,261,42803,1616,1394,252,1014,864,163,1976,1689,283,1616,1394,252,Finisher,2366
Mikkel,Herrill Nielsen,Mikkel Herrill Nielsen,1221,M18-24,Male,Glostrup,DK-84,Denmark,DK,1:18:15,5:55:56,4:16:36,0:10:05,0:12:37,11:53:30,4695,21356,15396,605,757,42810,1617,1395,205,1444,1204,184,1623,1420,211,1617,1395,205,Finisher,2270
BENJAMIN,Merrell,BENJAMIN Merrell,297,M18-24,Male,Wimborne,Dorset,United Kingdom,GB,1:05:15,5:47:51,4:52:05,0:04:40,0:03:42,11:53:33,3915,20871,17525,280,222,42813,1618,1396,206,340,300,41,1189,1069,159,1618,1396,206,Finisher,2270
Sebastian,Larsen,Sebastian Larsen,824,M18-24,Male,Slangerup,Nordsjælland,Denmark,DK,1:22:50,5:45:58,4:32:28,0:07:45,0:04:31,11:53:33,4970,20758,16348,465,271,42813,1619,1397,207,1791,1486,229,1501,1320,194,1619,1397,207,Finisher,2270
Phil,Roucoulet,Phil Roucoulet,647,M50-54,Male,SIMSBURY,CT,United States,US,1:26:04,6:03:07,4:08:03,0:09:20,0:07:01,11:53:35,5164,21787,14883,560,421,42815,1620,1398,86,1991,1644,126,1825,1574,113,1620,1398,86,Finisher,2899
Paul ,Steuber,Paul Steuber,1079,M18-24,Male,Hamfelde,Schleswig Holstein ,Germany,DE,1:18:11,5:53:27,4:28:25,0:08:44,0:05:16,11:54:03,4691,21207,16105,524,316,42843,1621,1399,208,1438,1199,181,1559,1366,202,1621,1399,208,Finisher,2264
Steffen,Hansen,Steffen Hansen,1822,M50-54,Male,Sogndal,,Denmark,DK,1:45:36,6:06:37,3:48:53,0:08:06,0:04:53,11:54:04,6336,21997,13733,486,293,42844,1622,1400,87,2454,1992,162,2086,1772,137,1622,1400,87,Finisher,2894
Lars,Brunø,Lars Brunø,2701,M60-64,Male,Aabenraa,DK-83,Denmark,DK,1:08:57,5:50:17,4:42:15,0:09:42,0:03:13,11:54:25,4137,21017,16935,582,193,42865,1623,1401,16,613,533,9,1370,1225,14,1623,1401,16,Finisher,3685
Sandra Jytte,Jeggesen,Sandra Jytte Jeggesen,376,F30-34,Female,Frederiksberg,DK-84,Denmark,DK,1:21:37,6:04:00,4:21:00,0:05:11,0:02:42,11:54:30,4897,21840,15660,311,162,42870,1624,223,54,1709,285,60,1721,228,52,1624,223,54,Finisher,3034
Anna Kirstine,Winter,Anna Kirstine Winter,2249,F25-29,Female,Aalborg,NORDJYLLAND,Denmark,DK,1:19:03,5:47:05,4:35:27,0:07:08,0:05:49,11:54:33,4743,20825,16527,428,349,42873,1625,224,91,1514,248,92,1437,163,64,1625,224,91,Finisher,2986
SHREESHAIL SANGAPPA,JANAGOND,SHREESHAIL SANGAPPA JANAGOND,836,M35-39,Male,SANGLI,MAHARASHTRA,India,IN,1:15:27,6:22:47,3:58:12,0:09:54,0:08:13,11:54:33,4527,22967,14292,594,493,42873,1626,1402,165,1202,1011,110,1940,1657,196,1626,1402,165,Finisher,2507
Tommy,Taylor,Tommy Taylor,1820,M30-34,Male,Aarhus,DK-82,Denmark,DK,1:20:51,6:01:59,4:17:11,0:07:56,0:06:36,11:54:33,4851,21719,15431,476,396,42873,1627,1403,253,1645,1372,235,1720,1493,257,1627,1403,253,Finisher,2352
Gary,Hatch,Gary Hatch,1138,M60-64,Male,Scotton,NYK,United Kingdom,GB,1:15:13,6:06:56,4:18:40,0:08:18,0:05:32,11:54:39,4513,22016,15520,498,332,42879,1628,1404,17,1187,1000,17,1716,1490,22,1628,1404,17,Finisher,3682
Elias,Gashi,Elias Gashi,1816,M30-34,Male,Odense SV,Fyn,Denmark,DK,1:29:47,6:05:32,4:03:22,0:10:49,0:05:39,11:55:09,5387,21932,14602,649,339,42909,1629,1405,254,2190,1799,300,1922,1647,275,1629,1405,254,Finisher,2345
Scott,Eadie,Scott Eadie,1536,M40-44,Male,London,GB-ENG,United Kingdom,GB,1:23:44,5:55:10,4:19:02,0:12:36,0:04:40,11:55:13,5024,21310,15542,756,280,42913,1630,1406,122,1850,1531,141,1734,1502,134,1630,1406,122,Finisher,2295
Oscar,Lentz,Oscar Lentz,1258,M18-24,Male,Copenhagen,Sjælland,Denmark,DK,1:15:37,6:02:53,4:26:13,0:06:23,0:04:30,11:55:36,4537,21773,15973,383,270,42936,1631,1407,209,1217,1022,150,1636,1430,212,1631,1407,209,Finisher,2245
Edgaras,Bubelis,Edgaras Bubelis,1167,M35-39,Male,København,DK-85,Lithuania,LT,1:15:45,6:30:05,3:55:11,0:09:16,0:05:21,11:55:38,4545,23405,14111,556,321,42938,1632,1408,166,1227,1032,111,2035,1736,201,1632,1408,166,Finisher,2494
Felix,Kerlauge,Felix Kerlauge,2654,M18-24,Male,Hillerød,DK-84,Denmark,DK,1:15:37,6:18:02,4:08:51,0:09:25,0:04:03,11:55:57,4537,22682,14931,565,243,42957,1633,1409,210,1215,1020,149,1884,1618,239,1633,1409,210,Finisher,2241
Gerard,Meehan,Gerard Meehan,1718,M35-39,Male,Newry,"NEWRY, MOURNE AND DOWN",Ireland,IE,1:25:22,6:02:35,4:10:07,0:10:21,0:07:53,11:56:18,5122,21755,15007,621,473,42978,1634,1410,167,1957,1620,182,1821,1570,185,1634,1410,167,Finisher,2486
Morten Ohm,Laursen,Morten Ohm Laursen,2115,M35-39,Male,Viby J,,Denmark,DK,1:24:13,4:58:12,5:15:34,0:11:52,0:06:27,11:56:19,5053,17892,18934,712,387,42979,1635,1411,168,1883,1560,173,779,731,81,1635,1411,168,Finisher,2486
Thomas,Andersen,Thomas Andersen,499,M50-54,Male,Haslev,DK-85,Denmark,DK,1:22:51,5:42:47,4:39:56,0:06:35,0:04:15,11:56:23,4971,20567,16796,395,255,42983,1636,1412,88,1792,1487,114,1424,1263,81,1636,1412,88,Finisher,2866
Daniel,Lau,Daniel Lau,1904,M18-24,Male,Aarhus,Central Jutland,Denmark,DK,1:25:20,6:08:47,4:07:38,0:08:58,0:05:44,11:56:27,5120,22127,14858,538,344,42987,1637,1413,211,1951,1616,243,1885,1619,240,1637,1413,211,Finisher,2235
Mathilde,Stoksted,Mathilde Stoksted,723,F25-29,Female,København N,,Denmark,DK,1:24:39,6:18:38,4:02:31,0:06:47,0:04:04,11:56:38,5079,22718,14551,407,244,42998,1638,225,92,1910,327,117,1962,285,108,1638,225,92,Finisher,2961
Birgit,Pomper,Birgit Pomper,976,F35-39,Female,Wien,AT-9,Austria,AT,1:11:46,5:39:42,4:53:42,0:07:01,0:04:32,11:56:43,4306,20382,17622,421,272,43003,1639,226,29,873,126,14,1206,124,16,1639,226,29,Finisher,2937
Peter,Klaris,Peter Klaris,997,M55-59,Male,TørringTørring,DK-82,Denmark,DK,1:23:48,5:51:36,4:27:03,0:09:39,0:04:38,11:56:44,5028,21096,16023,579,278,43004,1640,1414,50,1856,1537,63,1638,1432,57,1640,1414,50,Finisher,3037
Fraser,Cottrell,Fraser Cottrell,1105,M25-29,Male,Hook,GB-HAM,United Kingdom,GB,1:06:45,5:53:23,4:44:40,0:07:17,0:04:41,11:56:45,4005,21203,17080,437,281,43005,1641,1415,408,435,381,108,1346,1202,353,1641,1415,408,Finisher,2360
月明,赵,月明 赵,1661,M35-39,Male,北京,CN-BJ,China,CN,1:41:09,4:49:12,5:03:11,0:12:22,0:11:02,11:56:57,6069,17352,18191,742,662,43017,1642,1416,169,2415,1964,219,922,853,100,1642,1416,169,Finisher,2479
Kenneth Østervig,Byskov,Kenneth Østervig Byskov,936,M35-39,Male,Aalborg,,Denmark,DK,1:13:52,5:54:25,4:33:07,0:07:57,0:07:37,11:56:58,4432,21265,16387,477,457,43018,1643,1417,170,1077,916,98,1495,1316,148,1643,1417,170,Finisher,2478
James,Finch,James Finch,1458,M35-39,Male,cheltenham,Gloucestershire,United Kingdom,GB,1:17:00,6:11:45,4:11:23,0:12:25,0:04:32,11:57:05,4620,22305,15083,745,272,43025,1644,1418,171,1332,1114,121,1866,1601,193,1644,1418,171,Finisher,2477
Shaun,Daly,Shaun Daly,2474,M35-39,Male,Kilmarnock,GB-EAY,United Kingdom,GB,1:20:46,5:58:40,4:24:32,0:06:43,0:06:25,11:57:07,4846,21520,15872,403,385,43027,1645,1419,172,1634,1362,148,1657,1445,168,1645,1419,172,Finisher,2477
Ricky,Midtgaard,Ricky Midtgaard,2437,M55-59,Male,Nykøbing Falster,DK-85,Denmark,DK,1:22:26,5:37:27,4:41:04,0:09:29,0:06:54,11:57:21,4946,20247,16864,569,414,43041,1646,1420,51,1761,1465,58,1382,1233,47,1646,1420,51,Finisher,3029
Claus ,Jørgensen ,Claus Jørgensen,1902,M60-64,Male,Egernsund ,Southern Jutland,Denmark,DK,1:24:38,5:43:59,4:25:54,0:13:37,0:09:25,11:57:33,5078,20639,15954,817,565,43053,1647,1421,18,1907,1582,36,1590,1388,20,1647,1421,18,Finisher,3647
Simon,Clewarth,Simon Clewarth,2527,M30-34,Male,Manchester,Greater manchester,United Kingdom,GB,1:13:44,6:25:05,4:05:13,0:07:08,0:06:42,11:57:52,4424,23105,14713,428,402,43072,1648,1422,255,1057,896,166,1918,1644,274,1648,1422,255,Finisher,2312
Rafael,L'Espérance ,Rafael L'Espérance,2035,M30-34,Male,Montréal,QC,Canada,CA,1:27:45,6:08:55,4:05:08,0:11:24,0:04:46,11:57:58,5265,22135,14708,684,286,43078,1649,1423,256,2100,1728,288,1939,1656,277,1649,1423,256,Finisher,2311
Alberte-Viola,Vejre,Alberte-Viola Vejre,1045,F25-29,Female,Gentofte,Copenhagen,Denmark,DK,1:17:48,6:07:10,4:22:58,0:07:04,0:03:07,11:58:07,4668,22030,15778,424,187,43087,1650,227,93,1403,233,86,1738,234,86,1650,227,93,Finisher,2943
Viktor Lyngsø Kjær,Damgaard,Viktor Lyngsø Kjær Damgaard,1247,M30-34,Male,Kongens Lyngby,,Denmark,DK,1:11:35,5:46:52,4:47:20,0:08:19,0:04:04,11:58:11,4295,20812,17240,499,244,43091,1651,1424,257,853,730,141,1332,1191,218,1651,1424,257,Finisher,2308
Adam,Hoggarth,Adam Hoggarth,650,M35-39,Male,Ilchester,SOM,United Kingdom,GB,1:26:45,5:54:05,4:25:21,0:07:10,0:04:52,11:58:14,5205,21245,15921,430,292,43094,1652,1425,173,2040,1679,188,1681,1464,172,1652,1425,173,Finisher,2463
Noah Sophus Gade,Clausen,Noah Sophus Gade Clausen,2597,M18-24,Male,Silkeborg,MIDTJYLLAND,Denmark,DK,1:19:27,6:02:10,4:23:42,0:08:56,0:04:01,11:58:17,4767,21730,15822,536,241,43097,1653,1426,212,1550,1294,201,1717,1491,223,1653,1426,212,Finisher,2213
Jasmin,Hohn,Jasmin Hohn,2473,F18-24,Female,Vejle,DK-81,Denmark,DK,1:17:31,6:05:03,4:26:13,0:06:38,0:02:59,11:58:23,4651,21903,15973,398,179,43103,1654,228,21,1380,227,24,1700,224,23,1654,228,21,Finisher,3183
Even,Høyesen,Even Høyesen,1937,M25-29,Male,Oslo,Oslo,Norway,NO,1:27:32,6:14:03,4:00:55,0:06:34,0:09:34,11:58:38,5252,22443,14455,394,574,43118,1655,1427,409,2086,1716,455,1941,1658,448,1655,1427,409,Finisher,2337
Noah ,Schlippe Bech Nielsen,Noah Schlippe Bech Nielsen,505,M18-24,Male,København,Copenhagen,Denmark,DK,1:26:36,6:01:03,4:20:57,0:07:08,0:03:14,11:58:57,5196,21663,15657,428,194,43137,1656,1428,213,2027,1670,246,1778,1540,227,1656,1428,213,Finisher,2205
Alfie,Ransom,Alfie Ransom,293,M25-29,Male,London,SRY,United Kingdom,GB,1:11:22,6:06:39,4:23:21,0:12:01,0:05:53,11:59:16,4282,21999,15801,721,353,43156,1657,1429,410,824,707,197,1709,1484,420,1657,1429,410,Finisher,2330
Lasse ,Lykkebak Fransen ,Lasse Lykkebak Fransen,2342,M30-34,Male,Risskov,Central Jutland,Denmark,DK,1:20:44,5:45:44,4:40:58,0:07:47,0:04:09,11:59:22,4844,20744,16858,467,249,43162,1658,1430,258,1631,1360,233,1450,1285,237,1658,1430,258,Finisher,2294
Ernst,Van Doorn,Ernst Van Doorn,1928,M30-34,Male,Breda,foreigner,Netherlands,NL,1:21:08,5:21:34,4:58:50,0:09:33,0:08:20,11:59:24,4868,19294,17930,573,500,43164,1659,1431,259,1670,1395,241,1095,996,187,1659,1431,259,Finisher,2294
Jesper,Berg,Jesper Berg,1847,M30-34,Male,Kongens Lyngby,HOVEDSTADEN,Denmark,DK,1:21:06,6:01:41,4:22:39,0:07:40,0:06:33,11:59:38,4866,21701,15759,460,393,43178,1660,1432,260,1669,1394,240,1715,1489,256,1660,1432,260,Finisher,2291
Bastian,Augustesen,Bastian Augustesen,1006,M18-24,Male,Køge,Sjælland,Denmark,DK,1:22:44,5:54:39,4:29:39,0:08:21,0:04:20,11:59:43,4964,21279,16179,501,260,43183,1661,1433,214,1785,1481,227,1648,1442,215,1661,1433,214,Finisher,2196
Stefrey,Callewaert,Stefrey Callewaert,994,F35-39,Female,Antwerpen,,Belgium,BE,1:24:39,6:22:26,3:58:40,0:09:06,0:05:02,11:59:53,5079,22946,14320,546,302,43193,1662,229,30,1909,326,39,2045,304,36,1662,229,30,Finisher,2899
Sarah,Kerins,Sarah Kerins,1207,F18-24,Female,Kells,"Cavan, Meath, Westmeath, Monaghan",Ireland,IE,1:05:27,6:17:50,4:23:44,0:07:58,0:05:04,12:00:02,3927,22670,15824,478,304,43202,1663,230,22,351,42,7,1728,231,24,1663,230,22,Finisher,3163
Mads Daabeck,Boysen,Mads Daabeck Boysen,2325,M30-34,Male,"
Aalborg",,Denmark,DK,1:24:25,6:09:43,4:07:20,0:10:01,0:08:38,12:00:06,5065,22183,14840,601,518,43206,1664,1434,261,1893,1569,262,1895,1626,272,1664,1434,261,Finisher,2285
Lukas,Grether,Lukas Grether,1701,M18-24,Male,Bottmingen,Basel-Landschaft,Switzerland,CH,1:26:37,6:03:42,4:16:35,0:06:21,0:06:52,12:00:07,5197,21822,15395,381,412,43207,1665,1435,215,2030,1673,247,1798,1553,231,1665,1435,215,Finisher,2191
Mathilde Hauge,Jørgensen,Mathilde Hauge Jørgensen,2509,F25-29,Female,Aarhus ,MIDTJYLLAND,Denmark,DK,1:09:22,6:19:28,4:21:03,0:07:40,0:02:50,12:00:23,4162,22768,15663,460,170,43223,1666,231,94,646,87,34,1797,245,89,1666,231,94,Finisher,2916
Constantin,Boos,Constantin Boos,504,M18-24,Male,Konstanz,Baden-Württemberg,Germany,DE,1:08:25,5:35:04,4:56:52,0:13:59,0:06:10,12:00:30,4105,20104,17812,839,370,43230,1667,1436,216,565,496,71,1185,1065,158,1667,1436,216,Finisher,2186
Alex,Smallshaw,Alex Smallshaw,938,M40-44,Male,Wallingford,OXF,United Kingdom,GB,1:12:04,6:02:36,4:32:40,0:06:18,0:07:14,12:00:52,4324,21756,16360,378,434,43252,1668,1437,123,900,769,75,1571,1375,116,1668,1437,123,Finisher,2227
Adnan,Hrustic,Adnan Hrustic,2760,M40-44,Male,Göteborg,,Sweden,SE,1:19:32,5:49:02,4:32:12,0:09:04,0:11:03,12:00:53,4772,20942,16332,544,663,43253,1669,1438,124,1559,1303,110,1520,1336,110,1669,1438,124,Finisher,2227
Giona,Serra,Giona Serra,2081,M18-24,Male,San Casciano in Val di Pesa,Firenze,Italy,IT,1:05:56,5:41:45,5:04:23,0:05:45,0:03:27,12:01:15,3956,20505,18263,345,207,43275,1670,1439,217,375,328,43,1118,1016,151,1670,1439,217,Finisher,2177
Klara,Olli,Klara Olli,1599,F30-34,Female,Göteborg,,Sweden,SE,1:29:18,5:37:29,4:42:12,0:09:34,0:02:50,12:01:23,5358,20249,16932,574,170,43283,1671,232,55,2174,387,83,1498,180,43,1671,232,55,Finisher,2951
Stein,Storeng,Stein Storeng,1810,M50-54,Male,Kolbotn,NO-02,Norway,NO,1:28:40,5:49:45,4:32:51,0:05:28,0:05:03,12:01:47,5320,20985,16371,328,303,43307,1672,1440,89,2142,1764,140,1617,1414,98,1672,1440,89,Finisher,2801
Joerg,Albrecht,Joerg Albrecht,2324,M35-39,Male,Ulm,BW,Germany,DE,1:19:09,5:52:32,4:37:46,0:07:03,0:05:25,12:01:54,4749,21152,16666,423,325,43314,1673,1441,174,1524,1275,139,1531,1346,154,1673,1441,174,Finisher,2419
Albert Heiberg,Larsen,Albert Heiberg Larsen,193,M18-24,Male,København,København,Denmark,DK,1:29:08,6:08:37,4:14:17,0:06:28,0:03:26,12:01:56,5348,22117,15257,388,206,43316,1674,1442,218,2167,1782,258,1896,1627,242,1674,1442,218,Finisher,2169
Luca,Zanatta,Luca Zanatta,1219,M25-29,Male,Kastrup,Copenhagen,Italy,IT,1:23:48,6:01:00,4:22:31,0:09:29,0:05:10,12:01:57,5028,21660,15751,569,310,43317,1675,1443,411,1857,1538,419,1771,1533,428,1675,1443,411,Finisher,2297
Dean,Ashton,Dean Ashton,2427,M40-44,Male,Manchester,GB-England,United Kingdom,GB,1:14:41,6:11:51,4:24:44,0:05:54,0:04:53,12:02:03,4481,22311,15884,354,293,43323,1676,1444,125,1142,965,91,1745,1510,136,1676,1444,125,Finisher,2213
Tobias,Schmidt,Tobias Schmidt,2163,M25-29,Male,København SV,,Denmark,DK,1:15:42,5:50:17,4:47:00,0:05:51,0:03:14,12:02:04,4542,21017,17220,351,194,43324,1677,1445,412,1222,1027,290,1419,1259,367,1677,1445,412,Finisher,2296
Abe,Ijland,Abe Ijland,2255,M35-39,Male,Amsterdam,NOORD-HOLLAND,Netherlands,NL,1:13:31,6:19:27,4:17:17,0:07:38,0:04:15,12:02:08,4411,22767,15437,458,255,43328,1678,1446,175,1034,877,94,1862,1599,192,1678,1446,175,Finisher,2416
Jaana,Vaulamo,Jaana Vaulamo,2184,F55-59,Female,Klaukkala,,Finland,FI,1:28:34,5:53:43,4:25:44,0:08:45,0:05:23,12:02:08,5314,21223,15944,525,323,43328,1679,233,5,2136,377,20,1725,230,7,1679,233,5,Finisher,4694
Tom,Van Der Krieken,Tom Van Der Krieken,1819,M40-44,Male,Mechelen,ANTWERPEN,Belgium,BE,1:12:01,5:46:38,4:51:33,0:08:23,0:03:32,12:02:08,4321,20798,17493,503,212,43328,1680,1447,126,895,765,74,1337,1195,97,1680,1447,126,Finisher,2212
Nis Christian,Lauritzen,Nis Christian Lauritzen,562,M40-44,Male,greve,DK-85,Denmark,DK,1:19:18,6:04:54,4:25:32,0:07:44,0:04:48,12:02:17,4758,21894,15932,464,288,43337,1681,1448,127,1538,1285,105,1737,1504,135,1681,1448,127,Finisher,2210
Jo,Griggs,Jo Griggs,691,F40-44,Female,Whitstable,GB-KEN,United Kingdom,GB,1:03:16,6:05:58,4:40:22,0:07:10,0:05:48,12:02:34,3796,21958,16822,430,348,43354,1682,234,12,246,30,2,1499,181,12,1682,234,12,Finisher,3662
Petra,Stoeppler,Petra Stoeppler,1070,F60-64,Female,Steinfurt,NORDRHEIN-WESTFALEN,Germany,DE,1:11:39,6:02:35,4:38:05,0:05:38,0:04:48,12:02:45,4299,21755,16685,338,288,43365,1683,235,1,865,124,1,1551,191,1,1683,235,1,Finisher,5000
Roy,de Jong,Roy de Jong,879,M18-24,Male,Noordwijk,Zuid-Holland,Niger,NE,1:14:17,6:38:31,3:57:10,0:09:03,0:03:52,12:02:53,4457,23911,14230,543,232,43373,1684,1449,219,1111,940,141,2107,1785,262,1684,1449,219,Finisher,2158
Pascal,Durand,Pascal Durand,90,M60-64,Male,Mayenne,FR-53,France,FR,1:07:10,5:45:53,4:54:27,0:07:10,0:08:14,12:02:54,4030,20753,17667,430,494,43374,1685,1450,19,459,400,5,1229,1102,11,1685,1450,19,Finisher,3583
HC, Loer Linderoth,HC Loer Linderoth,1198,M50-54,Male,Lillerød,Nordsjælland,Dominica,DM,1:20:21,5:36:44,4:48:25,0:12:19,0:05:23,12:03:12,4821,20204,17305,739,323,43392,1686,1451,90,1607,1341,98,1384,1234,76,1686,1451,90,Finisher,2784
Jonas,Lidegaard,Jonas Lidegaard,864,M25-29,Male,København k,HOVEDSTADEN,Denmark,DK,1:16:13,6:08:43,4:27:26,0:07:26,0:03:29,12:03:17,4573,22123,16046,446,209,43397,1687,1452,413,1265,1062,300,1744,1509,422,1687,1452,413,Finisher,2281
Oliver,Dawson,Oliver Dawson,1912,M25-29,Male,Ringsted,SJÆLLAND,Denmark,DK,1:24:14,5:51:56,4:31:22,0:11:47,0:03:59,12:03:19,5054,21116,16282,707,239,43399,1688,1453,414,1885,1562,426,1680,1463,417,1688,1453,414,Finisher,2281
Lasse,Hermansen,Lasse Hermansen,664,M25-29,Male,Kastrup,DK-84,Denmark,DK,1:18:36,5:41:51,4:48:41,0:08:22,0:05:51,12:03:21,4716,20511,17321,502,351,43401,1689,1454,415,1469,1228,351,1369,1224,361,1689,1454,415,Finisher,2281
Daniel,Schäffler,Daniel Schäffler,777,M50-54,Male,Schermbeck,NW,Germany,DE,1:13:46,5:49:26,4:43:17,0:08:18,0:08:34,12:03:22,4426,20966,16997,498,514,43402,1690,1455,91,1061,900,59,1413,1255,79,1690,1455,91,Finisher,2782
David,Cox,David Cox,2461,M50-54,Male,Wickford,Essex,United Kingdom,GB,1:19:10,6:08:22,4:18:28,0:10:19,0:07:16,12:03:35,4750,22102,15508,619,436,43415,1691,1456,92,1525,1276,92,1816,1565,112,1691,1456,92,Finisher,2779
Yi,Wu,Yi Wu,407,M35-39,Male,北京,Beijing,China,CN,1:02:37,5:36:33,5:07:44,0:08:51,0:08:04,12:03:48,3757,20193,18464,531,484,43428,1692,1457,176,220,195,26,1016,930,110,1692,1457,176,Finisher,2396
Paul,Rickards,Paul Rickards,1139,M50-54,Male,Pentre,GB-RCT,United Kingdom,GB,1:13:13,5:52:40,4:41:07,0:08:32,0:08:20,12:03:52,4393,21160,16867,512,500,43432,1693,1458,93,1011,862,54,1454,1288,87,1693,1458,93,Finisher,2776
Malthe,Hjeresen,Malthe Hjeresen,2015,M18-24,Male,Fredericia,Syddanmark,Denmark,DK,1:18:44,6:02:53,4:29:45,0:08:30,0:04:02,12:03:53,4724,21773,16185,510,242,43433,1694,1459,220,1484,1242,192,1710,1485,222,1694,1459,220,Finisher,2146
Christoffer,Nissen,Christoffer Nissen,896,M18-24,Male,"
Ballerup",,Denmark,DK,1:24:09,6:08:22,4:17:48,0:09:59,0:03:38,12:03:56,5049,22102,15468,599,218,43436,1695,1460,221,1876,1554,236,1875,1609,238,1695,1460,221,Finisher,2145
Danny,Bain,Danny Bain,794,M40-44,Male,Kirkwall,GB-SCT,United Kingdom,GB,1:19:25,5:34:47,4:54:02,0:06:40,0:09:14,12:04:08,4765,20087,17642,400,554,43448,1696,1461,128,1546,1291,108,1244,1113,91,1696,1461,128,Finisher,2188
Frederik Darnell,Jensen,Frederik Darnell Jensen,1389,M35-39,Male,Kastrup,DK-84,Denmark,DK,1:22:01,5:47:06,4:42:55,0:08:01,0:04:12,12:04:13,4921,20826,16975,481,252,43453,1697,1462,177,1733,1442,154,1514,1330,149,1697,1462,177,Finisher,2391
Tim,Petersen,Tim Petersen,2409,M50-54,Male,Næstved,Zealand,Denmark,DK,1:08:26,5:31:54,5:14:42,0:05:01,0:04:20,12:04:23,4106,19914,18882,301,260,43463,1698,1463,94,569,499,28,976,893,44,1698,1463,94,Finisher,2770
Ben,Winter,Ben Winter,2004,M25-29,Male,Rostock,Mecklenburg-West Pomerania,Germany,DE,1:05:35,6:07:31,4:30:39,0:11:21,0:09:27,12:04:33,3935,22051,16239,681,567,43473,1699,1464,416,359,317,93,1627,1423,408,1699,1464,416,Finisher,2266
Mathias,Kjær Voller,Mathias Kjær Voller,2341,M18-24,Male,Fredericia,Southern Jutland,Denmark,DK,1:35:24,6:07:26,4:06:40,0:07:27,0:07:46,12:04:43,5724,22046,14800,447,466,43483,1700,1465,222,2347,1918,277,1964,1679,248,1700,1465,222,Finisher,2136
Göran,Wahlgren,Göran Wahlgren,2156,M50-54,Male,Dalskog,,Sweden,SE,1:20:10,6:07:37,4:22:03,0:08:43,0:06:29,12:05:02,4810,22057,15723,523,389,43502,1701,1466,95,1595,1331,97,1796,1552,110,1701,1466,95,Finisher,2762
Anders Lyhne,Olesen,Anders Lyhne Olesen,221,M55-59,Male,Aalborg,DK-81,Denmark,DK,1:13:19,5:45:11,4:42:14,0:11:19,0:13:00,12:05:03,4399,20711,16934,679,780,43503,1702,1467,52,1019,867,31,1391,1238,48,1702,1467,52,Finisher,2937
Rik,Breebaart,Rik Breebaart,792,M25-29,Male,Amsterdam,,Netherlands,NL,1:31:49,5:44:08,4:33:21,0:10:09,0:05:53,12:05:20,5509,20648,16401,609,353,43520,1703,1468,417,2263,1857,474,1656,1444,412,1703,1468,417,Finisher,2257
Patrick,Meade,Patrick Meade,964,M40-44,Male,Ramstein ,AE,United States,US,1:11:31,5:49:14,4:50:06,0:09:09,0:05:29,12:05:30,4291,20954,17406,549,329,43530,1704,1469,129,847,727,70,1393,1240,99,1704,1469,129,Finisher,2172
Rasmus,Søndergaard,Rasmus Søndergaard,2201,F35-39,Male,København,DK-84,Denmark,DK,1:13:56,6:02:28,4:35:34,0:08:27,0:05:08,12:05:34,4436,21748,16534,507,308,43534,1705,236,31,1084,164,17,1635,206,28,1705,236,31,Finisher,2830
Michael,Wong,Michael Wong,2158,M50-54,Male,North Walsham,Norfolk,United Kingdom,GB,1:27:02,6:05:33,4:16:10,0:09:36,0:07:13,12:05:34,5222,21933,15370,576,433,43534,1706,1470,96,2056,1691,131,1874,1608,115,1706,1470,96,Finisher,2756
Søren,Egeskov,Søren Egeskov,520,M50-54,Male,Slagesle,DK-85,Denmark,DK,1:37:03,5:21:53,4:48:52,0:11:11,0:06:42,12:05:41,5823,19313,17332,671,402,43541,1707,1471,97,2368,1932,152,1395,1241,77,1707,1471,97,Finisher,2754
Martin,Umaerus,Martin Umaerus,2644,M35-39,Male,Blentarp,SE-M,Sweden,SE,1:14:32,5:46:29,4:52:20,0:06:19,0:06:31,12:06:10,4472,20789,17540,379,391,43570,1708,1472,178,1134,959,104,1344,1200,137,1708,1472,178,Finisher,2368
Jurate,Keinyte,Jurate Keinyte,1067,F40-44,Female,Vilnius,LT-58,Lithuania,LT,1:28:47,5:37:50,4:41:28,0:09:28,0:08:53,12:06:26,5327,20270,16888,568,533,43586,1709,237,13,2146,379,20,1488,178,11,1709,237,13,Finisher,3615
Cecilie Guldbrandsen,Gert,Cecilie Guldbrandsen Gert,1477,F25-29,Female,Aalborg,North Jütland,Denmark,DK,1:17:01,5:34:31,5:05:57,0:05:45,0:03:17,12:06:31,4621,20071,18357,345,197,43591,1710,238,95,1333,219,79,1181,119,45,1710,238,95,Finisher,2842
Casper,la Cour,Casper la Cour,2425,M18-24,Male,Tommerup,SYDDANMARK,Denmark,DK,1:25:12,6:02:19,4:28:35,0:07:33,0:02:55,12:06:34,5112,21739,16115,453,175,43594,1711,1473,223,1944,1609,242,1781,1543,229,1711,1473,223,Finisher,2113
Simon,Buch-Andersen,Simon Buch-Andersen,699,M30-34,Male,Solrød Strand,DK-85,Denmark,DK,1:16:04,5:39:44,5:00:58,0:05:09,0:05:29,12:07:24,4564,20384,18058,309,329,43644,1712,1474,262,1251,1051,189,1245,1114,204,1712,1474,262,Finisher,2198
Keita,Suzuki,Keita Suzuki,945,M50-54,Male,Shibuya,JP-13,Japan,JP,1:43:48,6:01:36,4:06:29,0:09:32,0:06:15,12:07:40,6228,21696,14789,572,375,43660,1713,1475,98,2438,1982,160,2033,1734,134,1713,1475,98,Finisher,2730
Christian,Niekrenz,Christian Niekrenz,1151,M18-24,Male,København S,,Denmark,DK,1:11:23,6:02:11,4:33:53,0:12:02,0:08:12,12:07:41,4283,21731,16433,722,492,43661,1714,1476,224,826,709,103,1647,1441,214,1714,1476,224,Finisher,2100
Cathrine,Monsen,Cathrine Monsen,514,F45-49,Female,Sandnes,ROGALAND,Norway,NO,1:06:54,6:14:36,4:32:51,0:06:41,0:06:54,12:07:56,4014,22476,16371,401,414,43676,1715,239,10,443,57,3,1685,218,12,1715,239,10,Finisher,3272
Halvor,Vøllestad,Halvor Vøllestad,516,M50-54,Male,Stavanger,ROGALAND,Norway,NO,1:11:08,5:53:06,4:48:48,0:09:16,0:05:41,12:08:00,4268,21186,17328,556,341,43680,1716,1477,99,800,688,41,1441,1276,85,1716,1477,99,Finisher,2726
Simon,Maul,Simon Maul,951,M18-24,Male,Roskilde,SJÆLLAND,Denmark,DK,1:12:02,6:07:26,4:33:31,0:08:14,0:06:46,12:08:00,4322,22046,16411,494,406,43680,1717,1478,225,897,766,112,1676,1459,218,1717,1478,225,Finisher,2096
Mohammed,Al-milli,Mohammed Al-milli,189,M25-29,Male,Frederiksberg,DK-84,Denmark,DK,1:44:04,6:09:29,4:02:24,0:07:52,0:04:24,12:08:12,6244,22169,14544,472,264,43692,1718,1479,418,2440,1984,492,2100,1781,468,1718,1479,418,Finisher,2222
Magnus,Østerskov,Magnus Østerskov,2638,M25-29,Male,Aalborg,NORDJYLLAND,Denmark,DK,1:18:20,6:07:33,4:24:07,0:11:56,0:06:37,12:08:33,4700,22053,15847,716,397,43713,1719,1480,419,1449,1209,345,1815,1564,434,1719,1480,419,Finisher,2218
Nicklas,Lagermann,Nicklas Lagermann,2619,M25-29,Male,Stenløse,DK-84,Denmark,DK,1:13:45,6:01:11,4:33:33,0:09:13,0:10:57,12:08:40,4425,21671,16413,553,657,43720,1720,1481,420,1058,897,252,1621,1418,406,1720,1481,420,Finisher,2217
Ryan,Mcarthur,Ryan Mcarthur,1533,M18-24,Male,"Inverness Ness-Side Ward, Highla",GB-SCT,United Kingdom,GB,1:20:38,6:14:09,4:19:44,0:09:29,0:04:43,12:08:43,4838,22449,15584,569,283,43723,1721,1482,226,1621,1351,208,1897,1628,243,1721,1482,226,Finisher,2088
Claus-Henrik,Lundstrøm,Claus-Henrik Lundstrøm,1828,M65-69,Male,Ballerup,DK-84,Denmark,DK,1:29:16,6:02:49,4:23:26,0:07:24,0:05:57,12:08:53,5356,21769,15806,444,357,43733,1722,1483,4,2172,1786,8,1840,1584,5,1722,1483,4,Finisher,4538
Simon,Phillips,Simon Phillips,630,M45-49,Male,llanelli,GB-WLS,United Kingdom,GB,1:09:57,5:36:30,5:10:18,0:05:48,0:06:22,12:08:55,4197,20190,18618,348,382,43735,1723,1484,95,702,607,42,1096,997,61,1723,1484,95,Finisher,2603
Kenneth,Merrild Hansen,Kenneth Merrild Hansen,1531,M50-54,Male,Vejle Ø,Southern Jutland,Denmark,DK,1:27:42,6:05:28,4:14:37,0:12:38,0:08:32,12:08:57,5262,21928,15277,758,512,43737,1724,1485,100,2092,1721,134,1915,1641,120,1724,1485,100,Finisher,2715
August,Krebs Hessellund,August Krebs Hessellund,775,M25-29,Male,København NV,Copenhagen,Denmark,DK,1:07:43,5:50:57,4:56:16,0:08:08,0:06:03,12:09:07,4063,21057,17776,488,363,43747,1725,1486,421,505,442,123,1334,1193,352,1725,1486,421,Finisher,2211
Valerio,Ottaviani,Valerio Ottaviani,2174,M50-54,Male,Roma,IT-RM,Italy,IT,1:17:37,6:06:16,4:30:12,0:09:44,0:05:41,12:09:30,4657,21976,16212,584,341,43770,1726,1487,101,1391,1161,82,1765,1528,107,1726,1487,101,Finisher,2708
Krishan,Shah,Krishan Shah,898,M30-34,Male,London,GB-LND,United Kingdom,GB,1:18:50,5:59:24,4:41:26,0:06:54,0:02:56,12:09:30,4730,21564,16886,414,176,43770,1727,1488,263,1497,1254,217,1639,1433,247,1727,1488,263,Finisher,2172
Arthur,Letreguilly,Arthur Letreguilly,2762,M35-39,Male,Nacka,,France,FR,1:23:20,6:00:22,4:31:17,0:08:55,0:05:36,12:09:31,5000,21622,16277,535,336,43771,1728,1489,179,1824,1511,164,1748,1513,177,1728,1489,179,Finisher,2328
Christian,Poulsen,Christian Poulsen,2649,M30-34,Male,Odense C,,Denmark,DK,1:24:26,5:43:53,4:48:49,0:08:42,0:03:46,12:09:36,5066,20633,17329,522,226,43776,1729,1490,264,1897,1572,263,1511,1327,241,1729,1490,264,Finisher,2171
Marcus,Malonæs,Marcus Malonæs,1730,M25-29,Male,Bærum,Hosle,Norway,NO,1:14:56,6:43:59,3:55:41,0:08:19,0:07:00,12:09:56,4496,24239,14141,499,420,43796,1730,1491,422,1164,983,273,2157,1819,473,1730,1491,422,Finisher,2202
Mathias,Damsgaard,Mathias Damsgaard,2091,M25-29,Male,Valby,84,Denmark,DK,1:17:44,6:06:06,4:35:55,0:06:06,0:04:27,12:10:17,4664,21966,16555,366,267,43817,1731,1492,423,1398,1167,334,1708,1483,419,1731,1492,423,Finisher,2197
Martin ,Pedersen,Martin Pedersen,1187,M18-24,Male,København S,Copenhagen,Denmark,DK,1:25:02,5:55:49,4:35:42,0:08:41,0:05:18,12:10:31,5102,21349,16542,521,318,43831,1732,1493,227,1935,1603,241,1707,1482,221,1732,1493,227,Finisher,2066
Nicklas,Højland Nielsen,Nicklas Højland Nielsen,1277,M30-34,Male,Copenhagen,DK-84,Denmark,DK,1:26:58,6:10:22,4:13:26,0:10:53,0:08:57,12:10:35,5218,22222,15206,653,537,43835,1733,1494,265,2052,1689,284,1944,1661,278,1733,1494,265,Finisher,2159
Minna,Makkonen,Minna Makkonen,673,F50-54,Female,Järvenpää,,Finland,FI,1:20:09,6:02:51,4:25:51,0:12:12,0:09:37,12:10:39,4809,21771,15951,732,577,43839,1734,240,8,1594,264,15,1782,239,10,1734,240,8,Finisher,3070
Victoria,Leon Rodriguez,Victoria Leon Rodriguez,1385,F50-54,Female,VIC,ES-ES-B,Spain,ES,1:14:01,6:27:36,4:17:59,0:05:46,0:05:29,12:10:51,4441,23256,15479,346,329,43851,1735,241,9,1093,165,7,1931,279,13,1735,241,9,Finisher,3067
Christian,Haas,Christian Haas,387,M55-59,Male,Skanderborg,DK-82,Denmark,DK,1:23:17,6:17:25,4:19:25,0:07:55,0:02:49,12:10:52,4997,22645,15565,475,169,43852,1736,1495,53,1821,1510,60,1947,1664,67,1736,1495,53,Finisher,2867
Rasmus,Danneris,Rasmus Danneris,2000,M40-44,Male,Løkken,NORDJYLLAND,Denmark,DK,1:13:44,6:01:36,4:43:50,0:06:48,0:04:55,12:10:52,4424,21696,17030,408,295,43852,1737,1496,130,1055,894,89,1588,1386,119,1737,1496,130,Finisher,2107
Geoffrey,Morgan,Geoffrey Morgan,334,M40-44,Male,Gentofte,DK-85,United States,US,1:27:01,6:28:17,3:59:37,0:10:29,0:05:33,12:10:56,5221,23297,14377,629,333,43856,1738,1497,131,2054,1690,156,2143,1807,164,1738,1497,131,Finisher,2107
Freja,Sund,Freja Sund,2675,F25-29,Female,Odense C,Fyn,Denmark,DK,1:22:15,6:11:40,4:26:03,0:06:30,0:04:36,12:11:03,4935,22300,15963,390,276,43863,1739,242,96,1748,295,107,1860,263,96,1739,242,96,Finisher,2788
Dr. Stefanie,Von Mechow,Dr. Stefanie Von Mechow,72,F50-54,Female,Berlin,DE-BE,Germany,DE,1:40:19,6:09:56,3:55:58,0:16:40,0:08:14,12:11:06,6019,22196,14158,1000,494,43866,1740,243,10,2406,449,28,2155,338,17,1740,243,10,Finisher,3064
Irgen,De Preter,Irgen De Preter,995,F30-34,Female,Antwerpen,,Belgium,BE,1:21:42,6:28:03,4:02:27,0:13:06,0:05:54,12:11:12,4902,23283,14547,786,354,43872,1741,244,56,1714,287,61,2121,329,71,1741,244,56,Finisher,2834
Lotte,Bigom-Eriksen,Lotte Bigom-Eriksen,239,F55-59,Female,Allerød,DK-84,Denmark,DK,1:14:49,6:18:31,4:26:10,0:07:22,0:04:27,12:11:18,4489,22711,15970,442,267,43878,1742,245,6,1154,180,4,1864,264,9,1742,245,6,Finisher,4584
Morten ,Pustelnik ,Morten Pustelnik,2658,M35-39,Male,Haderslev ,Southern Jutland,Denmark,DK,1:27:10,5:24:53,5:00:33,0:12:18,0:06:26,12:11:19,5230,19493,18033,738,386,43879,1743,1498,180,2064,1699,189,1291,1153,134,1743,1498,180,Finisher,2306
Guillaume,Le Monnier,Guillaume Le Monnier,1965,M45-49,Male,Caen,Normandy,France,FR,1:22:40,5:59:49,4:27:08,0:09:40,0:12:07,12:11:24,4960,21589,16028,580,727,43884,1744,1499,96,1780,1478,97,1740,1505,102,1744,1499,96,Finisher,2574
John,Glottrup,John Glottrup,927,M55-59,Male,Gentofte,DK-84,Denmark,DK,1:29:17,6:13:25,4:09:56,0:11:36,0:07:18,12:11:32,5357,22405,14996,696,438,43892,1745,1500,54,2173,1787,85,2021,1723,73,1745,1500,54,Finisher,2859
Louise,Krüger Bodholt,Louise Krüger Bodholt,433,F25-29,Female,Aarhus,MIDTJYLLAND,Denmark,DK,1:24:13,6:15:09,4:19:46,0:06:45,0:05:42,12:11:35,5053,22509,15586,405,342,43895,1746,246,97,1881,323,116,1921,275,102,1746,246,97,Finisher,2781
Sander,Rossing,Sander Rossing,774,M25-29,Male,Frederiksberg,,Denmark,DK,1:31:55,5:54:31,4:26:42,0:11:12,0:07:36,12:11:57,5515,21271,16002,672,456,43917,1747,1501,424,2265,1858,475,1812,1561,433,1747,1501,424,Finisher,2177
Daniel,Szkopek,Daniel Szkopek,1723,M18-24,Male,København,Copenhagen,Denmark,DK,1:16:10,5:56:08,4:36:31,0:15:34,0:07:38,12:12:02,4570,21368,16591,934,458,43922,1748,1502,228,1262,1060,155,1678,1461,219,1748,1502,228,Finisher,2048
Lewis,Greathead,Lewis Greathead,911,M18-24,Male,Bexhill-On-Sea,GB-GB-ESX,United Kingdom,GB,1:20:57,6:04:24,4:32:19,0:08:06,0:06:18,12:12:04,4857,21864,16339,486,378,43924,1749,1503,229,1657,1383,214,1763,1526,224,1749,1503,229,Finisher,2047
Christoffer,Stangegård,Christoffer Stangegård,654,M30-34,Male,København,DK-84,Denmark,DK,1:27:18,6:04:02,4:24:30,0:10:09,0:06:10,12:12:08,5238,21842,15870,609,370,43928,1750,1504,266,2073,1705,287,1868,1603,270,1750,1504,266,Finisher,2141
Buster,Månsson,Buster Månsson,1975,M25-29,Male,Odense,SYDDANMARK,Denmark,DK,1:16:31,6:28:28,4:15:40,0:06:48,0:05:03,12:12:30,4591,23308,15340,408,303,43950,1751,1505,425,1296,1087,306,1982,1692,452,1751,1505,425,Finisher,2171
Oliver,Schultz,Oliver Schultz,2257,M18-24,Male,"
Helsingør",,Denmark,DK,1:27:15,5:49:27,4:42:19,0:08:29,0:05:02,12:12:31,5235,20967,16939,509,302,43951,1752,1506,230,2070,1702,249,1640,1434,213,1752,1506,230,Finisher,2042
Audric,Beudin,Audric Beudin,2239,M30-34,Male,Oisquercq,Walloon Region,Belgium,BE,1:08:05,5:41:25,5:13:40,0:06:04,0:03:19,12:12:33,4085,20485,18820,364,199,43953,1753,1507,267,538,472,104,1154,1047,195,1753,1507,267,Finisher,2136
Christoph,Räther,Christoph Räther,1431,M18-24,Male,Hamburg,DE-HH,Germany,DE,1:06:23,5:56:17,5:00:36,0:04:16,0:05:02,12:12:34,3983,21377,18036,256,302,43954,1754,1508,231,409,360,51,1335,1194,178,1754,1508,231,Finisher,2041
Mads,Pedersen,Mads Pedersen,1846,M30-34,Male,København s,Hovedstaden,Denmark,DK,1:28:44,6:12:02,4:13:45,0:12:18,0:05:55,12:12:44,5324,22322,15225,738,355,43964,1755,1509,268,2144,1766,295,2000,1704,286,1755,1509,268,Finisher,2134
Sarah,Procter,Sarah Procter,383,F45-49,Female,Kastrup,DK-84,Denmark,DK,1:13:32,6:06:34,4:40:29,0:06:49,0:05:22,12:12:47,4412,21994,16829,409,322,43967,1756,247,11,1036,158,8,1665,215,11,1756,247,11,Finisher,3214
Frederikke,Bonne,Frederikke Bonne,1898,F18-24,Female,Odense,Fyn,Denmark,DK,1:18:02,5:52:25,4:49:16,0:07:24,0:05:41,12:12:48,4682,21145,17356,444,341,43968,1757,248,23,1423,237,25,1524,185,18,1757,248,23,Finisher,3010
Nanna,Skaarup Nielsen,Nanna Skaarup Nielsen,2186,F18-24,Female,Tjele,DK-82,Denmark,DK,1:23:52,6:30:54,4:07:03,0:08:03,0:03:41,12:13:32,5032,23454,14823,483,221,44012,1758,249,24,1861,320,30,2120,328,36,1758,249,24,Finisher,3001
Katie,Margarson,Katie Margarson,625,F35-39,Female,Kentford,GB-SFK,United Kingdom,GB,1:20:48,6:06:25,4:28:47,0:09:50,0:07:46,12:13:37,4848,21985,16127,590,466,44017,1759,250,32,1639,273,34,1804,249,32,1759,250,32,Finisher,2734
Christian,ULDAHL,Christian ULDAHL,972,M40-44,Male,Hornbæk,DK-84,Denmark,DK,1:27:09,5:54:05,4:41:25,0:07:12,0:03:56,12:13:47,5229,21245,16885,432,236,44027,1760,1510,132,2062,1697,157,1692,1472,130,1760,1510,132,Finisher,2072
Ludvig,Henriksen,Ludvig Henriksen,2526,M18-24,Male,Skanderborg,Central Jutland,Denmark,DK,1:39:05,6:05:02,4:14:33,0:09:54,0:05:15,12:13:49,5945,21902,15273,594,315,44029,1761,1511,232,2391,1947,282,2016,1719,253,1761,1511,232,Finisher,2026
Phin,Robinson,Phin Robinson,1871,M45-49,Male,Old Buckenham ,Norfolk ,United Kingdom,GB,1:17:57,5:57:35,4:36:54,0:11:43,0:09:54,12:14:03,4677,21455,16614,703,594,44043,1762,1512,97,1417,1183,80,1669,1453,96,1762,1512,97,Finisher,2542
Hailey,Kotsaftis,Hailey Kotsaftis,1553,F25-29,Female,Donnybrook,Dublin,United States,US,1:03:47,6:25:51,4:21:38,0:10:26,0:12:22,12:14:05,3827,23151,15698,626,742,44045,1763,251,98,273,32,12,1856,261,95,1763,251,98,Finisher,2751
Jørgen P.,Nielsen,Jørgen P. Nielsen,1578,M65-69,Male,Roskilde,,Denmark,DK,1:25:38,5:53:37,4:39:24,0:08:48,0:06:43,12:14:09,5138,21217,16764,528,403,44049,1764,1513,5,1967,1628,5,1684,1467,4,1764,1513,5,Finisher,4475
Tim,Nichol,Tim Nichol,655,M40-44,Male,Stocksfield,GB-Northumberland,United Kingdom,GB,1:24:32,5:50:10,4:37:29,0:14:34,0:07:29,12:14:13,5072,21010,16649,874,449,44053,1765,1514,133,1901,1576,146,1701,1477,132,1765,1514,133,Finisher,2067
Adeeb,Rehman,Adeeb Rehman,2450,M35-39,Male,Liverpool,England,United Kingdom,GB,1:34:14,5:52:06,4:33:09,0:10:24,0:04:27,12:14:20,5654,21126,16389,624,267,44060,1766,1515,181,2330,1906,212,1799,1554,182,1766,1515,181,Finisher,2270
Kaj,Siebert,Kaj Siebert,2387,M55-59,Male,Kolding,Southern Jutland,Denmark,DK,1:25:31,6:06:27,4:22:29,0:11:34,0:08:25,12:14:26,5131,21987,15749,694,505,44066,1767,1516,55,1963,1624,69,1889,1622,63,1767,1516,55,Finisher,2824
Spike,Armstrong,Spike Armstrong,1715,M25-29,Male,Chesterfield,ENG,United Kingdom,GB,1:25:41,6:05:49,4:28:37,0:08:10,0:06:19,12:14:36,5141,21949,16117,490,379,44076,1768,1517,426,1971,1630,439,1846,1588,437,1768,1517,426,Finisher,2146
Louise,Mohr,Louise Mohr,2228,F25-29,Female,Frederiksberg,Copenhagen,Denmark,DK,1:20:11,6:28:49,4:13:34,0:06:20,0:05:50,12:14:43,4811,23329,15214,380,350,44083,1769,252,99,1596,265,97,2038,301,114,1769,252,99,Finisher,2744
Vicky,Harold,Vicky Harold,2254,F40-44,Female,Warrington,GB-WLS,United Kingdom,GB,1:32:38,6:32:58,3:54:58,0:09:14,0:05:02,12:14:50,5558,23578,14098,554,302,44090,1770,253,14,2285,414,27,2207,351,17,1770,253,14,Finisher,3515
Karsten,Walter,Karsten Walter,740,M55-59,Male,Damme,DE-NI,Germany,DE,1:14:43,5:58:11,4:49:26,0:07:58,0:04:34,12:14:52,4483,21491,17366,478,274,44092,1771,1518,56,1146,969,37,1568,1373,54,1771,1518,56,Finisher,2819
Søren,Lystbæk,Søren Lystbæk,2504,M40-44,Male,Lemvig,Central Jutland,Denmark,DK,1:44:55,5:34:59,4:44:20,0:07:21,0:03:32,12:15:06,6295,20099,17060,441,212,44106,1772,1519,134,2449,1989,188,1668,1452,128,1772,1519,134,Finisher,2057
Dan,Lewi,Dan Lewi,1489,M45-49,Male,Porto,PT-13,Portugal,PT,1:16:07,6:29:23,4:11:26,0:11:24,0:07:03,12:15:22,4567,23363,15086,684,423,44122,1773,1520,98,1255,1055,71,2052,1745,124,1773,1520,98,Finisher,2526
Albert,Sabanovski,Albert Sabanovski,1787,M40-44,Male,Brøndby Strand,DK-84,Denmark,DK,1:27:18,6:05:08,4:25:10,0:11:55,0:05:52,12:15:22,5238,21908,15910,715,352,44122,1774,1521,135,2074,1706,158,1900,1630,149,1774,1521,135,Finisher,2053
Gabrielle,Icmat,Gabrielle Icmat,914,F25-29,Female,Ashford Surrey,GB-SRY,United Kingdom,GB,1:07:31,6:40:32,4:19:10,0:04:41,0:03:34,12:15:28,4051,24032,15550,281,214,44128,1775,254,100,485,63,25,1997,296,111,1775,254,100,Finisher,2735
Daragh,Callaghan,Daragh Callaghan,2292,M50-54,Male,GALWAY,GALWAY,Ireland,IE,1:18:42,5:58:32,4:36:48,0:11:08,0:10:23,12:15:33,4722,21512,16608,668,623,44133,1776,1522,102,1482,1240,90,1689,1470,100,1776,1522,102,Finisher,2636
Wayne,Hackett,Wayne Hackett,1476,M50-54,Male,Melton Mowbray,GB-LEC,United Kingdom,GB,1:17:49,6:05:34,4:39:10,0:07:50,0:05:21,12:15:44,4669,21934,16750,470,321,44144,1777,1523,103,1405,1172,83,1727,1497,104,1777,1523,103,Finisher,2634
Gareth,Farbon,Gareth Farbon,2370,M45-49,Male,Ampthill,England,United Kingdom,GB,1:29:50,5:55:28,4:32:52,0:12:41,0:04:54,12:15:44,5390,21328,16372,761,294,44144,1778,1524,99,2192,1801,123,1817,1566,107,1778,1524,99,Finisher,2522
Sebastian,Eriksen,Sebastian Eriksen,810,M25-29,Male,København,Copenhagen,Denmark,DK,1:29:08,5:40:27,4:51:16,0:09:43,0:05:13,12:15:48,5348,20427,17476,583,313,44148,1779,1525,427,2168,1783,464,1545,1357,390,1779,1525,427,Finisher,2131
Christine,Holst,Christine Holst,2294,F35-39,Female,København,Copenhagen,Denmark,DK,1:16:51,6:14:40,4:21:35,0:13:02,0:09:44,12:15:52,4611,22480,15695,782,584,44152,1780,255,33,1323,216,26,1902,271,34,1780,255,33,Finisher,2707
Rikke,Haagensen,Rikke Haagensen,2405,F50-54,Female,moss,,Norway,NO,1:16:18,5:54:21,4:50:25,0:09:28,0:05:28,12:16:01,4578,21261,17425,568,328,44161,1781,256,11,1277,206,11,1554,193,8,1781,256,11,Finisher,3005
Brian,Dunne,Brian Dunne,844,M45-49,Male,Cork,Cork,Ireland,IE,1:22:27,5:58:07,4:35:01,0:11:22,0:09:18,12:16:15,4947,21487,16501,682,558,44175,1782,1526,100,1762,1466,96,1736,1503,101,1782,1526,100,Finisher,2515
Jasmin,Larsen,Jasmin Larsen,556,F18-24,Female,København,DK-84,Denmark,DK,1:05:52,5:57:17,5:02:40,0:06:02,0:04:34,12:16:25,3952,21437,18160,362,274,44185,1783,257,25,372,46,8,1375,147,14,1783,257,25,Finisher,2966
Wojciech,Kazura,Wojciech Kazura,2770,M30-34,Male,Gliwice,,Poland,PL,1:30:54,6:13:27,4:16:53,0:09:53,0:05:30,12:16:37,5454,22407,15413,593,330,44197,1784,1527,269,2235,1836,308,2019,1721,289,1784,1527,269,Finisher,2087
Christopher,Galltz,Christopher Galltz,2002,M25-29,Male,Rostock,MECKLENBURG-VORPOMMERN,Germany,DE,1:16:15,6:04:00,4:39:29,0:11:16,0:05:55,12:16:54,4575,21840,16769,676,355,44214,1785,1528,428,1270,1066,301,1733,1501,421,1785,1528,428,Finisher,2118
Ryan,Wood,Ryan Wood,594,M18-24,Male,Northampton,NORTHAMPTONSHIRE,United Kingdom,GB,1:20:48,6:34:14,4:07:41,0:07:40,0:06:39,12:17:02,4848,23654,14861,460,399,44222,1786,1529,233,1637,1365,211,2119,1792,264,1786,1529,233,Finisher,1988
William,Coulman,William Coulman,2682,M25-29,Male,Upton Upon Severn,foreigner,United Kingdom,GB,1:21:44,6:50:23,3:45:54,0:12:23,0:07:25,12:17:49,4904,24623,13554,743,445,44269,1787,1530,429,1716,1429,397,2287,1909,484,1787,1530,429,Finisher,2107
Riku,von Wehrt,Riku von Wehrt,2712,M30-34,Male,Helsinki,Etelä-Suomi,Finland,FI,1:19:59,6:17:16,4:25:07,0:09:43,0:05:44,12:17:50,4799,22636,15907,583,344,44270,1788,1531,270,1582,1321,224,1929,1651,276,1788,1531,270,Finisher,2072
Robert,Hayman,Robert Hayman,172,M45-49,Male,Plymouth,DEV,United Kingdom,GB,1:04:15,5:55:53,4:56:56,0:10:20,0:10:31,12:17:55,3855,21353,17816,620,631,44275,1789,1532,101,297,265,17,1400,1245,85,1789,1532,101,Finisher,2495
Jonas,Nielsen,Jonas Nielsen,2736,M30-34,Male,Odense,Fyn,Denmark,DK,1:25:06,5:49:27,4:47:50,0:10:03,0:05:35,12:18:01,5106,20967,17270,603,335,44281,1790,1533,271,1938,1604,268,1630,1426,246,1790,1533,271,Finisher,2070
Jess,Hartley,Jess Hartley,2494,F30-34,Female,Sheffield,SHEFFIELD,United Kingdom,GB,1:13:03,5:46:30,5:09:59,0:05:37,0:02:57,12:18:05,4383,20790,18599,337,177,44285,1791,258,57,996,144,34,1306,139,35,1791,258,57,Finisher,2751
Didrik,Vie Larsen,Didrik Vie Larsen,1892,M25-29,Male,Bergen,,Norway,NO,1:32:18,6:05:00,4:28:29,0:07:12,0:05:15,12:18:14,5538,21900,16109,432,315,44294,1792,1534,430,2278,1868,478,1901,1631,442,1792,1534,430,Finisher,2102
Jeppe,Nyegaard,Jeppe Nyegaard,2684,M30-34,Male,Aarhus,Central Jutland,Denmark,DK,1:24:55,6:02:26,4:35:19,0:08:22,0:07:18,12:18:20,5095,21746,16519,502,438,44300,1793,1535,272,1924,1594,265,1786,1546,261,1793,1535,272,Finisher,2066
Noreen,Carwood Smith,Noreen Carwood Smith,1156,F45-49,Female,Kells,IE-MH,Ireland,IE,1:20:57,6:07:38,4:36:49,0:07:05,0:05:55,12:18:24,4857,22058,16609,425,355,44304,1794,259,12,1656,274,19,1785,240,13,1794,259,12,Finisher,3147
Tiis,Aitavaara,Tiis Aitavaara,1571,F40-44,Female,Vantaa,Uusimaa,Finland,FI,1:25:26,6:25:49,4:03:03,0:13:18,0:10:51,12:18:26,5126,23149,14583,798,651,44306,1795,260,15,1959,338,16,2130,333,16,1795,260,15,Finisher,3471
Murray,Steel,Murray Steel,1994,M30-34,Male,Edinburgh,Scotland,United Kingdom,GB,1:25:41,6:15:18,4:20:45,0:11:35,0:05:22,12:18:41,5141,22518,15645,695,322,44321,1796,1536,273,1970,1629,272,1994,1701,285,1796,1536,273,Finisher,2062
Sarah Caroline,Vibskov,Sarah Caroline Vibskov,1798,F18-24,Female,København,HOVEDSTADEN,Denmark,DK,1:06:42,6:19:43,4:44:27,0:05:44,0:02:43,12:19:19,4002,22783,17067,344,163,44359,1797,261,26,428,52,9,1739,235,25,1797,261,26,Finisher,2932
Alexander,Iversen,Alexander Iversen,2047,M30-34,Male,Augustenborg,SYDDANMARK,Denmark,DK,1:13:02,5:48:37,5:02:25,0:08:48,0:06:33,12:19:26,4382,20917,18145,528,393,44366,1798,1537,274,993,851,160,1399,1244,228,1798,1537,274,Finisher,2053
Nicolai Frøyland,Foss,Nicolai Frøyland Foss,2793,M18-24,Male,Oslo,Oslo,Norway,NO,1:34:21,5:42:11,4:51:05,0:06:08,0:05:41,12:19:26,5661,20531,17465,368,341,44366,1799,1538,234,2335,1908,275,1598,1396,209,1799,1538,234,Finisher,1959
Rasmus,Olsen,Rasmus Olsen,1013,M40-44,Male,København,Copenhagen,Denmark,DK,1:29:18,6:12:05,4:18:06,0:10:53,0:09:12,12:19:34,5358,22325,15486,653,552,44374,1800,1539,136,2175,1788,165,1989,1697,157,1800,1539,136,Finisher,2003
Mikkel,Bang Larsen,Mikkel Bang Larsen,1886,M35-39,Male,Odense,Fyn,Denmark,DK,1:29:44,5:46:58,4:49:37,0:07:43,0:05:35,12:19:37,5384,20818,17377,463,335,44377,1801,1540,182,2186,1796,199,1625,1421,165,1801,1540,182,Finisher,2207
Howard,Watts,Howard Watts,1725,M50-54,Male,Southampton ,HAMPSHIRE,United Kingdom,GB,1:11:25,5:57:41,4:59:00,0:07:44,0:03:50,12:19:40,4285,21461,17940,464,230,44380,1802,1541,104,831,714,42,1505,1323,89,1802,1541,104,Finisher,2586
Victoria,Hill,Victoria Hill,815,F25-29,Female,Chorley,Lancashire,United Kingdom,GB,0:59:53,6:27:59,4:33:54,0:09:03,0:08:52,12:19:41,3593,23279,16434,543,532,44381,1803,262,101,130,15,8,1803,248,90,1803,262,101,Finisher,2684
Rodrigo,Chaves,Rodrigo Chaves,1297,M45-49,Male,Copenhagen,SJÆLLAND,Costa Rica,CR,1:18:25,5:59:54,4:41:43,0:12:15,0:07:24,12:19:42,4705,21594,16903,735,444,44382,1804,1542,102,1457,1217,81,1718,1492,100,1804,1542,102,Finisher,2474
Oda,Døvle,Oda Døvle,2686,F30-34,Female,Oslo,NO-03,Norway,NO,1:34:19,6:08:18,4:22:04,0:08:58,0:06:16,12:19:54,5659,22098,15724,538,376,44394,1805,263,58,2333,427,91,1978,289,62,1805,263,58,Finisher,2729
Richard,Vande Putte,Richard Vande Putte,2276,M40-44,Male,London,HRT,United Kingdom,GB,1:32:36,6:27:42,4:03:57,0:11:11,0:04:32,12:19:57,5556,23262,14637,671,272,44397,1806,1543,137,2283,1871,174,2187,1841,171,1806,1543,137,Finisher,1998
Benjamin,Gregory,Benjamin Gregory,2322,M25-29,Male,"13 RUSHMEAD DRIVE,MAIDSTONE,ME15 9UD",KEN,United Kingdom,GB,1:03:40,6:17:15,4:45:38,0:06:37,0:06:59,12:20:07,3820,22635,17138,397,419,44407,1807,1544,431,263,233,70,1673,1456,414,1807,1544,431,Finisher,2079
Oliver,Plain,Oliver Plain,870,M25-29,Male,København,HOVEDSTADEN,Canada,CA,1:23:00,5:19:53,5:22:08,0:09:42,0:05:28,12:20:10,4980,19193,19328,582,328,44410,1808,1545,432,1804,1497,410,1098,999,303,1808,1545,432,Finisher,2079
Lauren,Elkin,Lauren Elkin,551,F35-39,,Lamarsh,ESS,United Kingdom,GB,1:14:30,6:36:52,4:12:13,0:09:39,0:06:59,12:20:13,4470,23812,15133,579,419,44413,1809,264,34,1130,175,19,2093,317,39,1809,264,34,Finisher,2655
Sofoklis,Kyprianou,Sofoklis Kyprianou,2013,M35-39,Male,NICOSIA,CYPRUS,Cyprus,CY,1:28:53,5:56:21,4:28:34,0:16:20,0:10:08,12:20:15,5333,21381,16114,980,608,44415,1810,1546,183,2152,1771,195,1870,1605,195,1810,1546,183,Finisher,2199
Simon,Fox,Simon Fox,1636,M60-64,Male,Northwich,CHESHIRE WEST AND CHESTER,United Kingdom,GB,1:20:35,6:04:07,4:35:41,0:09:45,0:10:09,12:20:17,4835,21847,16541,585,609,44417,1811,1547,20,1618,1348,28,1775,1537,25,1811,1547,20,Finisher,3374
Martas,Garbatavicius,Martas Garbatavicius,1614,M35-39,Male,Ijsselstein,,Lithuania,LT,1:23:11,6:07:15,4:34:57,0:09:07,0:05:59,12:20:28,4991,22035,16497,547,359,44428,1812,1548,184,1818,1507,162,1843,1587,189,1812,1548,184,Finisher,2196
Grace,Kragh Rieck,Grace Kragh Rieck,1696,F18-24,Female,Frederiksberg C,DK-85,Denmark,DK,1:18:14,6:14:04,4:35:48,0:07:12,0:05:14,12:20:32,4694,22444,16548,432,314,44432,1813,265,27,1443,240,26,1839,256,28,1813,265,27,Finisher,2917
Ravindra,Tirukkovalluri,Ravindra Tirukkovalluri,829,M45-49,Male,Noida,UTTAR PRADESH,India,IN,1:26:34,6:13:23,4:20:40,0:13:06,0:06:53,12:20:36,5194,22403,15640,786,413,44436,1814,1549,103,2023,1666,111,1999,1703,118,1814,1549,103,Finisher,2463
Ingemei,Møller,Ingemei Møller,1075,F30-34,Female,København K,Copenhagen,Denmark,DK,1:45:41,5:58:57,4:24:47,0:05:55,0:05:31,12:20:51,6341,21537,15887,355,331,44451,1815,266,59,2455,463,98,1967,286,61,1815,266,59,Finisher,2718
Alireza,Karbasian,Alireza Karbasian,1355,M35-39,Male,Utrecht,NL-UT,Netherlands,NL,1:24:23,5:55:00,4:49:23,0:08:00,0:04:22,12:21:08,5063,21300,17363,480,262,44468,1816,1550,185,1892,1568,175,1670,1454,169,1816,1550,185,Finisher,2188
Rob,Hall,Rob Hall,908,M50-54,Male,Crowthorne,BRK,United Kingdom,GB,1:13:13,5:24:43,5:07:36,0:17:27,0:18:18,12:21:17,4393,19483,18456,1047,1098,44477,1817,1551,105,1013,863,55,1150,1044,60,1817,1551,105,Finisher,2567
Cecilie,Cargnelli,Cecilie Cargnelli,1287,F25-29,Female,Rødovre,DK-84,Denmark,DK,1:29:56,5:58:54,4:39:18,0:07:04,0:06:18,12:21:29,5396,21534,16758,424,378,44489,1818,267,102,2195,392,126,1789,242,88,1818,267,102,Finisher,2662
Carl,Pedersen,Carl Pedersen,1260,M40-44,Male,Lyngby,DK-84,Denmark,DK,1:17:42,6:01:48,4:35:41,0:16:02,0:10:26,12:21:39,4662,21708,16541,962,626,44499,1819,1552,138,1397,1166,101,1784,1545,142,1819,1552,138,Finisher,1978
Jolanda,Maagd,Jolanda Maagd,666,F55-59,Female,Wageningen,NL-GE,Netherlands,NL,1:27:23,5:57:18,4:42:41,0:08:32,0:05:50,12:21:44,5243,21438,16961,512,350,44504,1820,268,7,2075,369,18,1761,237,8,1820,268,7,Finisher,4459
Martin,O Neill,Martin O Neill,1997,M50-54,Male,Dublin 1,IE-D,Ireland,IE,1:27:14,5:49:10,4:51:16,0:07:49,0:06:19,12:21:48,5234,20950,17476,469,379,44508,1821,1553,106,2068,1700,132,1622,1419,99,1821,1553,106,Finisher,2561
Martin,Werni,Martin Werni,1833,M25-29,Male,Fjerdingby,,Norway,NO,1:26:31,6:13:25,4:29:01,0:07:53,0:05:08,12:21:58,5191,22405,16141,473,308,44518,1822,1554,433,2020,1664,446,1938,1655,447,1822,1554,433,Finisher,2057
Adrian,Roddis,Adrian Roddis,1875,M55-59,Male,Frome,SOM,United Kingdom,GB,1:09:42,6:06:21,4:54:18,0:07:25,0:04:24,12:22:09,4182,21981,17658,445,264,44529,1823,1555,57,675,583,22,1608,1405,56,1823,1555,57,Finisher,2732
MATTHEW,CLAMP,MATTHEW CLAMP,2514,M50-54,Male,abingdon,Oxford,United Kingdom,GB,1:27:54,6:07:50,4:30:35,0:09:46,0:06:06,12:22:11,5274,22070,16235,586,366,44531,1824,1556,107,2103,1731,135,1913,1639,119,1824,1556,107,Finisher,2556
Ashley,Long,Ashley Long,2395,M35-39,Male,Port Talbot,GB-WLS,United Kingdom,GB,1:20:00,5:31:27,5:19:05,0:06:45,0:04:57,12:22:13,4800,19887,19145,405,297,44533,1825,1557,186,1584,1323,144,1197,1077,127,1825,1557,186,Finisher,2175
Mette Cindy ,Nordestgaard,Mette Cindy Nordestgaard,2038,F30-34,Female,København,Copenhagen,Denmark,DK,1:22:29,6:09:18,4:35:58,0:07:47,0:06:42,12:22:14,4949,22158,16558,467,402,44534,1826,269,60,1764,297,63,1845,258,54,1826,269,60,Finisher,2701
Frederik James,Emde,Frederik James Emde,2669,M40-44,Male,Værløse,DK-84,Denmark,DK,1:21:17,6:20:37,4:26:28,0:09:41,0:04:12,12:22:15,4877,22837,15988,581,252,44535,1827,1558,139,1684,1405,126,1979,1690,153,1827,1558,139,Finisher,1971
YUNDA,LU,YUNDA LU,1373,M35-39,Male,Beijing,CN-11,China,CN,1:24:12,6:24:00,4:20:48,0:09:16,0:04:04,12:22:20,5052,23040,15648,556,244,44540,1828,1559,187,1879,1557,172,2057,1749,202,1828,1559,187,Finisher,2174
Matt,Dunbabin,Matt Dunbabin,1320,M18-24,Male,Warrington ,WARRINGTON,United Kingdom,GB,1:36:27,6:13:12,4:13:41,0:09:52,0:09:10,12:22:22,5787,22392,15221,592,550,44542,1829,1560,235,2356,1926,278,2078,1765,256,1829,1560,235,Finisher,1924
Lucas Dencker,Andersen,Lucas Dencker Andersen,1897,M18-24,Male,Silkeborg,Jylland,Denmark,DK,1:19:16,6:31:32,4:17:51,0:09:26,0:04:28,12:22:32,4756,23492,15471,566,268,44552,1830,1561,236,1536,1283,200,2085,1771,258,1830,1561,236,Finisher,1922
Robin,Lindgren,Robin Lindgren,2098,M35-39,Male,Falls Church,VIRGINIA,United States,US,1:02:12,6:22:26,4:44:46,0:08:14,0:04:58,12:22:35,3732,22946,17086,494,298,44555,1831,1562,188,208,185,25,1756,1520,179,1831,1562,188,Finisher,2171
Daniel,Wood,Daniel Wood,1989,M40-44,Male,Wallingford,OXFORDSHIRE,United Kingdom,GB,1:16:51,6:26:06,4:27:40,0:08:40,0:03:30,12:22:47,4611,23166,16060,520,210,44567,1832,1563,140,1321,1106,97,1980,1691,154,1832,1563,140,Finisher,1964
Liam,Lewis,Liam Lewis,2210,M40-44,Male,Tiverton,Devon,United Kingdom,GB,1:10:17,5:59:53,4:53:26,0:12:08,0:07:08,12:22:51,4217,21593,17606,728,428,44571,1833,1564,141,723,621,58,1591,1389,120,1833,1564,141,Finisher,1964
Matt,Jansen,Matt Jansen,1924,M45-49,Male,March,CAM,United Kingdom,GB,1:25:58,5:47:24,4:55:50,0:07:49,0:05:54,12:22:55,5158,20844,17750,469,354,44575,1834,1565,104,1984,1640,109,1575,1377,93,1834,1565,104,Finisher,2435
Bonnie,Holmes,Bonnie Holmes,70,F40-44,Female,Mount Gravatt East,AU-QLD,Australia,AU,1:21:19,5:46:34,5:03:23,0:08:52,0:03:24,12:23:32,4879,20794,18203,532,204,44612,1835,270,16,1688,280,14,1504,182,13,1835,270,16,Finisher,3410
Kamilla,Neve,Kamilla Neve,957,F25-29,Female,"
Frederiksberg",,Denmark,DK,1:11:34,6:42:11,4:17:53,0:08:28,0:03:44,12:23:50,4294,24131,15473,508,224,44630,1836,271,103,852,123,46,2115,327,121,1836,271,103,Finisher,2634
Thibaut,Scott-Dunne,Thibaut Scott-Dunne,2772,M18-24,Male,London,GB-ENG,United Kingdom,GB,1:10:26,5:58:41,4:55:52,0:10:22,0:08:30,12:23:51,4226,21521,17752,622,510,44631,1837,1566,237,736,631,88,1548,1359,200,1837,1566,237,Finisher,1906
Ida,Gaardbo,Ida Gaardbo,2493,F25-29,Female,Aalborg,North Jütland,Denmark,DK,1:26:39,6:27:31,4:17:28,0:07:59,0:04:30,12:24:05,5199,23251,15448,479,270,44645,1838,272,104,2033,359,123,2112,325,119,1838,272,104,Finisher,2631
Vilma,Meskinyte,Vilma Meskinyte,1364,F30-34,Female,København,Copenhagen,Lithuania,LT,1:42:44,6:21:54,4:06:08,0:07:27,0:06:12,12:24:26,6164,22914,14768,447,372,44666,1839,273,61,2429,456,97,2195,349,77,1839,273,61,Finisher,2675
Eleanor,Perkins,Eleanor Perkins,1286,F35-39,Female,Neston,GB-CHW,United Kingdom,GB,1:14:50,6:11:46,4:40:16,0:09:13,0:08:46,12:24:51,4490,22306,16816,553,526,44691,1840,274,35,1157,181,21,1788,241,30,1840,274,35,Finisher,2599
Gagandeep,Kumar,Gagandeep Kumar,975,M35-39,Male,JALANDHAR,,India,IN,1:36:16,5:51:16,4:41:07,0:08:45,0:07:27,12:24:51,5776,21076,16867,525,447,44691,1841,1567,189,2354,1924,214,1791,1548,181,1841,1567,189,Finisher,2144
Kristof,Vande Reyd,Kristof Vande Reyd,2707,M45-49,Male,Kermt,Flemish Region,Belgium,BE,1:21:28,6:02:01,4:42:30,0:09:32,0:09:24,12:24:56,4888,21721,16950,572,564,44696,1842,1568,105,1696,1415,92,1758,1522,106,1842,1568,105,Finisher,2411
Nicolai Daugbjerg ,Holse,Nicolai Daugbjerg Holse,557,M18-24,Male,Aarhus,Central Jutland,Denmark,DK,1:22:33,5:41:36,5:10:20,0:04:49,0:05:42,12:25:01,4953,20496,18620,289,342,44701,1843,1569,238,1770,1472,225,1371,1226,183,1843,1569,238,Finisher,1892
Eyal,Mualem,Eyal Mualem,1530,M45-49,Male,Mölndal,VASTRA GOTALANDS LAN [SE-14],Sweden,SE,1:19:05,6:30:13,4:16:29,0:09:53,0:09:27,12:25:08,4745,23413,15389,593,567,44708,1844,1570,106,1516,1268,84,2071,1761,127,1844,1570,106,Finisher,2409
Line Uttrup,Rom,Line Uttrup Rom,1163,F25-29,Female,Aalborg,North Jütland,Denmark,DK,1:22:21,6:09:47,4:39:26,0:07:15,0:06:18,12:25:08,4941,22187,16766,435,378,44708,1845,275,105,1753,296,108,1838,255,93,1845,275,105,Finisher,2619
Jacob,Brink,Jacob Brink,1402,M25-29,Male,Herning,Denmark,Denmark,DK,1:30:19,5:46:44,4:53:05,0:08:25,0:06:37,12:25:10,5419,20804,17585,505,397,44710,1846,1571,434,2212,1816,468,1645,1439,411,1846,1571,434,Finisher,2019
Que Son,Vu,Que Son Vu,333,M45-49,Male,København SV,HOVEDSTADEN,Denmark,DK,1:21:05,6:09:55,4:35:09,0:12:12,0:07:02,12:25:23,4865,22195,16509,732,422,44723,1847,1572,107,1667,1392,90,1887,1620,115,1847,1572,107,Finisher,2406
Royce,Williams,Royce Williams,814,M40-44,Male,Renton,US-WA,United States,US,1:12:52,6:09:05,4:50:33,0:06:55,0:06:05,12:25:31,4372,22145,17433,415,365,44731,1848,1573,142,982,840,83,1699,1476,131,1848,1573,142,Finisher,1932
Amit,Malik,Amit Malik,828,M45-49,Male,Panipat,,India,IN,1:30:10,6:32:21,4:08:21,0:09:31,0:05:23,12:25:47,5410,23541,14901,571,323,44747,1849,1574,108,2208,1813,127,2194,1846,137,1849,1574,108,Finisher,2401
Jonas,Rasmussen,Jonas Rasmussen,391,M18-24,Male,Greve,Zealand,Denmark,DK,1:07:44,5:02:24,6:03:51,0:04:15,0:07:36,12:25:49,4064,18144,21831,255,456,44749,1850,1575,239,508,445,62,408,391,66,1850,1575,239,Finisher,1882
Richard,Marquez,Richard Marquez,1826,M40-44,Male,Søborg,,Denmark,DK,1:42:11,6:23:54,4:03:40,0:12:08,0:03:57,12:25:50,6131,23034,14620,728,237,44750,1851,1576,143,2427,1972,186,2239,1878,176,1851,1576,143,Finisher,1928
Joe ,Parker ,Joe Parker,267,M35-39,Male,Shepperton ,England,United Kingdom,GB,1:22:56,6:02:43,4:34:45,0:13:52,0:11:42,12:25:57,4976,21763,16485,832,702,44757,1852,1577,190,1800,1494,159,1841,1585,187,1852,1577,190,Finisher,2131
Andrew,Bardsley,Andrew Bardsley,1435,M35-39,Male,NORTH BERWICK,GB-SXE,United Kingdom,GB,1:13:25,5:54:38,5:04:12,0:07:55,0:05:51,12:26:01,4405,21278,18252,475,351,44761,1853,1578,191,1027,873,93,1485,1310,147,1853,1578,191,Finisher,2130
Elvir,Zolj,Elvir Zolj,2121,M40-44,Male,Laxenburg,NIEDEROSTERREICH,Bosnia and Herzegovina,BA,1:40:55,5:58:31,4:30:22,0:08:44,0:07:34,12:26:06,6055,21511,16222,524,454,44766,1854,1579,144,2412,1962,185,1942,1659,150,1854,1579,144,Finisher,1925
Mads,Køhn jørgensen,Mads Køhn jørgensen,2398,M25-29,Male,København,Copenhagen,Denmark,DK,1:20:27,6:22:06,4:28:17,0:10:57,0:04:26,12:26:12,4827,22926,16097,657,266,44772,1855,1580,435,1612,1345,375,2008,1711,454,1855,1580,435,Finisher,2006
James,Perrett,James Perrett,2282,M40-44,Male,Bristol,GB-ENG,United Kingdom,GB,1:25:31,5:46:18,4:59:14,0:08:36,0:06:35,12:26:14,5131,20778,17954,516,395,44774,1856,1581,145,1962,1623,153,1561,1368,114,1856,1581,145,Finisher,1923
Helene Rømer,Gjelstrup,Helene Rømer Gjelstrup,2191,F18-24,Female,Karup J,,Denmark,DK,1:26:16,6:19:44,4:27:38,0:08:09,0:04:30,12:26:16,5176,22784,16058,489,270,44776,1857,276,28,2006,354,34,2017,298,30,1857,276,28,Finisher,2848
Loïc,Stevens,Loïc Stevens,2581,M30-34,Male,Maurage,Hainaut,Belgium,BE,1:22:38,6:22:41,4:27:38,0:08:20,0:05:15,12:26:32,4958,22961,16058,500,315,44792,1858,1582,275,1777,1477,253,2010,1713,288,1858,1582,275,Finisher,1968
Tommy,Hansen,Tommy Hansen,2196,M25-29,Male,Ålborg,Nordjylland,Denmark,DK,1:14:50,5:40:09,5:17:11,0:08:40,0:05:45,12:26:36,4490,20409,19031,520,345,44796,1859,1583,436,1158,977,272,1281,1143,337,1859,1583,436,Finisher,2002
Susanne,Kolmert,Susanne Kolmert,2741,F50-54,Female,Lomma,,Sweden,SE,1:17:57,6:00:44,4:54:04,0:07:21,0:06:35,12:26:41,4677,21644,17644,441,395,44801,1860,277,12,1418,235,14,1655,212,9,1860,277,12,Finisher,2877
Christoph,Kriege,Christoph Kriege,843,M50-54,Male,Hamburg,HH,Germany,DE,1:15:37,6:34:45,4:15:07,0:12:20,0:08:53,12:26:42,4537,23685,15307,740,533,44802,1861,1584,108,1216,1021,69,2118,1791,141,1861,1584,108,Finisher,2502
Hamid,Yar Mohammad,Hamid Yar Mohammad,2695,M25-29,Male,København SV,,Afghanistan,AF,1:31:40,6:16:10,4:27:55,0:07:15,0:04:04,12:27:04,5500,22570,16075,435,244,44824,1862,1585,437,2258,1853,473,2034,1735,457,1862,1585,437,Finisher,1996
Nicola,Chew,Nicola Chew,1864,F30-34,Female,London,London,Singapore,SG,1:16:29,6:31:19,4:25:37,0:08:35,0:05:04,12:27:05,4589,23479,15937,515,304,44825,1863,278,62,1293,208,45,2047,306,65,1863,278,62,Finisher,2643
Christian,Bille,Christian Bille,2414,M18-24,Male,Skanderborg,MIDTJYLLAND,Denmark,DK,1:17:55,6:13:40,4:38:37,0:11:58,0:05:03,12:27:12,4675,22420,16717,718,303,44832,1864,1586,240,1412,1179,177,1890,1623,241,1864,1586,240,Finisher,1866
Nicolai,Tinning,Nicolai Tinning,539,M30-34,Male,Kvistgård,Nordsjælland,Denmark,DK,1:39:58,5:54:23,4:36:22,0:10:43,0:05:47,12:27:14,5998,21263,16582,643,347,44834,1865,1587,276,2399,1952,316,1908,1636,273,1865,1587,276,Finisher,1960
Silas,Andreasen ,Silas Andreasen,1735,M18-24,Male,Rødovre,Region Hovedstaden,Denmark,DK,1:31:01,5:41:39,5:00:56,0:08:19,0:05:23,12:27:17,5461,20499,18056,499,323,44837,1866,1588,241,2238,1839,268,1570,1374,204,1866,1588,241,Finisher,1865
Søren,Steffensen,Søren Steffensen,2779,M30-34,Male,"
Vissenbjerg",,Denmark,DK,1:27:09,5:33:35,5:07:56,0:10:20,0:08:23,12:27:23,5229,20015,18476,620,503,44843,1867,1589,277,2063,1698,285,1404,1247,229,1867,1589,277,Finisher,1958
Johanna ,Bogle ,Johanna Bogle,1453,F45-49,Female,Prestbury,England,United Kingdom,GB,1:13:28,6:48:04,4:15:37,0:06:37,0:03:51,12:27:37,4408,24484,15337,397,231,44857,1868,279,13,1030,156,7,2164,341,17,1868,279,13,Finisher,3036
Anne,Fjord Sørensen,Anne Fjord Sørensen,2312,F30-34,Female,Frederiksberg,Copenhagen,Denmark,DK,1:18:06,6:32:08,4:26:56,0:06:44,0:03:47,12:27:41,4686,23528,16016,404,227,44861,1869,280,63,1431,239,52,2054,308,66,1869,280,63,Finisher,2636
Vingaudas,Raulinaitis,Vingaudas Raulinaitis,2599,M40-44,Male,Sevenoaks,Bromley,Lithuania,LT,1:09:26,5:46:32,5:21:38,0:06:13,0:04:01,12:27:50,4166,20792,19298,373,241,44870,1870,1590,146,654,566,52,1261,1127,94,1870,1590,146,Finisher,1904
Josefine,Bruhn,Josefine Bruhn,1242,F25-29,Female,København,DK-84,Denmark,DK,1:26:43,6:08:57,4:35:18,0:08:38,0:08:23,12:27:59,5203,22137,16518,518,503,44879,1871,281,106,2036,361,124,1898,270,100,1871,281,106,Finisher,2584
Hardy,Winter,Hardy Winter,2248,M60-64,Male,Skive,,Denmark,DK,1:34:09,5:56:03,4:37:48,0:12:50,0:07:17,12:28:07,5649,21363,16668,770,437,44887,1872,1591,21,2328,1904,49,1883,1617,29,1872,1591,21,Finisher,3280
Sanna,Suur-Hamari,Sanna Suur-Hamari,458,F55-59,Female,Helsinki,foreigner,Finland,FI,1:27:13,6:26:22,4:22:30,0:08:00,0:04:06,12:28:10,5233,23182,15750,480,246,44890,1873,282,8,2067,368,17,2103,321,11,1873,282,8,Finisher,4381
Mark,Lean,Mark Lean,742,M30-34,Male,Peel,CHI,Isle of Man,IM,1:33:39,6:14:51,4:20:00,0:12:18,0:07:43,12:28:32,5619,22491,15600,738,463,44912,1874,1592,278,2319,1898,313,2090,1775,296,1874,1592,278,Finisher,1944
Casper,Madsen,Casper Madsen,2441,M18-24,Male,Risskov,Central Jutland,Denmark,DK,1:27:55,5:22:14,5:23:14,0:09:49,0:05:36,12:28:49,5275,19334,19394,589,336,44929,1875,1593,242,2104,1732,251,1225,1098,167,1875,1593,242,Finisher,1846
Kathryn,Eccles,Kathryn Eccles,1649,F25-29,Female,North Shields,TWR,United Kingdom,GB,1:08:26,6:12:40,4:53:35,0:07:19,0:06:49,12:28:50,4106,22360,17615,439,409,44930,1876,283,107,568,70,27,1691,220,81,1876,283,107,Finisher,2574
Mikkel,Immertreu,Mikkel Immertreu,438,M30-34,Male,Solrød strand,,Denmark,DK,1:03:56,5:39:57,5:31:35,0:08:04,0:05:21,12:28:53,3836,20397,19895,484,321,44933,1877,1594,279,281,249,60,1089,991,185,1877,1594,279,Finisher,1940
André,Carlsen,André Carlsen,1028,M25-29,Male,Borup,SJÆLLAND,Denmark,DK,1:27:08,5:53:48,4:56:33,0:06:46,0:04:57,12:29:13,5228,21228,17793,406,297,44953,1878,1595,438,2061,1696,452,1675,1458,416,1878,1595,438,Finisher,1970
Gilles,Bonneville,Gilles Bonneville,2674,M40-44,Male,Souffelweyersheim ,,France,FR,1:27:42,6:14:23,4:30:03,0:10:24,0:06:42,12:29:13,5262,22463,16203,624,402,44953,1879,1596,147,2094,1723,161,1992,1699,158,1879,1596,147,Finisher,1887
Graeme,Walton,Graeme Walton,1664,M50-54,Male,Durham,DUR,United Kingdom,GB,1:25:18,5:46:50,5:01:02,0:10:34,0:05:41,12:29:25,5118,20810,18062,634,341,44965,1880,1597,109,1949,1614,123,1599,1397,96,1880,1597,109,Finisher,2469
Flemming Bo,Jensen,Flemming Bo Jensen,807,M60-64,,Frederiksberg,Copenhagen,Denmark,DK,1:17:44,5:55:03,5:01:56,0:08:00,0:06:51,12:29:35,4664,21303,18116,480,411,44975,1881,1598,22,1399,1168,20,1567,1372,19,1881,1598,22,Finisher,3263
Hamilton,Huxham,Hamilton Huxham,1957,M45-49,Male,London,SRY,United Kingdom,GB,1:07:45,5:24:24,5:46:51,0:06:50,0:03:58,12:29:48,4065,19464,20811,410,238,44988,1882,1599,109,510,447,35,849,788,46,1882,1599,109,Finisher,2353
Love,Åberg,Love Åberg,1955,M18-24,Male,Kalmar,SE-H,Sweden,SE,1:08:54,6:23:21,4:44:19,0:06:53,0:06:24,12:29:51,4134,23001,17059,413,384,44991,1883,1600,243,610,530,74,1834,1581,235,1883,1600,243,Finisher,1834
Chris,Town,Chris Town,228,M35-39,Male,London,GB-ENG,United Kingdom,GB,1:29:06,5:25:39,5:18:04,0:11:33,0:05:37,12:29:57,5346,19539,19084,693,337,44997,1884,1601,192,2164,1780,197,1320,1180,135,1884,1601,192,Finisher,2083
Christian,Skjoldager,Christian Skjoldager,1412,M55-59,Male,Allerød,DK-84,Denmark,DK,1:25:47,6:17:21,4:30:55,0:09:13,0:06:42,12:29:57,5147,22641,16255,553,402,44997,1885,1602,58,1975,1633,71,1990,1698,70,1885,1602,58,Finisher,2638
Mike,Chadwick,Mike Chadwick,1434,M35-39,Male,Liverpool,GB-GB-England,United Kingdom,GB,1:40:14,6:27:02,4:07:40,0:08:59,0:06:15,12:30:09,6014,23222,14860,539,375,45009,1886,1603,193,2403,1955,217,2224,1868,209,1886,1603,193,Finisher,2080
Martin,Lauridsen,Martin Lauridsen,2777,M25-29,Male,Holstebro,Central Jutland,Denmark,DK,1:23:47,6:01:05,4:51:57,0:07:55,0:05:38,12:30:22,5027,21665,17517,475,338,45022,1887,1604,439,1852,1533,416,1753,1517,426,1887,1604,439,Finisher,1956
Guillaume,MADRE,Guillaume MADRE,1923,M25-29,Male,Suresnes,Île-de-France,France,FR,1:16:25,6:18:33,4:43:06,0:07:53,0:04:49,12:30:46,4585,22713,16986,473,289,45046,1888,1605,440,1286,1080,305,1882,1616,441,1888,1605,440,Finisher,1952
Dennis,jensen,Dennis jensen,1017,M40-44,Male,Brøndby,Sjælland,Denmark,DK,1:35:50,6:14:00,4:27:36,0:08:38,0:05:04,12:31:08,5750,22440,16056,518,304,45068,1889,1606,148,2351,1922,182,2066,1757,162,1889,1606,148,Finisher,1864
Tobias,Slotsgaard,Tobias Slotsgaard,2734,M30-34,Male,Odense,Fyn,Denmark,DK,1:30:20,6:17:45,4:22:20,0:11:17,0:09:58,12:31:39,5420,22665,15740,677,598,45099,1890,1607,280,2214,1818,303,2075,1763,295,1890,1607,280,Finisher,1907
Marcus,Liffner,Marcus Liffner,754,M30-34,Male,Aneby,JONKOPINGS LAN [SE-06],Sweden,SE,1:07:53,5:35:41,5:34:19,0:07:48,0:06:17,12:31:58,4073,20141,20059,468,377,45118,1891,1608,281,522,457,98,1074,979,183,1891,1608,281,Finisher,1903
Oscar,Colding,Oscar Colding,461,M25-29,Male,København NV,DK-84,Denmark,DK,1:27:36,6:06:51,4:43:34,0:08:14,0:05:51,12:32:06,5256,22011,17014,494,351,45126,1892,1609,441,2091,1720,457,1880,1614,440,1892,1609,441,Finisher,1936
Laura,Mcgaffin,Laura Mcgaffin,1876,F30-34,Female,London,LAN,United Kingdom,GB,1:04:52,6:46:02,4:27:49,0:07:30,0:05:53,12:32:07,3892,24362,16069,450,353,45127,1893,284,64,321,36,9,2065,309,67,1893,284,64,Finisher,2583
James,Maude,James Maude,1460,M40-44,Male,Todmorden,England,United Kingdom,GB,1:19:22,6:42:10,4:16:51,0:07:31,0:06:19,12:32:13,4762,24130,15411,451,379,45133,1894,1610,149,1544,1289,106,2169,1828,168,1894,1610,149,Finisher,1851
Bent,Rasmussen,Bent Rasmussen,1065,M55-59,Male,"
Karlslunde",,Denmark,DK,1:13:56,5:32:10,5:33:57,0:07:26,0:04:44,12:32:13,4436,19930,20037,446,284,45133,1895,1611,59,1083,920,35,1120,1018,40,1895,1611,59,Finisher,2611
Bjørnar,Strendo,Bjørnar Strendo,1503,M45-49,Male,Ål,BUSKERUD,Norway,NO,1:20:40,6:06:30,4:56:03,0:05:36,0:03:50,12:32:39,4840,21990,17763,336,230,45159,1896,1612,110,1625,1355,88,1752,1516,103,1896,1612,110,Finisher,2319
Maria,Asmussen,Maria Asmussen,1291,F18-24,Female,København K,DK-84,Denmark,DK,1:12:24,5:29:48,5:40:58,0:06:17,0:03:13,12:32:41,4344,19788,20458,377,193,45161,1897,285,29,931,136,16,1025,89,9,1897,285,29,Finisher,2771
Harry,Oliphant,Harry Oliphant,198,M25-29,Male,Youghal,CO,Ireland,IE,1:27:31,5:56:47,4:53:41,0:08:16,0:06:30,12:32:45,5251,21407,17621,496,390,45165,1898,1613,442,2084,1715,454,1747,1512,424,1898,1613,442,Finisher,1928
M,Walker,M Walker,1235,M50-54,Male,Valby,,Denmark,DK,1:24:22,6:05:06,4:33:30,0:20:07,0:09:48,12:32:53,5062,21906,16410,1207,588,45173,1899,1614,110,1891,1567,120,1954,1671,126,1899,1614,110,Finisher,2428
Peter,Mørch,Peter Mørch,2204,M50-54,Male,København S,DK-84,Denmark,DK,1:41:14,6:06:17,4:21:58,0:12:47,0:10:39,12:32:56,6074,21977,15718,767,639,45176,1900,1615,111,2416,1965,157,2087,1773,138,1900,1615,111,Finisher,2427
Sanne,Won Nielsen,Sanne Won Nielsen,2202,F45-49,Female,Kolding,Southern Jutland,Denmark,DK,1:17:29,5:56:45,5:09:16,0:05:21,0:04:17,12:33:07,4649,21405,18556,321,257,45187,1901,286,14,1378,226,13,1549,190,9,1901,286,14,Finisher,2970
Henrik,Larsen,Henrik Larsen,339,M55-59,Male,Ballerup,DK-84,Denmark,DK,1:28:23,6:23:44,4:27:06,0:08:46,0:05:10,12:33:09,5303,23024,16026,526,310,45189,1902,1616,60,2128,1753,82,2091,1776,77,1902,1616,60,Finisher,2600
Ivan,Horsfall-Turner,Ivan Horsfall-Turner,1608,M55-59,Male,Uckfield,GB-ESX,United Kingdom,GB,1:15:50,5:57:32,5:02:29,0:08:12,0:09:07,12:33:10,4550,21452,18149,492,547,45190,1903,1617,61,1234,1035,42,1579,1379,55,1903,1617,61,Finisher,2599
Magnus,Sandberg,Magnus Sandberg,2691,M18-24,Male,Risskov,DK-82,Denmark,DK,1:22:31,5:39:11,5:22:47,0:05:41,0:03:07,12:33:19,4951,20351,19367,341,187,45199,1904,1618,244,1768,1470,224,1345,1201,179,1904,1618,244,Finisher,1792
Mikkel,Rytter,Mikkel Rytter,2138,M30-34,Male,København S,Copenhagen,Denmark,DK,1:23:44,6:09:18,4:42:34,0:10:55,0:07:12,12:33:44,5024,22158,16954,655,432,45224,1905,1619,282,1849,1530,257,1891,1624,271,1905,1619,282,Finisher,1882
Florian,RIGAUD,Florian RIGAUD,1803,M25-29,Male,PAU,PYRENEES-ATLANTIQUES,France,FR,1:15:35,6:08:39,4:53:00,0:10:39,0:05:51,12:33:44,4535,22119,17580,639,351,45224,1906,1620,443,1212,1018,286,1779,1541,430,1906,1620,443,Finisher,1916
Esmir,Ibricic,Esmir Ibricic,720,M40-44,Male,Kolding,Southern Jutland,Denmark,DK,1:48:33,6:09:23,4:23:15,0:08:16,0:04:47,12:34:14,6513,22163,15795,496,287,45254,1907,1621,150,2470,2005,190,2148,1812,166,1907,1621,150,Finisher,1827
Jack,Roberts,Jack Roberts,2540,M30-34,Male,Formby,Liverpool,United Kingdom,GB,1:24:56,6:35:34,4:20:11,0:08:43,0:04:56,12:34:19,5096,23734,15611,523,296,45259,1908,1622,283,1925,1595,266,2170,1829,301,1908,1622,283,Finisher,1875
Celina,Vigh,Celina Vigh,2432,F18-24,Female,Skanderborg,MIDTJYLLAND,Denmark,DK,1:26:38,6:02:00,4:51:30,0:07:38,0:06:38,12:34:23,5198,21720,17490,458,398,45263,1909,287,30,2031,358,36,1790,243,27,1909,287,30,Finisher,2751
Matthew,Dawes,Matthew Dawes,149,M50-54,Male,Bristol,Bristol,United Kingdom,GB,1:15:36,6:02:46,4:58:49,0:10:06,0:07:25,12:34:42,4536,21766,17929,606,445,45282,1910,1623,112,1214,1019,68,1693,1473,101,1910,1623,112,Finisher,2406
Thomas,Smith,Thomas Smith,719,M18-24,Male,West Bergholt,England,United Kingdom,GB,1:16:58,6:28:48,4:33:05,0:08:46,0:07:13,12:34:51,4618,23328,16385,526,433,45291,1911,1624,245,1330,1112,162,2024,1726,254,1911,1624,245,Finisher,1774
Theis,Hemming Lihme,Theis Hemming Lihme,857,M60-64,Male,Vanløse,Region Hovedstaden,Denmark,DK,1:12:46,5:55:13,5:12:19,0:09:19,0:05:21,12:34:57,4366,21313,18739,559,321,45297,1912,1625,23,965,826,13,1516,1332,16,1912,1625,23,Finisher,3198
Mads,Vestergaard Holsøe,Mads Vestergaard Holsøe,342,M55-59,Male,København Ø,DK-84,Denmark,DK,1:19:38,6:00:49,4:55:55,0:11:48,0:06:50,12:35:00,4778,21649,17755,708,410,45300,1913,1626,62,1566,1307,54,1743,1508,60,1913,1626,62,Finisher,2577
David,Martins,David Martins,1226,M25-29,Male,Gentofte,SJÆLLAND,Portugal,PT,1:26:25,6:18:40,4:41:21,0:05:26,0:03:24,12:35:16,5185,22720,16881,326,204,45316,1914,1627,444,2011,1657,445,1966,1681,451,1914,1627,444,Finisher,1898
Ida,Ankerfelt,Ida Ankerfelt,1002,F30-34,Female,København,Copenhagen,Denmark,DK,1:20:30,6:17:36,4:43:53,0:08:37,0:04:40,12:35:17,4830,22656,17033,517,280,45317,1915,288,65,1614,269,56,1926,278,59,1915,288,65,Finisher,2545
Dan,Vaughan,Dan Vaughan,1809,M30-34,Male,Southam,GB-WAR,United Kingdom,GB,1:28:02,6:14:24,4:35:30,0:10:07,0:07:27,12:35:30,5282,22464,16530,607,447,45330,1916,1628,284,2110,1737,289,1993,1700,284,1916,1628,284,Finisher,1860
Jesper,Sørensen,Jesper Sørensen,459,M50-54,Male,København SV,DK-HOVEDSTADEN,Denmark,DK,1:16:14,5:49:45,5:18:08,0:06:59,0:04:28,12:35:33,4574,20985,19088,419,268,45333,1917,1629,113,1268,1065,75,1434,1272,83,1917,1629,113,Finisher,2396
Ashley,Pang,Ashley Pang,2147,M35-39,Male,London,GB-ENG,United Kingdom,GB,1:28:37,6:00:21,4:53:19,0:10:22,0:02:56,12:35:35,5317,21621,17599,622,176,45335,1918,1630,194,2141,1763,194,1837,1583,186,1918,1630,194,Finisher,2015
Sameer,Ziaee,Sameer Ziaee,601,M25-29,Male,Brooklyn,NY,Australia,AU,1:16:45,5:56:00,5:07:42,0:08:49,0:06:28,12:35:43,4605,21360,18462,529,388,45343,1919,1631,445,1312,1098,311,1578,1378,393,1919,1631,445,Finisher,1892
Matt,Tyrer,Matt Tyrer,1606,M40-44,Male,Isle of Man,GB-UKM,United Kingdom,GB,1:21:10,6:27:19,4:31:42,0:08:08,0:07:31,12:35:49,4870,23239,16302,488,451,45349,1920,1632,151,1675,1399,124,2049,1742,161,1920,1632,151,Finisher,1808
Jolyon,Brooks,Jolyon Brooks,259,M35-39,Male,Horsham,GB-ESS,United Kingdom,GB,1:20:40,6:46:50,4:13:02,0:10:04,0:05:18,12:35:53,4840,24410,15182,604,318,45353,1921,1633,195,1624,1354,146,2232,1874,210,1921,1633,195,Finisher,2011
Per,Westrin,Per Westrin,890,M45-49,Male,Vipperød,SJÆLLAND,Denmark,DK,1:13:04,5:52:04,5:19:15,0:07:25,0:04:19,12:36:07,4384,21124,19155,445,259,45367,1922,1634,111,1000,855,59,1428,1266,86,1922,1634,111,Finisher,2277
James,Spencer,James Spencer,2377,M45-49,Male,Wixams,BDF,United Kingdom,GB,1:29:13,6:21:30,4:27:46,0:08:58,0:08:55,12:36:22,5353,22890,16066,538,535,45382,1923,1635,112,2170,1784,122,2081,1767,129,1923,1635,112,Finisher,2274
Therese ,Ennemark,Therese Ennemark,2697,F30-34,Female,København,,Denmark,DK,1:16:54,6:12:40,4:53:21,0:07:49,0:05:58,12:36:42,4614,22360,17601,469,358,45402,1924,289,66,1327,217,48,1809,251,53,1924,289,66,Finisher,2528
Aleksandar,Drejer Petersen,Aleksandar Drejer Petersen,2413,M25-29,Male,Kgs. Lyngby,DK-84,Denmark,DK,1:21:19,6:34:05,4:31:34,0:05:56,0:04:00,12:36:54,4879,23645,16294,356,240,45414,1925,1636,446,1687,1408,393,2099,1780,467,1925,1636,446,Finisher,1878
Victor,Friis,Victor Friis,2590,M25-29,Male,København Ø,Copenhagen,Denmark,DK,1:20:53,6:25:58,4:33:37,0:09:00,0:07:37,12:37:06,4853,23158,16417,540,457,45426,1926,1637,447,1653,1380,385,2040,1738,458,1926,1637,447,Finisher,1876
Andrew,Paton,Andrew Paton,2171,M55-59,Male,Halesowen,WMD,United Kingdom,GB,1:08:36,5:58:30,5:10:42,0:09:45,0:09:39,12:37:14,4116,21510,18642,585,579,45434,1927,1638,63,582,510,18,1508,1325,53,1927,1638,63,Finisher,2551
Alex,Cox,Alex Cox,2361,M35-39,Male,Edinburgh,GB-MLN,United Kingdom,GB,1:16:51,6:38:49,4:26:10,0:09:20,0:06:20,12:37:29,4611,23929,15970,560,380,45449,1928,1639,196,1322,1107,119,2134,1799,203,1928,1639,196,Finisher,1992
Jonas,Herrill Nielsen,Jonas Herrill Nielsen,1223,M18-24,Male,Glostrup,Copenhagen,Denmark,DK,1:20:52,6:06:08,4:53:38,0:09:24,0:07:38,12:37:40,4852,21968,17618,564,458,45460,1929,1640,246,1649,1376,213,1794,1550,230,1929,1640,246,Finisher,1740
Benjamin,Skovhøj,Benjamin Skovhøj,1305,M25-29,Male,København,DK-84,Denmark,DK,1:13:30,5:51:24,5:19:51,0:08:47,0:04:20,12:37:53,4410,21084,19191,527,260,45473,1930,1641,448,1032,875,245,1442,1277,369,1930,1641,448,Finisher,1866
Julie,Schlæger,Julie Schlæger,456,F25-29,Female,København,HOVEDSTADEN,Denmark,DK,1:33:36,6:20:17,4:34:57,0:05:26,0:04:14,12:38:30,5616,22817,16497,326,254,45510,1931,290,108,2318,421,131,2074,312,117,1931,290,108,Finisher,2458
Richard,Cawley,Richard Cawley,510,M50-54,Male,Hereford,Herefordshire,United Kingdom,GB,1:19:14,5:51:28,5:13:08,0:09:30,0:05:12,12:38:32,4754,21088,18788,570,312,45512,1932,1642,114,1532,1280,93,1556,1363,93,1932,1642,114,Finisher,2360
Garin,Edwards,Garin Edwards,1071,M25-29,Male,Llangunnor,CARMARTHENSHIRE [SIR GAERFYRDDIN GB-GFY],United Kingdom,GB,1:20:40,6:21:44,4:37:38,0:11:34,0:06:57,12:38:32,4840,22904,16658,694,417,45512,1933,1643,449,1627,1357,378,2015,1718,455,1933,1643,449,Finisher,1858
Arvid,Qvarnström,Arvid Qvarnström,1830,M18-24,,Forsbacka,Gävleborg,Sweden,SE,1:16:59,6:16:23,4:55:23,0:05:36,0:04:37,12:38:58,4619,22583,17723,336,277,45538,1934,1644,247,1331,1113,163,1833,1580,234,1934,1644,247,Finisher,1725
Onno,Cijffers,Onno Cijffers,661,M60-64,Male,WAGENINGEN,NL-GE,Netherlands,NL,1:23:30,6:00:13,5:01:12,0:09:29,0:04:53,12:39:17,5010,21613,18072,569,293,45557,1935,1645,24,1835,1521,34,1760,1524,24,1935,1645,24,Finisher,3146
Vikltor,Zøllner,Vikltor Zøllner,1331,M25-29,Male,København,Copenhagen,Denmark,DK,1:12:29,6:11:14,5:02:40,0:09:21,0:04:08,12:39:51,4349,22274,18160,561,248,45591,1936,1646,450,944,808,227,1759,1523,427,1936,1646,450,Finisher,1843
William,Jensen ,William Jensen,2518,M25-29,Male,Aalborg ,Nordjylland ,Denmark,DK,1:30:19,5:37:25,5:17:41,0:08:25,0:06:02,12:39:53,5419,20245,19061,505,362,45593,1937,1647,451,2213,1817,469,1491,1312,384,1937,1647,451,Finisher,1842
Lianne ,Hunter,Lianne Hunter,1401,F35-39,Female,Norwich ,NORFOLK,United Kingdom,GB,1:26:03,6:12:22,4:49:24,0:06:45,0:05:27,12:40:01,5163,22342,17364,405,327,45601,1938,291,36,1989,347,40,1909,273,35,1938,291,36,Finisher,2417
Albert,Højstrøm,Albert Højstrøm,1979,M18-24,Male,Ålsgårde,Nordsjælland,Denmark,DK,1:30:15,6:14:08,4:43:53,0:07:28,0:04:29,12:40:13,5415,22448,17033,448,269,45613,1939,1648,248,2209,1814,262,1983,1693,250,1939,1648,248,Finisher,1710
Connor,Hopkins,Connor Hopkins,681,M25-29,Male,Allambie Heights,NSW,Australia,AU,1:02:07,6:17:07,5:07:55,0:08:19,0:04:55,12:40:24,3727,22627,18475,499,295,45624,1940,1649,452,203,180,54,1674,1457,415,1940,1649,452,Finisher,1836
Emilie Elly,Lennø,Emilie Elly Lennø,735,F25-29,Female,Tune,HOVEDSTADEN,Denmark,DK,1:15:11,5:47:12,5:30:05,0:04:39,0:03:20,12:40:27,4511,20832,19805,279,200,45627,1941,292,109,1186,187,71,1336,142,57,1941,292,109,Finisher,2435
Pedro,Quaresma,Pedro Quaresma,887,M60-64,Male,Santo Antão do Tojal,Lisboa,Portugal,PT,1:11:39,6:17:07,4:58:54,0:08:22,0:04:37,12:40:39,4299,22627,17934,502,277,45639,1942,1650,25,864,741,10,1806,1557,26,1942,1650,25,Finisher,3130
Niels,Brynnum,Niels Brynnum,1717,M55-59,Male,Copenhagen,,Denmark,DK,1:33:23,6:04:36,4:45:37,0:11:04,0:06:02,12:40:42,5603,21876,17137,664,362,45642,1943,1651,64,2315,1896,89,1953,1670,68,1943,1651,64,Finisher,2509
Peter,Klünder,Peter Klünder,2105,M50-54,Male,Nørager,,Denmark,DK,1:14:42,5:54:42,5:18:22,0:07:40,0:05:17,12:40:43,4482,21282,19102,460,317,45643,1944,1652,115,1144,967,66,1512,1328,90,1944,1652,115,Finisher,2334
Jörg,Zech,Jörg Zech,1795,M60-64,Male,Mainz,DE-RP,Germany,DE,1:03:36,5:32:11,5:51:23,0:07:27,0:06:11,12:40:49,3816,19931,21083,447,371,45649,1945,1653,26,260,230,2,937,866,7,1945,1653,26,Finisher,3128
Jacob,Øvernes,Jacob Øvernes,2330,M25-29,Male,Stavanger,Rogaland,Norway,NO,1:25:50,6:14:15,4:45:54,0:10:07,0:04:44,12:40:51,5150,22455,17154,607,284,45651,1946,1654,453,1978,1636,440,1963,1678,450,1946,1654,453,Finisher,1831
Mihai Alexandru Constantin,Logofatu,Mihai Alexandru Constantin Logofatu,1976,M40-44,Male,Bucuresti,BUCURESTI,Romania,RO,1:24:55,6:36:06,4:17:02,0:14:52,0:08:07,12:41:02,5095,23766,15422,892,487,45662,1947,1655,152,1923,1593,150,2221,1866,175,1947,1655,152,Finisher,1745
Mikkel,Gerhardt-Pedersen,Mikkel Gerhardt-Pedersen,2264,M40-44,Male,Kastrup,HOVEDSTADEN,Denmark,DK,1:33:13,6:39:32,4:12:31,0:12:11,0:03:57,12:41:23,5593,23972,15151,731,237,45683,1948,1656,153,2310,1891,179,2289,1911,181,1948,1656,153,Finisher,1741
Vibeke,Haaning,Vibeke Haaning,2278,F60-64,Female,Hjørring,DK-81,Denmark,DK,1:28:13,6:03:35,4:58:09,0:06:44,0:04:51,12:41:32,5293,21815,17889,404,291,45692,1949,293,2,2120,375,4,1827,253,2,1949,293,2,Finisher,4534
Christopher,Noon,Christopher Noon,2172,M40-44,Male,Halesowen,GB-DUD,United Kingdom,GB,1:18:28,6:11:04,4:56:07,0:08:38,0:07:38,12:41:56,4708,22264,17767,518,458,45716,1950,1657,154,1460,1220,103,1820,1569,145,1950,1657,154,Finisher,1735
Hermann,ECKHARDT,Hermann ECKHARDT,954,M30-34,Male,Stuttgart,DE-BW,Germany,DE,1:26:52,5:57:29,4:56:57,0:13:06,0:07:40,12:42:04,5212,21449,17817,786,460,45724,1951,1658,285,2046,1684,281,1811,1560,263,1951,1658,285,Finisher,1782
Helene Grand,Moestrup,Helene Grand Moestrup,2582,F18-24,Female,Hadsten,Midtjylland ,Denmark,DK,1:25:21,6:30:21,4:36:44,0:06:20,0:03:43,12:42:29,5121,23421,16604,380,223,45749,1952,294,31,1954,336,32,2110,324,35,1952,294,31,Finisher,2654
Peter-Roman,Persch,Peter-Roman Persch,82,M55-59,Male,Kleinmachnow,BB,Germany,DE,1:26:04,6:01:30,5:03:35,0:06:23,0:05:14,12:42:46,5164,21690,18215,383,314,45766,1953,1659,65,1992,1645,72,1767,1529,61,1953,1659,65,Finisher,2484
Silja,Vestergaard,Silja Vestergaard,991,F25-29,Female,Herning,Central Jutland,Denmark,DK,1:23:56,6:08:00,4:58:56,0:06:35,0:05:28,12:42:56,5036,22080,17936,395,328,45776,1954,295,110,1865,321,115,1826,252,91,1954,295,110,Finisher,2405
Hanna,Kovacevic,Hanna Kovacevic,1781,F25-29,Female,Lund,SE-M,Sweden,SE,1:07:21,6:31:53,4:50:06,0:07:10,0:06:48,12:43:18,4041,23513,17406,430,408,45798,1955,296,111,470,60,22,1923,276,103,1955,296,111,Finisher,2401
Anne,Moe,Anne Moe,2028,F30-34,Female,Glostrup ,København ,Denmark,DK,1:22:30,6:15:54,4:45:06,0:14:42,0:05:13,12:43:25,4950,22554,17106,882,313,45805,1956,297,67,1766,298,64,2001,297,64,1956,297,67,Finisher,2447
Holly,Sneddon,Holly Sneddon,1973,F30-34,Female,London,GB-ENG,United Kingdom,GB,1:26:41,6:25:36,4:34:03,0:09:00,0:08:27,12:43:47,5201,23136,16443,540,507,45827,1957,298,68,2034,360,77,2098,319,69,1957,298,68,Finisher,2443
Wojtek,Drewczynski,Wojtek Drewczynski,213,M45-49,Male,Chojnice,PL-PM,Poland,PL,1:27:30,6:05:13,5:00:19,0:06:59,0:03:53,12:43:54,5250,21913,18019,419,233,45834,1958,1660,113,2082,1713,116,1847,1589,110,1958,1660,113,Finisher,2184
Stuart,Forgione,Stuart Forgione,1086,M40-44,Male,Chelmsford,ESS,United Kingdom,GB,1:09:38,6:00:49,5:16:02,0:09:33,0:08:18,12:44:19,4178,21649,18962,573,498,45859,1959,1661,155,669,577,53,1552,1361,112,1959,1661,155,Finisher,1706
Janne Ekstrøm,Larsen,Janne Ekstrøm Larsen,1108,F55-59,Female,Solrød Strand,DK-85,Denmark,DK,1:13:17,6:01:12,5:18:31,0:06:31,0:05:04,12:44:34,4397,21672,19111,391,304,45874,1960,299,9,1016,151,3,1572,197,4,1960,299,9,Finisher,4185
Oliver,Lamberth,Oliver Lamberth,2511,M18-24,Male,Glumsø,Zealand,Denmark,DK,1:15:42,6:38:23,4:39:19,0:07:35,0:03:50,12:44:49,4542,23903,16759,455,230,45889,1961,1662,249,1224,1029,151,2104,1783,261,1961,1662,249,Finisher,1654
Morten,Striboldt,Morten Striboldt,724,M45-49,Male,Brønshøj,Copenhagen,Denmark,DK,1:47:04,5:45:05,4:53:16,0:15:19,0:04:07,12:44:50,6424,20705,17596,919,247,45890,1962,1663,114,2461,1996,161,1933,1654,117,1962,1663,114,Finisher,2172
Gregory,Lavalle,Gregory Lavalle,331,M45-49,Male,LIMHAMN,SKANE LAN [SE-12],France,FR,1:12:10,6:04:40,5:18:17,0:06:23,0:03:23,12:44:54,4330,21880,19097,383,203,45894,1963,1664,115,908,776,54,1604,1401,94,1963,1664,115,Finisher,2172
Henrik,Carlson,Henrik Carlson,772,M45-49,Male,Slagelse,DK-85,Denmark,DK,1:22:04,5:57:30,5:11:31,0:08:10,0:05:45,12:45:00,4924,21450,18691,490,345,45900,1964,1665,116,1735,1444,94,1677,1460,97,1964,1665,116,Finisher,2170
David,Sys,David Sys,567,M25-29,Male,Brugge,,Belgium,BE,1:26:43,6:45:55,4:12:00,0:13:25,0:07:40,12:45:44,5203,24355,15120,805,460,45944,1965,1666,454,2037,1676,449,2294,1914,485,1965,1666,454,Finisher,1772
Anne,Eschen,Anne Eschen,2503,F25-29,Female,Holstebro,Central Jutland,Denmark,DK,1:25:51,6:28:42,4:39:50,0:06:06,0:05:18,12:45:48,5151,23322,16790,366,318,45948,1966,300,112,1979,343,120,2089,315,118,1966,300,112,Finisher,2371
Simon Richardt,Pedersen,Simon Richardt Pedersen,823,M35-39,Male,Søborg,DK-84,Denmark,DK,1:23:45,6:05:43,4:58:26,0:08:39,0:09:31,12:46:03,5025,21943,17906,519,571,45963,1967,1667,197,1851,1532,168,1819,1568,184,1967,1667,197,Finisher,1889
Philippa,Griffin,Philippa Griffin,1165,F50-54,Female,Bushey,HRT,United Kingdom,GB,1:09:07,6:19:34,5:04:08,0:07:42,0:05:37,12:46:08,4147,22774,18248,462,337,45968,1968,301,13,627,82,2,1793,244,11,1968,301,13,Finisher,2644
Frederik Faarvang,Nielsen,Frederik Faarvang Nielsen,2680,M30-34,Male,Viborg,MIDTJYLLAND,Denmark,DK,1:25:24,5:45:45,5:11:58,0:15:37,0:07:30,12:46:13,5124,20745,18718,937,450,45973,1969,1668,286,1958,1621,271,1664,1450,250,1969,1668,286,Finisher,1732
Paul,Stonuary,Paul Stonuary,1455,M50-54,Male,Cheltenham,Gloucestershire,United Kingdom,GB,1:28:28,6:10:29,4:51:28,0:10:04,0:05:56,12:46:25,5308,22229,17488,604,356,45985,1970,1669,116,2132,1756,138,1952,1669,125,1970,1669,116,Finisher,2265
Tobias Fisch ,Albrechtsen ,Tobias Fisch Albrechtsen,2067,M25-29,Male,Stenløse,Nordsjælland,Denmark,DK,2:05:37,5:58:22,4:26:14,0:09:43,0:06:31,12:46:27,7537,21502,15974,583,391,45987,1971,1670,455,2501,2030,497,2202,1853,478,1971,1670,455,Finisher,1763
Fraser,Douglas,Fraser Douglas,1393,M30-34,Male,Liverpool,GB-LIV,United Kingdom,GB,1:25:14,6:07:15,5:02:56,0:07:22,0:03:44,12:46:31,5114,22035,18176,442,224,45991,1972,1671,287,1947,1612,270,1850,1591,267,1972,1671,287,Finisher,1728
Emma,Skattum,Emma Skattum,2320,F25-29,Female,Drammen,Buskerud,Norway,NO,1:15:49,6:33:13,4:47:11,0:07:05,0:03:18,12:46:36,4549,23593,17231,425,198,45996,1973,302,113,1233,199,75,2044,303,115,1973,302,113,Finisher,2361
Mohammed,Elbadry,Mohammed Elbadry,1817,M25-29,Male,Sunnyvale,CA,United States,US,1:19:06,7:45:58,3:32:01,0:05:35,0:04:20,12:46:59,4746,27958,12721,335,260,46019,1974,1672,456,1517,1269,361,2476,2018,495,1974,1672,456,Finisher,1757
Chris,Napthine,Chris Napthine,811,M40-44,Male,Epping,State (optional),United Kingdom,GB,1:20:41,6:13:57,4:46:40,0:16:04,0:09:45,12:47:07,4841,22437,17200,964,585,46027,1975,1673,156,1629,1359,120,1970,1684,152,1975,1673,156,Finisher,1672
Martin Saaby,Kjær,Martin Saaby Kjær,962,M50-54,Male,København,Copenhagen,Denmark,DK,1:29:38,6:32:06,4:28:38,0:10:34,0:06:27,12:47:22,5378,23526,16118,634,387,46042,1976,1674,117,2183,1794,144,2196,1847,148,1976,1674,117,Finisher,2254
Hannah,Puckl,Hannah Puckl,935,F25-29,Female,Bad Vöslau,,Austria,AT,1:19:36,6:23:40,4:49:46,0:08:28,0:06:09,12:47:40,4776,23020,17386,508,369,46060,1977,303,114,1563,258,94,1981,290,110,1977,303,114,Finisher,2348
Nicolaj,Bang,Nicolaj Bang,1433,M30-34,Male,Hvidovre,,Denmark,DK,1:20:59,6:26:29,4:48:34,0:07:25,0:04:18,12:47:45,4859,23189,17314,445,258,46065,1978,1675,288,1659,1385,238,2032,1733,292,1978,1675,288,Finisher,1713
Kristian,Jönsson,Kristian Jönsson,909,M50-54,Male,Malmö,SKANE LAN [SE-12],Sweden,SE,1:27:34,5:56:10,5:09:49,0:08:57,0:05:40,12:48:10,5254,21370,18589,537,340,46090,1979,1676,118,2089,1718,133,1749,1514,106,1979,1676,118,Finisher,2244
Henrik,Ådal Kantsø,Henrik Ådal Kantsø,1001,M40-44,Male,Gørlev,DK-85,Denmark,DK,1:29:45,5:56:12,5:06:42,0:09:18,0:06:22,12:48:20,5385,21372,18402,558,382,46100,1980,1677,157,2187,1797,166,1783,1544,141,1980,1677,157,Finisher,1658
Mathias,Rytter,Mathias Rytter,2424,M18-24,Male,Odense,Odense C,Denmark,DK,1:26:16,5:58:19,5:09:14,0:09:25,0:05:08,12:48:23,5176,21499,18554,565,308,46103,1981,1678,250,2004,1651,245,1768,1530,225,1981,1678,250,Finisher,1612
Riku,Gröhn,Riku Gröhn,572,M35-39,Male,Helsinki,Uusimaa,Finland,FI,1:25:20,6:17:40,4:45:50,0:11:28,0:08:08,12:48:27,5120,22660,17150,688,488,46107,1982,1679,198,1953,1618,181,2023,1725,199,1982,1679,198,Finisher,1861
Hannes,Fritsch,Hannes Fritsch,2003,M25-29,Male,Rostock,Mecklenburg-West Pomerania,Germany,DE,1:11:36,5:56:51,5:10:59,0:15:58,0:13:05,12:48:30,4296,21411,18659,958,785,46110,1983,1680,457,857,734,204,1626,1422,407,1983,1680,457,Finisher,1739
Louie,Uldall,Louie Uldall,784,M18-24,Male,Fredensborg,HOVEDSTADEN,Denmark,DK,0:59:00,6:18:49,5:13:25,0:08:44,0:08:37,12:48:35,3540,22729,18805,524,517,46115,1984,1681,251,105,92,13,1662,1449,217,1984,1681,251,Finisher,1609
Carsten,Sloth Agesen,Carsten Sloth Agesen,2065,M50-54,Male,Aalborg,DK-81,Denmark,DK,1:15:58,5:35:35,5:43:15,0:07:54,0:06:23,12:49:06,4558,20135,20595,474,383,46146,1985,1682,119,1241,1042,73,1215,1089,64,1985,1682,119,Finisher,2233
Rune,Stoltenberg Kristensen ,Rune Stoltenberg Kristensen,2048,M45-49,Male,Jægerspris,Nordsjælland,Denmark,DK,1:34:37,5:57:14,5:00:34,0:10:43,0:06:52,12:50:01,5677,21434,18034,643,412,46201,1986,1683,117,2338,1911,149,1876,1610,112,1986,1683,117,Finisher,2110
Trine,Nicolajsen,Trine Nicolajsen,1340,F30-34,Female,København,DK-84,Denmark,DK,1:28:02,6:33:19,4:37:20,0:06:15,0:05:13,12:50:08,5282,23599,16640,375,313,46208,1987,304,69,2109,373,79,2160,339,75,1987,304,69,Finisher,2366
Christian,Mayer,Christian Mayer,1507,M55-59,Male,München,BAYERN,Germany,DE,1:20:52,6:08:38,5:06:22,0:09:20,0:05:00,12:50:14,4852,22118,18382,560,300,46214,1988,1684,66,1650,1377,56,1830,1577,62,1988,1684,66,Finisher,2395
Stefan Schultz,Tiedemann,Stefan Schultz Tiedemann,1774,M35-39,Male,Hørning,Central Jutland,Denmark,DK,1:48:46,6:18:36,4:31:19,0:07:51,0:03:54,12:50:27,6526,22716,16279,471,234,46227,1989,1685,199,2471,2006,222,2212,1860,208,1989,1685,199,Finisher,1837
Louis,Grant,Louis Grant,299,M60-64,Male,Reigate,Surrey,United Kingdom,GB,1:35:26,5:42:48,5:17:40,0:08:46,0:05:48,12:50:29,5726,20568,19060,526,348,46229,1990,1686,27,2349,1920,50,1667,1451,21,1990,1686,27,Finisher,3012
Alex,Kies,Alex Kies,553,M45-49,Male,Erpeldange,Wolz,Luxembourg,LU,1:33:07,5:35:20,5:27:04,0:08:18,0:07:01,12:50:50,5587,20120,19624,498,421,46250,1991,1687,118,2309,1890,146,1503,1322,90,1991,1687,118,Finisher,2100
Gustav,Jordal,Gustav Jordal,2102,M40-44,Male,Svedala,Skåne,Sweden,SE,1:18:33,6:24:01,4:54:34,0:09:34,0:04:16,12:50:59,4713,23041,17674,574,256,46259,1992,1688,158,1466,1225,104,1986,1696,156,1992,1688,158,Finisher,1626
Frederik,Nebeling,Frederik Nebeling,925,M35-39,Male,Stenløse,DK-84,Denmark,DK,1:24:57,6:15:50,4:48:20,0:07:47,0:14:25,12:51:19,5097,22550,17300,467,865,46279,1993,1689,200,1929,1599,179,1946,1663,197,1993,1689,200,Finisher,1826
Eric,Süss,Eric Süss,2245,M25-29,Male,Stor-Malmö,Skåne Län,Germany,DE,1:25:33,6:24:11,4:49:22,0:07:59,0:04:17,12:51:22,5133,23051,17362,479,257,46282,1994,1690,458,1966,1627,438,2059,1751,461,1994,1690,458,Finisher,1704
Jono,Hill,Jono Hill,1475,M50-54,Male,"Asfordby, Melton Mowbray,",GB-LEC,United Kingdom,GB,1:18:22,6:05:20,5:14:56,0:07:22,0:05:23,12:51:23,4702,21920,18896,442,323,46283,1995,1691,120,1452,1212,86,1726,1496,103,1995,1691,120,Finisher,2206
Celina,Kolze,Celina Kolze,959,F18-24,Female,Herlufmagle,Zealand,Denmark,DK,1:30:25,6:26:23,4:40:21,0:07:45,0:06:31,12:51:24,5425,23183,16821,465,391,46284,1996,305,32,2219,398,44,2131,334,37,1996,305,32,Finisher,2547
Dean,Azzalini,Dean Azzalini,713,M40-44,Male,Ferntree Gully,AU-VIC,Italy,IT,1:09:55,6:07:57,5:18:54,0:08:23,0:06:31,12:51:40,4195,22077,19134,503,391,46300,1997,1692,159,699,604,55,1658,1446,127,1997,1692,159,Finisher,1618
Christian,Groth,Christian Groth,194,M40-44,Male,Bloomfield Hills,Michigan,United States,US,1:00:31,6:08:13,5:24:49,0:11:51,0:06:27,12:51:51,3631,22093,19489,711,387,46311,1998,1693,160,145,130,15,1565,1370,115,1998,1693,160,Finisher,1616
Miller,Vieira,Miller Vieira,627,M40-44,Male,Kongens Lyngby,DK-84,Brazil,BR,1:19:54,5:59:41,5:17:26,0:09:54,0:05:06,12:52:02,4794,21581,19046,594,306,46322,1999,1694,161,1578,1317,115,1705,1480,133,1999,1694,161,Finisher,1613
Mikkel,Kjærsgaard Mariager,Mikkel Kjærsgaard Mariager,1784,M18-24,Male,Aarhus V,Central Jutland,Denmark,DK,1:22:29,6:07:41,5:10:21,0:07:03,0:04:32,12:52:06,4949,22061,18621,423,272,46326,2000,1695,252,1763,1467,222,1808,1558,232,2000,1695,252,Finisher,1567
Laura,Mansa,Laura Mansa,511,F18-24,Female,Frederiksberg,,Denmark,DK,1:32:55,6:16:07,4:52:48,0:07:24,0:03:00,12:52:14,5575,22567,17568,444,180,46334,2001,306,33,2299,417,45,2048,307,31,2001,306,33,Finisher,2537
Kasper,Pind,Kasper Pind,1147,M25-29,Male,Valby ,HOVEDSTADEN,Denmark,DK,1:23:49,6:38:51,4:33:02,0:09:49,0:07:03,12:52:35,5029,23931,16382,589,423,46355,2002,1696,459,1858,1539,420,2198,1849,477,2002,1696,459,Finisher,1690
Edward,Fahy,Edward Fahy,620,M65-69,Male,Raheen,Limerick,Ireland,IE,1:43:41,6:05:41,4:50:02,0:08:39,0:04:54,12:52:57,6221,21941,17402,519,294,46377,2003,1697,6,2437,1981,14,2062,1754,8,2003,1697,6,Finisher,4009
Harvey,Dewar,Harvey Dewar,999,M25-29,Male,Epsom,SRY,United Kingdom,GB,1:10:34,6:17:09,5:15:37,0:04:46,0:04:58,12:53:03,4234,22629,18937,286,298,46383,2004,1698,460,752,645,181,1746,1511,423,2004,1698,460,Finisher,1684
Henrik,SVANHOLT,Henrik SVANHOLT,2531,M50-54,Male,Taastrup,DK-84,Denmark,DK,1:47:11,6:30:25,4:20:51,0:09:06,0:05:33,12:53:06,6431,23425,15651,546,333,46386,2005,1699,121,2462,1997,163,2300,1919,155,2005,1699,121,Finisher,2185
Federico,Poo Esteban,Federico Poo Esteban,1512,M30-34,Male,Álvaro Obregón,Ciudad de México,Mexico,MX,1:28:19,7:01:40,4:10:23,0:08:17,0:04:32,12:53:11,5299,25300,15023,497,272,46391,2006,1700,289,2127,1752,292,2375,1960,314,2006,1700,289,Finisher,1648
Anders,Iversen,Anders Iversen,1413,M50-54,Male,Søborg,Copenhagen,Denmark,DK,1:31:09,6:09:13,4:50:24,0:11:30,0:10:56,12:53:12,5469,22153,17424,690,656,46392,2007,1701,122,2241,1841,145,1984,1694,128,2007,1701,122,Finisher,2184
Martin,Škoviera,Martin Škoviera,1566,M45-49,Male,Očová,SK-BC,Slovakia,SK,1:16:54,5:44:49,5:32:39,0:10:55,0:08:05,12:53:22,4614,20689,19959,655,485,46402,2008,1702,119,1326,1110,76,1430,1268,87,2008,1702,119,Finisher,2070
Peter Charquero,Kestenholz,Peter Charquero Kestenholz,790,M45-49,Male,Brøndby,Copenhagen,Denmark,DK,1:25:50,6:06:38,5:05:00,0:10:09,0:05:45,12:53:23,5150,21998,18300,609,345,46403,2009,1703,120,1977,1635,106,1877,1611,113,2009,1703,120,Finisher,2070
Anders,Holm,Anders Holm,1908,M40-44,Male,Kongens Lyngby,DK-84,Denmark,DK,1:33:03,6:32:04,4:32:26,0:09:50,0:06:07,12:53:30,5583,23524,16346,590,367,46410,2010,1704,162,2305,1886,178,2209,1858,174,2010,1704,162,Finisher,1596
Silje,Kier,Silje Kier,685,F18-24,Female,København,DK-84,Denmark,DK,1:26:30,6:22:42,4:44:03,0:11:43,0:08:37,12:53:35,5190,22962,17043,703,517,46415,2011,307,34,2019,356,35,2092,316,32,2011,307,34,Finisher,2520
Magnus Damsted,Kristensen,Magnus Damsted Kristensen,1656,M18-24,Male,Aarhus,Central Jutland,Denmark,DK,1:12:18,6:56:00,4:33:08,0:08:07,0:04:09,12:53:42,4338,24960,16388,487,249,46422,2012,1705,253,923,789,114,2226,1870,273,2012,1705,253,Finisher,1548
René,Andreasen,René Andreasen,1914,M65-69,Male,Køge,DK-85,Denmark,DK,1:32:06,6:18:51,4:38:45,0:14:49,0:09:29,12:54:01,5526,22731,16725,889,569,46441,2013,1706,7,2272,1865,11,2144,1808,10,2013,1706,7,Finisher,3997
Frida,Kirkebjerg,Frida Kirkebjerg,564,F18-24,Female,Frederikssund,foreigner,Denmark,DK,1:21:53,6:38:49,4:35:43,0:09:07,0:08:41,12:54:12,4913,23929,16543,547,521,46452,2014,308,35,1723,290,29,2178,344,38,2014,308,35,Finisher,2513
Emma,Lang,Emma Lang,1007,F30-34,Female,Risskov,Central Jutland,Denmark,DK,1:24:26,6:31:09,4:44:42,0:09:03,0:04:55,12:54:16,5066,23469,17082,543,295,46456,2015,309,70,1896,325,70,2132,335,74,2015,309,70,Finisher,2317
Marianne,Ragus,Marianne Ragus,106,F45-49,Female,Odense,SYDDANMARK,Denmark,DK,1:25:39,6:18:08,4:56:05,0:07:42,0:06:42,12:54:17,5139,22688,17765,462,402,46457,2016,310,15,1968,340,25,1977,288,15,2016,310,15,Finisher,2716
Ulrikke,Lund Harboe ,Ulrikke Lund Harboe,2535,F25-29,Female,Odense,Fyn,Denmark,DK,1:39:53,5:58:22,5:06:30,0:05:51,0:03:47,12:54:22,5993,21502,18390,351,227,46462,2017,311,115,2398,447,137,1893,268,98,2017,311,115,Finisher,2268
Trisha,Wilen,Trisha Wilen,1462,F35-39,Female,Cheltenham ,England,United Kingdom,GB,1:20:30,6:29:44,4:54:51,0:06:05,0:03:12,12:54:22,4830,23384,17691,365,192,46462,2018,312,37,1613,268,33,2046,305,37,2018,312,37,Finisher,2245
Marcela,Czachnowska,Marcela Czachnowska,802,F25-29,Female,Frederiksberg,Hovedstaden,Poland,PL,1:26:13,6:50:47,4:23:51,0:07:16,0:06:17,12:54:24,5173,24647,15831,436,377,46464,2019,313,116,2002,352,122,2284,377,125,2019,313,116,Finisher,2267
Joel,Price,Joel Price,2788,M25-29,Male,London,England,United Kingdom,GB,1:36:29,6:46:09,4:20:09,0:08:49,0:02:55,12:54:32,5789,24369,15609,529,175,46472,2020,1707,461,2359,1927,485,2336,1936,487,2020,1707,461,Finisher,1666
Mathias Qvist,Petersen,Mathias Qvist Petersen,1091,M25-29,Male,København n,HOVEDSTADEN,Denmark,DK,1:26:11,6:05:25,5:03:44,0:13:03,0:06:12,12:54:35,5171,21925,18224,783,372,46475,2021,1708,462,1999,1649,443,1904,1633,444,2021,1708,462,Finisher,1666
Matt,Maynard ,Matt Maynard,2561,M30-34,Male,Leeds,West Yorkshire,United Kingdom,GB,1:26:45,6:43:28,4:30:21,0:09:37,0:04:27,12:54:38,5205,24208,16221,577,267,46478,2022,1709,290,2039,1678,279,2253,1889,306,2022,1709,290,Finisher,1631
Gary,Merrell,Gary Merrell,2315,M50-54,Male,Wimborne,England,United Kingdom,GB,1:18:35,6:18:25,4:51:04,0:16:10,0:10:30,12:54:43,4715,22705,17464,970,630,46483,2023,1710,123,1467,1226,88,2003,1706,129,2023,1710,123,Finisher,2166
Luca,Doria,Luca Doria,1116,M50-54,Male,Venezia,IT-VE,Italy,IT,1:17:59,6:05:40,5:13:17,0:11:05,0:07:11,12:55:12,4679,21940,18797,665,431,46512,2024,1711,124,1419,1184,84,1777,1539,109,2024,1711,124,Finisher,2160
Christos,Koniaris,Christos Koniaris,2135,M30-34,Male,Rhodes,,Greece,GR,1:14:51,6:33:29,4:53:35,0:06:15,0:07:07,12:55:17,4491,23609,17615,375,427,46517,2025,1712,291,1159,978,177,2026,1728,290,2025,1712,291,Finisher,1623
Andy,Hill,Andy Hill,2373,M45-49,Male,Ampthill,England,United Kingdom,GB,1:32:56,6:15:28,4:49:20,0:11:07,0:06:28,12:55:19,5576,22528,17360,667,388,46519,2026,1713,121,2300,1883,143,2077,1764,128,2026,1713,121,Finisher,2047
Noah Mathias,Wikmark,Noah Mathias Wikmark,1595,M18-24,Male,Sandefjord,VESTFOLD,Norway,NO,1:28:11,6:29:52,4:44:53,0:07:33,0:05:05,12:55:34,5291,23392,17093,453,305,46534,2027,1714,254,2118,1744,256,2139,1804,266,2027,1714,254,Finisher,1525
Bea,Blyth,Bea Blyth,1543,F30-34,Female,Norwich ,NORFOLK,United Kingdom,GB,1:23:10,6:30:00,4:48:10,0:08:45,0:05:43,12:55:48,4990,23400,17290,525,343,46548,2028,314,71,1815,311,67,2109,323,70,2028,314,71,Finisher,2298
Kerstin,Bornhofen,Kerstin Bornhofen,422,F50-54,Female,Koblenz,DE-RP,Germany,DE,1:11:13,6:37:03,4:53:10,0:07:34,0:06:50,12:55:51,4273,23823,17590,454,410,46551,2029,315,14,806,113,4,2039,302,15,2029,315,14,Finisher,2527
Daniel,O'Dor,Daniel O'Dor,1363,M35-39,Male,Züruch,Zürich,Hungary,HU,1:32:00,5:55:33,5:10:59,0:10:28,0:06:52,12:55:52,5520,21333,18659,628,412,46552,2030,1715,201,2268,1861,207,1818,1567,183,2030,1715,201,Finisher,1772
Casper,Rizzato,Casper Rizzato,1988,M18-24,Male,København s,,Denmark,DK,1:29:15,6:11:01,4:56:43,0:09:24,0:09:57,12:56:20,5355,22261,17803,564,597,46580,2031,1716,255,2171,1785,259,1958,1675,246,2031,1716,255,Finisher,1516
David,Pearmain,David Pearmain,1481,M40-44,Male,Stone,STS,United Kingdom,GB,1:22:14,6:37:35,4:34:34,0:12:59,0:09:00,12:56:21,4934,23855,16474,779,540,46581,2032,1717,163,1747,1453,136,2199,1850,172,2032,1717,163,Finisher,1562
Frederik Herforth,Sommer,Frederik Herforth Sommer,2775,M25-29,Male,København K,HOVEDSTADEN,Denmark,DK,1:54:56,5:44:21,4:47:02,0:20:32,0:09:33,12:56:24,6896,20661,17222,1232,573,46584,2033,1718,463,2488,2021,494,2084,1770,465,2033,1718,463,Finisher,1644
Isobel,Hughes,Isobel Hughes,1602,F25-29,Female,Swadlincote,DERBYSHIRE,United Kingdom,GB,1:15:48,6:25:57,4:58:40,0:09:05,0:07:23,12:56:53,4548,23157,17920,545,443,46613,2034,316,117,1230,198,74,1973,287,109,2034,316,117,Finisher,2238
Louise Vang,Nielsen,Louise Vang Nielsen,544,F18-24,Female,København S,DK-84,Denmark,DK,1:26:14,6:58:21,4:21:26,0:07:28,0:03:29,12:56:59,5174,25101,15686,448,209,46619,2035,317,36,2003,353,33,2343,402,43,2035,317,36,Finisher,2480
Lisbeth,Crafack,Lisbeth Crafack,1351,F65-69,Female,Hvidovre ,,Denmark,DK,1:23:20,5:59:41,5:20:07,0:07:37,0:06:22,12:57:07,5000,21581,19207,457,382,46627,2036,318,1,1823,313,2,1719,227,1,2036,318,1,Finisher,5000
Quentin,DENIS,Quentin DENIS,1885,M30-34,Male,Hannut,Région Wallonne,Belgium,BE,1:19:15,6:38:04,4:47:32,0:08:26,0:03:57,12:57:14,4755,23884,17252,506,237,46634,2037,1719,292,1534,1282,219,2142,1806,299,2037,1719,292,Finisher,1600
Raphael,Khoo,Raphael Khoo,688,M30-34,Male,London,GB-LND,Singapore,SG,1:26:21,6:53:49,4:19:54,0:11:24,0:05:59,12:57:28,5181,24829,15594,684,359,46648,2038,1720,293,2009,1655,275,2337,1937,310,2038,1720,293,Finisher,1597
Richard,Dela Cruz,Richard Dela Cruz,1751,M45-49,Male,City Of Malolos,PH-BUL,Philippines,PH,1:38:03,6:38:38,4:24:01,0:09:14,0:07:37,12:57:32,5883,23918,15841,554,457,46652,2039,1721,122,2378,1940,152,2293,1913,147,2039,1721,122,Finisher,2020
Eric,Tito Nielsen,Eric Tito Nielsen,1106,M35-39,Male,Valby,Copenhagen,Denmark,DK,1:33:28,6:37:02,4:20:58,0:16:38,0:09:39,12:57:46,5608,23822,15658,998,579,46666,2040,1722,202,2316,1897,209,2303,1921,216,2040,1722,202,Finisher,1749
Ulrik,Madsen,Ulrik Madsen,2396,M35-39,Male,Odense,Fyn,Denmark,DK,1:18:36,5:57:15,5:27:09,0:08:45,0:06:09,12:57:53,4716,21435,19629,525,369,46673,2041,1723,203,1471,1230,132,1631,1427,166,2041,1723,203,Finisher,1747
Josef,Zabiholla,Josef Zabiholla,690,M30-34,Male,Frederiksberg,HOVEDSTADEN,Denmark,DK,1:16:04,5:48:31,5:40:33,0:08:01,0:04:53,12:58:02,4564,20911,20433,481,293,46682,2042,1724,294,1252,1052,190,1429,1267,233,2042,1724,294,Finisher,1590
Sam,Warren,Sam Warren,1316,M18-24,Male,Dublin,DUBLIN,Ireland,IE,1:17:35,6:44:58,4:29:04,0:16:24,0:10:12,12:58:13,4655,24298,16144,984,612,46693,2043,1725,256,1389,1159,172,2245,1884,274,2043,1725,256,Finisher,1494
Milad,Safi,Milad Safi,2653,M25-29,Male,København,,Denmark,DK,1:43:30,5:58:05,5:03:59,0:07:26,0:05:13,12:58:13,6210,21485,18239,446,313,46693,2044,1726,464,2435,1979,491,1951,1668,449,2044,1726,464,Finisher,1622
Hannah,McCormick,Hannah McCormick,2724,F30-34,Female,Antrim,Northern Ireland,Ireland,IE,1:15:24,6:30:44,4:57:55,0:06:30,0:07:42,12:58:16,4524,23444,17875,390,462,46696,2045,319,72,1199,191,41,1996,295,63,2045,319,72,Finisher,2269
Dian,Petersen,Dian Petersen,667,M45-49,Male,Dragør,DK-84,Denmark,DK,1:54:06,6:06:23,4:41:57,0:09:10,0:06:54,12:58:30,6846,21983,16917,550,414,46710,2046,1727,123,2485,2018,165,2174,1833,133,2046,1727,123,Finisher,2008
Morten,Jensen,Morten Jensen,2795,M50-54,,Randers NV,Central Jutland,Denmark,DK,1:42:55,6:20:50,4:31:38,0:16:43,0:06:38,12:58:44,6175,22850,16298,1003,398,46724,2047,1728,125,2430,1974,159,2258,1893,153,2047,1728,125,Finisher,2118
Kim,Reader,Kim Reader,1509,F55-59,Female,Wymondham,England,United Kingdom,GB,1:08:40,6:46:25,4:47:14,0:10:35,0:06:11,12:59:05,4120,24385,17234,635,371,46745,2048,320,10,589,74,1,2140,336,12,2048,320,10,Finisher,4010
Anna,Sitar,Anna Sitar,2243,F25-29,Female,Los Angeles,CA,United States,US,1:08:54,7:08:47,4:27:51,0:09:47,0:04:26,12:59:46,4134,25727,16071,587,266,46786,2049,321,118,609,80,31,2307,385,127,2049,321,118,Finisher,2203
Hannah,Janes,Hannah Janes,1499,F30-34,Female,coleraine,GB,Ireland,IE,1:13:18,6:27:54,5:06:06,0:06:37,0:06:02,12:59:57,4398,23274,18366,397,362,46797,2050,322,73,1017,152,35,1937,283,60,2050,322,73,Finisher,2249
James,McMeechan,James McMeechan,2369,M50-54,Male,Falkirk,Stirlingshire,United Kingdom,GB,1:24:25,6:36:50,4:45:07,0:08:28,0:05:29,13:00:19,5065,23810,17107,508,329,46819,2051,1729,126,1894,1570,121,2177,1834,146,2051,1729,126,Finisher,2099
Rachel,Lewis,Rachel Lewis,1461,F30-34,Female,Cheltenham,Glos,United Kingdom,GB,1:30:54,6:37:49,4:31:33,0:14:23,0:05:42,13:00:21,5454,23869,16293,863,342,46821,2052,323,74,2234,399,85,2274,372,83,2052,323,74,Finisher,2244
Kasper,Lorenzen,Kasper Lorenzen,1211,M50-54,Male,"Fensmark
Holmegaard",,Denmark,DK,1:40:32,5:50:35,5:07:54,0:13:14,0:08:48,13:01:02,6032,21035,18474,794,528,46862,2053,1730,127,2410,1960,155,1899,1629,117,2053,1730,127,Finisher,2090
Jason,Cheetham,Jason Cheetham,199,M55-59,Male,Byley,England,United Kingdom,GB,1:09:52,6:32:18,4:54:18,0:16:50,0:07:54,13:01:12,4192,23538,17658,1010,474,46872,2054,1731,67,693,599,23,2068,1759,74,2054,1731,67,Finisher,2263
Miguel,Descalzo,Miguel Descalzo,1759,M30-34,Male,Madrid,,Spain,ES,1:19:26,7:05:57,4:21:50,0:08:04,0:06:01,13:01:19,4766,25557,15710,484,361,46879,2055,1732,295,1548,1293,222,2351,1947,313,2055,1732,295,Finisher,1551
Dean,Ramsden,Dean Ramsden,1335,M55-59,Male,Bolton,GB-BOL,United Kingdom,GB,1:26:27,6:19:15,5:02:16,0:08:28,0:05:53,13:02:19,5187,22755,18136,508,353,46939,2056,1733,68,2015,1660,73,2018,1720,72,2056,1733,68,Finisher,2250
Noah,Weiss,Noah Weiss,1284,M18-24,Male,Odense C,SYDDANMARK,Denmark,DK,1:37:26,6:58:06,4:12:03,0:09:12,0:05:36,13:02:23,5846,25086,15123,552,336,46943,2057,1734,257,2371,1935,280,2406,1976,282,2057,1734,257,Finisher,1444
Tobias,Ernst,Tobias Ernst,1484,M18-24,Male,Thisted,DK-81,Denmark,DK,1:30:49,6:20:07,5:00:44,0:07:34,0:03:25,13:02:38,5449,22807,18044,454,205,46958,2058,1735,258,2233,1835,267,2067,1758,255,2058,1735,258,Finisher,1441
Michelle,Jarsholm,Michelle Jarsholm,2039,F35-39,Female,København,København,Denmark,DK,1:42:06,6:27:06,4:42:09,0:06:32,0:04:53,13:02:46,6126,23226,16929,392,293,46966,2059,324,38,2426,455,48,2220,355,41,2059,324,38,Finisher,2144
Andreas Noer,Sejrskild,Andreas Noer Sejrskild,2752,M25-29,Male,Gentofte,,Denmark,DK,1:06:42,6:23:47,5:18:20,0:07:55,0:06:04,13:02:48,4002,23027,19100,475,364,46968,2060,1736,465,427,376,105,1822,1571,435,2060,1736,465,Finisher,1567
Steen,Tinning,Steen Tinning,428,M60-64,Male,Vedbæk,,Denmark,DK,1:41:06,6:08:34,5:01:48,0:07:15,0:04:17,13:03:01,6066,22114,18108,435,257,46981,2061,1737,28,2414,1963,54,2053,1746,37,2061,1737,28,Finisher,2861
James,Rogers Jones,James Rogers Jones,2767,M25-29,Male,Llangoed,Anglesey,United Kingdom,GB,1:18:52,6:37:21,4:55:21,0:07:22,0:04:38,13:03:35,4732,23841,17721,442,278,47015,2062,1738,466,1501,1258,357,2125,1795,470,2062,1738,466,Finisher,1558
Andre,Unland,Andre Unland,577,M50-54,Male,Hamburg,Hamburg,Germany,DE,1:22:44,6:20:18,5:04:36,0:10:35,0:06:03,13:04:17,4964,22818,18276,635,363,47057,2063,1739,128,1784,1480,113,2009,1712,131,2063,1739,128,Finisher,2051
Kim,Schultz,Kim Schultz,483,M50-54,Male,"
Helsingør",,Denmark,DK,1:17:13,6:26:38,5:00:45,0:12:58,0:06:47,13:04:21,4633,23198,18045,778,407,47061,2064,1740,129,1352,1131,79,2051,1744,136,2064,1740,129,Finisher,2050
Malte,Dyhr,Malte Dyhr,973,M25-29,Male,Odense S,SYDDANMARK,Denmark,DK,1:09:31,6:43:38,4:53:55,0:09:12,0:09:16,13:05:32,4171,24218,17635,552,556,47132,2065,1741,467,659,571,157,2116,1789,469,2065,1741,467,Finisher,1534
Simon,Law,Simon Law,1791,M40-44,Male,Derby ,DBY,United Kingdom,GB,1:10:33,6:19:17,5:25:29,0:06:36,0:03:37,13:05:32,4233,22757,19529,396,217,47132,2066,1742,164,749,642,59,1795,1551,144,2066,1742,164,Finisher,1451
Jennifer,Done,Jennifer Done,1288,F35-39,Female,Southampton,HAM,United Kingdom,GB,1:19:01,6:48:23,4:42:25,0:09:08,0:06:40,13:05:36,4741,24503,16945,548,400,47136,2067,325,39,1512,247,28,2227,357,42,2067,325,39,Finisher,2110
Dennis,Helleman,Dennis Helleman,1839,M30-34,Male,Voorburg,Zuid-Holland,Netherlands,NL,1:20:55,6:34:59,4:54:04,0:10:46,0:05:11,13:05:55,4855,23699,17644,646,311,47155,2068,1743,296,1655,1382,237,2152,1815,300,2068,1743,296,Finisher,1495
Keane,Luong,Keane Luong,182,M30-34,Male,Vancouver,British Columbia,Canada,CA,1:34:23,6:30:35,4:42:52,0:10:22,0:07:49,13:06:00,5663,23435,16972,622,469,47160,2069,1744,297,2336,1909,314,2214,1862,303,2069,1744,297,Finisher,1494
Kevin,Venter,Kevin Venter,866,M40-44,Male,Surbiton ,SRY,United Kingdom,GB,1:12:49,6:45:09,4:50:05,0:12:38,0:05:19,13:06:01,4369,24309,17405,758,319,47161,2070,1745,165,975,835,81,2181,1836,169,2070,1745,165,Finisher,1446
Maria,Sørensen,Maria Sørensen,2126,F25-29,Female,9500,DK-81,Denmark,DK,1:14:12,6:35:47,4:59:39,0:12:10,0:04:49,13:06:37,4452,23747,17979,730,289,47197,2071,326,119,1100,168,62,2114,326,120,2071,326,119,Finisher,2121
Douglas ,McClure ,Douglas McClure,1673,M50-54,Male,Wisbech,CAM,United Kingdom,GB,1:15:48,6:21:34,5:13:40,0:09:56,0:06:11,13:07:09,4548,22894,18820,596,371,47229,2072,1746,130,1231,1033,71,1930,1652,124,2072,1746,130,Finisher,2017
Rogério,Araújo,Rogério Araújo,885,M60-64,Male,LISBOA,PT-11,Portugal,PT,1:23:16,6:30:43,4:48:35,0:14:58,0:09:41,13:07:13,4996,23443,17315,898,581,47233,2073,1747,29,1819,1508,32,2168,1827,44,2073,1747,29,Finisher,2811
Kristian Ørbæk,Hansen,Kristian Ørbæk Hansen,1421,M25-29,Male,Silkeborg,DK-82,Denmark,DK,1:25:28,6:20:35,5:07:57,0:07:04,0:06:12,13:07:15,5128,22835,18477,424,372,47235,2074,1748,468,1960,1622,436,2002,1705,453,2074,1748,468,Finisher,1514
Alex,Ramoutar,Alex Ramoutar,1392,M30-34,Male,Liverpool,MSY,United Kingdom,GB,1:24:05,6:08:26,5:23:45,0:07:24,0:03:45,13:07:25,5045,22106,19425,444,225,47245,2075,1749,298,1870,1548,259,1851,1592,268,2075,1749,298,Finisher,1477
Henrik,Hansen,Henrik Hansen,2022,M45-49,Male,nakskov,DK-83,Denmark,DK,1:26:29,5:56:51,5:29:40,0:09:39,0:05:05,13:07:43,5189,21411,19780,579,305,47263,2076,1750,124,2018,1663,110,1757,1521,105,2076,1750,124,Finisher,1898
Jon,Tolstrup Jensen,Jon Tolstrup Jensen,370,M30-34,Male,Lyngby,,Denmark,DK,1:20:00,6:20:56,5:11:28,0:09:34,0:06:15,13:08:13,4800,22856,18688,574,375,47293,2077,1751,299,1583,1322,225,1965,1680,282,2077,1751,299,Finisher,1468
Emil Lund,Nielsen,Emil Lund Nielsen,2648,M25-29,Male,RISSKOV,DK-82,Denmark,DK,1:22:24,5:53:28,5:37:57,0:07:46,0:07:07,13:08:42,4944,21208,20277,466,427,47322,2078,1752,469,1757,1461,403,1614,1411,402,2078,1752,469,Finisher,1496
Mads,Lyndrup ,Mads Lyndrup,2720,M55-59,Male,Thisted,Nordjylland,Denmark,DK,1:42:04,6:38:13,4:26:49,0:13:15,0:08:44,13:09:05,6124,23893,16009,795,524,47345,2079,1753,69,2424,1970,91,2354,1949,90,2079,1753,69,Finisher,2168
Emma Lykke,Hansen,Emma Lykke Hansen,1492,F18-24,Female,Ringe,Fyn,Denmark,DK,1:27:34,6:44:41,4:50:57,0:03:48,0:02:14,13:09:13,5254,24281,17457,228,134,47353,2080,327,37,2088,371,39,2222,356,39,2080,327,37,Finisher,2333
Micha ,van Dijk,Micha van Dijk,1245,M18-24,Male,Oosterwolde,GELDERLAND,Netherlands,NL,1:30:44,6:39:47,4:37:12,0:13:05,0:08:53,13:09:41,5444,23987,16632,785,533,47381,2081,1754,259,2229,1831,265,2280,1904,275,2081,1754,259,Finisher,1356
Jonas,Lavrsen,Jonas Lavrsen,2084,M35-39,Male,Engesvang,,Denmark,DK,1:08:14,6:14:57,5:37:16,0:06:16,0:03:07,13:09:50,4094,22497,20236,376,187,47390,2082,1755,204,549,481,49,1704,1479,173,2082,1755,204,Finisher,1604
Maiju,Aspegren,Maiju Aspegren,2710,F25-29,Female,Helsinki,Uusimaa,Finland,FI,1:21:32,6:26:10,5:10:52,0:06:54,0:04:39,13:10:08,4892,23170,18652,414,279,47408,2083,328,120,1702,282,103,2027,299,112,2083,328,120,Finisher,2079
Mikkel Vestergaard,Andersen,Mikkel Vestergaard Andersen,1842,M18-24,Male,Ribe,Southern Jutland,Denmark,DK,1:21:43,5:53:46,5:43:20,0:06:57,0:04:33,13:10:20,4903,21226,20600,417,273,47420,2084,1756,260,1715,1428,220,1594,1392,208,2084,1756,260,Finisher,1348
Zola,van Zwol,Zola van Zwol,2130,F30-34,Female,Alkmaar,Noord-Holland,Netherlands,NL,1:22:39,6:37:04,4:44:01,0:15:22,0:11:16,13:10:22,4959,23824,17041,922,676,47422,2085,329,75,1778,301,66,2211,352,78,2085,329,75,Finisher,2124
Stefano,Asciana,Stefano Asciana,2306,M25-29,Male,London,London,United Kingdom,GB,1:20:39,6:29:21,5:08:05,0:07:51,0:04:35,13:10:31,4839,23361,18485,471,275,47431,2086,1757,470,1622,1352,377,2061,1753,462,2086,1757,470,Finisher,1475
Rosa,Johnson,Rosa Johnson,1628,F25-29,Female,Richmond,GB-NYK,United Kingdom,GB,1:08:37,6:20:51,5:20:49,0:10:06,0:10:47,13:11:10,4117,22851,19249,606,647,47470,2087,330,121,583,73,28,1844,257,94,2087,330,121,Finisher,2066
Cathrine ,Blixt,Cathrine Blixt,2426,F18-24,Female,Fåberg,Innlandet,Norway,NO,1:32:57,6:41:15,4:43:58,0:08:46,0:04:37,13:11:32,5577,24075,17038,526,277,47492,2088,331,38,2304,419,46,2273,371,41,2088,331,38,Finisher,2305
Jill,Speight,Jill Speight,1799,F60-64,Female,York,YKS,United Kingdom,GB,1:25:22,6:11:58,5:19:13,0:10:24,0:05:03,13:12:00,5122,22318,19153,624,303,47520,2089,332,3,1956,337,2,1935,281,3,2089,332,3,Finisher,4169
Matthew,Brown,Matthew Brown,944,M35-39,Male,Swansea,GB-SWA,United Kingdom,GB,1:21:38,6:51:28,4:39:49,0:10:23,0:08:59,13:12:17,4898,24688,16789,623,539,47537,2090,1758,205,1711,1425,151,2277,1903,213,2090,1758,205,Finisher,1575
Mathilde,Boisson,Mathilde Boisson,1424,F50-54,Female,AIGREMONT,,France,FR,1:14:05,6:15:25,5:32:20,0:07:17,0:03:14,13:12:21,4445,22525,19940,437,194,47541,2091,333,15,1095,166,8,1800,246,12,2091,333,15,Finisher,2329
Victoria,Gjørtsvang,Victoria Gjørtsvang,470,F25-29,Female,København K,Copenhagen,Denmark,DK,1:16:46,6:21:11,5:22:10,0:07:13,0:05:10,13:12:29,4606,22871,19330,433,310,47549,2092,334,122,1315,215,78,1910,274,101,2092,334,122,Finisher,2050
Supachai,Karkhai,Supachai Karkhai,900,M45-49,Male,"Thung Watdon, Sathorn",Bangkok,Thailand,TH,1:27:44,6:00:54,5:22:31,0:14:10,0:07:13,13:12:33,5264,21654,19351,850,433,47553,2093,1759,125,2099,1727,117,1881,1615,114,2093,1759,125,Finisher,1840
Peter,Radtleff Skovaa,Peter Radtleff Skovaa,1865,M50-54,Male,Brønshøj,København,Denmark,DK,1:21:53,6:10:47,5:17:36,0:10:51,0:11:25,13:12:33,4913,22247,19056,651,685,47553,2094,1760,131,1724,1434,106,1888,1621,116,2094,1760,131,Finisher,1952
Peter,Hansen,Peter Hansen,1124,M60-64,Male,Ballerup,DK-84,Denmark,DK,1:31:43,6:04:33,5:17:36,0:09:04,0:09:40,13:12:36,5503,21873,19056,544,580,47556,2095,1761,30,2260,1855,48,1912,1638,30,2095,1761,30,Finisher,2746
Frederik,Bisgaard,Frederik Bisgaard,904,M25-29,Male,Frederiksberg,,Denmark,DK,1:24:40,6:42:26,4:43:45,0:13:17,0:08:38,13:12:46,5080,24146,17025,797,518,47566,2096,1762,471,1912,1585,429,2257,1892,482,2096,1762,471,Finisher,1448
Alexander,Godulla,Alexander Godulla,1005,M50-54,Male,Diesdorf,SACHSEN-ANHALT,Germany,DE,1:12:03,6:27:21,5:23:14,0:06:41,0:03:28,13:12:48,4323,23241,19394,401,208,47568,2097,1763,132,899,768,45,1920,1646,123,2097,1763,132,Finisher,1949
Christina,Rudkjøbing,Christina Rudkjøbing,1515,F45-49,Female,"
Herlev",,Denmark,DK,1:21:51,6:15:31,5:19:49,0:07:37,0:08:31,13:13:19,4911,22531,19189,457,511,47599,2098,335,16,1722,289,20,1907,272,14,2098,335,16,Finisher,2488
Astrid Mørkholt,Toft,Astrid Mørkholt Toft,1194,F25-29,Female,København S,Copenhagen,Denmark,DK,1:07:27,6:39:11,5:11:33,0:08:36,0:06:50,13:13:36,4047,23951,18693,516,410,47616,2099,336,123,480,62,24,2037,300,113,2099,336,123,Finisher,2037
Supajak,Pakaracharoenkul,Supajak Pakaracharoenkul,2150,M50-54,Male,"Rajathava,Bangpli",Samutprakarn,Thailand,TH,1:28:45,6:52:47,4:27:02,0:18:17,0:06:48,13:13:39,5325,24767,16022,1097,408,47619,2100,1764,133,2145,1767,141,2384,1966,161,2100,1764,133,Finisher,1939
Paul,Dryden,Paul Dryden,2624,M60-64,Male,Chester-le-Street,Durham,United Kingdom,GB,1:24:18,6:28:13,4:58:15,0:09:12,0:13:52,13:13:51,5058,23293,17895,552,832,47631,2101,1765,31,1888,1564,35,2105,1784,40,2101,1765,31,Finisher,2731
Sharon,Leeming,Sharon Leeming,1146,F45-49,Female,Harrogate,NYK,United Kingdom,GB,1:27:12,6:34:51,4:54:04,0:09:45,0:08:04,13:13:56,5232,23691,17644,585,484,47636,2102,337,17,2066,367,26,2190,348,20,2102,337,17,Finisher,2480
Rasmus,Sønderbjerg,Rasmus Sønderbjerg,1051,M30-34,Male,København K,,Denmark,DK,1:29:58,6:24:35,5:02:59,0:11:07,0:05:29,13:14:08,5398,23075,18179,667,329,47648,2103,1766,300,2198,1805,301,2141,1805,298,2103,1766,300,Finisher,1397
Mathias,Jensen,Mathias Jensen,1769,M25-29,Male,Kolding,Jylland,Denmark,DK,1:30:05,6:03:14,5:24:53,0:07:04,0:08:51,13:14:08,5405,21794,19493,424,531,47648,2104,1767,472,2205,1811,467,1859,1597,438,2104,1767,472,Finisher,1431
Frank,Knudsen,Frank Knudsen,175,M45-49,Male,Odense,Fyn,Denmark,DK,1:32:55,6:41:10,4:41:40,0:12:29,0:06:04,13:14:17,5575,24070,16900,749,364,47657,2105,1768,126,2297,1881,142,2296,1915,148,2105,1768,126,Finisher,1819
Troels,Petersen,Troels Petersen,646,M45-49,Male,København N,Danmark,Denmark,DK,1:35:26,6:10:27,5:14:27,0:07:54,0:06:22,13:14:37,5726,22227,18867,474,382,47677,2106,1769,127,2350,1921,150,2012,1715,120,2106,1769,127,Finisher,1815
Christoph,Schubert,Christoph Schubert,1867,M45-49,Male,Berlin,BE,Germany,DE,1:33:06,6:34:23,4:54:21,0:08:49,0:04:02,13:14:42,5586,23663,17661,529,242,47682,2107,1770,128,2306,1887,144,2225,1869,140,2107,1770,128,Finisher,1814
Maurice,Trautner,Maurice Trautner,800,M30-34,Male,Wolfsburg,Lower Saxony,Germany,DE,1:28:36,6:22:37,5:02:30,0:12:58,0:08:03,13:14:43,5316,22957,18150,778,483,47683,2108,1771,301,2138,1761,294,2128,1796,297,2108,1771,301,Finisher,1390
Kasper Carøe Boysen,Svantemann,Kasper Carøe Boysen Svantemann,2036,M18-24,Male,København N ,HOVEDSTADEN,Denmark,DK,1:45:43,5:49:03,5:18:07,0:14:55,0:07:01,13:14:49,6343,20943,19087,895,421,47689,2109,1772,261,2456,1993,285,1959,1676,247,2109,1772,261,Finisher,1294
Tam,McGregor,Tam McGregor,1427,M40-44,Male,London,England,United Kingdom,GB,1:11:20,6:24:00,5:27:56,0:07:18,0:04:29,13:15:03,4280,23040,19676,438,269,47703,2110,1773,166,821,706,68,1878,1612,148,2110,1773,166,Finisher,1337
Christine,Grammer,Christine Grammer,1043,F40-44,Female,Germering,DE-BY,Austria,AT,1:06:42,7:08:58,4:44:49,0:07:06,0:07:33,13:15:08,4002,25738,17089,426,453,47708,2111,338,17,429,53,5,2270,370,20,2111,338,17,Finisher,2791
Timothy,Collins,Timothy Collins,1559,M35-39,Male,Camberley,GB-SRY,United Kingdom,GB,1:22:34,6:20:42,5:17:56,0:07:30,0:06:45,13:15:27,4954,22842,19076,450,405,47727,2112,1774,206,1772,1474,156,1972,1686,198,2112,1774,206,Finisher,1537
Melanie,Shipton,Melanie Shipton,238,F55-59,Female,Burgess Hill,WEST SUSSEX,United Kingdom,GB,1:37:49,6:26:02,5:02:13,0:06:16,0:03:15,13:15:35,5869,23162,18133,376,195,47735,2113,339,11,2375,438,25,2179,345,13,2113,339,11,Finisher,3812
Gary,Davies,Gary Davies,598,M45-49,Male,Liverpool,MSY,United Kingdom,GB,1:01:09,5:16:34,6:47:52,0:05:45,0:05:02,13:16:22,3669,18994,24472,345,302,47782,2114,1775,129,162,142,8,586,559,30,2114,1775,129,Finisher,1794
Rebecca,Mawson,Rebecca Mawson,862,F35-39,Female,Kingston,SRY,United Kingdom,GB,1:26:13,6:54:05,4:41:07,0:07:25,0:07:39,13:16:29,5173,24845,16867,445,459,47789,2115,340,40,2001,351,41,2308,386,44,2115,340,40,Finisher,1979
Greg,Boys,Greg Boys,1457,M55-59,Male,Cheltenham,Glos,United Kingdom,GB,1:27:08,6:47:44,4:35:00,0:14:46,0:11:53,13:16:31,5228,24464,16500,886,713,47791,2116,1776,70,2060,1695,76,2322,1930,89,2116,1776,70,Finisher,2079
Jonas Lyngbo,Andersen,Jonas Lyngbo Andersen,1676,M18-24,Male,Ølsted,Hasnæs,Denmark,DK,1:25:44,6:26:21,5:05:18,0:09:02,0:10:07,13:16:31,5144,23181,18318,542,607,47791,2117,1777,262,1973,1632,244,2096,1779,260,2117,1777,262,Finisher,1274
Simon,Garmston,Simon Garmston,280,M65-69,Male,Reigate,SURREY,United Kingdom,GB,1:23:29,6:27:40,5:03:33,0:11:32,0:10:41,13:16:55,5009,23260,18213,692,641,47815,2118,1778,8,1834,1520,3,2117,1790,9,2118,1778,8,Finisher,3722
Joseph,Wong,Joseph Wong,1118,M55-59,Male,shanghai,CN-SH,Singapore,SG,1:11:42,5:52:13,5:58:51,0:07:57,0:06:13,13:16:56,4302,21133,21531,477,373,47816,2119,1779,71,870,745,29,1421,1261,49,2119,1779,71,Finisher,2074
Vernon,Overton,Vernon Overton,1117,M65-69,Male,Harrogate,GB-NYK,United Kingdom,GB,1:46:17,6:20:00,4:47:34,0:12:37,0:10:35,13:17:03,6377,22800,17254,757,635,47823,2120,1780,9,2458,1994,15,2244,1883,12,2120,1780,9,Finisher,3720
Serena,Sassolini,Serena Sassolini,1038,F60-64,Female,Sesto fiorentino,,Italy,IT,1:25:31,6:41:55,4:49:48,0:12:11,0:07:48,13:17:13,5131,24115,17388,731,468,47833,2121,341,4,1961,339,3,2251,363,4,2121,341,4,Finisher,4106
Carson,Mcilhatton,Carson Mcilhatton,1342,M30-34,Male,Magherafelt,Londonderry,United Kingdom,GB,1:28:15,6:09:25,5:22:26,0:11:59,0:05:19,13:17:24,5295,22165,19346,719,319,47844,2122,1781,302,2123,1748,290,1957,1674,281,2122,1781,302,Finisher,1358
Chris,Gibson,Chris Gibson,2749,M35-39,Male,Stirling,GB-STG,United Kingdom,GB,1:37:45,6:38:53,4:38:40,0:16:36,0:05:32,13:17:26,5865,23933,16720,996,332,47846,2123,1782,207,2373,1936,216,2348,1944,219,2123,1782,207,Finisher,1513
Jan,Vodicka,Jan Vodicka,644,M55-59,Male,Olomouc,CZ,Czech Republic,CZ,1:15:24,6:07:01,5:42:39,0:07:01,0:05:36,13:17:41,4524,22021,20559,421,336,47861,2124,1783,72,1197,1007,41,1703,1478,59,2124,1783,72,Finisher,2065
Mike,Jensen,Mike Jensen,2193,M35-39,Male,Stenløse,Sjælland,Denmark,DK,1:31:11,6:41:56,4:44:02,0:13:55,0:06:38,13:17:43,5471,24116,17042,835,398,47863,2125,1784,208,2245,1844,205,2302,1920,215,2125,1784,208,Finisher,1509
Paul,Newton,Paul Newton,1525,M50-54,Male,Milton Keynes,BKM,United Kingdom,GB,1:29:30,6:10:47,5:21:20,0:10:25,0:05:55,13:17:56,5370,22247,19280,625,355,47876,2126,1785,134,2178,1789,142,1969,1683,127,2126,1785,134,Finisher,1887
Klaus,Teigler,Klaus Teigler,738,M70-74,Male,Wendeburg,NI,Germany,DE,1:12:29,6:23:27,5:26:22,0:08:07,0:07:35,13:18:00,4349,23007,19582,487,455,47880,2127,1786,1,942,806,1,1892,1625,1,2127,1786,1,Finisher,5000
Jean-Charles,Derubay,Jean-Charles Derubay,1069,M40-44,Male,Chateau Gaillard,,France,FR,1:22:19,6:21:26,5:25:08,0:06:02,0:03:21,13:18:16,4939,22886,19508,362,201,47896,2128,1787,167,1750,1455,137,1960,1677,151,2128,1787,167,Finisher,1299
Alexander,Bertelsen,Alexander Bertelsen,1396,M18-24,Male,København K,DK-84,Denmark,DK,1:30:22,6:22:01,5:11:23,0:10:45,0:03:46,13:18:16,5422,22921,18683,645,226,47896,2129,1788,263,2217,1821,264,2122,1793,265,2129,1788,263,Finisher,1253
Robert,Jones,Robert Jones,701,M50-54,Male,llanelli,Carmarthenshire,United Kingdom,GB,1:19:08,6:15:27,5:26:21,0:10:45,0:06:57,13:18:38,4748,22527,19581,645,417,47918,2130,1789,135,1523,1274,91,1911,1637,118,2130,1789,135,Finisher,1879
Madeline,Kvist-Krogh,Madeline Kvist-Krogh,503,F30-34,Female,Hillerød,DK-84,Denmark,DK,1:21:20,6:48:50,4:56:09,0:07:29,0:05:15,13:19:03,4880,24530,17769,449,315,47943,2131,342,76,1689,281,59,2234,360,80,2131,342,76,Finisher,2019
Sofie Carøe,Larsen,Sofie Carøe Larsen,2194,F25-29,Female,Hvidovre,Copenhagen,Denmark,DK,1:36:54,6:40:12,4:46:03,0:10:46,0:05:21,13:19:17,5814,24012,17163,646,321,47957,2132,343,124,2365,436,134,2309,387,128,2132,343,124,Finisher,1969
Denise,Axelsen,Denise Axelsen,618,F50-54,Female,Bristol ,England,United Kingdom,GB,1:39:05,7:03:33,4:18:05,0:10:32,0:08:08,13:19:23,5945,25413,15485,632,488,47963,2133,344,16,2390,444,27,2436,446,29,2133,344,16,Finisher,2245
Daniel,Gray,Daniel Gray,436,M40-44,Male,Portsmouth,GB-HAM,United Kingdom,GB,1:43:24,6:27:35,4:55:43,0:08:56,0:04:04,13:19:41,6204,23255,17743,536,244,47981,2134,1790,168,2434,1978,187,2255,1890,178,2134,1790,168,Finisher,1282
Mandy,Evans,Mandy Evans,424,F60-64,Female,St Helier,GB-EAW,Jersey,JE,1:32:56,6:41:55,4:49:38,0:10:37,0:04:47,13:19:52,5576,24115,17378,637,287,47992,2135,345,5,2301,418,5,2291,379,5,2135,345,5,Finisher,4074
Raman Singh,Mahal,Raman Singh Mahal,657,M30-34,Male,København,København,Denmark,DK,1:18:08,6:24:57,5:15:45,0:12:55,0:08:22,13:20:07,4688,23097,18945,775,502,48007,2136,1791,303,1435,1196,209,2042,1740,293,2136,1791,303,Finisher,1325
chris,Hale,chris Hale,1624,M40-44,Male,Essex,Mr,United Kingdom,GB,1:23:55,6:28:18,5:06:18,0:12:40,0:09:03,13:20:14,5035,23298,18378,760,543,48014,2137,1792,169,1864,1544,143,2133,1798,163,2137,1792,169,Finisher,1275
Adam,Hebb,Adam Hebb,1319,M50-54,Male,Denver,US-CO,Canada,CA,1:21:48,6:59:29,4:41:14,0:10:39,0:07:11,13:20:21,4908,25169,16874,639,431,48021,2138,1793,136,1719,1431,105,2342,1941,158,2138,1793,136,Finisher,1858
Jo Mia,Fray,Jo Mia Fray,437,F50-54,Female,Kalundborg,SJÆLLAND,Denmark,DK,1:23:57,6:19:11,5:22:56,0:09:08,0:05:31,13:20:42,5037,22751,19376,548,331,48042,2139,346,17,1866,322,18,1988,292,14,2139,346,17,Finisher,2229
Elaine,Clarke,Elaine Clarke,1140,F45-49,Female,Harrogate,NORTH YORKSHIRE,United Kingdom,GB,1:23:19,6:48:42,4:52:00,0:10:00,0:06:53,13:20:55,4999,24522,17520,600,413,48055,2140,347,18,1822,312,23,2264,367,22,2140,347,18,Finisher,2396
Sian,Hawkes,Sian Hawkes,1544,F55-59,Female,Southsea ,England,United Kingdom,GB,1:31:49,6:46:04,4:47:40,0:09:24,0:05:59,13:20:56,5509,24364,17260,564,359,48056,2141,348,12,2262,406,22,2305,383,16,2141,348,12,Finisher,3748
Grant,Morrison,Grant Morrison,323,M40-44,Male,Copenhagen,DK-84,United Kingdom,GB,1:24:39,6:07:16,5:31:09,0:09:56,0:07:57,13:20:58,5079,22036,19869,596,477,48058,2142,1794,170,1911,1584,149,1871,1606,146,2142,1794,170,Finisher,1266
Marcus,Lewis,Marcus Lewis,2359,M55-59,Male,"Llangynidr, Powys",GB-POW,United Kingdom,GB,1:37:23,5:59:09,5:26:07,0:10:54,0:07:27,13:21:00,5843,21549,19567,654,447,48060,2143,1795,73,2370,1934,90,1932,1653,66,2143,1795,73,Finisher,2025
Laura,Oldroyd,Laura Oldroyd,906,F35-39,Female,KNUTSFORD,GB-CHS,United Kingdom,GB,1:32:43,6:01:25,5:30:39,0:07:55,0:08:21,13:21:03,5563,21685,19839,475,501,48063,2144,349,41,2291,415,43,1873,266,33,2144,349,41,Finisher,1925
Phuripant,Durongtheeratchakul,Phuripant Durongtheeratchakul,628,M45-49,Male,"Baan Wean, Hang Dong",,Thailand,TH,1:14:44,6:23:23,5:19:42,0:15:10,0:08:15,13:21:14,4484,23003,19182,910,495,48074,2145,1796,130,1148,970,64,2004,1707,119,2145,1796,130,Finisher,1736
Mike,Byrne,Mike Byrne,1841,M50-54,Male,JERSEY,GB-UKM,Jersey,JE,1:34:48,6:14:58,5:15:21,0:11:18,0:05:47,13:22:11,5688,22498,18921,678,347,48131,2146,1797,137,2342,1915,150,2094,1777,139,2146,1797,137,Finisher,1836
Eddi,Søgaard,Eddi Søgaard,1264,M35-39,Male,Valby,,Denmark,DK,1:26:44,6:45:36,4:46:41,0:14:14,0:08:58,13:22:14,5204,24336,17201,854,538,48134,2147,1798,209,2038,1677,187,2297,1916,214,2147,1798,209,Finisher,1455
Matthew,Kendall,Matthew Kendall,1726,M35-39,Male,Chorley,LAN,United Kingdom,GB,1:26:26,6:51:04,4:41:27,0:13:35,0:09:49,13:22:21,5186,24664,16887,815,589,48141,2148,1799,210,2014,1659,184,2330,1934,218,2148,1799,210,Finisher,1454
Lindsey,Flux,Lindsey Flux,1729,F30-34,Female,Chorley,LAN,United Kingdom,GB,1:31:30,6:51:04,4:41:26,0:08:44,0:09:42,13:22:27,5490,24664,16886,524,582,48147,2149,350,77,2253,403,86,2333,398,88,2149,350,77,Finisher,1979
Harry,Hutchins,Harry Hutchins,780,M25-29,Male,St Albans,GB-HRT,United Kingdom,GB,1:21:18,7:06:40,4:33:35,0:10:28,0:10:50,13:22:51,4878,25600,16415,628,650,48171,2150,1800,473,1686,1407,392,2376,1961,488,2150,1800,473,Finisher,1327
David,Field,David Field,484,M65-69,Male,Elmswell,Suffolk,United Kingdom,GB,1:17:26,6:16:56,5:29:22,0:10:32,0:09:17,13:23:32,4646,22616,19762,632,557,48212,2151,1801,10,1371,1147,2,1906,1635,6,2151,1801,10,Finisher,3642
Hannah,Barley,Hannah Barley,2298,F30-34,Female,Newton abbot,ENGLAND,United Kingdom,GB,1:24:16,6:49:20,4:54:11,0:09:55,0:06:04,13:23:46,5056,24560,17651,595,364,48226,2152,351,78,1887,324,69,2278,375,85,2152,351,78,Finisher,1963
Peter,Hinge,Peter Hinge,1832,M18-24,Male,Aarhus C,DK-82,Denmark,DK,1:30:46,6:07:03,5:30:52,0:10:55,0:04:21,13:23:57,5446,22023,19852,655,261,48237,2153,1802,264,2230,1832,266,1949,1666,245,2153,1802,264,Finisher,1185
Martin,Sansom,Martin Sansom,1197,M60-64,Male,Steeple,Essex,United Kingdom,GB,1:18:51,6:19:23,5:22:48,0:15:38,0:07:26,13:24:05,4731,22763,19368,938,446,48245,2154,1803,32,1500,1257,23,2014,1717,36,2154,1803,32,Finisher,2609
Jan,Buk,Jan Buk,1443,M65-69,Male,Esbjerg V,DK-83,Denmark,DK,1:48:49,6:07:59,5:07:09,0:12:31,0:07:44,13:24:11,6529,22079,18429,751,464,48251,2155,1804,11,2472,2007,16,2172,1831,11,2155,1804,11,Finisher,3635
Jan,Peters,Jan Peters,1852,M50-54,Male,Albertslund,DK-84,Denmark,DK,1:20:37,6:15:09,5:33:10,0:10:04,0:05:54,13:24:54,4837,22509,19990,604,354,48294,2156,1805,138,1619,1349,99,1917,1643,122,2156,1805,138,Finisher,1804
August,Lauritsen,August Lauritsen,1268,M18-24,Male,Odense,Fyn,Denmark,DK,1:17:35,6:12:33,5:38:25,0:09:56,0:06:34,13:25:03,4655,22353,20305,596,394,48303,2157,1806,265,1390,1160,173,1854,1595,237,2157,1806,265,Finisher,1172
Jesper,Kragh,Jesper Kragh,1078,M40-44,Male,Slagelse,DK-84,Denmark,DK,1:23:27,5:56:52,5:52:05,0:08:02,0:04:44,13:25:10,5007,21412,21125,482,284,48310,2158,1807,171,1831,1518,140,1688,1469,129,2158,1807,171,Finisher,1216
Tobias Nygaard,Andersen,Tobias Nygaard Andersen,631,M25-29,Male,Herlev,HOVEDSTADEN,Denmark,DK,1:38:36,6:44:17,4:47:30,0:08:15,0:06:47,13:25:26,5916,24257,17250,495,407,48326,2159,1808,474,2385,1944,488,2331,1935,486,2159,1808,474,Finisher,1296
Birger,Hansen,Birger Hansen,475,M35-39,Male,Trondheim,NO-16,Norway,NO,1:26:28,6:01:05,5:37:54,0:12:16,0:08:38,13:26:20,5188,21665,20274,736,518,48380,2160,1809,211,2017,1662,185,1849,1590,190,2160,1809,211,Finisher,1406
ROBERT,CASCONE,ROBERT CASCONE,2498,M40-44,Male,Hillsborough,County Down,Australia,AU,1:21:55,6:38:24,5:10:53,0:10:25,0:04:48,13:26:24,4915,23904,18653,625,288,48384,2161,1810,172,1728,1438,134,2183,1837,170,2161,1810,172,Finisher,1201
Erick,Bouwer,Erick Bouwer,2317,M45-49,Male,Amsterdam,Noord-Holland,Netherlands,NL,1:38:49,6:41:15,4:47:00,0:13:22,0:06:00,13:26:27,5929,24075,17220,802,360,48387,2162,1811,131,2388,1946,155,2350,1946,151,2162,1811,131,Finisher,1673
Roosa,Valo,Roosa Valo,773,F30-34,Female,Espoo,Uusimaa,Finland,FI,1:24:42,6:40:46,5:11:48,0:06:15,0:02:58,13:26:30,5082,24046,18708,375,178,48390,2163,352,79,1913,328,71,2189,347,76,2163,352,79,Finisher,1930
Jules,Kennelly ,Jules Kennelly,1506,F50-54,Female,Wymomdham,England,United Kingdom,GB,1:31:17,6:38:07,4:55:48,0:13:03,0:08:47,13:27:01,5477,23887,17748,783,527,48421,2164,353,18,2248,402,24,2268,369,19,2164,353,18,Finisher,2153
Ludde,Andersson,Ludde Andersson,2573,M55-59,Male,Bara,SE-M,Sweden,SE,1:29:31,6:01:22,5:30:10,0:15:08,0:11:03,13:27:13,5371,21682,19810,908,663,48433,2165,1812,74,2179,1790,86,1919,1645,64,2165,1812,74,Finisher,1951
Emily,Bevan,Emily Bevan,1454,F40-44,Female,Cheltenham,Gloucestershire,United Kingdom,GB,1:29:58,7:02:44,4:38:06,0:09:24,0:07:04,13:27:16,5398,25364,16686,564,424,48436,2166,354,18,2197,393,22,2399,427,26,2166,354,18,Finisher,2645
André,Pettersson,André Pettersson,640,M25-29,Male,Lund,M,Sweden,SE,1:26:16,6:25:25,5:24:20,0:08:50,0:02:47,13:27:39,5176,23125,19460,530,167,48459,2167,1813,475,2005,1652,444,2088,1774,466,2167,1813,475,Finisher,1269
Simon,Møller,Simon Møller,325,M25-29,Male,Ulfborg,DK-82,Denmark,DK,1:33:16,7:16:20,4:20:14,0:13:02,0:04:58,13:27:50,5596,26180,15614,782,298,48470,2168,1814,476,2313,1894,480,2461,2008,493,2168,1814,476,Finisher,1267
Roar,Stentoft,Roar Stentoft,1234,M18-24,Male,Mern,SJÆLLAND,Denmark,DK,1:26:55,6:04:37,5:43:24,0:08:27,0:04:32,13:27:56,5215,21877,20604,507,272,48476,2169,1815,266,2049,1687,248,1853,1594,236,2169,1815,266,Finisher,1137
Sachin,Bansal,Sachin Bansal,212,M45-49,Male,Noida,UTTAR PRADESH,India,IN,1:23:25,7:08:53,4:35:09,0:13:50,0:06:50,13:28:06,5005,25733,16509,830,410,48486,2170,1816,132,1828,1515,100,2411,1979,159,2170,1816,132,Finisher,1653
Tobias ,Staugaard Jensen,Tobias Staugaard Jensen,1173,M25-29,Male,Nyborg,Fyn,Denmark,DK,1:23:03,6:10:06,5:36:54,0:11:42,0:07:15,13:28:59,4983,22206,20214,702,435,48539,2171,1817,477,1806,1498,411,1905,1634,445,2171,1817,477,Finisher,1253
Kathy,Bishop,Kathy Bishop,1068,F55-59,Female,Colchester,Essex,United Kingdom,GB,1:21:56,7:04:33,4:40:55,0:16:25,0:05:34,13:29:24,4916,25473,16855,985,334,48564,2172,355,13,1729,291,9,2402,430,24,2172,355,13,Finisher,3647
Patrick,Scoville Lancaster,Patrick Scoville Lancaster,177,M55-59,Male,Calver,GB-DBY,United Kingdom,GB,1:24:03,6:25:13,5:20:21,0:10:03,0:10:10,13:29:50,5043,23113,19221,603,610,48590,2173,1818,75,1868,1546,64,2073,1762,75,2173,1818,75,Finisher,1919
Astrid Carlsen ,Risager,Astrid Carlsen Risager,958,F25-29,Female,København S,Copenhagen,Denmark,DK,1:23:03,6:38:20,5:17:17,0:05:04,0:06:14,13:29:57,4983,23900,19037,304,374,48597,2174,356,125,1805,308,113,2151,337,122,2174,356,125,Finisher,1841
David,Pedersen,David Pedersen,251,M30-34,,Aalborg,North Jütland,Denmark,DK,1:40:22,5:49:17,5:40:39,0:08:04,0:12:02,13:30:23,6022,20957,20439,484,722,48623,2175,1819,304,2407,1958,318,1813,1562,264,2175,1819,304,Finisher,1202
Kristoffer,Gasmann,Kristoffer Gasmann,1640,M18-24,Male,Larvik,NO-07,Norway,NO,1:13:23,6:29:24,5:30:25,0:10:35,0:06:37,13:30:24,4403,23364,19825,635,397,48624,2176,1820,267,1024,871,126,2005,1708,251,2176,1820,267,Finisher,1107
Nick,Russon,Nick Russon,2375,M50-54,Male,Cheddington ,BUCKINGHAMSHIRE,United Kingdom,GB,1:26:03,6:50:29,4:54:44,0:11:28,0:07:40,13:30:24,5163,24629,17684,688,460,48624,2177,1821,139,1990,1643,125,2312,1923,156,2177,1821,139,Finisher,1738
Samantha,Gray,Samantha Gray,435,F35-39,Female,Portsmouth,HAMPSHIRE,United Kingdom,GB,1:19:51,6:32:24,5:24:27,0:06:45,0:07:14,13:30:42,4791,23544,19467,405,434,48642,2178,357,42,1576,261,31,2069,310,38,2178,357,42,Finisher,1809
Hannah,Woodhouse,Hannah Woodhouse,989,F40-44,Female,Mulbarton,England,United Kingdom,GB,1:26:01,6:24:53,5:13:48,0:13:07,0:13:00,13:30:49,5161,23093,18828,787,780,48649,2179,358,19,1986,345,18,2127,332,15,2179,358,19,Finisher,2603
Rachel,Williams-Cook,Rachel Williams-Cook,2578,F30-34,Female,Colwyn Bay,Conwy,United Kingdom,GB,1:26:06,6:59:57,4:42:51,0:11:54,0:10:11,13:30:59,5166,25197,16971,714,611,48659,2180,359,80,1995,348,74,2374,415,93,2180,359,80,Finisher,1876
Fraser,Aitken,Fraser Aitken,2753,M18-24,Male,Hotham,EAST RIDING OF YORKSHIRE,United Kingdom,GB,1:31:11,6:35:45,5:06:46,0:08:31,0:08:50,13:31:03,5471,23745,18406,511,530,48663,2181,1822,268,2244,1843,269,2216,1863,271,2181,1822,268,Finisher,1100
David,De Maeyer,David De Maeyer,2761,M50-54,Male,Roskilde,,Denmark,DK,1:32:56,6:34:18,4:58:05,0:15:40,0:10:10,13:31:10,5576,23658,17885,940,610,48670,2182,1823,140,2303,1885,146,2272,1902,154,2182,1823,140,Finisher,1728
Jurgen,Freier,Jurgen Freier,1835,M60-64,Male,Heidelberg,DE-BW,Germany,DE,1:26:10,6:14:53,5:33:27,0:10:11,0:06:54,13:31:35,5170,22493,20007,611,414,48695,2183,1824,33,1997,1648,37,1975,1688,35,2183,1824,33,Finisher,2519
Anders,Rifbjerg,Anders Rifbjerg,1770,M35-39,Male,Valby,,Denmark,DK,1:40:16,6:14:50,5:14:30,0:14:13,0:07:47,13:31:35,6016,22490,18870,853,467,48695,2184,1825,212,2405,1957,218,2171,1830,206,2184,1825,212,Finisher,1343
Marko,Ilvonen,Marko Ilvonen,2570,M55-59,Male,Helsinki,FI-18,Finland,FI,1:28:28,6:28:26,5:20:44,0:09:06,0:04:56,13:31:40,5308,23306,19244,546,296,48700,2185,1826,76,2131,1755,83,2147,1811,80,2185,1826,76,Finisher,1897
Robert,Taylor,Robert Taylor,2665,M55-59,Male,Foxdale,Isle of Man,Isle of Man,IM,1:27:28,6:29:53,5:07:14,0:14:16,0:12:50,13:31:41,5248,23393,18434,856,770,48701,2186,1827,77,2081,1712,78,2188,1842,82,2186,1827,77,Finisher,1897
Simo,Kapiainen,Simo Kapiainen,2568,M40-44,Male,Helsinki,FI-18,Finland,FI,1:22:00,6:24:05,5:32:58,0:08:36,0:04:06,13:31:45,4920,23045,19978,516,246,48705,2187,1828,173,1732,1441,135,2029,1730,160,2187,1828,173,Finisher,1137
Michael,Goodwin,Michael Goodwin,2185,M35-39,Male,Southport,GB-GB-LANCASHIRE,United Kingdom,GB,1:19:30,5:53:07,6:05:03,0:07:38,0:06:29,13:31:47,4770,21187,21903,458,389,48707,2188,1829,213,1555,1299,140,1557,1364,161,2188,1829,213,Finisher,1341
Sara,Tambani,Sara Tambani,116,F45-49,Female,Brugherio,IT-MI,Italy,IT,1:16:28,6:24:27,5:32:33,0:11:42,0:06:41,13:31:51,4588,23067,19953,702,401,48711,2189,360,19,1291,207,11,1995,294,16,2189,360,19,Finisher,2265
Louise,Sedin,Louise Sedin,2742,F50-54,Female,Limhamn,,Sweden,SE,1:49:10,6:45:00,4:33:26,0:14:29,0:09:51,13:31:57,6550,24300,16406,869,591,48717,2190,361,19,2474,466,32,2418,436,27,2190,361,19,Finisher,2094
Tevje Dalen,Iversen,Tevje Dalen Iversen,204,M18-24,Male,Solbergelva ,BUSKERUD,Norway,NO,1:28:07,6:31:57,5:19:24,0:07:38,0:05:13,13:32:19,5287,23517,19164,458,313,48739,2191,1830,269,2113,1740,254,2161,1822,268,2191,1830,269,Finisher,1084
Lucy,Monger,Lucy Monger,1981,F40-44,Female,Eastleigh,Hampshire,United Kingdom,GB,1:40:28,6:50:39,4:39:09,0:10:45,0:11:31,13:32:32,6028,24639,16749,645,691,48752,2192,362,20,2408,450,31,2398,426,25,2192,362,20,Finisher,2582
Rebekka,NEUMANN,Rebekka NEUMANN,956,F30-34,Female,Stuttgart,BW,Germany,DE,1:33:29,6:40:21,5:00:33,0:09:43,0:08:36,13:32:43,5609,24021,18033,583,516,48763,2193,363,81,2317,420,90,2279,376,86,2193,363,81,Finisher,1855
Graeme,Tulloch,Graeme Tulloch,1437,M35-39,Male,Menstrie,Scotland,United Kingdom,GB,1:32:48,6:22:01,5:20:23,0:11:36,0:05:56,13:32:44,5568,22921,19223,696,356,48764,2194,1831,214,2293,1877,208,2150,1814,204,2194,1831,214,Finisher,1329
Chak Kwan Jeffrey,Chan,Chak Kwan Jeffrey Chan,1778,M45-49,Male,Bingham,NOTTINGHAMSHIRE,Hong Kong,HK,1:31:18,5:55:09,5:56:05,0:06:20,0:04:15,13:33:07,5478,21309,21365,380,255,48787,2195,1832,133,2250,1848,131,1754,1518,104,2195,1832,133,Finisher,1593
Jes,Haslund Bisgaard,Jes Haslund Bisgaard,769,M50-54,Male,København,København,Denmark,DK,1:29:36,5:59:42,5:43:21,0:11:21,0:09:20,13:33:20,5376,21582,20601,681,560,48800,2196,1833,141,2182,1793,143,1863,1600,114,2196,1833,141,Finisher,1702
Andy,Wakefield,Andy Wakefield,266,M25-29,Male,London,GB-ENG,United Kingdom,GB,1:25:14,6:36:38,5:15:16,0:09:33,0:06:39,13:33:21,5114,23798,18916,573,399,48801,2197,1834,478,1946,1611,433,2186,1840,476,2197,1834,478,Finisher,1201
René Marc,Schulze,René Marc Schulze,480,M50-54,Male,Aukrug,SCHLESWIG-HOLSTEIN,Germany,DE,1:26:21,6:26:09,5:23:45,0:11:02,0:06:09,13:33:25,5181,23169,19425,662,369,48805,2198,1835,142,2008,1654,128,2124,1794,142,2198,1835,142,Finisher,1701
Aksel,Bugge,Aksel Bugge,1682,M18-24,Male,Oslo,Oslo,Norway,NO,1:30:18,7:05:38,4:39:08,0:13:30,0:05:25,13:33:59,5418,25538,16748,810,325,48839,2199,1836,270,2210,1815,263,2425,1985,283,2199,1836,270,Finisher,1064
Anja,Møller,Anja Møller,1901,F45-49,Female,Hjørring,,Denmark,DK,1:55:22,6:38:48,4:41:32,0:11:28,0:06:55,13:34:05,6922,23928,16892,688,415,48845,2200,364,20,2490,469,35,2409,432,27,2200,364,20,Finisher,2238
Auli,Helenius,Auli Helenius,1329,F45-49,Female,Espoo,NYLAND,Finland,FI,1:19:37,6:35:31,5:16:10,0:14:31,0:08:42,13:34:31,4777,23731,18970,871,522,48871,2201,365,21,1565,259,17,2176,343,19,2201,365,21,Finisher,2233
Holly,Thompson,Holly Thompson,1486,F40-44,Female,Chelmsford,GB-ENG,United Kingdom,GB,1:32:07,7:05:07,4:37:49,0:11:43,0:08:17,13:35:02,5527,25507,16669,703,497,48902,2202,366,21,2273,408,25,2420,438,30,2202,366,21,Finisher,2552
Anders,Unosson,Anders Unosson,2362,M60-64,Male,Stockholm,STOCKHOLMS LAN [SE-01],Sweden,SE,1:57:18,6:44:26,4:37:31,0:10:09,0:05:43,13:35:08,7038,24266,16651,609,343,48908,2203,1837,34,2493,2024,61,2433,1989,57,2203,1837,34,Finisher,2476
Katie,Gamble,Katie Gamble,1588,F18-24,Female,Scarborough,North Yorkshire,United Kingdom,GB,1:14:14,6:41:30,5:26:53,0:05:45,0:06:53,13:35:15,4454,24090,19613,345,413,48915,2204,367,39,1102,169,21,2101,320,33,2204,367,39,Finisher,2020
Frida,Ellegaard,Frida Ellegaard,2125,F18-24,Female,Tølløse,Zealand,Denmark,DK,1:29:38,6:49:18,4:57:31,0:13:24,0:05:27,13:35:18,5378,24558,17851,804,327,48918,2205,368,40,2184,390,43,2344,403,44,2205,368,40,Finisher,2020
Andy,Gamble,Andy Gamble,1585,M50-54,Male,Kirkbymoorside,England,United Kingdom,GB,1:20:37,6:31:28,5:26:53,0:09:25,0:06:58,13:35:20,4837,23488,19613,565,418,48920,2206,1838,143,1620,1350,100,2102,1782,140,2206,1838,143,Finisher,1678
Todd,Schwartz,Todd Schwartz,966,M60-64,Male,Scotch PLains,NJ,United States,US,1:20:18,6:01:27,5:54:53,0:10:28,0:08:32,13:35:40,4818,21687,21293,628,512,48940,2207,1839,35,1603,1337,27,1741,1506,23,2207,1839,35,Finisher,2470
William,Sonne,William Sonne,760,M25-29,Male,København,Copenhagen,Denmark,DK,1:24:08,6:27:04,5:15:20,0:18:18,0:11:16,13:36:05,5048,23224,18920,1098,676,48965,2208,1840,479,1874,1552,424,2173,1832,475,2208,1840,479,Finisher,1168
Teck,Korasak,Teck Korasak,2221,M45-49,Male,Tubize,BRABANT WALLON,Belgium,BE,1:30:22,6:16:17,5:36:08,0:08:08,0:05:34,13:36:29,5422,22577,20168,488,334,48989,2209,1841,134,2216,1820,128,2031,1732,121,2209,1841,134,Finisher,1553
Richard,Stringer,Richard Stringer,1169,M45-49,Male,Burton-On-Trent,GB-STS,United Kingdom,GB,1:33:07,7:01:18,4:38:53,0:16:36,0:06:50,13:36:44,5587,25278,16733,996,410,49004,2210,1842,135,2308,1889,145,2430,1987,160,2210,1842,135,Finisher,1550
Axel,Löwendahl,Axel Löwendahl,2560,M40-44,Male,Uppsala,UPPSALA LAN [SE-03],Sweden,SE,1:31:24,6:36:56,5:10:49,0:10:58,0:06:48,13:36:54,5484,23816,18649,658,408,49014,2211,1843,174,2252,1850,172,2250,1888,177,2211,1843,174,Finisher,1075
Finn,Wählt,Finn Wählt,1153,M18-24,Male,Malmö,Skane,Germany,DE,1:57:27,6:27:39,4:56:35,0:08:41,0:06:36,13:36:57,7047,23259,17795,521,396,49017,2212,1844,271,2494,2025,286,2356,1950,279,2212,1844,271,Finisher,1029
Niamh,Mcmillan,Niamh Mcmillan,937,F35-39,Female,Leighton Buzzard,CENTRAL BEDFORDSHIRE,United Kingdom,GB,1:38:18,7:01:59,4:40:29,0:09:06,0:07:08,13:37:01,5898,25319,16829,546,428,49021,2213,369,43,2381,441,46,2424,440,48,2213,369,43,Finisher,1733
Freya,Kemp,Freya Kemp,1446,F30-34,Female,witham,England,United Kingdom,GB,1:26:58,6:41:43,5:13:41,0:11:02,0:04:03,13:37:27,5218,24103,18821,662,243,49047,2214,370,82,2053,364,78,2252,364,81,2214,370,82,Finisher,1799
Bobby,Kemp,Bobby Kemp,1445,M30-34,Male,Witham,ESS,United Kingdom,GB,1:30:03,6:02:11,5:51:07,0:07:58,0:06:07,13:37:27,5403,21731,21067,478,367,49047,2215,1845,305,2203,1809,302,1857,1596,269,2215,1845,305,Finisher,1117
Thea,Langkaas,Thea Langkaas,2737,F30-34,Female,Oslo,Oslo,Norway,NO,1:41:54,6:38:09,4:54:26,0:13:32,0:09:28,13:37:29,6114,23889,17666,812,568,49049,2216,371,83,2422,453,96,2355,406,91,2216,371,83,Finisher,1798
Connie,Olesen,Connie Olesen,677,F50-54,Female,Kastrup,DK-85,Denmark,DK,1:25:09,6:20:59,5:28:21,0:13:29,0:09:31,13:37:31,5109,22859,19701,809,571,49051,2217,372,20,1942,335,20,2080,314,16,2217,372,20,Finisher,2027
Ella ,Smallcombe,Ella Smallcombe,2457,F18-24,Female,Maldon,ESSEX,United Kingdom,GB,1:02:26,6:42:02,5:39:58,0:07:41,0:05:27,13:37:34,3746,24122,20398,461,327,49054,2218,373,41,215,25,6,1987,291,29,2218,373,41,Finisher,1993
Pasquale,Liistro,Pasquale Liistro,1041,M60-64,Male,Sesto Fiorentino,,Italy,IT,1:26:12,6:13:08,5:38:04,0:11:34,0:08:57,13:37:55,5172,22388,20284,694,537,49075,2219,1846,36,2000,1650,38,1974,1687,34,2219,1846,36,Finisher,2443
Lee,West,Lee West,1900,M35-39,Male,Andover,WIL,United Kingdom,GB,1:24:59,6:36:38,5:25:03,0:06:18,0:05:14,13:38:11,5099,23798,19503,378,314,49091,2220,1847,215,1931,1601,180,2163,1823,205,2220,1847,215,Finisher,1264
Karl-Emil,Plum,Karl-Emil Plum,789,M18-24,Male,Søborg,DK-84,Denmark,DK,1:32:51,6:29:31,5:23:14,0:08:37,0:04:06,13:38:19,5571,23371,19394,517,246,49099,2221,1848,272,2295,1879,271,2185,1839,270,2221,1848,272,Finisher,1012
Emmelie,Demuth Nielsen,Emmelie Demuth Nielsen,1915,F25-29,Female,København,HOVEDSTADEN,Denmark,DK,1:18:01,7:11:22,4:58:05,0:07:03,0:03:54,13:38:25,4681,25882,17885,423,234,49105,2222,374,126,1421,236,87,2365,410,129,2222,374,126,Finisher,1739
Lauri,Kaijasilta,Lauri Kaijasilta,1985,M25-29,Male,Helsinki,Uusimaa,Finland,FI,1:19:11,6:39:44,5:29:24,0:06:05,0:04:21,13:38:45,4751,23984,19764,365,261,49125,2223,1849,480,1529,1279,364,2135,1800,471,2223,1849,480,Finisher,1136
Andreas,Thomsen,Andreas Thomsen,2630,M18-24,Male,Billund,SYDDANMARK,Denmark,DK,1:10:36,5:46:59,6:29:18,0:07:29,0:04:30,13:38:52,4236,20819,23358,449,270,49132,2224,1850,273,754,647,91,1305,1167,174,2224,1850,273,Finisher,1006
Laurits,Madsen,Laurits Madsen,751,M18-24,Male,"
Roskilde",,Denmark,DK,1:38:27,6:24:58,5:15:27,0:12:49,0:07:11,13:38:52,5907,23098,18927,769,431,49132,2225,1851,274,2384,1943,281,2223,1867,272,2225,1851,274,Finisher,1006
Emil,Winther Jensen,Emil Winther Jensen,776,M25-29,Male,Næstved,DK-85,Denmark,DK,1:33:50,6:18:36,5:36:57,0:06:43,0:03:07,13:39:11,5630,22716,20217,403,187,49151,2226,1852,481,2321,1899,482,2070,1760,464,2226,1852,481,Finisher,1131
Fiona,Finneran,Fiona Finneran,272,F55-59,Female,Redhill,SRY,United Kingdom,GB,1:36:31,6:41:45,5:01:28,0:09:43,0:09:56,13:39:23,5791,24105,18088,583,596,49163,2227,375,14,2361,433,24,2311,389,18,2227,375,14,Finisher,3527
Tara,Allen,Tara Allen,1945,F30-34,Female,Ipswich,SFK,United Kingdom,GB,1:15:46,6:56:14,5:14:00,0:05:36,0:07:47,13:39:25,4546,24974,18840,336,467,49165,2228,376,84,1228,196,42,2233,359,79,2228,376,84,Finisher,1775
Anna,Kempster,Anna Kempster,2042,F25-29,Female,Newark,NOTTINGHAMSHIRE,United Kingdom,GB,1:31:34,7:04:32,4:52:41,0:06:03,0:04:36,13:39:27,5494,25472,17561,363,276,49167,2229,377,127,2254,404,129,2400,428,132,2229,377,127,Finisher,1727
Heidi Maj,Hansen,Heidi Maj Hansen,2758,F40-44,Female,Haderslev,,Denmark,DK,1:32:36,6:30:05,5:16:59,0:12:43,0:07:40,13:40:03,5556,23405,19019,763,460,49203,2230,378,22,2284,413,26,2215,353,18,2230,378,22,Finisher,2492
James,Hald,James Hald,166,M50-54,Male,Richmond,VA,United States,US,1:23:07,5:59:57,5:59:49,0:11:14,0:06:00,13:40:08,4987,21597,21589,674,360,49208,2231,1853,144,1813,1504,116,1772,1534,108,2231,1853,144,Finisher,1621
Kevin,Baggott,Kevin Baggott,965,M60-64,Male,APO,US-AE,United States,US,1:06:10,6:33:22,5:44:25,0:09:12,0:07:15,13:40:24,3970,23602,20665,552,435,49224,2232,1854,37,390,343,3,1948,1665,32,2232,1854,37,Finisher,2413
Nicolai ,Spartali,Nicolai Spartali,1504,M25-29,Male,Viby J,Central Jutland,Denmark,DK,1:37:52,6:10:02,5:28:14,0:17:08,0:07:19,13:40:34,5872,22202,19694,1028,439,49234,2233,1855,482,2377,1939,487,2136,1801,472,2233,1855,482,Finisher,1114
Thor,Rousing,Thor Rousing,2472,M30-34,Male,Aarhus C,,Denmark,DK,1:21:06,6:10:53,5:40:40,0:16:32,0:11:49,13:41:00,4866,22253,20440,992,709,49260,2234,1856,306,1668,1393,239,1945,1662,279,2234,1856,306,Finisher,1074
Corin,Chalcraft,Corin Chalcraft,1534,F40-44,Female,Northumberland,NORTHUMBERLAND,United Kingdom,GB,1:30:23,6:48:15,5:01:44,0:11:44,0:08:55,13:41:01,5423,24495,18104,704,535,49261,2235,379,23,2218,397,23,2327,395,22,2235,379,23,Finisher,2480
Lucas,Hoang,Lucas Hoang,1613,M25-29,Male,Valby,HOVEDSTADEN,Denmark,DK,2:02:42,6:40:35,4:44:54,0:08:09,0:04:40,13:41:01,7362,24035,17094,489,280,49261,2236,1857,483,2497,2028,496,2432,1988,489,2236,1857,483,Finisher,1109
Kristian,Semmen,Kristian Semmen,2188,M60-64,Male,Drøbak,NO-02,Norway,NO,1:26:19,6:04:18,5:57:48,0:07:58,0:05:05,13:41:28,5179,21858,21468,478,305,49288,2237,1858,38,2007,1653,39,1828,1575,27,2237,1858,38,Finisher,2400
Marco,Lorenzetti,Marco Lorenzetti,1827,M50-54,Male,Pinzolo,Trento,Italy,IT,1:23:51,6:46:04,5:13:37,0:09:10,0:08:47,13:41:29,5031,24364,18817,550,527,49289,2238,1859,145,1860,1541,117,2247,1885,152,2238,1859,145,Finisher,1605
Christian,SALOWSKI,Christian SALOWSKI,1158,M45-49,Male,København,DK-84,Denmark,DK,1:29:55,6:28:36,5:19:51,0:13:18,0:09:58,13:41:38,5395,23316,19191,798,598,49298,2239,1860,136,2194,1803,124,2191,1843,135,2239,1860,136,Finisher,1491
Pauli,Muittari,Pauli Muittari,2311,M45-49,Male,Helsinki,NYLAND,Finland,FI,1:25:54,6:18:44,5:41:34,0:12:05,0:04:16,13:42:32,5154,22724,20494,725,256,49352,2240,1861,137,1980,1637,107,2050,1743,123,2240,1861,137,Finisher,1480
Andreas,Lund,Andreas Lund,2629,M45-49,Male,Aarhus,DK-82,Denmark,DK,1:11:57,5:47:03,6:32:38,0:06:53,0:04:22,13:42:53,4317,20823,23558,413,262,49373,2241,1862,138,892,762,52,1315,1175,81,2241,1862,138,Finisher,1476
Shaun,Wasik,Shaun Wasik,1963,M40-44,Male,Ruthin,GB-DEN,United Kingdom,GB,1:29:46,6:46:04,5:15:06,0:07:05,0:04:55,13:42:56,5386,24364,18906,425,295,49376,2242,1863,175,2189,1798,167,2271,1901,179,2242,1863,175,Finisher,1003
Christian,Trenkel,Christian Trenkel,1793,M55-59,Male,Stevenage,England,Spain,ES,1:16:14,7:00:45,5:11:44,0:09:43,0:05:03,13:43:29,4574,25245,18704,583,303,49409,2243,1864,78,1266,1063,44,2299,1918,87,2243,1864,78,Finisher,1756
Simon,Burt,Simon Burt,2478,M60-64,Male,"Jedburgh and District Ward, Scottish Borders",GB-SCT,United Kingdom,GB,1:28:59,6:21:25,5:38:31,0:09:23,0:05:13,13:43:31,5339,22885,20311,563,313,49411,2244,1865,39,2157,1775,46,2083,1769,39,2244,1865,39,Finisher,2375
John Arni,Nilssen,John Arni Nilssen,560,M50-54,Male,Kbh K,HOVEDSTADEN,Denmark,DK,1:22:11,6:33:02,5:25:25,0:13:26,0:09:40,13:43:45,4931,23582,19525,806,580,49425,2245,1866,146,1744,1450,110,2167,1826,145,2245,1866,146,Finisher,1577
Roberts,Darzins,Roberts Darzins,840,M25-29,Male,Slough,WEST BERKSHIRE,Latvia,LV,1:23:35,6:33:22,5:27:44,0:11:24,0:07:43,13:43:47,5015,23602,19664,684,463,49427,2246,1867,484,1842,1526,415,2165,1824,474,2246,1867,484,Finisher,1075
Frank,Strutz,Frank Strutz,1127,M65-69,Male,Wiesbaden,DE-HE,Germany,DE,1:34:54,6:46:36,4:55:44,0:17:56,0:08:39,13:43:48,5694,24396,17744,1076,519,49428,2247,1868,12,2344,1917,12,2381,1965,16,2247,1868,12,Finisher,3399
Nina,Mäkelä,Nina Mäkelä,2118,F55-59,Female,Helsinki,,Finland,FI,1:25:46,6:56:25,5:08:32,0:09:03,0:04:10,13:43:55,5146,24985,18512,543,250,49435,2248,380,15,1974,342,14,2332,397,19,2248,380,15,Finisher,3472
Miguel,Santos Costa,Miguel Santos Costa,2616,M55-59,Male,Lisboa,Lisboa,Portugal,PT,1:27:42,6:26:58,5:26:52,0:12:36,0:10:01,13:44:08,5262,23218,19612,756,601,49448,2249,1869,79,2093,1722,80,2158,1820,81,2249,1869,79,Finisher,1748
Mario,Töfferl,Mario Töfferl,1709,M45-49,Male,Wien,,Austria,AT,1:32:20,6:46:54,5:08:14,0:10:27,0:06:17,13:44:12,5540,24414,18494,627,377,49452,2250,1870,139,2279,1869,137,2323,1931,149,2250,1870,139,Finisher,1460
Claudio,Convilli,Claudio Convilli,1054,M55-59,Male,Sestiere di San Polo,IT-VENETO,Italy,IT,1:27:27,6:08:57,5:53:06,0:10:23,0:04:23,13:44:16,5247,22137,21186,623,263,49456,2251,1871,80,2079,1710,77,1927,1649,65,2251,1871,80,Finisher,1746
Becky,Longworth ,Becky Longworth,1569,F45-49,Female,Askham,Notts,United Kingdom,GB,1:19:14,6:45:50,,0:09:46,0:00:00,13:45:44,4754,24350,0,586,0,49544,2252,381,22,1531,252,15,2206,350,21,2252,381,22,Finisher,2099
Johnny,Andreasen,Johnny Andreasen,1739,M50-54,Male,Rødovre,DK,Denmark,DK,1:21:24,6:01:43,6:08:07,0:08:12,0:06:45,13:46:11,4884,21703,22087,492,405,49571,2253,1872,147,1693,1412,102,1731,1500,105,2253,1872,147,Finisher,1548
Karsten Bo,Nielsen,Karsten Bo Nielsen,1740,M50-54,Male,Hvidovre,SJÆLLAND,Denmark,DK,1:42:40,5:58:02,5:44:13,0:13:31,0:07:49,13:46:17,6160,21482,20653,811,469,49577,2254,1873,148,2428,1973,158,2020,1722,133,2254,1873,148,Finisher,1547
Pilunnguaq,Benjaminsen,Pilunnguaq Benjaminsen,2045,F35-39,Female,Odense V,DK-83,Greenland,GL,1:20:22,6:25:16,5:35:22,0:15:40,0:09:53,13:46:32,4822,23116,20122,940,593,49592,2255,382,44,1608,267,32,2097,318,40,2255,382,44,Finisher,1619
Nic,Ogden,Nic Ogden,229,M18-24,Male,Chorley,LANCASHIRE,United Kingdom,GB,1:17:28,6:23:04,5:53:07,0:07:39,0:05:21,13:46:40,4648,22984,21187,459,321,49600,2256,1874,275,1377,1152,170,1943,1660,244,2256,1874,275,Finisher,1000
Mikkel,Hess,Mikkel Hess,2374,M25-29,Male,Vejle,Southern Jutland,Denmark,DK,1:42:57,7:01:29,4:43:02,0:09:15,0:10:13,13:46:56,6177,25289,16982,555,613,49616,2257,1875,485,2431,1975,490,2437,1991,490,2257,1875,485,Finisher,1038
thijs,offermans,thijs offermans,2011,M45-49,Male,Hoensbroek,Limburg,Netherlands,NL,1:22:45,6:25:43,5:41:58,0:09:21,0:07:33,13:47:20,4965,23143,20518,561,453,49640,2258,1876,140,1787,1483,98,2060,1752,126,2258,1876,140,Finisher,1422
Kenny,Vibolt Hansen,Kenny Vibolt Hansen,971,M40-44,Male,"
Greve",,Denmark,DK,1:30:56,6:02:06,6:00:05,0:08:51,0:06:03,13:48:02,5456,21726,21605,531,363,49682,2259,1877,176,2237,1838,171,1872,1607,147,2259,1877,176,Finisher,1000
Dorothee,Fuller,Dorothee Fuller,1422,F55-59,Female,ALEXANDRIA,NH,United States,US,1:23:34,6:21:49,5:52:43,0:07:06,0:02:53,13:48:05,5014,22909,21163,426,173,49685,2260,383,16,1840,316,11,1991,293,10,2260,383,16,Finisher,3422
Kayleigh,Wales,Kayleigh Wales,1671,F40-44,Female,Wisbech,NFK,United Kingdom,GB,1:38:44,6:38:17,5:08:44,0:13:20,0:09:13,13:48:18,5924,23897,18524,800,553,49698,2261,384,24,2387,442,29,2326,394,21,2261,384,24,Finisher,2393
Romel,Malbas,Romel Malbas,541,M50-54,Male,Singapore,Singapore,Singapore,SG,1:26:21,6:12:49,5:41:55,0:16:49,0:10:26,13:48:20,5181,22369,20515,1009,626,49700,2262,1878,149,2010,1656,129,2041,1739,135,2262,1878,149,Finisher,1522
Natascha,Bruhin,Natascha Bruhin,1788,F25-29,Female,Erlenbach,ZURICH,Switzerland,CH,1:16:09,7:14:20,5:03:43,0:09:00,0:05:09,13:48:22,4569,26060,18223,540,309,49702,2263,385,128,1260,202,77,2382,417,131,2263,385,128,Finisher,1620
Laure,Markey,Laure Markey,675,F30-34,Female,Lille,Hauts-de-France,France,FR,1:12:20,6:54:00,5:18:37,0:13:34,0:09:53,13:48:24,4340,24840,19117,814,593,49704,2264,386,85,926,135,31,2254,365,82,2264,386,85,Finisher,1667
Amy,Thompson,Amy Thompson,592,F25-29,Female,St Neots,CAM,United Kingdom,GB,1:22:47,7:06:05,5:05:26,0:08:47,0:05:26,13:48:31,4967,25565,18326,527,326,49711,2265,387,129,1789,305,111,2372,414,130,2265,387,129,Finisher,1618
Marie Bofu,Dalsgård Hansen,Marie Bofu Dalsgård Hansen,2241,F18-24,Female,København Syd,DK-84,Denmark,DK,1:44:15,6:17:39,5:24:37,0:15:22,0:07:10,13:49:03,6255,22659,19477,922,430,49743,2266,388,42,2442,457,48,2230,358,40,2266,388,42,Finisher,1855
Pip,Ballard ,Pip Ballard,2076,M60-64,Male,Reigate ,England,United Kingdom,GB,1:38:42,6:17:37,5:36:22,0:08:46,0:07:59,13:49:25,5922,22657,20182,526,479,49765,2267,1879,40,2386,1945,52,2137,1802,42,2267,1879,40,Finisher,2305
Fadzir Azuan Bin,Mahari,Fadzir Azuan Bin Mahari,649,M45-49,Male,Shah Alam,MY-10,Malaysia,MY,1:38:23,6:40:55,5:07:19,0:16:42,0:06:22,13:49:40,5903,24055,18439,1002,382,49780,2268,1880,141,2383,1942,154,2362,1954,154,2268,1880,141,Finisher,1394
Asbjoern,Bakken,Asbjoern Bakken,1644,M75-79,Male,Tveit,Agder,Norway,NO,1:24:49,6:36:37,5:30:19,0:12:01,0:06:13,13:49:58,5089,23797,19819,721,373,49798,2269,1881,1,1918,1588,1,2201,1852,1,2269,1881,1,Finisher,5000
Karl,Johannsen,Karl Johannsen,2399,M65-69,Male,Malmö,,Sweden,SE,1:30:10,6:46:07,5:20:27,0:08:58,0:04:33,13:50:15,5410,24367,19227,538,273,49815,2270,1882,13,2207,1812,10,2290,1912,13,2270,1882,13,Finisher,3322
Mads,Tidemann,Mads Tidemann,1767,M18-24,Male,Vejle,Syddanmark,Denmark,DK,1:18:22,7:04:38,5:06:42,0:12:15,0:08:40,13:50:38,4702,25478,18402,735,520,49838,2271,1883,276,1453,1213,186,2360,1953,280,2271,1883,276,Finisher,1000
Janina,Schulz,Janina Schulz,1157,F30-34,Female,Berlin,BE,Germany,DE,1:19:43,7:05:31,5:13:10,0:07:54,0:04:29,13:50:47,4783,25531,18790,474,269,49847,2272,389,86,1569,260,55,2347,404,90,2272,389,86,Finisher,1639
Guy,Frainier,Guy Frainier,1714,M50-54,Male,Lausanne,CH-VD,Switzerland,CH,1:24:12,6:33:56,5:33:07,0:13:48,0:05:47,13:50:49,5052,23636,19987,828,347,49849,2273,1884,150,1877,1555,118,2193,1845,147,2273,1884,150,Finisher,1493
Paul,Boyle,Paul Boyle,1736,M60-64,Male,Belfast,Northern Ireland,Ireland,IE,1:19:30,6:59:38,5:03:00,0:15:23,0:13:20,13:50:51,4770,25178,18180,923,800,49851,2274,1885,41,1554,1298,24,2359,1952,53,2274,1885,41,Finisher,2287
marco,steinbring,marco steinbring,1713,M60-64,Male,Horst / Holstein,SH,Germany,DE,1:31:14,6:00:48,6:01:18,0:10:37,0:07:24,13:51:20,5474,21648,21678,637,444,49880,2275,1886,42,2246,1845,47,1879,1613,28,2275,1886,42,Finisher,2282
Kieran,Doherty,Kieran Doherty,660,M60-64,Male,Limavady,Derry,Ireland,IE,1:23:06,6:42:25,5:27:25,0:09:32,0:08:55,13:51:24,4986,24145,19645,572,535,49884,2276,1887,43,1810,1501,31,2210,1859,46,2276,1887,43,Finisher,2281
Theis,Brandborg,Theis Brandborg,1497,M25-29,Male,Herlev,DK-84,Denmark,DK,1:26:51,6:46:41,5:23:47,0:10:45,0:03:37,13:51:40,5211,24401,19427,645,217,49900,2277,1888,486,2045,1683,450,2285,1908,483,2277,1888,486,Finisher,1000
Jonas,Holm,Jonas Holm,2428,M18-24,Male,Fredericia,SYDDANMARK,Denmark,DK,1:33:15,6:53:12,5:05:39,0:13:27,0:06:16,13:51:49,5595,24792,18339,807,376,49909,2278,1889,277,2312,1893,274,2386,1967,281,2278,1889,277,Finisher,1000
Aiden,Bithell,Aiden Bithell,1623,M25-29,Male,Preston,GB-England,United Kingdom,GB,1:26:37,6:42:20,5:25:46,0:07:48,0:10:16,13:52:47,5197,24140,19546,468,616,49967,2279,1890,487,2028,1671,448,2228,1871,480,2279,1890,487,Finisher,1000
Veerachai,Salaenoy,Veerachai Salaenoy,893,M40-44,Male,Prawet,KRUNG THEP MAHA NAKHON,Thailand,TH,1:28:08,6:24:25,5:41:01,0:13:22,0:06:03,13:53:00,5288,23065,20461,802,363,49980,2280,1891,177,2114,1741,162,2146,1810,165,2280,1891,177,Finisher,1000
Amer Hamzah,Arshad,Amer Hamzah Arshad,651,M50-54,Male,Selangor,MY-10,Malaysia,MY,1:47:51,6:40:38,5:06:47,0:10:11,0:07:46,13:53:13,6471,24038,18407,611,466,49993,2281,1892,151,2468,2003,165,2378,1963,160,2281,1892,151,Finisher,1464
Jacob,Thomasen,Jacob Thomasen,711,M45-49,Male,Copenhagen NV,DK-84,Denmark,DK,1:31:47,6:23:27,5:38:18,0:12:09,0:08:06,13:53:47,5507,23007,20298,729,486,50027,2282,1893,142,2261,1856,132,2159,1821,132,2282,1893,142,Finisher,1345
Taia,Veng Steffensen,Taia Veng Steffensen,834,F35-39,Female,Risskov,DK-82,Denmark,DK,1:39:16,6:42:56,5:17:00,0:09:31,0:05:07,13:53:51,5956,24176,19020,571,307,50031,2283,390,45,2394,445,47,2339,401,46,2283,390,45,Finisher,1531
John,Crozier,John Crozier,268,M60-64,Male,Whitstable,GB-KEN,New Zealand,NZ,1:14:18,6:35:17,5:35:52,0:17:08,0:11:17,13:53:52,4458,23717,20152,1028,677,50032,2284,1894,44,1112,941,15,2153,1816,43,2284,1894,44,Finisher,2251
Thomas,Hawkhead,Thomas Hawkhead,2283,M55-59,,Liverpool ,MSY,United Kingdom,GB,1:43:32,6:07:00,5:49:43,0:09:14,0:04:25,13:53:54,6212,22020,20983,554,265,50034,2285,1895,81,2436,1980,92,2082,1768,76,2285,1895,81,Finisher,1631
Kim Lefevre,Simonsen,Kim Lefevre Simonsen,1018,M50-54,Male,Vig,DK-85,Denmark,DK,1:26:36,6:02:01,6:08:52,0:09:11,0:07:15,13:53:54,5196,21721,22132,551,435,50034,2286,1896,152,2026,1669,130,1814,1563,111,2286,1896,152,Finisher,1456
Klavs,Lunding-Sørensen,Klavs Lunding-Sørensen,607,M50-54,Male,"
København Ø",HOVEDSTADEN,Denmark,DK,1:26:05,7:04:44,5:05:38,0:10:25,0:07:29,13:54:21,5165,25484,18338,625,449,50061,2287,1897,153,1993,1646,127,2391,1970,162,2287,1897,153,Finisher,1450
Amy,Chambers,Amy Chambers,1567,F45-49,Female,Retford,Nottinghamshire,United Kingdom,GB,1:15:33,6:46:08,5:39:43,0:07:58,0:05:36,13:54:59,4533,24368,20383,478,336,50099,2288,391,23,1209,194,10,2175,342,18,2288,391,23,Finisher,1988
matthew,williams,matthew williams,2517,M18-24,Male,Bagsværd ,,Denmark,DK,1:29:33,6:24:02,5:50:18,0:07:30,0:03:51,13:55:14,5373,23042,21018,450,231,50114,2289,1898,278,2180,1791,260,2095,1778,259,2289,1898,278,Finisher,1000
Krzysztof,Aleksandrowicz,Krzysztof Aleksandrowicz,2134,M60-64,Male,Wrocław,Lower Silesia,Poland,PL,1:37:48,6:27:53,5:32:58,0:11:50,0:04:55,13:55:25,5868,23273,19978,710,295,50125,2290,1899,45,2374,1937,51,2231,1873,47,2290,1899,45,Finisher,2233
Mikael Malmgren,Marod ,Mikael Malmgren Marod,833,M50-54,Male,Søborg,,Denmark,DK,1:28:00,6:36:24,5:34:02,0:11:16,0:06:33,13:56:16,5280,23784,20042,676,393,50176,2291,1900,154,2108,1736,136,2219,1865,149,2291,1900,154,Finisher,1427
Georgia,Downes,Georgia Downes,2786,F25-29,Female,London,England,United Kingdom,GB,1:36:03,7:12:29,4:50:58,0:09:27,0:07:45,13:56:43,5763,25949,17458,567,465,50203,2292,392,130,2353,430,133,2448,450,136,2292,392,130,Finisher,1520
Laurent,De Kerpel,Laurent De Kerpel,2277,M40-44,Male,BONLEZ,"WALLONNE, REGION",Belgium,BE,1:29:57,7:02:45,5:09:40,0:08:13,0:06:52,13:57:28,5397,25365,18580,493,412,50248,2293,1901,178,2196,1804,168,2390,1969,185,2293,1901,178,Finisher,1000
Michael,Exon,Michael Exon,2530,M55-59,Male,London,SRY,United Kingdom,GB,1:23:42,6:37:43,5:33:34,0:16:38,0:06:01,13:57:38,5022,23863,20014,998,361,50258,2294,1902,82,1847,1529,62,2237,1876,85,2294,1902,82,Finisher,1586
Maxim,van Asch,Maxim van Asch,744,M18-24,Male,Enspijk,Gelderland,Netherlands,NL,1:20:48,6:40:32,5:46:42,0:05:41,0:04:04,13:57:47,4848,24032,20802,341,244,50267,2295,1903,279,1636,1364,210,2156,1818,267,2295,1903,279,Finisher,1000
Paul,Golding,Paul Golding,703,M55-59,Male,Brighton,GB-ESX,United Kingdom,GB,1:31:36,6:08:08,6:01:04,0:09:54,0:07:08,13:57:50,5496,22088,21664,594,428,50270,2296,1904,83,2255,1851,87,1955,1672,69,2296,1904,83,Finisher,1583
Julie,Bringloe,Julie Bringloe,990,F50-54,Female,Norwich,Norfolk,United Kingdom,GB,1:15:33,7:05:04,5:11:13,0:15:13,0:10:54,13:57:57,4533,25504,18673,913,654,50277,2297,393,21,1208,193,10,2361,408,24,2297,393,21,Finisher,1782
Tanakrit,Dechatiwat,Tanakrit Dechatiwat,968,M35-39,Male,"Bangpai, Bangkhae",Bangkok,Thailand,TH,1:20:15,6:53:23,5:19:24,0:16:10,0:08:59,13:58:10,4815,24803,19164,970,539,50290,2298,1905,216,1600,1334,145,2324,1932,217,2298,1905,216,Finisher,1024
Emma,Salter,Emma Salter,768,F30-34,Female,Dursley,Glocestershire,United Kingdom,GB,1:17:15,6:35:58,5:54:47,0:06:18,0:03:59,13:58:17,4635,23758,21287,378,239,50297,2299,394,87,1357,222,49,2076,313,68,2299,394,87,Finisher,1549
Nadia,Wells,Nadia Wells,1231,F60-64,Female,Nottingham,England,United Kingdom,GB,1:36:27,6:50:39,5:18:02,0:08:57,0:04:18,13:58:23,5787,24639,19082,537,258,50303,2300,395,6,2357,431,7,2363,409,6,2300,395,6,Finisher,3612
Sammi,Stærfeldt,Sammi Stærfeldt,1710,M50-54,Male,Stenløse,,Denmark,DK,1:40:12,6:23:15,5:31:17,0:15:16,0:08:33,13:58:34,6012,22995,19877,916,513,50314,2301,1906,155,2402,1954,154,2243,1882,151,2301,1906,155,Finisher,1400
Xiaoyu,Feng,Xiaoyu Feng,415,M45-49,Male,Beijing,CN-BJ,China,CN,1:46:58,6:40:42,5:05:14,0:15:31,0:12:30,14:00:54,6418,24042,18314,931,750,50454,2302,1907,143,2460,1995,160,2404,1974,157,2302,1907,143,Finisher,1260
Dara,Akdag,Dara Akdag,246,M30-34,Male,"
København S",,Denmark,DK,1:30:43,6:31:39,5:32:24,0:15:54,0:10:22,14:01:01,5443,23499,19944,954,622,50461,2303,1908,307,2227,1829,307,2240,1879,304,2303,1908,307,Finisher,1000
Oliver,Ladbrooke,Oliver Ladbrooke,1125,M30-34,Male,Edinburgh,Scotland,United Kingdom,GB,1:28:47,7:07:04,5:04:46,0:13:31,0:06:55,14:01:03,5327,25624,18286,811,415,50463,2304,1909,308,2148,1768,296,2423,1984,318,2304,1909,308,Finisher,1000
Claire,Neilson,Claire Neilson,1121,F30-34,Female,Edinburgh,Scotland,United Kingdom,GB,1:28:54,7:07:01,5:04:43,0:13:31,0:06:57,14:01:06,5334,25621,18283,811,417,50466,2305,396,88,2154,382,81,2426,441,96,2305,396,88,Finisher,1515
Jana,Sibbern,Jana Sibbern,578,F40-44,Female,Svinninge,DK-85,Denmark,DK,1:40:08,6:41:15,5:21:56,0:09:59,0:07:59,14:01:18,6008,24075,19316,599,479,50478,2306,397,25,2400,448,30,2334,399,23,2306,397,25,Finisher,2237
Anika,Fogt,Anika Fogt,2433,F18-24,Female,Odense,SYDDANMARK,Denmark,DK,1:13:06,6:40:04,5:54:41,0:08:35,0:04:59,14:01:26,4386,24004,21281,515,299,50486,2307,398,43,1006,147,18,2106,322,34,2307,398,43,Finisher,1706
Jerry,Tang,Jerry Tang,211,M50-54,Male,Tseung Kwan O,Hong Kong,Singapore,SG,1:24:12,7:10:44,5:01:33,0:13:08,0:11:53,14:01:30,5052,25844,18093,788,713,50490,2308,1910,156,1878,1556,119,2416,1982,163,2308,1910,156,Finisher,1364
Sven,Glasse,Sven Glasse,171,M40-44,Male,Berlin,DE-BE,Germany,DE,1:20:15,6:52:21,5:29:25,0:11:12,0:08:58,14:02:11,4815,24741,19765,672,538,50531,2309,1911,179,1599,1333,118,2281,1905,180,2309,1911,179,Finisher,1000
James,Dickinson,James Dickinson,1586,M55-59,Male,Stockport,Cheshire,United Kingdom,GB,1:14:48,6:28:44,6:00:30,0:09:19,0:08:54,14:02:15,4488,23324,21630,559,534,50535,2310,1912,84,1153,974,38,1998,1702,71,2310,1912,84,Finisher,1530
Magnus,Leach,Magnus Leach,2211,M18-24,Male,jyderup,DK-85,Denmark,DK,1:22:30,6:37:05,5:41:25,0:10:46,0:10:37,14:02:24,4950,23825,20485,646,637,50544,2311,1913,280,1767,1469,223,2180,1835,269,2311,1913,280,Finisher,1000
Tina,Skousgaard,Tina Skousgaard,1591,F50-54,Female,Tølløse,,Denmark,DK,1:45:34,6:15:01,5:48:57,0:07:10,0:06:13,14:02:55,6334,22501,20937,430,373,50575,2312,399,22,2453,462,31,2162,340,18,2312,399,22,Finisher,1722
Jens,Zøllner,Jens Zøllner,1323,M60-64,Male,København,Copenhagen,Denmark,DK,1:23:26,6:24:19,5:50:21,0:14:06,0:11:00,14:03:12,5006,23059,21021,846,660,50592,2313,1914,46,1829,1516,33,2108,1786,41,2313,1914,46,Finisher,2139
Stelios,Aletraris,Stelios Aletraris,1587,M35-39,Male,Nicosia,Lefkosia,Cyprus,CY,1:37:02,6:45:59,5:15:08,0:17:19,0:08:34,14:04:01,5822,24359,18908,1039,514,50641,2314,1915,217,2367,1931,215,2388,1968,220,2314,1915,217,Finisher,1000
Andy,Lauchlan,Andy Lauchlan,2495,M50-54,Male,Newry,Northern Ireland,Ireland,IE,1:54:06,6:58:35,4:57:32,0:09:39,0:04:14,14:04:05,6846,25115,17852,579,254,50645,2315,1916,157,2484,2017,166,2458,2005,165,2315,1916,157,Finisher,1333
Jenny,Frosztega,Jenny Frosztega,1282,F40-44,Female,Harrogate,England,United Kingdom,GB,1:17:31,7:15:42,5:19:54,0:07:12,0:03:53,14:04:12,4651,26142,19194,432,233,50652,2316,400,26,1382,228,13,2389,421,24,2316,400,26,Finisher,2202
Elisa,Spitzner,Elisa Spitzner,1738,F30-34,Female,Cuxhaven,DE-NI,Germany,DE,1:29:09,6:46:20,5:31:45,0:12:39,0:04:29,14:04:22,5349,24380,19905,759,269,50662,2317,401,89,2169,386,82,2315,390,87,2317,401,89,Finisher,1476
Joe,Bond,Joe Bond,1164,M60-64,Male,Kamas,UT,United States,US,1:39:19,6:50:22,5:12:43,0:14:21,0:07:51,14:04:37,5959,24622,18763,861,471,50677,2318,1917,47,2395,1950,53,2405,1975,55,2318,1917,47,Finisher,2122
Anastasiya,Khoo,Anastasiya Khoo,680,F25-29,Female,London,GB-LND,United Kingdom,GB,1:32:14,6:57:49,5:13:07,0:12:43,0:08:54,14:04:47,5534,25069,18787,763,534,50687,2319,402,131,2276,410,130,2401,429,133,2319,402,131,Finisher,1423
Malte,Sörensen,Malte Sörensen,2338,M45-49,Male,Nörvenich,DE-NW,Germany,DE,1:27:07,6:35:49,5:35:24,0:18:10,0:08:28,14:04:58,5227,23749,20124,1090,508,50698,2320,1918,144,2059,1694,114,2261,1895,142,2320,1918,144,Finisher,1211
Chavapong,Chaowapatanawong,Chavapong Chaowapatanawong,977,M45-49,Male,Bangkae,Bangkok,Thailand,TH,1:32:11,7:14:13,4:58:29,0:13:24,0:06:50,14:05:07,5531,26053,17909,804,410,50707,2321,1919,145,2274,1866,135,2455,2002,162,2321,1919,145,Finisher,1209
John,Dunne,John Dunne,2267,M55-59,Male,København K,,United Kingdom,GB,1:28:43,6:36:09,5:41:26,0:12:02,0:07:42,14:06:02,5323,23769,20486,722,462,50762,2322,1920,85,2143,1765,84,2229,1872,83,2322,1920,85,Finisher,1485
Hayden,Bedwell,Hayden Bedwell,2297,M40-44,Male,Grove,GB-OXF,United Kingdom,GB,1:34:45,6:25:46,5:43:19,0:14:04,0:08:09,14:06:04,5685,23146,20599,844,489,50764,2323,1921,180,2340,1913,180,2204,1855,173,2323,1921,180,Finisher,1000
Santana,Deen,Santana Deen,2226,F30-34,Female,Manchester,England,United Kingdom,GB,1:24:59,7:02:53,5:18:36,0:08:35,0:11:03,14:06:06,5099,25373,19116,515,663,50766,2324,403,90,1932,331,72,2366,411,92,2324,403,90,Finisher,1455
Caitlin,Boughton,Caitlin Boughton,1620,F25-29,Female,Royston,England,United Kingdom,GB,1:22:36,7:16:07,5:07:27,0:10:31,0:09:44,14:06:25,4956,26167,18447,631,584,50785,2325,404,132,1773,299,109,2422,439,134,2325,404,132,Finisher,1403
Alan,Brown ,Alan Brown,1672,M60-64,Male,Wisbech,CAM,United Kingdom,GB,1:41:49,7:11:58,4:50:55,0:13:47,0:08:02,14:06:30,6109,25918,17455,827,482,50790,2326,1922,48,2421,1969,56,2470,2016,61,2326,1922,48,Finisher,2100
Conny,Keultjes,Conny Keultjes,517,F40-44,Female,Voorhout,South Holland,Netherlands,NL,1:34:16,6:38:54,5:40:45,0:07:19,0:05:17,14:06:31,5656,23934,20445,439,317,50791,2327,405,27,2331,425,28,2259,366,19,2327,405,27,Finisher,2174
Werner,Arns,Werner Arns,490,M45-49,Male,Haltern am See,DE-NW,Germany,DE,1:32:38,6:39:14,5:36:28,0:12:15,0:06:00,14:06:34,5558,23954,20188,735,360,50794,2328,1923,146,2286,1872,138,2283,1907,146,2328,1923,146,Finisher,1192
Brian,Holte,Brian Holte,1889,M40-44,Male,frederikssund,HOVEDSTADEN,Denmark,DK,1:52:23,6:36:54,5:26:55,0:06:49,0:04:01,14:07:02,6743,23814,19615,409,241,50822,2329,1924,181,2480,2013,191,2364,1955,183,2329,1924,181,Finisher,1000
Vienne,Haagoort,Vienne Haagoort,782,F18-24,Female,Amstelveen,Noord Holland,Netherlands,NL,1:18:40,7:00:11,5:33:00,0:07:55,0:07:18,14:07:04,4720,25211,19980,475,438,50824,2330,406,44,1480,242,27,2301,382,42,2330,406,44,Finisher,1639
Sharon,Rodier,Sharon Rodier,68,F65-69,Female,Norfolk,US-VA,United States,US,1:29:03,6:33:22,5:42:40,0:15:26,0:06:44,14:07:16,5343,23602,20560,926,404,50836,2331,407,2,2161,383,3,2236,361,2,2331,407,2,Finisher,4158
André,Frank,André Frank,1212,M30-34,Male,Malmö,Skåne,Sweden,SE,1:39:52,7:08:00,4:50:26,0:15:43,0:14:09,14:08:10,5992,25680,17426,943,849,50890,2332,1925,309,2396,1951,315,2463,2009,320,2332,1925,309,Finisher,1000
Klaudia,Stasiak,Klaudia Stasiak,1026,F25-29,Female,Frederiksberg,Copenhagen,Poland,PL,1:41:02,6:57:13,5:14:55,0:12:15,0:03:05,14:08:29,6062,25033,18895,735,185,50909,2333,408,133,2413,451,138,2429,443,135,2333,408,133,Finisher,1378
Paul,Fensome,Paul Fensome,1605,M60-64,Male,Fordingbridge ,HAM,United Kingdom,GB,1:43:20,6:29:04,5:40:36,0:09:19,0:06:11,14:08:30,6200,23344,20436,559,371,50910,2334,1926,49,2433,1977,58,2263,1897,48,2334,1926,49,Finisher,2076
Shaun,Durham,Shaun Durham,1405,M50-54,Male,Exeter,GB-ENG,United Kingdom,GB,1:14:15,6:30:45,6:08:12,0:08:39,0:06:42,14:08:34,4455,23445,22092,519,402,50914,2335,1927,158,1106,936,62,2011,1714,132,2335,1927,158,Finisher,1280
Frida,Vesten,Frida Vesten,2542,F25-29,Female,Oslo,OSLO,Norway,NO,1:54:58,6:19:04,,0:05:00,0:00:00,14:08:48,6898,22744,0,300,0,50928,2336,409,134,2489,468,139,2246,362,124,2336,409,134,Finisher,1375
James,Hammal,James Hammal,1023,M45-49,Male,Onchan,CHI,Isle of Man,IM,1:32:54,6:22:41,5:55:47,0:10:19,0:07:22,14:09:03,5574,22961,21347,619,442,50943,2337,1928,147,2296,1880,141,2145,1809,131,2337,1928,147,Finisher,1162
Remon,Roterman,Remon Roterman,616,M30-34,Male,Klundert,Brabant,Netherlands,NL,1:23:22,6:52:09,5:35:04,0:11:07,0:07:56,14:09:39,5002,24729,20104,667,476,50979,2338,1929,310,1825,1512,256,2298,1917,308,2338,1929,310,Finisher,1000
Erik,Jørgensen,Erik Jørgensen,2659,M50-54,Male,Aabenraa,Southern Jutland,Denmark,DK,1:21:28,6:18:27,6:08:46,0:13:32,0:07:34,14:09:47,4888,22707,22126,812,454,50987,2339,1930,159,1695,1414,103,2007,1710,130,2339,1930,159,Finisher,1265
Mette,Brix,Mette Brix,2722,F50-54,Female,Thisted,North Jütland,Denmark,DK,1:42:03,7:00:09,5:05:34,0:13:16,0:09:56,14:10:59,6123,25209,18334,796,596,51059,2340,410,23,2423,454,29,2441,448,30,2340,410,23,Finisher,1626
Emma,Sharratt,Emma Sharratt,1011,F25-29,Female,Tayport,GB-SCT,United Kingdom,GB,1:11:21,6:55:06,5:50:12,0:09:05,0:05:33,14:11:16,4281,24906,21012,545,333,51076,2341,411,135,822,116,44,2218,354,123,2341,411,135,Finisher,1345
Lydie ,Raillard ,Lydie Raillard,2274,F35-39,Female,Sallanches,,France,FR,1:16:39,6:58:30,5:42:48,0:08:04,0:05:21,14:11:21,4599,25110,20568,484,321,51081,2342,412,46,1304,212,25,2276,374,43,2342,412,46,Finisher,1321
James,Thorp,James Thorp,771,M45-49,Male,Redruth,Cornwall,United Kingdom,GB,1:12:47,6:52:29,5:46:33,0:10:14,0:09:23,14:11:26,4367,24749,20793,614,563,51086,2343,1931,148,970,831,56,2217,1864,139,2343,1931,148,Finisher,1133
Dan,Berteanu,Dan Berteanu,1375,M50-54,Male,Montagrier,,Romania,RO,1:21:30,6:33:11,5:57:14,0:11:36,0:08:22,14:11:54,4890,23591,21434,696,502,51114,2344,1932,160,1699,1418,104,2149,1813,143,2344,1932,160,Finisher,1240
Pierre-Antoine,Frotte,Pierre-Antoine Frotte,1831,M25-29,Female,New York city,NY,United States,US,1:15:37,7:30:33,5:12:33,0:07:37,0:05:34,14:11:55,4537,27033,18753,457,334,51115,2345,1933,488,1218,1023,287,2438,1992,491,2345,1933,488,Finisher,1000
Harry,Hand,Harry Hand,1652,M30-34,Male,Tunbridge Wells,England,United Kingdom,GB,1:11:10,7:22:33,5:08:14,0:15:24,0:14:38,14:11:58,4270,26553,18494,924,878,51118,2346,1934,311,801,689,133,2421,1983,317,2346,1934,311,Finisher,1000
Jeppe,Clausen,Jeppe Clausen,2726,M30-34,Male,Aalborg,NORDJYLLAND,Denmark,DK,1:47:19,6:46:16,5:20:45,0:11:47,0:05:56,14:12:02,6439,24376,19245,707,356,51122,2347,1935,312,2464,1999,320,2407,1977,316,2347,1935,312,Finisher,1000
Graham,Van De Venter,Graham Van De Venter,822,M25-29,Male,Vedbæk,,South Africa,ZA,1:07:13,6:24:00,6:21:24,0:09:12,0:10:17,14:12:05,4033,23040,22884,552,617,51125,2348,1936,489,460,401,113,1861,1598,439,2348,1936,489,Finisher,1000
Simon,Vestergaard,Simon Vestergaard,338,M18-24,Male,Vanløse,HOVEDSTADEN,Denmark,DK,1:23:39,6:57:46,5:34:59,0:07:59,0:08:01,14:12:24,5019,25066,20099,479,481,51144,2349,1937,281,1845,1528,235,2319,1928,276,2349,1937,281,Finisher,1000
Ole Sandbæk,Jørgensen,Ole Sandbæk Jørgensen,337,M45-49,Male,Vanløse,HOVEDSTADEN,Denmark,DK,1:48:56,6:30:03,5:35:18,0:12:04,0:06:08,14:12:29,6536,23403,20118,724,368,51149,2350,1938,149,2473,2008,164,2329,1933,150,2350,1938,149,Finisher,1121
Steven,Haslam,Steven Haslam,1337,M50-54,Male,Bolton,GB-LAN,United Kingdom,GB,1:34:11,6:23:34,5:59:01,0:10:42,0:05:29,14:12:56,5651,23014,21541,642,329,51176,2351,1939,161,2329,1905,147,2166,1825,144,2351,1939,161,Finisher,1227
Paul,Norseng,Paul Norseng,2280,M18-24,Male,Drammen,Buskerud,Norway,NO,1:39:09,6:44:07,5:31:28,0:08:27,0:09:58,14:13:09,5949,24247,19888,507,598,51189,2352,1940,282,2393,1949,283,2338,1938,277,2352,1940,282,Finisher,1000
Wan Suhazeli,Wan Ahamed,Wan Suhazeli Wan Ahamed,873,M45-49,Male,Rawang,SELANGOR,Malaysia,MY,1:32:00,6:27:39,5:50:36,0:11:17,0:11:48,14:13:21,5520,23259,21036,677,708,51201,2353,1941,150,2269,1862,134,2184,1838,134,2353,1941,150,Finisher,1110
Natalie,George,Natalie George,1873,F45-49,Female,Frome,SOMERSET,United Kingdom,GB,1:23:04,7:27:22,5:09:05,0:08:04,0:05:52,14:13:26,4984,26842,18545,484,352,51206,2354,413,24,1809,309,22,2450,451,28,2354,413,24,Finisher,1766
Nadine,Trautner,Nadine Trautner,799,F35-39,Female,Stuttgart,Baden-Wuerttemberg,Germany,DE,1:35:00,6:38:49,5:32:21,0:15:14,0:12:26,14:13:50,5700,23929,19941,914,746,51230,2355,414,47,2345,428,44,2318,391,45,2355,414,47,Finisher,1291
Anniina,Hakkarainen,Anniina Hakkarainen,2310,F40-44,Female,Espoo,Espoo,Finland,FI,1:13:34,7:27:46,5:22:28,0:05:52,0:04:43,14:14:23,4414,26866,19348,352,283,51263,2356,415,28,1041,159,11,2414,434,28,2356,415,28,Finisher,2080
Jens,Karrebæk,Jens Karrebæk,1128,M70-74,Male,Karrebæksminde,SJÆLLAND,Denmark,DK,2:00:00,5:56:54,5:46:27,0:17:06,0:13:58,14:14:25,7200,21414,20787,1026,838,51265,2357,1942,2,2495,2026,2,2203,1854,2,2357,1942,2,Finisher,4323
Mikkel,Fisker,Mikkel Fisker,1824,M45-49,Male,"
Ølstykke",HOVEDSTADEN,Denmark,DK,1:47:19,6:39:27,5:35:01,0:07:32,0:05:25,14:14:44,6439,23967,20101,452,325,51284,2358,1943,151,2463,1998,162,2358,1951,153,2358,1943,151,Finisher,1094
Aarne,Luukko,Aarne Luukko,2681,M55-59,Male,Espoo,,Finland,FI,1:25:33,7:02:36,5:31:23,0:10:23,0:05:04,14:14:58,5133,25356,19883,623,304,51298,2359,1944,86,1964,1625,70,2377,1962,91,2359,1944,86,Finisher,1378
Jonas,Bjødstrup Nielsen,Jonas Bjødstrup Nielsen,2422,M30-34,Male,Vejle Øst,Vejle,Denmark,DK,1:52:43,6:28:02,5:33:54,0:12:32,0:08:34,14:15:44,6763,23282,20034,752,514,51344,2360,1945,313,2482,2015,322,2349,1945,312,2360,1945,313,Finisher,1000
Lotte,Lykke,Lotte Lykke,1382,F25-29,Female,Frederiksberg,DK-84,Denmark,DK,1:31:06,6:48:41,5:41:07,0:07:30,0:07:49,14:16:13,5466,24521,20467,450,469,51373,2361,416,136,2240,400,128,2306,384,126,2361,416,136,Finisher,1286
Cameron,Trundle,Cameron Trundle,812,M30-34,Male,Oxford,GB-OXF,United Kingdom,GB,1:32:23,6:40:22,5:48:39,0:09:31,0:05:23,14:16:17,5543,24022,20919,571,323,51377,2362,1946,314,2280,1870,312,2266,1899,307,2362,1946,314,Finisher,1000
Annette,Frost,Annette Frost,1913,F45-49,Female,Nottingham,NTT,United Kingdom,GB,1:19:16,7:09:02,5:26:27,0:11:46,0:09:53,14:16:24,4756,25742,19587,706,593,51384,2363,417,25,1535,253,16,2387,420,26,2363,417,25,Finisher,1731
Jasmine,Themsen,Jasmine Themsen,2727,F18-24,Female,Aarhus C,Central Jutland,Denmark,DK,1:28:24,7:13:42,5:21:32,0:08:58,0:04:50,14:17:26,5304,26022,19292,538,290,51446,2364,418,45,2129,376,40,2431,444,46,2364,418,45,Finisher,1514
Anna,Brown,Anna Brown,550,F45-49,Female,Gestngthorpe,ESSEX,United Kingdom,GB,1:23:32,6:48:37,5:45:08,0:12:09,0:08:37,14:18:02,5012,24517,20708,729,517,51482,2365,419,26,1837,315,24,2286,378,23,2365,419,26,Finisher,1711
Michelle,Schnejder,Michelle Schnejder,451,F30-34,Female,Roskilde,Zealand,Denmark,DK,1:29:25,6:53:44,5:42:36,0:08:18,0:04:00,14:18:03,5365,24824,20556,498,240,51483,2366,420,91,2177,389,84,2335,400,89,2366,420,91,Finisher,1311
kou,xiaolong,kou xiaolong,414,M50-54,Male,北京,BJ,China,CN,1:40:48,7:26:31,4:44:14,0:18:06,0:09:02,14:18:41,6048,26791,17054,1086,542,51521,2367,1947,162,2411,1961,156,2497,2026,166,2367,1947,162,Finisher,1158
Marie,GRICZAN,Marie GRICZAN,2787,F18-24,Female,Luxembourg,Luxembourg,Luxembourg,LU,2:02:46,6:59:58,4:59:17,0:09:30,0:07:29,14:18:59,7366,25198,17957,570,449,51539,2368,421,46,2498,470,49,2477,459,48,2368,421,46,Finisher,1496
Peter,Sztuk Veie,Peter Sztuk Veie,2615,M25-29,Male,Næstved,SJÆLLAND,Denmark,DK,1:28:55,6:41:10,5:52:12,0:09:01,0:07:51,14:19:10,5335,24070,21132,541,471,51550,2369,1948,490,2155,1773,463,2248,1886,481,2369,1948,490,Finisher,1000
Emil Rønning,Bech,Emil Rønning Bech,1240,M30-34,Male,"
København",,Denmark,DK,1:31:15,6:49:06,5:40:38,0:11:24,0:06:50,14:19:14,5475,24546,20438,684,410,51554,2370,1949,315,2247,1846,309,2341,1940,311,2370,1949,315,Finisher,1000
Jan,Claré,Jan Claré,2203,M55-59,Male,Roskilde,DK-85,Denmark,DK,1:27:31,7:05:44,5:29:05,0:08:29,0:08:41,14:19:30,5251,25544,19745,509,521,51570,2371,1950,87,2083,1714,79,2395,1971,92,2371,1950,87,Finisher,1323
Carys,Haf,Carys Haf,555,F30-34,Female,Norwich,NFK,United Kingdom,GB,1:10:25,6:46:31,6:07:10,0:06:47,0:08:39,14:19:33,4225,24391,22030,407,519,51573,2372,422,92,733,105,27,2126,331,73,2372,422,92,Finisher,1293
Anette,Østerlund,Anette Østerlund,1034,F50-54,Female,Køge,SJÆLLAND,Denmark,DK,1:25:03,6:54:39,5:41:38,0:09:46,0:08:35,14:19:41,5103,24879,20498,586,515,51581,2373,423,24,1936,333,19,2320,392,21,2373,423,24,Finisher,1521
Michael,Polak,Michael Polak,1540,M60-64,Male,Willich,NW,Germany,DE,1:27:17,7:23:09,5:12:47,0:11:42,0:05:00,14:19:55,5237,26589,18767,702,300,51595,2374,1951,50,2072,1704,41,2457,2004,60,2374,1951,50,Finisher,1939
Halldora Gyda,Matthiasdottir Proppé,Halldora Gyda Matthiasdottir Proppé,2275,F55-59,Female,GARDABAER,,Iceland,IS,1:32:31,6:55:20,5:30:44,0:09:24,0:12:08,14:20:07,5551,24920,19844,564,728,51607,2375,424,17,2282,412,23,2369,413,21,2375,424,17,Finisher,3038
Marco ,Schwarzer ,Marco Schwarzer,548,M50-54,Male,Falkensee,Brandenburg,Germany,DE,1:34:45,6:51:39,5:17:30,0:23:34,0:12:41,14:20:10,5685,24699,19050,1414,761,51610,2376,1952,163,2339,1912,148,2427,1986,164,2376,1952,163,Finisher,1140
Leanne,Maude,Leanne Maude,1463,F40-44,Female,Todmorden,GB-England,United Kingdom,GB,1:25:56,7:07:57,5:26:07,0:11:43,0:08:26,14:20:10,5156,25677,19567,703,506,51610,2377,425,29,1983,344,17,2408,431,27,2377,425,29,Finisher,2011
Gerhard,Hansen,Gerhard Hansen,605,M65-69,Male,Neumünster,Schleswig-Holstein,Germany,DE,1:27:24,6:53:02,5:35:11,0:16:53,0:08:06,14:20:36,5244,24782,20111,1013,486,51636,2378,1953,14,2076,1707,6,2370,1957,15,2378,1953,14,Finisher,2958
Chris,Branch,Chris Branch,1600,M50-54,Male,lynchburg,TN,United States,US,1:37:09,6:42:32,5:42:22,0:09:56,0:08:38,14:20:36,5829,24152,20542,596,518,51636,2379,1954,164,2369,1933,153,2321,1929,157,2379,1954,164,Finisher,1135
James,Carr,James Carr,2281,M40-44,Male,Crawley,England,United Kingdom,GB,1:45:33,6:47:42,5:32:14,0:09:53,0:05:16,14:20:38,6333,24462,19934,593,316,51638,2380,1955,182,2452,1991,189,2403,1973,186,2380,1955,182,Finisher,1000
Bálint,Dr. Csikós,Bálint Dr. Csikós,2470,M30-34,Male,Budapest,Budapest,Hungary,HU,1:24:56,7:02:32,5:28:35,0:14:23,0:10:22,14:20:48,5096,25352,19715,863,622,51648,2381,1956,316,1926,1596,267,2397,1972,315,2381,1956,316,Finisher,1000
Katie,Clark,Katie Clark,1347,F18-24,Female,hull,ERY,United Kingdom,GB,1:29:21,7:40:49,4:54:37,0:10:29,0:06:06,14:21:22,5361,27649,17677,629,366,51682,2382,426,47,2176,388,42,2494,470,49,2382,426,47,Finisher,1467
Bastien,Gardelle,Bastien Gardelle,2466,M40-44,Male,Saint-Médard-en-Jalles,Nouvelle-Aquitaine,France,FR,1:29:01,6:50:16,5:48:10,0:09:41,0:04:14,14:21:22,5341,24616,20890,581,254,51682,2383,1957,183,2159,1777,163,2317,1927,182,2383,1957,183,Finisher,1000
Kasper Juhl,Weinreich,Kasper Juhl Weinreich,854,M35-39,Male,Søborg,Copenhagen,Denmark,DK,1:50:11,6:57:05,5:12:45,0:10:04,0:11:51,14:21:56,6611,25025,18765,604,711,51716,2384,1958,218,2475,2009,223,2445,1996,222,2384,1958,218,Finisher,1000
Henry,Mai,Henry Mai,1704,M30-34,Male,Oslo,OSLO,Norway,NO,1:30:20,6:37:38,6:03:50,0:06:51,0:04:13,14:22:52,5420,23858,21830,411,253,51772,2385,1959,317,2215,1819,304,2205,1856,302,2385,1959,317,Finisher,1000
Becca,Wang,Becca Wang,891,F25-29,Female,London ,"LONDON, CITY OF",China,CN,1:33:52,7:15:24,5:02:49,0:20:56,0:09:53,14:22:54,5632,26124,18169,1256,593,51774,2386,427,137,2323,423,132,2475,458,138,2386,427,137,Finisher,1205
Allen,Wigglesworth,Allen Wigglesworth,2355,M60-64,Male,Sønderborg,SYDDANMARK,Denmark,DK,1:18:39,6:17:48,6:28:39,0:12:17,0:05:38,14:23:02,4719,22668,23319,737,338,51782,2387,1960,51,1477,1236,22,1950,1667,33,2387,1960,51,Finisher,1901
Monsamat,Thutiyakul,Monsamat Thutiyakul,979,M45-49,Male,"Nongbon, Pravet",,Thailand,TH,1:27:16,6:44:22,5:50:45,0:12:25,0:08:19,14:23:08,5236,24262,21045,745,499,51788,2388,1961,152,2071,1703,115,2282,1906,145,2388,1961,152,Finisher,1000
Maria,Meinert,Maria Meinert,910,F25-29,Female,københavn nv,Copenhagen,Denmark,DK,1:30:19,7:27:38,5:07:14,0:11:51,0:07:01,14:24:04,5419,26858,18434,711,421,51844,2389,428,138,2211,396,127,2474,457,137,2389,428,138,Finisher,1191
Lisa,Sutherland,Lisa Sutherland,974,F50-54,Female,Stowmarket,SUFFOLK,United Kingdom,GB,1:22:06,7:01:20,5:43:05,0:10:05,0:08:25,14:25:02,4926,25280,20585,605,505,51902,2390,429,25,1736,292,16,2353,405,23,2390,429,25,Finisher,1457
Parthomwud,Sakultham,Parthomwud Sakultham,897,M45-49,Male,Parnarkon,Thaiand,Thailand,TH,1:30:48,6:55:18,5:41:56,0:11:21,0:06:00,14:25:23,5448,24918,20516,681,360,51923,2391,1962,153,2232,1834,130,2371,1958,155,2391,1962,153,Finisher,1000
Taina,Teileri,Taina Teileri,2260,F55-59,Female,Helsinki,Helsinki,Finland,FI,1:23:43,6:35:19,6:09:57,0:11:37,0:04:56,14:25:31,5023,23719,22197,697,296,51931,2392,430,18,1848,319,12,2182,346,14,2392,430,18,Finisher,2973
Ashlea,Cork,Ashlea Cork,276,F35-39,Female,Gloucestershire,GLOUCESTERSHIRE,United Kingdom,GB,1:38:16,6:53:24,5:40:25,0:07:11,0:06:38,14:25:54,5896,24804,20425,431,398,51954,2393,431,48,2380,440,45,2379,416,47,2393,431,48,Finisher,1146
Valentijn,Vanhee,Valentijn Vanhee,1630,M35-39,Male,Gent,Flemish Region,Belgium,BE,1:23:31,6:37:08,6:03:06,0:11:43,0:10:26,14:25:54,5011,23828,21786,703,626,51954,2394,1963,219,1836,1522,167,2197,1848,207,2394,1963,219,Finisher,1000
Martin,Sedin,Martin Sedin,2744,F55-59,Male,Limhamn,,Sweden,SE,1:16:58,6:02:00,6:49:26,0:09:38,0:08:04,14:26:05,4618,21720,24566,578,484,51965,2395,432,19,1328,218,5,1696,222,6,2395,432,19,Finisher,2966
Simon,Mathiesen,Simon Mathiesen,1821,M25-29,Male,Aalborg,North Jütland,Denmark,DK,1:30:46,7:15:42,5:07:27,0:18:18,0:14:04,14:26:17,5446,26142,18447,1098,844,51977,2396,1964,491,2231,1833,471,2464,2010,494,2396,1964,491,Finisher,1000
Stefan,Bjurberg,Stefan Bjurberg,1911,M60-64,Male,Lund,SE-M,Sweden,SE,1:28:50,6:32:49,6:06:03,0:11:10,0:07:53,14:26:45,5330,23569,21963,670,473,52005,2397,1965,52,2149,1769,45,2200,1851,45,2397,1965,52,Finisher,1857
Ann-Marie,Hughes ,Ann-Marie Hughes,952,F60-64,Female,Edinburgh ,GB-SCT,United Kingdom,GB,1:46:36,7:19:08,4:50:47,0:15:28,0:15:04,14:27:03,6396,26348,17447,928,904,52023,2398,433,7,2459,465,8,2495,471,9,2398,433,7,Finisher,3268
Victoria ,Cuthbertson,Victoria Cuthbertson,1192,F50-54,Female,Gateshead,TWR,United Kingdom,GB,1:27:12,6:48:16,5:49:46,0:10:53,0:11:05,14:27:11,5232,24496,20986,653,665,52031,2399,434,26,2065,366,21,2295,381,20,2399,434,26,Finisher,1431
Anna,Wild,Anna Wild,923,F30-34,Female,Newton Nottingham ,NOTTINGHAM,United Kingdom,GB,1:09:22,6:46:09,6:17:38,0:07:45,0:08:27,14:29:20,4162,24369,22658,465,507,52160,2400,435,93,645,86,18,2123,330,72,2400,435,93,Finisher,1176
Giles,Witheat,Giles Witheat,1907,M50-54,Male,Ampthill,BDF,United Kingdom,GB,1:47:42,6:35:27,5:48:06,0:09:25,0:08:41,14:29:22,6462,23727,20886,565,521,52162,2401,1966,165,2467,2002,164,2345,1942,159,2401,1966,165,Finisher,1030
Daniel,Von Bartenwerffer,Daniel Von Bartenwerffer,1662,M40-44,Male,Bonn,DE-NW,Germany,DE,1:14:31,6:44:51,6:17:43,0:07:23,0:05:15,14:29:44,4471,24291,22663,443,315,52184,2402,1967,184,1132,957,90,2154,1817,167,2402,1967,184,Finisher,1000
Lei,Qiao,Lei Qiao,413,M45-49,Male,beijing,Beijing,China,CN,1:36:35,6:33:01,6:00:52,0:12:01,0:07:39,14:30:09,5795,23581,21652,721,459,52209,2403,1968,154,2362,1929,151,2262,1896,143,2403,1968,154,Finisher,1000
Henrik,Bertelsen,Henrik Bertelsen,1882,M35-39,Male,Odense SØ,Fyn,Denmark,DK,1:50:58,6:16:33,6:04:47,0:13:23,0:06:41,14:32:22,6658,22593,21887,803,401,52342,2404,1969,220,2476,2010,224,2260,1894,212,2404,1969,220,Finisher,1000
Mads,Hansen,Mads Hansen,2227,M30-34,Male,Agerbæk,Southern Jutland,Denmark,DK,1:26:35,6:41:18,6:09:27,0:10:34,0:04:37,14:32:33,5195,24078,22167,634,277,52353,2405,1970,318,2025,1668,277,2241,1880,305,2405,1970,318,Finisher,1000
Ismail,El-Faramawi,Ismail El-Faramawi,1881,M25-29,Male,Odense SØ,SYDDANMARK,Denmark,DK,1:29:39,6:32:39,6:09:22,0:13:01,0:08:00,14:32:41,5379,23559,22162,781,480,52361,2406,1971,492,2185,1795,465,2213,1861,479,2406,1971,492,Finisher,1000
Katja,Jääskeläinen,Katja Jääskeläinen,179,F50-54,Female,Helsinki,FI-18,Finland,FI,1:32:12,6:57:58,5:33:33,0:18:42,0:10:51,14:33:16,5532,25078,20013,1122,651,52396,2407,436,27,2275,409,25,2419,437,28,2407,436,27,Finisher,1358
Kirsty,Cary,Kirsty Cary,1872,F45-49,Female,Upton Noble,Somerset,United Kingdom,GB,1:22:40,7:01:27,5:56:03,0:06:33,0:09:05,14:35:49,4960,25287,21363,393,545,52549,2408,437,27,1779,302,21,2328,396,24,2408,437,27,Finisher,1498
Johnny,Mckay,Johnny Mckay,248,M60-64,Male,Dublin 4,DUBLIN,Ireland,IE,1:42:05,6:47:50,5:38:42,0:17:14,0:10:48,14:36:39,6125,24470,20322,1034,648,52599,2409,1972,53,2425,1971,57,2413,1980,56,2409,1972,53,Finisher,1738
Emerson,Schaeffer,Emerson Schaeffer,2621,M30-34,Male,Edinburgh,GB-MLN,United States,US,1:22:24,7:55:48,5:03:13,0:10:14,0:06:50,14:38:30,4944,28548,18193,614,410,52710,2410,1973,319,1758,1462,252,2499,2028,322,2410,1973,319,Finisher,1000
Louise ,Arvad Morris Hey,Louise Arvad Morris Hey,2524,F45-49,Female,Odense,Fyn,Denmark,DK,2:05:13,7:03:32,5:16:16,0:09:53,0:03:39,14:38:32,7513,25412,18976,593,219,52712,2411,438,28,2500,471,36,2490,466,34,2411,438,28,Finisher,1465
Shona,Rust,Shona Rust,817,F50-54,Female,Gosport,GB-HAM,United Kingdom,GB,1:29:45,7:31:24,5:23:39,0:08:11,0:05:37,14:38:36,5385,27084,19419,491,337,52716,2412,439,28,2188,391,23,2473,456,32,2412,439,28,Finisher,1294
Sittpanai,asavavimol​,Sittpanai asavavimol​,978,M45-49,Male,Bangkok,KRUNG THEP MAHA NAKHON,Thailand,TH,1:34:07,7:14:10,5:32:54,0:11:23,0:06:43,14:39:17,5647,26050,19974,683,403,52757,2413,1974,155,2327,1903,148,2454,2001,161,2413,1974,155,Finisher,1000
Øivind,Finne Kielland,Øivind Finne Kielland,195,M45-49,Male,Snarøya,NO-02,Norway,NO,1:30:36,7:32:30,5:12:18,0:13:19,0:11:07,14:39:50,5436,27150,18738,799,667,52790,2414,1975,156,2225,1827,129,2487,2022,166,2414,1975,156,Finisher,1000
Kelli-Ann,Hodgson,Kelli-Ann Hodgson,1986,F50-54,Female,Teignmouth,Devon,United Kingdom,GB,1:44:48,6:48:12,5:49:49,0:08:33,0:09:09,14:40:31,6288,24492,20989,513,549,52831,2415,440,29,2447,459,30,2393,423,26,2415,440,29,Finisher,1271
Knud,Westphal Eriksen ,Knud Westphal Eriksen,1014,M60-64,Male,Vedbæk,Copenhagen,Denmark,DK,1:27:44,6:49:10,6:01:23,0:14:51,0:07:35,14:40:42,5264,24550,21683,891,455,52842,2416,1976,54,2097,1725,42,2340,1939,52,2416,1976,54,Finisher,1689
Karol,Cyrklewicz,Karol Cyrklewicz,2634,M40-44,Male,Koszalin,,Poland,PL,1:32:55,6:53:04,5:55:41,0:11:03,0:08:04,14:40:48,5575,24784,21341,663,484,52848,2417,1977,185,2298,1882,177,2368,1956,184,2417,1977,185,Finisher,1000
Jacob,Ryom,Jacob Ryom,385,M55-59,Male,4200,SJÆLLAND,Denmark,DK,1:20:04,6:47:49,6:11:02,0:11:19,0:10:48,14:41:01,4804,24469,22262,679,648,52861,2418,1978,88,1587,1326,55,2249,1887,86,2418,1978,88,Finisher,1065
Anders,Sjoberg,Anders Sjoberg,2746,M55-59,Male,Malmo,,Sweden,SE,2:03:59,6:00:13,6:15:03,0:13:34,0:09:12,14:42:02,7439,21613,22503,814,552,52922,2419,1979,89,2499,2029,96,2235,1875,84,2419,1979,89,Finisher,1053
Vicki,Mcgregor,Vicki Mcgregor,1428,F40-44,Female,London,GB-ENG,United Kingdom,GB,1:28:10,7:17:22,5:41:55,0:09:43,0:04:56,14:42:05,5290,26242,20515,583,296,52925,2420,441,30,2116,374,19,2440,447,31,2420,441,30,Finisher,1748
David,Roher,David Roher,2110,M55-59,Male,Teaneck,NJ,United States,US,1:24:08,7:10:19,5:47:03,0:12:54,0:07:58,14:42:22,5048,25819,20823,774,478,52942,2421,1980,90,1873,1551,65,2415,1981,93,2421,1980,90,Finisher,1049
Peter,Prince,Peter Prince,281,M60-64,Male,Reigate,SURREY,United Kingdom,GB,1:41:19,6:32:35,6:12:03,0:08:51,0:08:42,14:43:30,6079,23555,22323,531,522,53010,2422,1981,55,2417,1966,55,2269,1900,49,2422,1981,55,Finisher,1656
Nete Yom,Knudsen,Nete Yom Knudsen,2008,F45-49,Female,Nørre Nebel,,Denmark,DK,1:44:51,7:14:11,5:17:43,0:14:50,0:12:00,14:43:35,6291,26051,19063,890,720,53015,2423,442,29,2448,460,33,2480,461,30,2423,442,29,Finisher,1404
Danny,Curtis,Danny Curtis,270,M25-29,Male,Basildon,GB-ESS,United Kingdom,GB,1:16:08,6:34:16,6:39:37,0:07:54,0:05:56,14:43:51,4568,23656,23977,474,356,53031,2424,1982,493,1258,1057,298,2063,1755,463,2424,1982,493,Finisher,1000
Åsa,Stening,Åsa Stening,2547,F50-54,Female,Alingsås,,Sweden,SE,1:13:05,7:05:40,6:03:56,0:11:10,0:10:24,14:44:15,4385,25540,21836,670,624,53055,2425,443,30,1004,146,5,2325,393,22,2425,443,30,Finisher,1226
Bruno,Sánchez-Andrade Nuño,Bruno Sánchez-Andrade Nuño,1500,M45-49,Male,København,Copenhagen,Spain,ES,1:30:04,6:54:34,6:03:51,0:08:53,0:07:34,14:44:56,5404,24874,21831,533,454,53096,2426,1983,157,2204,1810,126,2352,1948,152,2426,1983,157,Finisher,1000
Julie,Fletcher-Fox,Julie Fletcher-Fox,1638,F55-59,Female,Moulton,CHS,United Kingdom,GB,1:20:32,6:52:22,6:14:52,0:09:23,0:07:56,14:45:04,4832,24742,22492,563,476,53104,2427,444,20,1617,270,8,2267,368,15,2427,444,20,Finisher,2739
Parwa ,Gharib Taha,Parwa Gharib Taha,1581,F18-24,Female,Tilst,Central Jutland,Denmark,DK,1:36:39,7:06:09,5:49:15,0:07:19,0:07:06,14:46:28,5799,25569,20955,439,426,53188,2428,445,48,2363,434,47,2428,442,45,2428,445,48,Finisher,1166
Slavka,Kompasova,Slavka Kompasova,253,F60-64,Female,Bratislava,Bratislava Region,Slovakia,SK,1:33:45,7:12:52,5:44:36,0:09:54,0:06:05,14:47:12,5625,25972,20676,594,365,53232,2429,446,8,2320,422,6,2444,449,8,2429,446,8,Finisher,3026
Laura,Hodgson,Laura Hodgson,1388,F30-34,Female,Driffield,GB-England,United Kingdom,GB,1:31:38,7:00:14,5:58:56,0:08:01,0:08:25,14:47:13,5498,25214,21536,481,505,53233,2430,447,94,2257,405,87,2385,419,94,2430,447,94,Finisher,1000
Jessie,Firing,Jessie Firing,224,M25-29,Male,Dordrecht,ZUID-HOLLAND,Netherlands,NL,1:19:32,6:27:20,6:42:35,0:10:49,0:08:03,14:48:18,4772,23240,24155,649,483,53298,2431,1984,494,1558,1302,369,2058,1750,460,2431,1984,494,Finisher,1000
Remi Eystberg,Johannesen,Remi Eystberg Johannesen,996,M35-39,Male,"
København N",,Denmark,DK,1:23:10,6:43:42,6:21:21,0:13:25,0:07:39,14:49:17,4990,24222,22881,805,459,53357,2432,1985,221,1816,1505,161,2256,1891,211,2432,1985,221,Finisher,1000
Amine,Kassim,Amine Kassim,970,M30-34,Male,København,DK-84,Denmark,DK,1:51:58,6:25:25,6:13:37,0:11:06,0:07:17,14:49:23,6718,23125,22417,666,437,53363,2433,1986,320,2477,2011,321,2316,1926,309,2433,1986,320,Finisher,1000
Carsten,Petersen,Carsten Petersen,687,M60-64,Male,"
Køge",,Denmark,DK,1:54:14,5:45:38,6:37:26,0:18:29,0:14:07,14:49:54,6854,20738,23846,1109,847,53394,2434,1987,56,2486,2019,60,2064,1756,38,2434,1987,56,Finisher,1579
Igor,Różanka,Igor Różanka,1755,M18-24,Male,Tarnów,PL-MA,Poland,PL,1:20:59,7:02:36,6:04:33,0:09:28,0:12:28,14:50:04,4859,25356,21873,568,748,53404,2435,1988,283,1661,1387,215,2346,1943,278,2435,1988,283,Finisher,1000
Heidi,Harjanne,Heidi Harjanne,2261,F55-59,Female,Stockholm,,Sweden,SE,1:23:08,7:15:28,5:48:45,0:13:21,0:10:17,14:50:59,4988,26128,20925,801,617,53459,2436,448,21,1814,310,10,2434,445,25,2436,448,21,Finisher,2668
David,Park,David Park,530,M55-59,Male,Stevenson Ranch,CA,United States,US,1:26:37,6:29:31,6:39:51,0:08:21,0:06:55,14:51:14,5197,23371,23991,501,415,53474,2437,1989,91,2029,1672,74,2129,1797,78,2437,1989,91,Finisher,1000
Denis,Santos,Denis Santos,2702,M40-44,Male,Svedala,SKANE LAN [SE-12],Brazil,BR,1:32:43,7:16:58,5:42:47,0:12:42,0:07:20,14:52:30,5563,26218,20567,762,440,53550,2438,1990,186,2290,1876,176,2459,2006,189,2438,1990,186,Finisher,1000
Tara,Kinlin,Tara Kinlin,1464,F30-34,Female,Blackburn,GB-Lancashire,United Kingdom,GB,1:28:37,7:37:21,5:28:41,0:09:38,0:09:16,14:53:32,5317,27441,19721,578,556,53612,2439,449,95,2140,378,80,2485,465,98,2439,449,95,Finisher,1000
Sarah,Hunter,Sarah Hunter,1450,F45-49,Female,Bournemouth,GB-Dorset,United Kingdom,GB,1:46:06,6:42:34,6:12:34,0:08:22,0:05:13,14:54:49,6366,24154,22354,502,313,53689,2440,450,30,2457,464,34,2367,412,25,2440,450,30,Finisher,1270
Struan,Lownie,Struan Lownie,2711,M45-49,Male,Knutsford,GB-CHE,United Kingdom,GB,1:08:42,7:03:32,6:25:43,0:09:53,0:07:00,14:54:49,4122,25412,23143,593,420,53689,2441,1991,158,593,518,37,2265,1898,144,2441,1991,158,Finisher,1000
Kerstin,Wüst,Kerstin Wüst,561,F55-59,Female,Korntal-Münchingen,BW,Germany,DE,1:27:42,7:01:36,6:02:48,0:10:26,0:13:08,14:55:41,5262,25296,21768,626,788,53741,2442,451,22,2095,372,19,2383,418,22,2442,451,22,Finisher,2611
Ginetta,George,Ginetta George,1099,F60-64,Female,Dorking,GB-SRY,United Kingdom,GB,1:52:08,6:44:23,6:05:42,0:09:46,0:04:07,14:56:06,6728,24263,21942,586,247,53766,2443,452,9,2478,467,9,2412,433,7,2443,452,9,Finisher,2919
Morten,Fly,Morten Fly,1697,M65-69,Male,"
Aalborg",NORDJYLLAND,Denmark,DK,1:25:08,6:13:49,6:55:18,0:11:40,0:10:14,14:56:10,5108,22429,24918,700,614,53770,2444,1992,15,1940,1606,4,1968,1682,7,2444,1992,15,Finisher,2531
Stine,Johansen,Stine Johansen,1926,F50-54,Female,Frederiksberg,DK-84,Denmark,DK,1:33:52,6:58:24,6:04:32,0:08:59,0:10:26,14:56:13,5632,25104,21872,539,626,53773,2445,453,31,2324,424,26,2392,422,25,2445,453,31,Finisher,1083
Mandy,Holah,Mandy Holah,1800,F55-59,Female,Bridlington ,England,United Kingdom,GB,1:27:01,7:05:07,6:05:30,0:09:27,0:09:23,14:56:27,5221,25507,21930,567,563,53787,2446,454,23,2055,365,16,2394,424,23,2446,454,23,Finisher,2602
Martijn,Krijger,Martijn Krijger,1869,M45-49,Male,Rotterdam,NL-ZH,Netherlands,NL,1:41:35,6:44:57,6:10:26,0:11:13,0:08:21,14:56:32,6095,24297,22226,673,501,53792,2447,1993,159,2419,1967,157,2373,1959,156,2447,1993,159,Finisher,1000
Nikolai,Pedersen,Nikolai Pedersen,2465,M18-24,Male,Vestbjerg,NORDJYLLAND,Denmark,DK,1:17:14,8:01:59,5:20:33,0:11:43,0:05:40,14:57:09,4634,28919,19233,703,340,53829,2448,1994,284,1356,1135,166,2500,2029,286,2448,1994,284,Finisher,1000
Himanshu,Puri,Himanshu Puri,783,M35-39,Male,Gurgaon,IN-HARYANA,India,IN,1:24:14,7:26:03,5:55:49,0:06:04,0:05:01,14:57:11,5054,26763,21349,364,301,53831,2449,1995,222,1884,1561,174,2443,1995,221,2449,1995,222,Finisher,1000
Martin,Schwendenwein,Martin Schwendenwein,1249,M60-64,Male,Pottendorf,AT-3,Austria,AT,1:27:57,7:11:12,5:50:00,0:17:06,0:11:02,14:57:17,5277,25872,21000,1026,662,53837,2450,1996,57,2105,1733,43,2442,1994,58,2450,1996,57,Finisher,1490
Casey,Woodcock,Casey Woodcock,302,M30-34,Male,Barnsley,SYK,United Kingdom,GB,1:45:33,7:07:40,5:53:14,0:07:17,0:03:35,14:57:20,6333,25660,21194,437,215,53840,2451,1997,321,2451,1990,319,2456,2003,319,2451,1997,321,Finisher,1000
Ronny,Sloht Andersen,Ronny Sloht Andersen,1253,M60-64,Male,Aalborg SV,,Denmark,DK,1:53:03,6:54:21,5:55:00,0:10:21,0:04:52,14:57:37,6783,24861,21300,621,292,53857,2452,1998,58,2483,2016,59,2447,1998,59,2452,1998,58,Finisher,1486
Fredrik,Gustafsson,Fredrik Gustafsson,219,M45-49,Male,Rydebäck,SKANE LAN [SE-12],Sweden,SE,1:14:14,7:18:06,6:05:22,0:13:42,0:06:56,14:58:20,4454,26286,21922,822,416,53900,2453,1999,160,1103,934,62,2410,1978,158,2453,1999,160,Finisher,1000
Paul,Kennedy-Bruyneels,Paul Kennedy-Bruyneels,796,M55-59,Male,Bovey Tracey,DEV,United Kingdom,GB,1:21:37,6:30:50,6:45:12,0:13:00,0:07:50,14:58:30,4897,23450,24312,780,470,53910,2454,2000,92,1708,1424,57,2138,1803,79,2454,2000,92,Finisher,1000
Charlie,Williams,Charlie Williams,838,M18-24,Male,Slough,UNITED KINGDOM,United Kingdom,GB,1:33:15,7:33:32,5:39:17,0:08:06,0:05:37,14:59:47,5595,27212,20357,486,337,53987,2455,2001,285,2311,1892,273,2484,2020,285,2455,2001,285,Finisher,1000
Jan,Knudsen,Jan Knudsen,1334,M60-64,Male,Kongens Lyngby,HOVEDSTADEN,Denmark,DK,1:28:33,7:01:43,6:13:05,0:08:43,0:08:04,15:00:08,5313,25303,22385,523,484,54008,2456,2002,59,2134,1758,44,2380,1964,54,2456,2002,59,Finisher,1456
Suzanne,Barke,Suzanne Barke,2579,F40-44,Female,Reigate,SURREY,United Kingdom,GB,1:31:53,7:08:59,6:07:31,0:07:47,0:04:05,15:00:15,5513,25739,22051,467,245,54015,2457,455,31,2264,407,24,2417,435,29,2457,455,31,Finisher,1530
Kieran,Pryce,Kieran Pryce,303,M25-29,Male,Hadleigh,SUFFOLK,United Kingdom,GB,1:36:25,7:07:29,5:58:01,0:10:12,0:09:10,15:01:18,5785,25649,21481,612,550,54078,2458,2003,495,2355,1925,484,2439,1993,492,2458,2003,495,Finisher,1000
Joanna,Smit,Joanna Smit,629,F45-49,Female,Maidstone,KY,Poland,PL,1:29:59,7:34:41,5:42:59,0:09:20,0:04:26,15:01:26,5399,27281,20579,560,266,54086,2459,456,31,2199,394,27,2481,462,31,2459,456,31,Finisher,1190
Daniel Kabell,Lindeholm,Daniel Kabell Lindeholm,2755,M18-24,Male,"
Skælskør",SJÆLLAND,Denmark,DK,1:34:34,7:12:50,5:52:47,0:12:01,0:10:56,15:03:07,5674,25970,21167,721,656,54187,2460,2004,286,2337,1910,276,2451,2000,284,2460,2004,286,Finisher,1000
Kauslya,Patel,Kauslya Patel,702,F45-49,Female,Portslade,GB-ESX,United Kingdom,GB,1:37:33,7:21:00,5:41:02,0:15:54,0:08:29,15:03:59,5853,26460,20462,954,509,54239,2461,457,32,2372,437,30,2482,463,32,2461,457,32,Finisher,1160
John,Millerchip,John Millerchip,2230,M55-59,Male,Shrewsbury,GB-SHR,United Kingdom,GB,1:23:27,7:19:00,6:07:37,0:09:49,0:05:46,15:05:39,5007,26340,22057,589,346,54339,2462,2005,93,1830,1517,61,2435,1990,94,2462,2005,93,Finisher,1000
Sophie,Jeffs,Sophie Jeffs,1271,F30-34,Female,Wellingborough,GB-NTH,United Kingdom,GB,1:36:28,6:52:41,6:15:44,0:12:36,0:08:29,15:05:58,5788,24761,22544,756,509,54358,2463,458,96,2358,432,93,2396,425,95,2463,458,96,Finisher,1000
Rachel,Preston,Rachel Preston,1195,F40-44,Female,Leeds,GB-UKM,United Kingdom,GB,1:45:05,7:14:37,5:53:43,0:08:29,0:04:19,15:06:13,6305,26077,21223,509,259,54373,2464,459,32,2450,461,32,2471,455,32,2464,459,32,Finisher,1458
Petch,Wacharasint,Petch Wacharasint,1917,M45-49,Male,"Talaadkwan, Muang Nonthaburi",Nonthaburi,Thailand,TH,1:54:45,7:18:45,5:21:17,0:14:39,0:16:51,15:06:16,6885,26325,19277,879,1011,54376,2465,2006,161,2487,2020,166,2498,2027,167,2465,2006,161,Finisher,1000
Thornthummarat,Limbawornsin,Thornthummarat Limbawornsin,955,M45-49,Male,"Wat arun, Bagngkokyai",,Thailand,TH,1:39:06,7:09:57,5:50:55,0:15:51,0:10:35,15:06:24,5946,25797,21055,951,635,54384,2466,2007,162,2392,1948,156,2465,2011,163,2466,2007,162,Finisher,1000
Aisling,O'Gorman,Aisling O'Gorman,2144,F25-29,Female,Cork,Cork,Ireland,IE,1:39:52,7:24:23,5:34:37,0:15:44,0:12:39,15:07:15,5992,26663,20077,944,759,54435,2467,460,139,2397,446,136,2493,469,139,2467,460,139,Finisher,1000
Samuel,Osei-Nimo,Samuel Osei-Nimo,2229,M45-49,Male,Nottingham,GB-NTT,Ghana,GH,1:56:27,6:57:42,5:53:49,0:11:11,0:08:58,15:08:08,6987,25062,21229,671,538,54488,2468,2008,163,2491,2022,167,2466,2012,164,2468,2008,163,Finisher,1000
Ponkrit,Mantpon,Ponkrit Mantpon,632,M40-44,Male,Sampran,Nakonpathom,Thailand,TH,1:11:12,7:26:21,5:41:13,0:20:48,0:28:42,15:08:17,4272,26781,20473,1248,1722,54497,2469,2009,187,803,691,66,2449,1999,188,2469,2009,187,Finisher,1000
Michael,Saunders,Michael Saunders,405,M60-64,Male,Encinitas,US-CA,United States,US,1:16:26,6:50:30,6:27:05,0:17:56,0:16:52,15:08:50,4586,24630,23225,1076,1012,54530,2470,2010,60,1288,1082,19,2288,1910,50,2470,2010,60,Finisher,1352
Carl- Rafael,Fredson,Carl- Rafael Fredson,2754,M55-59,Male,Malmö,,Sweden,SE,2:08:12,6:54:05,5:40:54,0:16:18,0:09:26,15:08:55,7692,24845,20454,978,566,54535,2471,2011,94,2502,2031,97,2489,2024,96,2471,2011,94,Finisher,1000
Pierre,Lerch,Pierre Lerch,874,M40-44,Male,Paris,ILE-DE-FRANCE,France,FR,1:52:26,7:08:59,5:48:52,0:07:43,0:11:12,15:09:12,6746,25739,20932,463,672,54552,2472,2012,188,2481,2014,192,2472,2017,191,2472,2012,188,Finisher,1000
Randee,Roucoulet,Randee Roucoulet,648,F50-54,Female,SIMSBURY,CT,United States,US,1:28:47,7:18:07,6:04:02,0:12:38,0:06:19,15:09:54,5327,26287,21842,758,379,54594,2473,461,32,2147,380,22,2453,453,31,2473,461,32,Finisher,1000
Maggie,Lawry,Maggie Lawry,462,F55-59,Female,SIMSBURY,CT,United States,US,1:18:44,7:07:34,6:25:12,0:07:56,0:10:34,15:09:59,4724,25654,23112,476,634,54599,2474,462,24,1485,243,6,2357,407,20,2474,462,24,Finisher,2440
Gautam,Agarwal,Gautam Agarwal,835,M40-44,Male,Meerut,,India,IN,1:35:24,7:22:34,5:58:09,0:08:25,0:06:21,15:10:54,5724,26554,21489,505,381,54654,2475,2013,189,2348,1919,181,2469,2015,190,2475,2013,189,Finisher,1000
Ian,Nielsen,Ian Nielsen,399,M50-54,Male,Rødovre,HOVEDSTADEN,Denmark,DK,1:43:58,6:20:51,6:43:27,0:13:52,0:09:07,15:11:14,6238,22851,24207,832,547,54674,2476,2014,166,2439,1983,161,2242,1881,150,2476,2014,166,Finisher,1000
Sarah,Wrang-Rasmussen,Sarah Wrang-Rasmussen,793,F30-34,Female,Birkerød,Nordsjælland,Denmark,DK,1:21:16,6:54:15,6:37:56,0:07:36,0:11:34,15:12:37,4876,24855,23876,456,694,54757,2477,463,97,1681,277,58,2275,373,84,2477,463,97,Finisher,1000
João,Gonçalves,João Gonçalves,2054,M55-59,Male,Lisboa,PT-11,Portugal,PT,1:47:41,7:02:49,6:01:14,0:12:00,0:08:55,15:12:39,6461,25369,21674,720,535,54759,2478,2015,95,2466,2001,93,2460,2007,95,2478,2015,95,Finisher,1000
Kaushik,Nagaraj,Kaushik Nagaraj,2232,M35-39,Male,BROOKLYN,US-NY,India,IN,1:31:41,7:30:53,5:48:47,0:15:42,0:06:00,15:13:03,5501,27053,20927,942,360,54783,2479,2016,223,2259,1854,206,2488,2023,224,2479,2016,223,Finisher,1000
Lars,Nielsen,Lars Nielsen,1797,M55-59,Male,Slagelse,Region Sjælland,Denmark,DK,1:48:01,6:25:25,6:39:13,0:14:41,0:07:31,15:14:51,6481,23125,23953,881,451,54891,2480,2017,96,2469,2004,94,2314,1925,88,2480,2017,96,Finisher,1000
Alaa,Hijazi,Alaa Hijazi,756,M35-39,Male,Copenhagen,NORDJYLLAND,Denmark,DK,1:44:17,7:07:24,6:00:50,0:14:33,0:08:50,15:15:55,6257,25644,21650,873,530,54955,2481,2018,224,2443,1986,220,2468,2014,223,2481,2018,224,Finisher,1000
Nyrie,Hopkins,Nyrie Hopkins,678,F55-59,Female,Allambie,NSW,Australia,AU,1:25:01,6:53:54,6:43:24,0:09:03,0:04:46,15:16:06,5101,24834,24204,543,286,54966,2482,464,25,1933,332,13,2310,388,17,2482,464,25,Finisher,2366
Matthew,Hopkins,Matthew Hopkins,679,M60-64,Male,Allambie,NSW,Australia,AU,1:26:27,6:51:00,6:41:00,0:10:39,0:07:05,15:16:11,5187,24660,24060,639,425,54971,2483,2019,61,2016,1661,40,2313,1924,51,2483,2019,61,Finisher,1263
Fazli,Shamsuddin,Fazli Shamsuddin,872,M45-49,Male,Malaysia,SELANGOR,Malaysia,MY,1:32:50,6:26:01,6:55:43,0:13:03,0:10:53,15:18:29,5570,23161,24943,783,653,55109,2484,2020,164,2294,1878,140,2192,1844,136,2484,2020,164,Finisher,1000
Kathrin,Hardiman,Kathrin Hardiman,1110,F45-49,Female,Herfølge,,Denmark,DK,1:44:47,7:08:52,5:52:48,0:20:52,0:12:01,15:19:20,6287,25732,21168,1252,721,55160,2485,465,33,2446,458,32,2483,464,33,2485,465,33,Finisher,1000
Kiran,Thomas,Kiran Thomas,1964,M45-49,Male,Broxbourne,HRT,India,IN,1:43:19,7:12:44,5:52:03,0:16:50,0:15:31,15:20:27,6199,25964,21123,1010,931,55227,2486,2021,165,2432,1976,158,2478,2019,165,2486,2021,165,Finisher,1000
Jay,Kingphakorn,Jay Kingphakorn,888,M45-49,Male,"Wongsawang,  BangSue",TH-10,Thailand,TH,1:27:02,6:40:07,6:59:47,0:07:45,0:07:33,15:22:15,5222,24007,25187,465,453,55335,2487,2022,166,2057,1692,112,2208,1857,138,2487,2022,166,Finisher,1000
Jill,Shaffer,Jill Shaffer,443,F65-69,Female,VENTURA,CA,United States,US,1:11:54,7:04:26,6:47:12,0:09:15,0:10:07,15:22:55,4314,25466,24432,555,607,55375,2488,466,3,887,129,1,2292,380,3,2488,466,3,Finisher,3250
Krit,Limpiteep,Krit Limpiteep,884,M45-49,Male,kannayao,TH-12,Thailand,TH,1:20:31,6:47:37,7:00:24,0:10:01,0:05:05,15:23:39,4831,24457,25224,601,305,55419,2489,2023,167,1615,1346,87,2238,1877,141,2489,2023,167,Finisher,1000
Nicolai,Zahle Laursen,Nicolai Zahle Laursen,747,M30-34,Male,Slangerup,DK-85,Denmark,DK,1:28:54,7:25:47,6:08:25,0:10:58,0:09:54,15:23:58,5334,26747,22105,658,594,55438,2490,2024,322,2153,1772,298,2467,2013,321,2490,2024,322,Finisher,1000
Mohd Safzan,Mohd Mukhtar,Mohd Safzan Mohd Mukhtar,662,M40-44,Male,Kajang,SELANGOR,Malaysia,MY,1:21:24,6:20:40,7:16:17,0:10:03,0:15:58,15:24:22,4884,22840,26177,603,958,55462,2491,2025,190,1692,1411,127,1985,1695,155,2491,2025,190,Finisher,1000
Sarah-Jane,Luk,Sarah-Jane Luk,1607,F45-49,Female,Fordingbridge,HAM,United Kingdom,GB,1:34:17,7:33:42,6:02:03,0:11:13,0:04:59,15:26:14,5657,27222,21723,673,299,55574,2492,467,34,2332,426,29,2492,468,36,2492,467,34,Finisher,1000
Lars,Sandgreen,Lars Sandgreen,1674,M65-69,Male,"
Hedensted",MIDTJYLLAND,Denmark,DK,1:30:00,6:45:35,6:51:46,0:11:40,0:15:30,15:34:31,5400,24335,24706,700,930,56071,2493,2026,16,2200,1806,9,2304,1922,14,2493,2026,16,Finisher,2071
Heidi,Lehtokangas,Heidi Lehtokangas,2263,F45-49,Female,Esbo,Esbo,Finland,FI,1:20:13,7:43:24,6:12:23,0:10:06,0:08:37,15:34:45,4813,27804,22343,606,517,56085,2494,468,35,1597,266,18,2479,460,29,2494,468,35,Finisher,1000
Philip,Baxter,Philip Baxter,2247,M55-59,Male,"
Sønderborg",,United Kingdom,GB,1:57:12,7:16:56,5:48:33,0:18:18,0:14:09,15:35:08,7032,26216,20913,1098,849,56108,2495,2027,97,2492,2023,95,2501,2030,97,2495,2027,97,Finisher,1000
Marko Karol,Guldan,Marko Karol Guldan,1982,M25-29,Male,Ivanka pri Dunaji,Bratislavský,Slovakia,SK,1:33:22,7:30:43,6:13:02,0:11:39,0:06:32,15:35:17,5602,27043,22382,699,392,56117,2496,2028,496,2314,1895,481,2486,2021,496,2496,2028,496,Finisher,1000
Tanya,Dineva ,Tanya Dineva,1669,F18-24,Female,Burgas,Burgas,Bulgaria,BG,1:28:50,7:18:39,6:28:45,0:11:57,0:07:19,15:35:30,5330,26319,23325,717,439,56130,2497,469,49,2151,381,41,2452,452,47,2497,469,49,Finisher,1000
Martyn,Chandler,Martyn Chandler,778,M40-44,Male,Watton at Stone,England,United Kingdom,GB,1:40:28,7:03:57,6:32:35,0:13:19,0:08:56,15:39:17,6028,25437,23555,799,536,56357,2498,2029,191,2409,1959,184,2446,1997,187,2498,2029,191,Finisher,1000
Stacey,Atkins,Stacey Atkins,922,F45-49,Female,Newark,England,United Kingdom,GB,1:38:53,7:30:37,6:12:28,0:09:12,0:08:37,15:39:46,5933,27037,22348,552,517,56386,2499,470,36,2389,443,31,2491,467,35,2499,470,36,Finisher,1000
Jack,Stobart,Jack Stobart,2350,M25-29,Male,Fulham,"LONDON, CITY OF",United Kingdom,GB,2:00:26,7:06:14,6:07:51,0:15:18,0:10:20,15:40:09,7226,25574,22071,918,620,56409,2500,2030,497,2496,2027,495,2496,2025,497,2500,2030,497,Finisher,1000
Liv,Parham,Liv Parham,741,F30-34,Female,London,England,United Kingdom,GB,1:35:04,7:17:55,6:31:54,0:09:59,0:05:31,15:40:23,5704,26275,23514,599,331,56423,2501,471,98,2346,429,92,2462,454,97,2501,471,98,Finisher,1000
Erlend,Lysebo,Erlend Lysebo,1,PC/ID,Male,Kvelde,Vestfold,Norway,NO,0:53:49,,,0:12:54,0:00:00,,3229,0,0,774,0,0,99999,99999,99999,99999,99999,99999,99999,99999,99999,99999,99999,99999,DNF,0
Rune,Risgaard,Rune Risgaard,1668,M30-34,Male,5550,SYDDANMARK,Denmark,DK,,,,0:00:00,0:00:00,,0,0,0,0,0,0,99999,99999,99999,99999,99999,99999,99999,99999,99999,99999,99999,99999,DNS,0
Rene,Dalhof,Rene Dalhof,522,M55-59,Male,Roskilde,SJÆLLAND,Denmark,DK,,,,0:00:00,0:00:00,,0,0,0,0,0,0,99999,99999,99999,99999,99999,99999,99999,99999,99999,99999,99999,99999,DNF,0
Emilie,Egholm Bruun Jensen,Emilie Egholm Bruun Jensen,1870,F25-29,Female,Kongens Lyngby,,Denmark,DK,,,,0:00:00,0:00:00,,0,0,0,0,0,0,99999,99999,99999,99999,99999,99999,99999,99999,99999,99999,99999,99999,DNS,0
Rasmus Kirkegaard,Mortensen,Rasmus Kirkegaard Mortensen,157,M45-49,Male,København SV,DK-84,Denmark,DK,,,,0:00:00,0:00:00,,0,0,0,0,0,0,99999,99999,99999,99999,99999,99999,99999,99999,99999,99999,99999,99999,DNS,0
Valentina,De Pascale,Valentina De Pascale,444,F35-39,Female,Fleet,Hampshire,Italy,IT,,,,0:00:00,0:00:00,,0,0,0,0,0,0,99999,99999,99999,99999,99999,99999,99999,99999,99999,99999,99999,99999,DNS,0
Wietse,Ceenaeme,Wietse Ceenaeme,2285,M45-49,Male,Zemst,BE-VLAAMS-BRABANT,Belgium,BE,1:26:44,5:33:46,,0:08:36,0:05:34,,5204,20026,0,516,334,0,99999,99999,99999,99999,99999,99999,99999,99999,99999,99999,99999,99999,DNF,0
Casper,Lykke,Casper Lykke,2213,M30-34,Male,"
8400",Central Jutland,Denmark,DK,1:14:56,5:02:25,,0:08:33,0:03:38,,4496,18145,0,513,218,0,99999,99999,99999,99999,99999,99999,99999,99999,99999,99999,99999,99999,DNF,0
Michael,Donimierski,Michael Donimierski,2444,M45-49,Male,Pulheim,NW,Germany,DE,1:39:48,,,0:14:38,0:00:00,,5988,0,0,878,0,0,99999,99999,99999,99999,99999,99999,99999,99999,99999,99999,99999,99999,DNF,0
Victor ,Lhoest,Victor Lhoest,2791,M25-29,Male,Winnipeg,MANITOBA,Canada,CA,,,,0:00:00,0:00:00,,0,0,0,0,0,0,99999,99999,99999,99999,99999,99999,99999,99999,99999,99999,99999,99999,DQ,0
Mads,Geppel,Mads Geppel,1918,M30-34,Male,København K,DK-85,Denmark,DK,1:23:06,,,0:00:00,0:00:00,,4986,0,0,0,0,0,99999,99999,99999,99999,99999,99999,99999,99999,99999,99999,99999,99999,DNF,0
Stefan,Frederiksen,Stefan Frederiksen,1482,M50-54,Male,Vordingborg,,Denmark,DK,,,,0:00:00,0:00:00,,0,0,0,0,0,0,99999,99999,99999,99999,99999,99999,99999,99999,99999,99999,99999,99999,DNS,0
Christopher Findalen,Bickersteth,Christopher Findalen Bickersteth,1218,M45-49,Male,Frederikssund,Nordsjælland,Denmark,DK,1:40:47,7:45:29,5:34:15,0:13:11,0:06:38,15:20:20,6047,27929,20055,791,398,55220,99999,99999,99999,99999,99999,99999,99999,99999,99999,99999,99999,99999,Unofficial,0
Sebastian,Vistesen,Sebastian Vistesen,486,M25-29,Male,København SV,DK-84,Denmark,DK,,,,0:00:00,0:00:00,,0,0,0,0,0,0,99999,99999,99999,99999,99999,99999,99999,99999,99999,99999,99999,99999,DNS,0
Henrik,Nykjar,Henrik Nykjar,1304,M60-64,Male,Hjorring,DK-81,Denmark,DK,1:31:40,,,0:11:02,0:00:00,,5500,0,0,662,0,0,99999,99999,99999,99999,99999,99999,99999,99999,99999,99999,99999,99999,DNF,0
Lars,Flamand,Lars Flamand,2109,M55-59,Male,København S,DK-85,Denmark,DK,1:21:26,4:59:15,,0:09:29,0:04:38,,4886,17955,0,569,278,0,99999,99999,99999,99999,99999,99999,99999,99999,99999,99999,99999,99999,DNF,0
Tara,Whippey,Tara Whippey,1508,F25-29,Female,reigate,surrey,United Kingdom,GB,1:08:47,6:09:33,,0:06:51,0:03:55,,4127,22173,0,411,235,0,99999,99999,99999,99999,99999,99999,99999,99999,99999,99999,99999,99999,DNF,0
Maja Marie,Burgos Strømmen,Maja Marie Burgos Strømmen,1199,F45-49,Female,Søborg,DK-84,Denmark,DK,,,,0:00:00,0:00:00,,0,0,0,0,0,0,99999,99999,99999,99999,99999,99999,99999,99999,99999,99999,99999,99999,DNS,0
Laura,Szilagyi,Laura Szilagyi,1747,F40-44,Female,Budapest,HU-BU,Hungary,HU,,,,0:00:00,0:00:00,,0,0,0,0,0,0,99999,99999,99999,99999,99999,99999,99999,99999,99999,99999,99999,99999,DNS,0
Rebecca,Duffy,Rebecca Duffy,2077,F30-34,Female,Dromahair,LEITRIM,Ireland,IE,,,,0:00:00,0:00:00,,0,0,0,0,0,0,99999,99999,99999,99999,99999,99999,99999,99999,99999,99999,99999,99999,DNS,0
Daniel,Bojsen,Daniel Bojsen,1356,M35-39,Male,KBHKBH,,Denmark,DK,1:03:24,,,0:03:56,0:00:00,,3804,0,0,236,0,0,99999,99999,99999,99999,99999,99999,99999,99999,99999,99999,99999,99999,DNF,0
Kim,Steen,Kim Steen,1035,M65-69,Male,Holmegård,Sjælland,Denmark,DK,1:52:30,7:00:46,,0:13:35,0:00:00,,6750,25246,0,815,0,0,99999,99999,99999,99999,99999,99999,99999,99999,99999,99999,99999,99999,DNF,0
Niels,Stampe,Niels Stampe,614,M40-44,Male,Copenhagen V,DK-85,Denmark,DK,1:35:18,,,0:12:39,0:00:00,,5718,0,0,759,0,0,99999,99999,99999,99999,99999,99999,99999,99999,99999,99999,99999,99999,DNF,0
Lotte,Egsgaard,Lotte Egsgaard,2123,F55-59,Female,Vallensbæk Strand,DK-85,Denmark,DK,,,,0:00:00,0:00:00,,0,0,0,0,0,0,99999,99999,99999,99999,99999,99999,99999,99999,99999,99999,99999,99999,DNS,0
Iain,Dingwall,Iain Dingwall,181,M55-59,Male,Altrincham,GB-CHESHIRE EAST,United Kingdom,GB,,,,0:00:00,0:00:00,,0,0,0,0,0,0,99999,99999,99999,99999,99999,99999,99999,99999,99999,99999,99999,99999,DQ,0
Md,Firas,Md Firas,658,M18-24,Male,Singapore,NORTH WEST,Singapore,SG,,,,0:00:00,0:00:00,,0,0,0,0,0,0,99999,99999,99999,99999,99999,99999,99999,99999,99999,99999,99999,99999,DNF,0
Cam,Rees,Cam Rees,301,M25-29,Male,Pwllmeyric,GLS,United Kingdom,GB,,,,0:00:00,0:00:00,,0,0,0,0,0,0,99999,99999,99999,99999,99999,99999,99999,99999,99999,99999,99999,99999,DNS,0
Stephen,Magrath,Stephen Magrath,47,M40-44,Male,Gateshead,TWR,United Kingdom,GB,1:11:54,,,0:08:13,0:00:00,,4314,0,0,493,0,0,99999,99999,99999,99999,99999,99999,99999,99999,99999,99999,99999,99999,DNF,0
Saul Rodrigo,Caliz Abella,Saul Rodrigo Caliz Abella,507,M25-29,Male,Aabenraa,DK-83,Spain,ES,1:31:11,7:14:29,,0:08:05,0:07:10,,5471,26069,0,485,430,0,99999,99999,99999,99999,99999,99999,99999,99999,99999,99999,99999,99999,DNF,0
ilan,masarano,ilan masarano,173,M50-54,Male,Zur Yezchak,HAMERKAZ,Israel,IL,,,,0:00:00,0:00:00,,0,0,0,0,0,0,99999,99999,99999,99999,99999,99999,99999,99999,99999,99999,99999,99999,DQ,0
Mikael,Hildebrandt,Mikael Hildebrandt,1309,M55-59,Male,"
København",HOVEDSTADEN,Denmark,DK,,,,0:00:00,0:00:00,,0,0,0,0,0,0,99999,99999,99999,99999,99999,99999,99999,99999,99999,99999,99999,99999,DNS,0
Lasse,Christensen,Lasse Christensen,2429,M18-24,Male,"Kindertofte
Slagelse",DK-85,Denmark,DK,1:16:57,,,0:05:33,0:00:00,,4617,0,0,333,0,0,99999,99999,99999,99999,99999,99999,99999,99999,99999,99999,99999,99999,DNF,0
Christopher Bratting,Kongsted,Christopher Bratting Kongsted,1141,M25-29,Male,København Ø,DK-85,Denmark,DK,1:10:23,,,0:07:13,0:00:00,,4223,0,0,433,0,0,99999,99999,99999,99999,99999,99999,99999,99999,99999,99999,99999,99999,DNF,0
Lars,Plauborg,Lars Plauborg,2430,M45-49,Male,"
Ry",MIDTJYLLAND,Denmark,DK,1:23:45,6:02:03,,0:08:00,0:05:07,,5025,21723,0,480,307,0,99999,99999,99999,99999,99999,99999,99999,99999,99999,99999,99999,99999,DNF,0
Kenneth,Fyrst,Kenneth Fyrst,1178,M40-44,Male,Frederikssund,DK-84,Denmark,DK,1:54:22,4:11:15,,0:09:52,0:00:00,,6862,15075,0,592,0,0,99999,99999,99999,99999,99999,99999,99999,99999,99999,99999,99999,99999,DNF,0
Lucas Axel,Svendsen,Lucas Axel Svendsen,633,M30-34,Male,København,,Denmark,DK,,,,0:00:00,0:00:00,,0,0,0,0,0,0,99999,99999,99999,99999,99999,99999,99999,99999,99999,99999,99999,99999,DQ,0
Helen,Hendy,Helen Hendy,912,F50-54,Female,Wallingford,OXF,United Kingdom,GB,,,,0:00:00,0:00:00,,0,0,0,0,0,0,99999,99999,99999,99999,99999,99999,99999,99999,99999,99999,99999,99999,DNS,0
Lisa,Bach,Lisa Bach,237,F55-59,Female,"
4892",Lolland-Falster,Denmark,DK,1:35:15,7:58:27,6:05:54,0:08:58,0:04:49,15:53:24,5715,28707,21954,538,289,57204,99999,99999,99999,99999,99999,99999,99999,99999,99999,99999,99999,99999,Unofficial,0
Lasse,Maigaard,Lasse Maigaard,1186,M25-29,Male,Vanløse,,Denmark,DK,1:02:43,,,0:05:18,0:00:00,,3763,0,0,318,0,0,99999,99999,99999,99999,99999,99999,99999,99999,99999,99999,99999,99999,DNF,0
Rasmus,Sonne Holm,Rasmus Sonne Holm,755,M18-24,Male,Slagelse,Zealand,Denmark,DK,1:18:53,,,0:06:47,0:00:00,,4733,0,0,407,0,0,99999,99999,99999,99999,99999,99999,99999,99999,99999,99999,99999,99999,DNF,0
Brychan,Williams,Brychan Williams,236,M25-29,Male,Brisbane,QLD,United Kingdom,GB,,,,0:00:00,0:00:00,,0,0,0,0,0,0,99999,99999,99999,99999,99999,99999,99999,99999,99999,99999,99999,99999,DNS,0
Yihan,Wang,Yihan Wang,419,F40-44,Female,beijing,CN-BJ,China,CN,2:03:14,7:16:12,4:26:39,0:15:24,0:07:56,14:09:25,7394,26172,15999,924,476,50965,99999,99999,99999,99999,99999,99999,99999,99999,99999,99999,99999,99999,Unofficial,0
William,Fuglsbjerg,William Fuglsbjerg,29,M18-24,Male,Hvidovre,,Denmark,DK,1:01:32,,,0:03:28,0:00:00,,3692,0,0,208,0,0,99999,99999,99999,99999,99999,99999,99999,99999,99999,99999,99999,99999,DNF,0
Siddharth,Singh,Siddharth Singh,1604,M30-34,Male,Noida,Uttar Pradesh,India,IN,,,,0:00:00,0:00:00,,0,0,0,0,0,0,99999,99999,99999,99999,99999,99999,99999,99999,99999,99999,99999,99999,DNF,0
Maxim,Bourdeaud'Hui,Maxim Bourdeaud'Hui,1922,M25-29,Male,Wortegem-Petegem,Vlaams Gewest,Belgium,BE,1:05:24,4:55:04,,0:05:39,0:02:39,,3924,17704,0,339,159,0,99999,99999,99999,99999,99999,99999,99999,99999,99999,99999,99999,99999,DNF,0
Maja,Kryger,Maja Kryger,417,F18-24,Female,Hillerød,DK-84,Denmark,DK,1:10:10,,,0:03:20,0:00:00,,4210,0,0,200,0,0,99999,99999,99999,99999,99999,99999,99999,99999,99999,99999,99999,99999,DNF,0
Steve,Smith,Steve Smith,682,M60-64,Male,LaCelle Guenand,,United Kingdom,GB,1:12:46,5:31:03,,0:06:17,0:04:27,,4366,19863,0,377,267,0,99999,99999,99999,99999,99999,99999,99999,99999,99999,99999,99999,99999,DNF,0
Simon Damtoft,Sommer,Simon Damtoft Sommer,2337,M40-44,Male,Varde,,Denmark,DK,,,,0:00:00,0:00:00,,0,0,0,0,0,0,99999,99999,99999,99999,99999,99999,99999,99999,99999,99999,99999,99999,DNF,0
Niklas,Marcussen,Niklas Marcussen,686,M18-24,Male,Ishøj,DK-84,Denmark,DK,,,,0:00:00,0:00:00,,0,0,0,0,0,0,99999,99999,99999,99999,99999,99999,99999,99999,99999,99999,99999,99999,DNF,0
Naser,Abdelmaguid,Naser Abdelmaguid,2207,M25-29,Male,Oslo,NO-03,Norway,NO,1:48:30,,,0:16:51,0:00:00,,6510,0,0,1011,0,0,99999,99999,99999,99999,99999,99999,99999,99999,99999,99999,99999,99999,DNF,0
Hans Erik,Høj,Hans Erik Høj,2635,M50-54,Male,Køge,DK-85,Denmark,DK,,,,0:00:00,0:00:00,,0,0,0,0,0,0,99999,99999,99999,99999,99999,99999,99999,99999,99999,99999,99999,99999,DNS,0
YU,LIU,YU LIU,981,M40-44,Male,北京市,CN-BJ,China,CN,,,,0:00:00,0:00:00,,0,0,0,0,0,0,99999,99999,99999,99999,99999,99999,99999,99999,99999,99999,99999,99999,DNS,0
Cecilie,Esbjerg,Cecilie Esbjerg,2214,F30-34,Female,Skødstrup,,Denmark,DK,1:13:48,5:03:38,,0:05:19,0:00:00,,4428,18218,0,319,0,0,99999,99999,99999,99999,99999,99999,99999,99999,99999,99999,99999,99999,DNF,0
Suppachai,Kiatvanichvilai,Suppachai Kiatvanichvilai,902,M40-44,Male,Prawet,KRUNG THEP MAHA NAKHON,Thailand,TH,1:31:02,8:00:35,,0:17:37,0:00:00,,5462,28835,0,1057,0,0,99999,99999,99999,99999,99999,99999,99999,99999,99999,99999,99999,99999,DNF,0
Eddy,Verschueren,Eddy Verschueren,2153,M55-59,Male,Weerde,BE-VBR,Belgium,BE,1:12:30,,,0:06:04,0:00:00,,4350,0,0,364,0,0,99999,99999,99999,99999,99999,99999,99999,99999,99999,99999,99999,99999,DNF,0
Ashley,Craighill,Ashley Craighill,2620,M35-39,Male,Tingley,GB-GBN,United Kingdom,GB,1:12:30,,,0:11:13,0:00:00,,4350,0,0,673,0,0,99999,99999,99999,99999,99999,99999,99999,99999,99999,99999,99999,99999,DNF,0
Morten,Tillisch,Morten Tillisch,1891,M40-44,Male,SkovlundeSkovlunde,,Denmark,DK,,,,0:00:00,0:00:00,,0,0,0,0,0,0,99999,99999,99999,99999,99999,99999,99999,99999,99999,99999,99999,99999,DNS,0
Joachim,Himmelstrup,Joachim Himmelstrup,695,M30-34,Male,Vanløse,DK-84,Denmark,DK,1:15:57,,,0:09:15,0:00:00,,4557,0,0,555,0,0,99999,99999,99999,99999,99999,99999,99999,99999,99999,99999,99999,99999,DNF,0
Andreas Rumin,Kjær,Andreas Rumin Kjær,2731,M25-29,Male,Højbjerg,DK-82,Denmark,DK,0:54:05,4:26:13,,0:03:13,0:03:22,,3245,15973,0,193,202,0,99999,99999,99999,99999,99999,99999,99999,99999,99999,99999,99999,99999,DNF,0
Manuel Henry II,Villacruz,Manuel Henry II Villacruz,588,M40-44,Male,Singapore,Singapore,Philippines,PH,,,,0:00:00,0:00:00,,0,0,0,0,0,0,99999,99999,99999,99999,99999,99999,99999,99999,99999,99999,99999,99999,DNS,0
Jens Nicolai,Decker,Jens Nicolai Decker,365,M30-34,Male,"
København K",,Denmark,DK,1:34:59,5:44:02,,0:05:10,0:06:35,,5699,20642,0,310,395,0,99999,99999,99999,99999,99999,99999,99999,99999,99999,99999,99999,99999,DNF,0
Ylva,Bekken,Ylva Bekken,174,F25-29,Female,Trondheim,SØR-TRØNDELAG,Norway,NO,1:30:05,7:03:07,6:55:38,0:10:52,0:07:43,15:47:26,5405,25387,24938,652,463,56846,99999,99999,99999,99999,99999,99999,99999,99999,99999,99999,99999,99999,Unofficial,0
Jamie,Berry,Jamie Berry,44,M25-29,Male,Little Crakehall,NORTH YORKSHIRE,United Kingdom,GB,0:54:52,5:13:39,,0:03:59,0:06:25,,3292,18819,0,239,385,0,99999,99999,99999,99999,99999,99999,99999,99999,99999,99999,99999,99999,DNF,0
Sofia,Granath,Sofia Granath,2024,F50-54,Female,Onsala,,Sweden,SE,1:17:53,4:57:25,,0:07:34,0:03:29,,4673,17845,0,454,209,0,99999,99999,99999,99999,99999,99999,99999,99999,99999,99999,99999,99999,DNF,0
Gael,Lamarti Kekatos,Gael Lamarti Kekatos,2510,M35-39,Male,London,GB-ENG,Belgium,BE,,,,0:00:00,0:00:00,,0,0,0,0,0,0,99999,99999,99999,99999,99999,99999,99999,99999,99999,99999,99999,99999,DNS,0
Lindsay,Turner,Lindsay Turner,1057,F40-44,Female,Chorley,GB-LAN,United Kingdom,GB,1:40:01,,,0:13:02,0:00:00,,6001,0,0,782,0,0,99999,99999,99999,99999,99999,99999,99999,99999,99999,99999,99999,99999,DNF,0
Nigel,Atkinson,Nigel Atkinson,1111,M60-64,Male,NOTTINGHAM,NOTTINGHAMSHIRE,United Kingdom,GB,2:04:32,7:20:59,5:06:06,0:10:42,0:07:56,14:50:14,7472,26459,18366,642,476,53414,99999,99999,99999,99999,99999,99999,99999,99999,99999,99999,99999,99999,Unofficial,0
Matthew,Halsey,Matthew Halsey,282,M50-54,Male,Reigate,Surrey,United Kingdom,GB,1:42:55,,,0:07:27,0:00:00,,6175,0,0,447,0,0,99999,99999,99999,99999,99999,99999,99999,99999,99999,99999,99999,99999,DNF,0
Friederike,Arns-Rütter,Friederike Arns-Rütter,485,F45-49,Female,Haltern am See,DE-NW,Germany,DE,1:40:24,,,0:00:00,0:00:00,,6024,0,0,0,0,0,99999,99999,99999,99999,99999,99999,99999,99999,99999,99999,99999,99999,DNF,0
Kenneth,Hvenegaard,Kenneth Hvenegaard,2781,M45-49,Male,Rødovre,,Denmark,DK,,,,0:00:00,0:00:00,,0,0,0,0,0,0,99999,99999,99999,99999,99999,99999,99999,99999,99999,99999,99999,99999,DNS,0
Suphakorn,Angkasit,Suphakorn Angkasit,1250,M30-34,Male,Buriram,TH-31,Thailand,TH,,,,0:00:00,0:00:00,,0,0,0,0,0,0,99999,99999,99999,99999,99999,99999,99999,99999,99999,99999,99999,99999,DNF,0
Rendra,Gopee,Rendra Gopee,249,M55-59,Male,Shorelands,Florida,Trinidad and Tobago,TT,,,,0:00:00,0:00:00,,0,0,0,0,0,0,99999,99999,99999,99999,99999,99999,99999,99999,99999,99999,99999,99999,DNS,0
Adem,Asci,Adem Asci,410,M45-49,Male,Bagsværd,DK-84,Denmark,DK,1:18:22,4:29:01,,0:03:28,0:03:44,,4702,16141,0,208,224,0,99999,99999,99999,99999,99999,99999,99999,99999,99999,99999,99999,99999,DNF,0
Márk,Dr. Horváth,Márk Dr. Horváth,2569,M30-34,Male,Győr,Gyor-Moson-Sopron,Hungary,HU,1:30:44,7:07:55,,0:15:38,0:06:35,,5444,25675,0,938,395,0,99999,99999,99999,99999,99999,99999,99999,99999,99999,99999,99999,99999,DNF,0
Hunter,Lang,Hunter Lang,1255,F25-29,Female,Port Moody,BC,Canada,CA,1:46:19,7:33:24,4:58:56,0:17:19,0:08:25,14:44:23,6379,27204,17936,1039,505,53063,99999,99999,99999,99999,99999,99999,99999,99999,99999,99999,99999,99999,Unofficial,0
Casper Colding Lund,Petersen,Casper Colding Lund Petersen,1308,M18-24,Male,Næstved,Zealand,Denmark,DK,,,,0:00:00,0:00:00,,0,0,0,0,0,0,99999,99999,99999,99999,99999,99999,99999,99999,99999,99999,99999,99999,DNS,0
Matt,Brocklehurst,Matt Brocklehurst,284,M30-34,Male,London,SRY,United Kingdom,GB,,,,0:00:00,0:00:00,,0,0,0,0,0,0,99999,99999,99999,99999,99999,99999,99999,99999,99999,99999,99999,99999,DQ,0
Christof,Lorenz,Christof Lorenz,953,M55-59,Male,Roth,BY,Germany,DE,1:13:02,5:22:22,,0:11:14,0:13:15,,4382,19342,0,674,795,0,99999,99999,99999,99999,99999,99999,99999,99999,99999,99999,99999,99999,DNF,0
Palle,Sekshøj-Christensen,Palle Sekshøj-Christensen,1577,M70-74,Male,"
Roskilde",,Denmark,DK,1:31:19,6:59:58,7:09:22,0:11:54,0:06:25,15:58:59,5479,25198,25762,714,385,57539,99999,99999,99999,99999,99999,99999,99999,99999,99999,99999,99999,99999,Unofficial,0
Astrid,Brøns,Astrid Brøns,2222,F25-29,Female,Ringsted,DK-85,Denmark,DK,,,,0:00:00,0:00:00,,0,0,0,0,0,0,99999,99999,99999,99999,99999,99999,99999,99999,99999,99999,99999,99999,DNF,0
Jakob,Lorenzen,Jakob Lorenzen,2394,M50-54,Male,Odense,DK-83,Denmark,DK,1:23:03,6:33:27,,0:09:20,0:00:00,,4983,23607,0,560,0,0,99999,99999,99999,99999,99999,99999,99999,99999,99999,99999,99999,99999,DNF,0
Lotte,Hermann,Lotte Hermann,1670,F55-59,Female,Odense NV,,Denmark,DK,1:19:15,,,0:09:58,0:00:00,,4755,0,0,598,0,0,99999,99999,99999,99999,99999,99999,99999,99999,99999,99999,99999,99999,DNF,0
Mads,Frederiksen,Mads Frederiksen,216,M40-44,Male,København s,DK-84,Denmark,DK,,,,0:00:00,0:00:00,,0,0,0,0,0,0,99999,99999,99999,99999,99999,99999,99999,99999,99999,99999,99999,99999,DNS,0
Maria Krog Gejl,Kjær,Maria Krog Gejl Kjær,2122,F40-44,Female,Vallensbæk,DK-84,Denmark,DK,1:10:24,,,0:08:16,0:00:00,,4224,0,0,496,0,0,99999,99999,99999,99999,99999,99999,99999,99999,99999,99999,99999,99999,DNF,0
Jacob,Monsrud,Jacob Monsrud,125,M25-29,Male,Aarhus C,DK-82,Denmark,DK,1:00:35,4:41:07,,0:05:54,0:00:00,,3635,16867,0,354,0,0,99999,99999,99999,99999,99999,99999,99999,99999,99999,99999,99999,99999,DNF,0
Alejandro,Martinez Senent,Alejandro Martinez Senent,363,M25-29,Male,København,DK-84,Spain,ES,1:27:31,,,0:09:01,0:00:00,,5251,0,0,541,0,0,99999,99999,99999,99999,99999,99999,99999,99999,99999,99999,99999,99999,DNF,0
Annette,Backholm,Annette Backholm,1943,F45-49,Female,Turku,FI-19,Finland,FI,1:55:09,7:10:52,6:24:44,0:10:18,0:08:08,15:49:12,6909,25852,23084,618,488,56952,99999,99999,99999,99999,99999,99999,99999,99999,99999,99999,99999,99999,Unofficial,0
Piotr,Smoleń,Piotr Smoleń,2025,M40-44,Male,Ramiszów,DOLNOSLASKIE,Poland,PL,1:20:59,4:00:44,,1:04:44,0:06:00,,4859,14444,0,3884,360,0,99999,99999,99999,1660,1386,123,632,601,64,99999,99999,99999,DNF,0
Simon,Butterworth,Simon Butterworth,863,M80-84,Male,Tramore,WATERFORD,Ireland,IE,1:49:37,6:53:42,,0:16:24,0:10:48,,6577,24822,0,984,648,0,99999,99999,99999,99999,99999,99999,99999,99999,99999,99999,99999,99999,DNF,0
Philippe,Hansen,Philippe Hansen,123,M25-29,Male,københavn,,Denmark,DK,1:27:38,,,0:06:57,0:00:00,,5258,0,0,417,0,0,99999,99999,99999,99999,99999,99999,99999,99999,99999,99999,99999,99999,DNF,0
Mads,Enevoldsen,Mads Enevoldsen,21,M25-29,Male,Roskilde,DK-85,Denmark,DK,1:03:37,4:35:51,,0:03:47,0:01:45,,3817,16551,0,227,105,0,99999,99999,99999,99999,99999,99999,99999,99999,99999,99999,99999,99999,DNF,0
Jane,Pallisgaard-Holt,Jane Pallisgaard-Holt,622,F55-59,Female,Hvidovre,,Denmark,DK,1:47:03,,,0:12:26,0:00:00,,6423,0,0,746,0,0,99999,99999,99999,99999,99999,99999,99999,99999,99999,99999,99999,99999,DNF,0
John,Gore,John Gore,2133,M45-49,Male,Manchester,WYK,United Kingdom,GB,,,,0:00:00,0:00:00,,0,0,0,0,0,0,99999,99999,99999,99999,99999,99999,99999,99999,99999,99999,99999,99999,DNS,0
Juan Luis,Poclava,Juan Luis Poclava,2673,M45-49,Male,Madrid,MADRID,Argentina,AR,1:14:37,6:10:59,,0:07:51,0:04:22,,4477,22259,0,471,262,0,99999,99999,99999,99999,99999,99999,99999,99999,99999,99999,99999,99999,DNF,0
Louise,Kennedy,Louise Kennedy,819,F45-49,Female,Southampton,HAMPSHIRE,United Kingdom,GB,,,,0:00:00,0:00:00,,0,0,0,0,0,0,99999,99999,99999,99999,99999,99999,99999,99999,99999,99999,99999,99999,DNF,0
Steven,Davidson,Steven Davidson,1510,M70-74,Male,Edina,MN,United States,US,,,,0:00:00,0:00:00,,0,0,0,0,0,0,99999,99999,99999,99999,99999,99999,99999,99999,99999,99999,99999,99999,DNS,0
Lasse,Gram Skov,Lasse Gram Skov,2783,M35-39,Male,Ho Chi Minh City,VN-SG,Denmark,DK,,,,0:00:00,0:00:00,,0,0,0,0,0,0,99999,99999,99999,99999,99999,99999,99999,99999,99999,99999,99999,99999,DNS,0
Hans,Juul-Olsen,Hans Juul-Olsen,1851,M55-59,Male,Brønshøj,HOVEDSTADEN,Denmark,DK,,,,0:00:00,0:00:00,,0,0,0,0,0,0,99999,99999,99999,99999,99999,99999,99999,99999,99999,99999,99999,99999,DNS,0
Emiel,Temmen,Emiel Temmen,700,M18-24,Male,Bergen op Zoom,NL-NB,Netherlands,NL,1:14:55,,,0:09:24,0:00:00,,4495,0,0,564,0,0,99999,99999,99999,99999,99999,99999,99999,99999,99999,99999,99999,99999,DNF,0
Helene,Hasselbalch,Helene Hasselbalch,1044,F18-24,Female,København,Copenhagen,Denmark,DK,1:41:07,,,0:11:17,0:00:00,,6067,0,0,677,0,0,99999,99999,99999,99999,99999,99999,99999,99999,99999,99999,99999,99999,DNF,0
Jonas ,Bødker,Jonas Bødker,235,M25-29,Male,Bandholm,Lolland-Falster,Denmark,DK,,,,0:00:00,0:00:00,,0,0,0,0,0,0,99999,99999,99999,99999,99999,99999,99999,99999,99999,99999,99999,99999,DNS,0
Henrik,Francke,Henrik Francke,2733,M55-59,Male,Karlslunde,,Denmark,DK,,,,0:00:00,0:00:00,,0,0,0,0,0,0,99999,99999,99999,99999,99999,99999,99999,99999,99999,99999,99999,99999,DNS,0
andrew,jordon,andrew jordon,252,M50-54,Male,Newcastle,GB-NBL,United Kingdom,GB,,,,0:00:00,0:00:00,,0,0,0,0,0,0,99999,99999,99999,99999,99999,99999,99999,99999,99999,99999,99999,99999,DNS,0
Anders,Christensen,Anders Christensen,2688,M18-24,Male,Køge,DK-85,Denmark,DK,,,,0:00:00,0:00:00,,0,0,0,0,0,0,99999,99999,99999,99999,99999,99999,99999,99999,99999,99999,99999,99999,DNS,0
Uwe,Saueressig,Uwe Saueressig,497,M65-69,Male,Rhoon,NL-NL-ZH,Germany,DE,1:43:01,7:05:12,,0:18:59,0:18:09,,6181,25512,0,1139,1089,0,99999,99999,99999,99999,99999,99999,99999,99999,99999,99999,99999,99999,DNF,0
Asger,Reuter,Asger Reuter,1621,M18-24,Male,Them,Denmark,Denmark,DK,1:19:10,,,0:06:40,0:00:00,,4750,0,0,400,0,0,99999,99999,99999,99999,99999,99999,99999,99999,99999,99999,99999,99999,DNF,0
Joram,Hoekman,Joram Hoekman,431,M40-44,Male,Enschede,NL-OV,Netherlands,NL,,,,0:00:00,0:00:00,,0,0,0,0,0,0,99999,99999,99999,99999,99999,99999,99999,99999,99999,99999,99999,99999,DNF,0
Anton,Veretelnik,Anton Veretelnik,169,M40-44,Male,Moscow,,Unknown,,1:15:33,,,0:06:59,0:00:00,,4533,0,0,419,0,0,99999,99999,99999,99999,99999,99999,99999,99999,99999,99999,99999,99999,DNF,0
Robin,Siegl,Robin Siegl,1190,M18-24,Male,Wolfhausen,,Switzerland,CH,,,,0:00:00,0:00:00,,0,0,0,0,0,0,99999,99999,99999,99999,99999,99999,99999,99999,99999,99999,99999,99999,DQ,0
Thomas,Strange Hansen,Thomas Strange Hansen,63,M30-34,Male,København,,Denmark,DK,0:53:25,4:36:17,,0:03:04,0:02:52,,3205,16577,0,184,172,0,99999,99999,99999,99999,99999,99999,99999,99999,99999,99999,99999,99999,DNF,0
Joanne,Mitchinson,Joanne Mitchinson,1191,F55-59,Female,Washington,GB-TWR,United Kingdom,GB,1:25:14,,,0:09:30,0:00:00,,5114,0,0,570,0,0,99999,99999,99999,99999,99999,99999,99999,99999,99999,99999,99999,99999,DNF,0
Agnes Barner,Hansen,Agnes Barner Hansen,2598,F18-24,Female,Næstved,SJÆLLAND,Denmark,DK,1:12:13,7:32:06,,0:07:56,0:03:37,,4333,27126,0,476,217,0,99999,99999,99999,99999,99999,99999,99999,99999,99999,99999,99999,99999,DNF,0
Hanna,Hentunen,Hanna Hentunen,1721,F35-39,Female,Kerava,NYLAND,Finland,FI,,,,0:00:00,0:00:00,,0,0,0,0,0,0,99999,99999,99999,99999,99999,99999,99999,99999,99999,99999,99999,99999,DNF,0
Jesper,Møller,Jesper Møller,1365,M55-59,Male,Vester Skerninge,DK-83,Denmark,DK,1:04:36,5:13:00,,0:04:45,0:03:15,,3876,18780,0,285,195,0,99999,99999,99999,99999,99999,99999,99999,99999,99999,99999,99999,99999,DNF,0
Erik Rømo,Sand,Erik Rømo Sand,2593,M18-24,Male,Jessheim,NO-02,Norway,NO,1:08:01,,,0:06:19,0:00:00,,4081,0,0,379,0,0,99999,99999,99999,99999,99999,99999,99999,99999,99999,99999,99999,99999,DNF,0
Michael,Jørgensen,Michael Jørgensen,2780,M30-34,Male,Hedehusene,,Denmark,DK,,,,0:00:00,0:00:00,,0,0,0,0,0,0,99999,99999,99999,99999,99999,99999,99999,99999,99999,99999,99999,99999,DNS,0
Victor,Romero,Victor Romero,608,M40-44,Male,WESTMINSTER,CO,United States,US,1:39:00,7:25:04,,0:15:27,0:19:05,,5940,26704,0,927,1145,0,99999,99999,99999,99999,99999,99999,99999,99999,99999,99999,99999,99999,DNF,0
Hans,Verhaegen,Hans Verhaegen,183,M40-44,Male,walem,BE-VAN,Belgium,BE,,,,0:00:00,0:00:00,,0,0,0,0,0,0,99999,99999,99999,99999,99999,99999,99999,99999,99999,99999,99999,99999,DNS,0
Josef,Bonavia,Josef Bonavia,11,M45-49,Male,Mosta,foreigner,Malta,MT,1:05:28,5:01:57,,0:04:47,0:03:54,,3928,18117,0,287,234,0,99999,99999,99999,99999,99999,99999,99999,99999,99999,99999,99999,99999,DNF,0
Johan,Kock Jonsson,Johan Kock Jonsson,2721,M18-24,Male,København,Copenhagen,Denmark,DK,1:17:09,,,0:07:35,0:00:00,,4629,0,0,455,0,0,99999,99999,99999,99999,99999,99999,99999,99999,99999,99999,99999,99999,DNF,0
Gustav Arent,Benkjer,Gustav Arent Benkjer,714,M18-24,Male,Værløse,DK-84,Denmark,DK,1:12:14,5:01:38,,0:07:06,0:09:24,,4334,18098,0,426,564,0,99999,99999,99999,99999,99999,99999,99999,99999,99999,99999,99999,99999,DNF,0
Stephan Normann,Østergaard,Stephan Normann Østergaard,356,M35-39,Male,København,DK-84,Denmark,DK,0:51:10,4:27:05,,0:03:26,0:03:14,,3070,16025,0,206,194,0,99999,99999,99999,99999,99999,99999,99999,99999,99999,99999,99999,99999,DNF,0
Nicholaj,Hertz,Nicholaj Hertz,24,M45-49,Male,Køge,DK-85,Denmark,DK,1:01:52,5:05:27,,0:04:36,0:02:49,,3712,18327,0,276,169,0,99999,99999,99999,99999,99999,99999,99999,99999,99999,99999,99999,99999,DNF,0
