FirstName,LastName,FullName,Bib,AgeGroup,Gender,City,State,Country,CountryISO,SwimTime,BikeTime,RunTime,T1Time,T2Time,FinishTime,SwimSeconds,BikeSeconds,RunSeconds,T1Seconds,T2Seconds,FinishSeconds,OverallRank,GenderRank,AgeGroupRank,SwimRankOverall,SwimRankGender,SwimRankGroup,BikeRankOverall,BikeRankGender,BikeRankGroup,RunRankOverall,RunRankGender,RunRankGroup,Status,Points
Jonas,Schomburg,Jonas Schomburg,3,MPRO,Male,Langenhagen,NI,Germany,DE,0:44:57,4:00:44,2:34:36,0:01:16,0:01:25,7:22:57,2697,14444,9276,76,85,26577,1,1,1,1,1,1,3,3,3,1,1,1,Finisher,5000
Matthew,Marquardt,Matthew Marquardt,1,MPRO,Male,CINCINNATI,OH,United States,US,0:46:30,3:58:50,2:39:50,0:01:35,0:01:43,7:28:28,2790,14330,9590,95,103,26908,2,2,2,8,8,8,2,2,2,2,2,2,Finisher,4933
Andrea,Salvisberg,Andrea Salvisberg,11,MPRO,Male,Ehrendingen,Aargau,Switzerland,CH,0:44:59,4:02:23,2:38:43,0:01:19,0:01:30,7:28:54,2699,14543,9523,79,90,26934,3,3,3,2,2,2,6,6,6,3,3,3,Finisher,4928
Gregory,Barnaby,Gregory Barnaby,19,MPRO,Male,Morsasco,,Italy,IT,0:45:01,4:01:29,2:42:54,0:01:19,0:01:28,7:32:11,2701,14489,9774,79,88,27131,4,4,4,3,3,3,5,5,5,4,4,4,Finisher,4889
Daniel,Bækkegård,Daniel Bækkegård,14,MPRO,Male,Silvaplana,,Denmark,DK,0:46:25,3:59:27,2:46:23,0:01:34,0:01:54,7:35:44,2785,14367,9983,94,114,27344,5,5,5,6,6,6,4,4,4,5,5,5,Finisher,4846
Henrik,Goesch,Henrik Goesch,9,MPRO,Male,turku,,Finland,FI,0:45:05,4:07:46,2:44:30,0:01:28,0:01:35,7:40:24,2705,14866,9870,88,95,27624,6,6,6,4,4,4,8,8,8,6,6,6,Finisher,4790
Matt,Hanson,Matt Hanson,4,MPRO,Male,Castle Rock,CO,United States,US,0:50:22,4:17:58,2:30:59,0:01:33,0:01:34,7:42:26,3022,15478,9059,93,94,27746,7,7,7,29,28,28,32,32,32,7,7,7,Finisher,4766
Trevor,Foley,Trevor Foley,2,MPRO,Male,Brooksville,FL,United States,US,0:48:41,4:04:13,2:47:28,0:01:55,0:01:28,7:43:45,2921,14653,10048,115,88,27825,8,8,8,24,24,24,10,10,10,8,8,8,Finisher,4750
Andy,Krueger,Andy Krueger,33,MPRO,Male,Bend,US-OR,United States,US,0:46:45,4:08:34,2:48:32,0:01:33,0:01:56,7:47:19,2805,14914,10112,93,116,28039,9,9,9,16,16,16,11,11,11,9,9,9,Finisher,4707
Filipe,Azevedo,Filipe Azevedo,41,MPRO,Male,Dubai ,Normandy,Portugal,PT,0:46:34,4:09:11,2:49:57,0:01:32,0:01:56,7:49:09,2794,14951,10197,92,116,28149,10,10,10,12,12,12,12,12,12,10,10,10,Finisher,4685
Gabriel,Sandör,Gabriel Sandör,18,MPRO,Male,Linköping,foreigner,Sweden,SE,0:46:26,4:09:59,2:49:58,0:01:35,0:01:37,7:49:35,2786,14999,10198,95,97,28175,11,11,11,7,7,7,13,13,13,11,11,11,Finisher,4680
Will,Grace,Will Grace,29,MPRO,Male,Lavant ,SXW,United Kingdom,GB,0:48:06,4:15:25,2:44:08,0:01:44,0:02:01,7:51:24,2886,15325,9848,104,121,28284,12,12,12,22,22,22,25,25,25,12,12,12,Finisher,4658
Mathieu,Merland,Mathieu Merland,48,MPRO,Male,Lyon,foreigner,France,FR,0:48:43,4:15:57,2:44:15,0:01:41,0:01:46,7:52:22,2923,15357,9855,101,106,28342,13,13,13,26,26,26,29,29,29,13,13,13,Finisher,4647
Piotr,Lawicki,Piotr Lawicki,51,MPRO,Male,Obora,DOLNOSLASKIE,Poland,PL,0:50:40,4:15:29,2:43:33,0:01:49,0:01:27,7:52:58,3040,15329,9813,109,87,28378,14,14,14,32,31,31,30,30,30,14,14,14,Finisher,4639
Gustav,Palm-Henriksen,Gustav Palm-Henriksen,43,MPRO,Male,Kastrup,HOVEDSTADEN,Denmark,DK,0:46:31,4:12:06,2:51:46,0:01:30,0:01:33,7:53:27,2791,15126,10306,90,93,28407,15,15,15,9,9,9,17,17,17,15,15,15,Finisher,4634
João,Ferreira,João Ferreira,45,MPRO,Male,Entroncamento,Portugal Continental,Portugal,PT,0:47:58,4:13:57,2:48:40,0:01:32,0:01:55,7:54:02,2878,15237,10120,92,115,28442,16,16,16,18,18,18,23,23,23,16,16,16,Finisher,4627
Mathias,Lyngsø Petersen,Mathias Lyngsø Petersen,15,MPRO,Male,ODENSE C,,Denmark,DK,0:46:24,4:06:37,2:58:39,0:01:39,0:01:47,7:55:06,2784,14797,10719,99,107,28506,17,17,17,5,5,5,9,9,9,17,17,17,Finisher,4614
Stenn,Goetstouwers,Stenn Goetstouwers,24,MPRO,Male,Kalmthout,,Belgium,BE,0:48:02,4:10:31,2:54:27,0:01:27,0:02:01,7:56:28,2882,15031,10467,87,121,28588,18,18,18,20,20,20,14,14,14,18,18,18,Finisher,4597
John,Killeen,John Killeen,40,MPRO,Male,Boulder,CO,United States,US,0:55:00,4:06:43,2:51:57,0:01:39,0:01:44,7:57:03,3300,14803,10317,99,104,28623,19,19,19,75,67,44,22,22,22,19,19,19,Finisher,4590
Robert,Kallin,Robert Kallin,25,MPRO,Male,Trollhättan,,Sweden,SE,0:47:56,3:53:12,3:13:14,0:01:38,0:01:40,7:57:39,2876,13992,11594,98,100,28659,20,20,20,17,17,17,1,1,1,20,20,20,Finisher,4583
Julian Phillip,Becker,Julian Phillip Becker,28,MPRO,Male,Groß-Bieberau,HE,Germany,DE,0:46:32,4:11:59,2:57:33,0:01:39,0:01:53,7:59:35,2792,15119,10653,99,113,28775,21,21,21,10,10,10,18,18,18,21,21,21,Finisher,4560
Sebastian,Norberg,Sebastian Norberg,32,MPRO,Male,Varberg,,Sweden,SE,0:54:59,4:04:39,2:59:06,0:01:31,0:01:42,8:01:58,3299,14679,10746,91,102,28918,22,22,22,74,66,43,21,21,21,22,22,22,Finisher,4531
Adam,Feigh,Adam Feigh,36,MPRO,Male,GRAND JCT,CO,United States,US,0:50:51,4:13:20,2:54:11,0:01:46,0:02:02,8:02:10,3051,15200,10451,106,122,28930,23,23,23,35,34,34,27,27,27,23,23,23,Finisher,4529
Lucas,Voets,Lucas Voets,49,MPRO,Male,Spijkenisse,,Netherlands,NL,0:54:38,4:12:43,2:53:02,0:01:54,0:01:44,8:04:01,3278,15163,10382,114,104,29041,24,24,24,70,62,42,31,31,31,24,24,24,Finisher,4507
Jesse,Hinrichs,Jesse Hinrichs,73,MPRO,Male,Oldenburg,foreigner,Germany,DE,0:46:38,4:04:18,3:13:07,0:01:27,0:02:16,8:07:45,2798,14658,11587,87,136,29265,25,25,25,15,15,15,7,7,7,25,25,25,Finisher,4462
Matthew,Ralphs,Matthew Ralphs,35,MPRO,Male,Johannesburg,foreigner,South Africa,ZA,0:48:40,4:10:08,3:08:48,0:01:28,0:03:18,8:12:22,2920,15008,11328,88,198,29542,26,26,26,23,23,23,19,19,19,26,26,26,Finisher,4407
Rinel,Pius,Rinel Pius,50,MPRO,Male,Haabneeme,Harju,Estonia,EE,0:46:33,4:25:39,2:56:53,0:01:35,0:01:41,8:12:22,2793,15939,10613,95,101,29542,27,27,27,11,11,11,36,36,36,27,27,27,Finisher,4407
Luciano,Taccone,Luciano Taccone,13,MPRO,Male,BUENOS AIRES,AR-C,Argentina,AR,0:46:35,4:12:08,3:10:02,0:01:39,0:02:21,8:12:45,2795,15128,11402,99,141,29565,28,28,28,13,13,13,20,20,20,28,28,28,Finisher,4402
Adam,Lennell,Adam Lennell,68,MPRO,Male,Upplands bro,foreigner,Sweden,SE,0:54:22,4:09:03,3:06:10,0:01:53,0:01:57,8:13:26,3262,14943,11170,113,117,29606,29,29,29,66,58,39,26,26,26,29,29,29,Finisher,4394
Laura,Philipp,Laura Philipp,5002,FPRO,Female,Neckargemünd,BW,Germany,DE,0:52:37,4:24:51,2:52:57,0:01:36,0:01:36,8:13:37,3157,15891,10377,96,96,29617,30,1,1,51,3,3,44,1,1,30,1,1,Finisher,5000
Lukas,Schnödewind,Lukas Schnödewind,66,MPRO,Male,Osterrönfeld,SH,Germany,DE,0:48:02,4:25:52,2:59:26,0:01:28,0:02:04,8:16:53,2882,15952,10766,88,124,29813,31,30,30,19,19,19,38,38,38,31,30,30,Finisher,4352
Matthew,Richard,Matthew Richard,52,MPRO,Male,Shelton,CT,United States,US,0:54:26,4:21:30,2:57:56,0:02:08,0:01:35,8:17:35,3266,15690,10676,128,95,29855,32,31,31,67,59,40,43,43,42,32,31,31,Finisher,4344
Andreas,Bonnichsen,Andreas Bonnichsen,74,MPRO,Male,Auning,,Denmark,DK,0:54:30,4:20:50,2:58:42,0:01:42,0:02:06,8:17:51,3270,15650,10722,102,126,29871,33,32,32,68,60,41,41,41,40,33,32,32,Finisher,4341
Jonas,Hoffmann,Jonas Hoffmann,10,MPRO,Male,Butzbach,HE,Germany,DE,0:48:05,4:10:32,3:17:20,0:01:29,0:01:41,8:19:07,2885,15032,11840,89,101,29947,34,33,33,21,21,21,16,16,16,34,33,33,Finisher,4326
Danyil,Odynets,Danyil Odynets,78,MPRO,Male,Linz,,Ukraine,UA,0:55:02,4:22:21,2:59:26,0:01:43,0:02:13,8:20:45,3302,15741,10766,103,133,30045,35,34,34,76,68,45,45,44,43,35,34,34,Finisher,4306
Gotzon,Gondra Etxebarria,Gotzon Gondra Etxebarria,62,MPRO,Male,Forua,BIZKAIA,Spain,ES,0:56:15,4:15:06,3:09:14,0:01:58,0:01:44,8:24:18,3375,15306,11354,118,104,30258,36,35,35,88,78,51,35,35,35,36,35,35,Finisher,4263
Oliver,Wykman,Oliver Wykman,104,M30-34,Male,KALMAR,,Sweden,SE,0:58:07,4:28:40,2:53:19,0:02:55,0:02:22,8:25:22,3487,16120,10399,175,142,30322,37,36,1,121,100,12,63,58,2,37,36,1,Finisher,5000
Thomas,Bishop,Thomas Bishop,42,MPRO,Male,Derby,DBY,United Kingdom,GB,0:46:37,4:11:43,3:22:31,0:01:45,0:02:48,8:25:24,2797,15103,12151,105,168,30324,38,37,36,14,14,14,15,15,15,38,37,36,Finisher,4250
Louis,Heukemes,Louis Heukemes,53,MPRO,Male,Elsenborn,,Belgium,BE,0:50:53,4:28:03,3:00:59,0:02:04,0:03:27,8:25:26,3053,16083,10859,124,207,30326,39,38,37,36,35,35,49,48,44,39,38,37,Finisher,4250
Diego,Martin Conde,Diego Martin Conde,71,MPRO,Male,Lugo,Galicia,Spain,ES,0:55:08,4:25:43,3:01:07,0:01:44,0:02:02,8:25:44,3308,15943,10867,104,122,30344,40,39,38,79,71,48,54,53,48,40,39,38,Finisher,4246
Dylan,Clough,Dylan Clough,58,MPRO,Male,NEWTOWN,AU-NSW,Australia,AU,0:48:43,4:42:54,2:50:15,0:02:33,0:01:50,8:26:14,2923,16974,10215,153,110,30374,41,40,39,25,25,25,75,68,51,41,40,39,Finisher,4240
Thomas,Bosch,Thomas Bosch,55,MPRO,Male,Allmersbach im Tal,BW,Germany,DE,0:55:04,4:20:28,3:07:55,0:01:47,0:02:00,8:27:14,3304,15628,11275,107,120,30434,42,41,40,78,70,47,42,42,41,42,41,40,Finisher,4228
Valentin,Bertorelli,Valentin Bertorelli,130,M30-34,Male,Nacka,STOCKHOLMS LAN [SE-01],France,FR,0:56:19,4:22:47,3:03:51,0:02:44,0:02:02,8:27:42,3379,15767,11031,164,122,30462,43,42,2,90,80,6,52,51,1,43,42,2,Finisher,4972
Eduardo,Perez Sandi,Eduardo Perez Sandi,57,MPRO,Male,Léon,Guanajuato,Mexico,MX,0:53:54,4:17:40,3:13:16,0:01:34,0:01:24,8:27:49,3234,15460,11596,94,84,30469,44,43,41,63,55,38,33,33,33,44,43,41,Finisher,4221
Albert,Askengren,Albert Askengren,56,MPRO,Male,Boden,Norrbottens Län,Sweden,SE,0:50:43,4:29:39,3:03:12,0:01:50,0:02:33,8:27:57,3043,16179,10992,110,153,30477,45,44,42,33,32,32,53,52,47,45,44,42,Finisher,4220
Ignacio,Cabrera Fernandez,Ignacio Cabrera Fernandez,67,MPRO,Male,Madrid,Community of Madrid,Spain,ES,0:50:34,4:28:42,3:04:52,0:02:05,0:02:22,8:28:35,3034,16122,11092,125,142,30515,46,45,43,31,30,30,51,50,46,46,45,43,Finisher,4212
Adam,Munch,Adam Munch,72,MPRO,Male,København N,foreigner,Denmark,DK,0:50:44,4:24:06,3:10:02,0:01:51,0:02:01,8:28:44,3044,15846,11402,111,121,30524,47,46,44,34,33,33,40,40,39,47,46,44,Finisher,4210
Lucas,Herzog,Lucas Herzog,186,M25-29,Male,Remiremont,FR-88,France,FR,0:59:03,4:26:08,2:59:39,0:02:15,0:01:45,8:28:49,3543,15968,10779,135,105,30529,48,47,1,131,107,11,61,57,4,48,47,1,Finisher,5000
Tobias,Marinussen,Tobias Marinussen,76,MPRO,Male,Århus,Midtjylland,Denmark,DK,0:56:23,4:16:36,3:12:49,0:01:56,0:02:06,8:29:50,3383,15396,11569,116,126,30590,49,48,45,91,81,52,37,37,37,49,48,45,Finisher,4197
Katrine,Christensen,Katrine Christensen,5001,FPRO,Female,Odder,foreigner,Denmark,DK,0:56:29,4:26:23,3:06:08,0:01:41,0:01:40,8:32:22,3389,15983,11168,101,100,30742,50,2,2,94,13,9,57,2,2,50,2,2,Finisher,4775
Jackie,Hering,Jackie Hering,5005,FPRO,Female,Cottage Grove,US-WI,United States,US,0:52:40,4:35:13,3:03:34,0:01:35,0:01:54,8:34:56,3160,16513,11014,95,114,30896,51,3,3,54,4,4,62,5,5,51,3,3,Finisher,4744
Jenny,Jendryschik,Jenny Jendryschik,5010,FPRO,Female,Hamburg,HH,Germany,DE,0:52:44,4:33:05,3:06:41,0:01:36,0:01:51,8:35:57,3164,16385,11201,96,111,30957,52,4,4,58,7,7,60,4,4,52,4,4,Finisher,4732
Hotaka,Yamagishi,Hotaka Yamagishi,75,MPRO,Male,千葉市,JP-12,Japan,JP,0:55:11,4:34:56,3:00:58,0:02:14,0:02:57,8:36:15,3311,16496,10858,134,177,30975,53,49,46,81,73,50,68,62,50,53,49,46,Finisher,4120
Vincent,Roethemeyer,Vincent Roethemeyer,239,M35-39,Male,Hannover,NI,Germany,DE,1:00:12,4:28:40,3:04:03,0:02:21,0:02:50,8:38:05,3612,16120,11043,141,170,31085,54,50,1,165,135,10,66,61,3,54,50,1,Finisher,5000
Elias,Lundberg,Elias Lundberg,123,M18-24,Male,Linköping,,Sweden,SE,0:57:11,4:16:32,3:20:22,0:02:38,0:02:10,8:38:53,3431,15392,12022,158,130,31133,55,51,1,100,86,11,39,39,1,55,51,1,Finisher,5000
Leonie,Konczalla,Leonie Konczalla,5004,FPRO,Female,Hamburg,foreigner,Germany,DE,0:57:59,4:32:12,3:06:37,0:01:53,0:01:37,8:40:17,3479,16332,11197,113,97,31217,56,5,5,116,19,12,67,6,6,56,5,5,Finisher,4680
Natan,Gootjes,Natan Gootjes,155,M25-29,Male,Dirkshorn,NL-NH,Netherlands,NL,1:04:23,4:31:31,2:59:28,0:02:46,0:02:10,8:40:18,3863,16291,10768,166,130,31218,57,52,2,317,259,33,88,80,8,57,52,2,Finisher,4862
Povilas,Pečiukonis,Povilas Pečiukonis,1371,M30-34,Male,Kaunas,Kaunas Region,Lithuania,LT,0:59:52,4:37:05,2:58:19,0:03:18,0:02:04,8:40:38,3592,16625,10699,198,124,31238,58,53,3,152,126,20,94,86,9,58,53,3,Finisher,4816
Niels,Pelle,Niels Pelle,1522,M25-29,Male,"
København",,Denmark,DK,0:52:09,4:25:50,3:18:30,0:02:47,0:02:19,8:41:35,3129,15950,11910,167,139,31295,59,54,3,46,45,2,47,46,1,59,54,3,Finisher,4846
Rachel,Zilinskas,Rachel Zilinskas,5006,FPRO,Female,LANCASTER,PA,United States,US,0:49:17,4:35:50,3:13:05,0:01:45,0:01:46,8:41:42,2957,16550,11585,105,106,31302,60,6,6,28,1,1,59,3,3,60,6,6,Finisher,4663
Daniel,Wagner,Daniel Wagner,114,M30-34,Male,Frankfurt,HE,Germany,DE,1:01:04,4:31:17,3:07:47,0:02:33,0:02:20,8:45:00,3664,16277,11267,153,140,31500,61,55,4,194,159,23,77,70,4,61,55,4,Finisher,4764
Jakob,Bloch,Jakob Bloch,65,MPRO,Male,Aarhus,Central Jutland,Denmark,DK,0:50:30,4:13:51,3:37:58,0:01:46,0:01:30,8:45:35,3030,15231,13078,106,90,31535,62,56,47,30,29,29,28,28,28,62,56,47,Finisher,4008
Pierre,Stieremans,Pierre Stieremans,54,MPRO,Male,Chéreng,,France,FR,0:53:53,4:17:51,3:30:47,0:01:33,0:01:43,8:45:47,3233,15471,12647,93,103,31547,63,57,48,61,53,37,34,34,34,63,57,48,Finisher,4006
Petter,Liif,Petter Liif,2266,M35-39,Male,Sollentuna,,Sweden,SE,0:59:30,4:35:56,3:06:18,0:02:19,0:02:08,8:46:11,3570,16556,11178,139,128,31571,64,58,2,142,117,7,81,74,5,64,58,2,Finisher,4902
Dylan,Thissen,Dylan Thissen,63,MPRO,Male,Leiden,South Holland,Netherlands,NL,0:51:10,4:11:50,3:40:25,0:01:45,0:02:35,8:47:45,3070,15110,13225,105,155,31665,65,59,49,39,38,36,24,24,24,65,59,49,Finisher,3982
David,Sandberg,David Sandberg,215,M40-44,Male,Stockholm,SE-AB,Sweden,SE,0:59:46,4:21:47,3:21:10,0:02:46,0:02:18,8:47:48,3586,15707,12070,166,138,31668,66,60,1,146,121,4,56,55,1,66,60,1,Finisher,5000
Tanguy,Balland,Tanguy Balland,950,M30-34,Male,Pouxeux,GRAND-EST,France,FR,1:01:09,4:36:46,3:05:09,0:03:26,0:01:55,8:48:25,3669,16606,11109,206,115,31705,67,61,5,196,161,24,98,89,10,67,61,5,Finisher,4723
Antonia,Milowsky,Antonia Milowsky,5013,FPRO,Female,Karlsdorf-Neuthard,BW,Germany,DE,0:52:41,4:46:42,3:06:12,0:01:35,0:01:48,8:48:58,3161,17202,11172,95,108,31738,68,7,7,55,5,5,97,9,9,68,7,7,Finisher,4575
Anton,Kihl,Anton Kihl,598,M30-34,Male,Kalmar,,Sweden,SE,1:05:10,4:34:25,3:06:11,0:02:13,0:02:25,8:50:24,3910,16465,11171,133,145,31824,69,62,6,349,284,45,100,90,11,69,62,6,Finisher,4699
Morgan,Björkqvist,Morgan Björkqvist,61,MPRO,Male,Veberöd,,Sweden,SE,1:00:25,4:28:25,3:17:46,0:02:16,0:01:47,8:50:38,3625,16105,11866,136,107,31838,70,63,50,174,143,53,64,59,49,70,63,50,Finisher,3947
Ross,Clark,Ross Clark,152,M35-39,Male,Harpenden,HERTFORDSHIRE,United Kingdom,GB,0:54:48,4:36:14,3:16:54,0:01:41,0:02:06,8:51:43,3288,16574,11814,101,126,31903,71,64,3,73,65,3,71,65,4,71,64,3,Finisher,4836
Simon,Meekers,Simon Meekers,129,M25-29,Male,Johanneshov,STOCKHOLMS LAN [SE-01],Belgium,BE,1:00:21,4:33:12,3:17:16,0:02:29,0:02:10,8:55:27,3621,16392,11836,149,130,32127,72,65,4,172,141,16,79,72,5,72,65,4,Finisher,4680
Robbe,Fioen,Robbe Fioen,1392,M30-34,Male,Gent,Flemish Region,Belgium,BE,0:57:13,4:37:49,3:14:51,0:02:54,0:02:56,8:55:42,3433,16669,11691,174,176,32142,73,66,7,102,88,9,83,76,6,73,66,7,Finisher,4636
Alex,Mockford,Alex Mockford,1462,M30-34,Male,Colchester,GB-ESS,United Kingdom,GB,0:52:01,4:46:21,3:09:36,0:03:35,0:04:59,8:56:32,3121,17181,11376,215,299,32192,74,67,8,44,43,2,102,92,12,74,67,8,Finisher,4626
Markus Rogne,Myklebust,Markus Rogne Myklebust,1459,M25-29,Male,OSLO,Oslo,Norway,NO,1:11:34,4:28:47,3:10:33,0:03:54,0:02:22,8:57:09,4294,16127,11433,234,142,32229,75,68,5,743,629,97,106,96,13,75,68,5,Finisher,4660
Samuel,Tardif,Samuel Tardif,623,M25-29,Male,THETFORD MINES,QC,Canada,CA,1:08:48,4:46:15,2:56:44,0:03:26,0:02:25,8:57:38,4128,17175,10604,206,145,32258,76,69,6,552,465,71,187,167,30,76,69,6,Finisher,4654
Ferdi,Cam,Ferdi Cam,164,M35-39,Male,Gams,CH-SG,Germany,DE,1:05:46,4:14:57,3:29:27,0:04:06,0:03:31,8:57:47,3946,15297,12567,246,211,32267,77,70,4,379,312,36,58,56,1,77,70,4,Finisher,4763
Jean-Paul,van den Herik,Jean-Paul van den Herik,864,M18-24,Male,Dordrecht,NL-ZH,Niger,NE,0:59:08,4:31:30,3:22:14,0:02:44,0:02:18,8:57:54,3548,16290,12134,164,138,32274,78,71,2,136,111,13,73,67,4,78,71,2,Finisher,4771
Emil,Lönn,Emil Lönn,1149,M40-44,Male,Rimforsa,,Sweden,SE,0:59:57,4:30:10,3:22:54,0:02:27,0:02:27,8:57:54,3597,16210,12174,147,147,32274,79,72,2,153,127,5,70,64,2,79,72,2,Finisher,4878
Toni,Dierckx,Toni Dierckx,116,M45-49,Male,Edegem,BE-VLG,Belgium,BE,1:01:05,4:36:19,3:13:16,0:03:09,0:04:21,8:58:10,3665,16579,11596,189,261,32290,80,73,1,195,160,8,96,88,3,80,73,1,Finisher,5000
Samuel,Wyatt-Haines,Samuel Wyatt-Haines,69,MPRO,Male,Teignmouth,Devon,United Kingdom,GB,0:48:47,4:30:33,3:35:18,0:01:42,0:02:25,8:58:44,2927,16233,12918,102,145,32324,81,74,51,27,27,27,50,49,45,81,74,51,Finisher,3850
Sebastian,Aldén,Sebastian Aldén,2408,M40-44,Male,Västerfärnebo,,Sweden,SE,1:01:03,4:34:43,3:17:26,0:02:49,0:02:52,8:58:53,3663,16483,11846,169,172,32333,82,75,3,192,157,7,87,79,4,82,75,3,Finisher,4867
Alan,Kenny,Alan Kenny,1360,M45-49,Male,Blanchardstown,IE-D,Ireland,IE,1:02:32,4:37:02,3:13:05,0:04:04,0:02:35,8:59:19,3752,16622,11585,244,155,32359,83,76,2,251,205,19,103,93,4,83,76,2,Finisher,4986
Viktor,Lindelöf,Viktor Lindelöf,103,M18-24,Male,kalmar,KALMAR LAN [SE-08],Sweden,SE,0:52:37,4:24:43,3:37:53,0:02:58,0:02:46,9:00:57,3157,15883,13073,178,166,32457,84,77,3,52,49,4,46,45,2,84,77,3,Finisher,4735
Patrick,Elwood,Patrick Elwood,965,M30-34,Male,London,GB-ENG,United Kingdom,GB,1:02:41,4:26:33,3:25:43,0:03:12,0:03:05,9:01:15,3761,15993,12343,192,185,32475,85,78,9,257,211,30,69,63,3,85,78,9,Finisher,4569
Vetle,Stangstuen,Vetle Stangstuen,1490,M25-29,Male,Honefoss ,Buskerud,Norway,NO,0:59:01,4:34:38,3:20:46,0:04:16,0:02:48,9:01:28,3541,16478,12046,256,168,32488,86,79,7,130,106,10,82,75,6,86,79,7,Finisher,4608
Linda,Brännlund,Linda Brännlund,5029,FPRO,Female,Kalmar,,Sweden,SE,0:52:33,4:38:57,3:26:16,0:01:55,0:01:55,9:01:36,3153,16737,12376,115,115,32496,87,8,8,50,2,2,74,7,7,87,8,8,Finisher,4424
Torben,Detlefsen,Torben Detlefsen,109,M45-49,Male,Boren,DE-SH,Germany,DE,1:07:28,4:39:43,3:08:02,0:04:00,0:04:02,9:03:15,4048,16783,11282,240,242,32595,88,80,3,479,400,49,135,120,9,88,80,3,Finisher,4939
Laura,Heinonen,Laura Heinonen,102,F40-44,Female,Helsinki,,Finland,FI,1:02:26,4:43:48,3:12:12,0:02:23,0:02:31,9:03:20,3746,17028,11532,143,151,32600,89,9,1,249,46,6,127,15,1,89,9,1,Finisher,5000
Johanna,Ahrens,Johanna Ahrens,5011,FPRO,Female,München,Bayern,Germany,DE,0:52:42,4:43:54,3:26:07,0:01:32,0:01:35,9:05:50,3162,17034,12367,92,95,32750,90,10,9,56,6,6,84,8,8,90,10,9,Finisher,4373
Marcus,Lindblom,Marcus Lindblom,139,M35-39,Male,Ljusne,,Sweden,SE,1:06:22,4:21:47,3:31:37,0:02:56,0:03:16,9:05:58,3982,15707,12697,176,196,32758,91,81,5,413,342,42,65,60,2,91,81,5,Finisher,4665
Pieter-Jan ,Verhelpen ,Pieter-Jan Verhelpen,1896,M30-34,Male,Antwerpen,Flemish Region,Belgium,BE,0:54:34,4:37:48,3:26:02,0:03:37,0:04:07,9:06:07,3274,16668,12362,217,247,32767,92,82,10,69,61,5,78,71,5,92,82,10,Finisher,4511
Filipe,Marques,Filipe Marques,1433,M40-44,Male,Oeiras,PT-11,Portugal,PT,0:52:20,4:49:19,3:17:15,0:03:36,0:03:37,9:06:08,3140,17359,11835,216,217,32768,93,83,4,48,47,2,110,100,8,93,83,4,Finisher,4780
Nicolai,Brogaard,Nicolai Brogaard,2520,M25-29,Male,Vanløse,,Denmark,DK,1:14:58,4:35:13,3:13:08,0:03:28,0:02:46,9:09:34,4498,16513,11588,208,166,32974,94,84,8,1019,866,140,152,135,20,94,84,8,Finisher,4511
Benjamin,Uhlig,Benjamin Uhlig,787,M30-34,Male,München,BY,Germany,DE,0:59:48,4:45:41,3:18:24,0:02:55,0:02:57,9:09:45,3588,17141,11904,175,177,32985,95,85,11,148,123,18,125,111,15,95,85,11,Finisher,4467
Sondre,Blom,Sondre Blom,727,M18-24,Male,Lillehammer,NO-04,Norway,NO,1:06:46,4:45:41,3:11:36,0:03:16,0:02:33,9:09:52,4006,17141,11496,196,153,32992,96,86,4,441,367,41,162,145,7,96,86,4,Finisher,4628
Mizuki,Hirayanagi,Mizuki Hirayanagi,5021,FPRO,Female,東京都,JP-13,Japan,JP,0:58:10,4:47:59,3:20:32,0:01:49,0:01:24,9:09:54,3490,17279,12032,109,84,32994,97,11,10,122,22,14,123,14,14,97,11,10,Finisher,4324
Rachid,Nord,Rachid Nord,209,M35-39,Male,Trollhättan,,Sweden,SE,1:01:39,4:41:37,3:20:31,0:03:44,0:02:39,9:10:10,3699,16897,12031,224,159,33010,98,87,6,207,169,17,117,104,6,98,87,6,Finisher,4615
Dan,Stenberg,Dan Stenberg,1015,M25-29,Male,Sandnes,Rogaland,Norway,NO,1:11:46,4:43:26,3:08:09,0:04:12,0:03:47,9:11:19,4306,17006,11289,252,227,33079,99,88,9,754,637,99,199,178,33,99,88,9,Finisher,4490
David,Nyberg,David Nyberg,667,M25-29,Male,Kalmar,Kalmar,Sweden,SE,1:00:09,4:39:59,3:25:17,0:03:49,0:03:08,9:12:23,3609,16799,12317,229,188,33143,100,89,10,164,134,13,105,95,12,100,89,10,Finisher,4477
Courtney,Wevers,Courtney Wevers,5017,FPRO,Female,Clarence Town,AU-NSW,Australia,AU,0:58:01,4:45:51,3:25:16,0:01:32,0:01:58,9:12:37,3481,17151,12316,92,118,33157,101,12,11,117,20,13,112,12,12,101,12,11,Finisher,4292
Erik,Lundin,Erik Lundin,2500,M30-34,Male,Smögen,VASTRA GOTALANDS LAN [SE-14],Sweden,SE,1:04:39,4:31:02,3:29:37,0:03:28,0:04:02,9:12:47,3879,16262,12577,208,242,33167,102,90,12,325,265,38,91,83,8,102,90,12,Finisher,4431
Olivia,Lind,Olivia Lind,252,F25-29,Female,Lund,SE-M,Sweden,SE,1:02:00,4:51:49,3:11:51,0:03:36,0:03:40,9:12:56,3720,17509,11511,216,220,33176,103,13,1,233,41,10,177,19,1,103,13,1,Finisher,5000
Fredrik,Grønlund,Fredrik Grønlund,1487,M25-29,Male,Hønefoss,Buskerud,Norway,NO,1:06:53,4:32:40,3:25:21,0:04:12,0:04:03,9:13:09,4013,16360,12321,252,243,33189,104,91,11,449,374,52,104,94,11,104,91,11,Finisher,4468
Matthew,De Weirdt,Matthew De Weirdt,177,M35-39,Male,Antwerpen,,Belgium,BE,1:01:13,4:47:41,3:15:34,0:04:26,0:04:27,9:13:20,3673,17261,11734,266,267,33200,105,92,7,197,162,16,149,132,15,105,92,7,Finisher,4577
Laurent,Urrutia,Laurent Urrutia,1318,M50-54,Male,Montigny-le-Bretonneux,FR-78,France,FR,1:10:02,4:41:14,3:15:55,0:03:22,0:03:14,9:13:47,4202,16874,11755,202,194,33227,106,93,1,638,543,46,157,140,5,106,93,1,Finisher,5000
Robbin,Passmark,Robbin Passmark,1426,M35-39,Male,Vimmerby,SE-H,Sweden,SE,1:11:46,4:36:17,3:16:56,0:04:10,0:05:40,9:14:48,4306,16577,11816,250,340,33288,107,94,8,758,641,71,143,127,12,107,94,8,Finisher,4559
Tom,Houghton,Tom Houghton,319,M18-24,Male,Hampshire,England,United Kingdom,GB,1:00:30,4:52:17,3:12:56,0:05:05,0:04:26,9:15:15,3630,17537,11576,305,266,33315,108,95,5,179,147,17,180,161,8,108,95,5,Finisher,4563
Patrik,Johansson,Patrik Johansson,2432,M50-54,Male,Svedala,M,Sweden,SE,0:58:04,4:53:15,3:19:40,0:02:32,0:02:21,9:15:51,3484,17595,11980,152,141,33351,109,96,2,120,99,5,153,136,3,109,96,2,Finisher,4975
Hjalmar,Hultgren,Hjalmar Hultgren,778,M25-29,Male,Kalmar,Kalmar Län,Sweden,SE,1:14:05,4:20:03,3:32:56,0:05:42,0:03:18,9:16:04,4445,15603,12776,342,198,33364,110,97,12,949,803,129,92,84,9,110,97,12,Finisher,4433
William,Björkkvist,William Björkkvist,1612,M25-29,Male,Nyköping,,Sweden,SE,1:00:17,4:49:26,3:21:35,0:02:47,0:02:49,9:16:53,3617,17366,12095,167,169,33413,111,98,13,169,139,15,146,129,19,111,98,13,Finisher,4423
Francisc,Simon,Francisc Simon,126,M30-34,Male,LONDON,ESS,Romania,RO,1:03:16,4:48:33,3:19:22,0:04:22,0:03:20,9:18:53,3796,17313,11962,262,200,33533,112,99,13,278,228,33,163,146,21,112,99,13,Finisher,4357
Natasha,Harris-White,Natasha Harris-White,5027,FPRO,Female,Henley-On-Thames,OXF,United Kingdom,GB,0:57:55,4:57:00,3:19:49,0:02:14,0:02:15,9:19:13,3475,17820,11989,134,135,33553,113,14,12,113,18,11,173,18,16,113,14,12,Finisher,4212
Lars,Augustin,Lars Augustin,2328,M35-39,Male,Mittweida,SN,Germany,DE,1:05:36,4:42:50,3:24:40,0:03:44,0:02:48,9:19:38,3936,16970,12280,224,168,33578,114,100,9,370,303,34,141,126,11,114,100,9,Finisher,4501
Kristina,Grieger,Kristina Grieger,5023,FPRO,Female,Bayreuth,Bayern,Germany,DE,0:59:52,4:58:08,3:18:32,0:02:12,0:02:01,9:20:45,3592,17888,11912,132,121,33645,115,15,13,151,26,15,208,23,19,115,15,13,Finisher,4194
Henrik,Ingerhed,Henrik Ingerhed,1245,M45-49,Male,Trollhättan,,Sweden,SE,0:53:53,4:37:42,3:42:37,0:03:06,0:03:57,9:21:15,3233,16662,13357,186,237,33675,116,101,4,62,54,1,76,69,1,116,101,4,Finisher,4723
Marie,Ingerhed,Marie Ingerhed,5015,FPRO,Female,Trollhättan,foreigner,Sweden,SE,1:05:14,4:38:01,3:34:05,0:02:04,0:01:54,9:21:17,3914,16681,12845,124,114,33677,117,16,14,350,66,21,111,11,11,117,16,14,Finisher,4188
Johan,Lindh,Johan Lindh,2329,M40-44,Male,Rottne,Kronoberg,Sweden,SE,0:56:16,4:42:48,3:35:29,0:02:47,0:04:08,9:21:27,3376,16968,12929,167,248,33687,118,102,5,89,79,3,101,91,6,118,102,5,Finisher,4596
Henric,Dernegård,Henric Dernegård,1067,M45-49,Male,Kalmar,Kalmar,Sweden,SE,1:05:55,4:34:57,3:31:43,0:04:06,0:04:49,9:21:29,3955,16497,12703,246,289,33689,119,103,5,389,322,40,107,97,5,119,103,5,Finisher,4720
Tom,Howie,Tom Howie,2322,M30-34,Male,London,GB-LND,United Kingdom,GB,1:11:23,4:46:40,3:16:06,0:04:01,0:03:42,9:21:52,4283,17200,11766,241,222,33712,120,104,14,729,618,93,225,202,29,120,104,14,Finisher,4322
Jamie,Besse,Jamie Besse,5019,FPRO,Female,Zurich,,Switzerland,CH,1:02:17,4:55:41,3:20:05,0:01:47,0:02:09,9:21:59,3737,17741,12005,107,129,33719,121,17,15,244,43,18,204,22,18,121,17,15,Finisher,4179
Max,Heldt,Max Heldt,1741,M30-34,Male,Uphusum,DE-SH,Germany,DE,0:59:31,4:35:38,3:40:51,0:03:22,0:02:45,9:22:08,3571,16538,13251,202,165,33728,122,105,15,143,118,16,86,78,7,122,105,15,Finisher,4318
Kalle,Sigfridsson,Kalle Sigfridsson,175,M30-34,Male,Kalmar,,Sweden,SE,1:00:25,4:45:43,3:29:00,0:03:02,0:05:39,9:23:48,3625,17143,12540,182,339,33828,123,106,16,175,144,21,128,113,16,123,106,16,Finisher,4298
Harrie,Van Etten,Harrie Van Etten,1243,M25-29,Male,Den Bosch,NL-Noord Brabant,Netherlands,NL,1:08:40,4:43:27,3:26:52,0:02:52,0:02:31,9:24:22,4120,17007,12412,172,151,33862,124,107,14,545,458,70,159,142,23,124,107,14,Finisher,4333
Audun,Berg,Audun Berg,2382,M50-54,Male,Tønsberg,,Norway,NO,1:04:04,4:45:52,3:26:26,0:04:27,0:03:36,9:24:24,3844,17152,12386,267,216,33864,125,108,3,307,252,15,156,139,4,125,108,3,Finisher,4872
Oscar,Lövgren,Oscar Lövgren,1016,M25-29,Male,Gävle,,Sweden,SE,1:04:50,4:42:03,3:32:57,0:02:46,0:02:03,9:24:39,3890,16923,12777,166,123,33879,126,109,15,330,268,37,130,115,18,126,109,15,Finisher,4330
Joel,Wirehag,Joel Wirehag,1555,M40-44,Male,Örebro,,Sweden,SE,1:06:33,4:43:16,3:29:12,0:03:25,0:02:46,9:25:12,3993,16996,12552,205,166,33912,127,110,6,425,354,31,148,131,9,127,110,6,Finisher,4551
Simon,Maier,Simon Maier,1283,M35-39,Male,Holzkirchen,BY,Germany,DE,1:01:44,4:42:27,3:32:36,0:03:21,0:05:08,9:25:16,3704,16947,12756,201,308,33916,128,111,10,213,175,18,121,108,7,128,111,10,Finisher,4433
Marie,Luyckx,Marie Luyckx,5020,FPRO,Female,Oost-Vlaanderen,foreigner,Belgium,BE,0:56:58,4:47:41,3:36:35,0:01:53,0:02:11,9:25:18,3418,17261,12995,113,131,33918,129,18,16,98,14,10,113,13,13,129,18,16,Finisher,4139
Rémi,Viollet,Rémi Viollet,2182,M35-39,Male,BORDEAUX,,France,FR,1:00:35,4:54:47,3:22:37,0:03:21,0:04:12,9:25:32,3635,17687,12157,201,252,33932,130,112,11,182,150,13,192,172,22,130,112,11,Finisher,4430
Jens,Gosebrink,Jens Gosebrink,1005,M40-44,Male,Wesel,NW,Germany,DE,0:52:05,4:44:26,3:44:54,0:02:16,0:02:30,9:26:11,3125,17066,13494,136,150,33971,131,113,7,45,44,1,89,81,5,131,113,7,Finisher,4539
Tobias,Vinther,Tobias Vinther,77,MPRO,Male,Odense,Fyn,Denmark,DK,0:55:09,4:51:21,3:35:19,0:01:52,0:02:44,9:26:25,3309,17481,12919,112,164,33985,132,114,52,80,72,49,124,110,53,132,114,52,Finisher,3518
Gunnar,Fovaeus,Gunnar Fovaeus,1957,M18-24,Male,GÖTEBORG,,Sweden,SE,1:05:59,4:56:35,3:19:32,0:02:44,0:02:06,9:26:56,3959,17795,11972,164,126,34016,133,115,6,395,327,37,261,236,21,133,115,6,Finisher,4423
Yasmin,Rieger,Yasmin Rieger,5033,FPRO,Female,Kufstein,TIROL,Austria,AT,0:56:24,4:54:08,3:32:37,0:01:50,0:02:02,9:27:00,3384,17648,12757,110,122,34020,134,19,17,93,12,8,145,17,15,134,19,17,Finisher,4119
Carl-Gustav,Wärn,Carl-Gustav Wärn,2159,M30-34,Male,Linköping,Östergötlands Län,Sweden,SE,1:03:55,4:51:33,3:25:38,0:03:15,0:02:49,9:27:10,3835,17493,12338,195,169,34030,135,116,17,302,247,36,193,173,27,135,116,17,Finisher,4258
Isak,Axelsson,Isak Axelsson,430,M18-24,Male,Karlskrona,Blekinge,Sweden,SE,1:02:01,4:58:52,3:19:40,0:03:58,0:02:41,9:27:12,3721,17932,11980,238,161,34032,136,117,7,234,193,24,255,231,18,136,117,7,Finisher,4420
Alexander,Pouzar,Alexander Pouzar,163,M35-39,Male,GÄVLE,GAVLEBORGS LAN [SE-21],Sweden,SE,1:13:50,4:41:58,3:25:49,0:03:34,0:02:49,9:27:59,4430,16918,12349,214,169,34079,137,118,12,931,790,88,198,177,24,137,118,12,Finisher,4401
Marcella,TOFT,Marcella TOFT,144,F18-24,Female,Göteborg,SE-O,Sweden,SE,1:07:21,4:49:00,3:27:16,0:02:34,0:02:06,9:28:17,4041,17340,12436,154,126,34097,138,20,1,472,78,6,194,21,1,138,20,1,Finisher,5000
Ward,Baetens,Ward Baetens,1210,M18-24,Male,Diksmuide,West-Vlaanderen,Belgium,BE,1:05:41,4:57:32,3:18:01,0:03:49,0:03:17,9:28:20,3941,17852,11881,229,197,34100,139,119,8,377,310,35,281,256,23,139,119,8,Finisher,4406
Thomas,Bos,Thomas Bos,2004,M30-34,Male,Nieuwkoop,ZUID-HOLLAND,Netherlands,NL,1:12:44,4:48:17,3:17:52,0:05:16,0:04:14,9:28:23,4364,17297,11872,316,254,34103,140,120,18,836,707,112,276,251,34,140,120,18,Finisher,4243
Pontus,Nordström,Pontus Nordström,638,M25-29,Male,Kalmar,,Sweden,SE,1:03:25,4:38:54,3:36:08,0:04:58,0:05:08,9:28:32,3805,16734,12968,298,308,34112,141,121,16,282,230,30,118,105,14,141,121,16,Finisher,4283
Victor,Byström,Victor Byström,685,M35-39,Male,Kalmar,,Sweden,SE,1:05:53,4:56:16,3:20:23,0:03:25,0:02:37,9:28:33,3953,17776,12023,205,157,34113,142,122,13,387,320,38,266,241,33,142,122,13,Finisher,4394
Christian,Brown,Christian Brown,2009,M25-29,Male,Oakhill,Somerset,United Kingdom,GB,0:54:42,5:06:29,3:20:04,0:02:57,0:05:47,9:29:59,3282,18389,12004,177,347,34199,143,123,17,71,63,4,246,222,41,143,123,17,Finisher,4266
Frederik,Nymann,Frederik Nymann,1385,M18-24,Male,Klarup,North Jütland,Denmark,DK,1:10:26,4:51:02,3:22:03,0:03:47,0:03:02,9:30:20,4226,17462,12123,227,182,34220,144,124,9,662,564,67,257,233,19,144,124,9,Finisher,4382
Marlon Mandrake,Tollefors,Marlon Mandrake Tollefors,388,M18-24,Male,Danderyd,SE-AB,Sweden,SE,0:56:57,4:39:11,3:49:21,0:02:41,0:02:20,9:30:29,3417,16751,13761,161,140,34229,145,125,10,97,84,9,90,82,5,145,125,10,Finisher,4380
Mikkel,Vinther,Mikkel Vinther,1969,M25-29,Male,Søborg,DK-84,Denmark,DK,1:11:06,4:08:53,4:02:56,0:04:16,0:03:26,9:30:36,4266,14933,14576,256,206,34236,146,126,18,714,607,94,55,54,3,146,126,18,Finisher,4258
Aaron,Norberg,Aaron Norberg,2348,M25-29,Male,Gävle,SE-X,Sweden,SE,1:07:15,5:05:41,3:08:07,0:05:25,0:04:17,9:30:45,4035,18341,11287,325,257,34245,147,127,19,466,390,57,412,380,62,147,127,19,Finisher,4256
Mubarak,Aljumah,Mubarak Aljumah,108,M40-44,Male,Kuwait City,,Kuwait,KW,1:15:16,4:52:57,3:17:29,0:02:56,0:02:27,9:31:04,4516,17577,11849,176,147,34264,148,128,8,1040,885,81,334,305,32,148,128,8,Finisher,4480
Friedel,Cuypers,Friedel Cuypers,5026,FPRO,Female,Leuven,,Belgium,BE,1:04:59,5:10:44,3:10:41,0:02:37,0:02:21,9:31:21,3899,18644,11441,157,141,34281,149,21,18,338,63,20,410,32,21,149,21,18,Finisher,4067
Nils,Backlund,Nils Backlund,2711,M18-24,Male,Göteborg,VASTRA GOTALANDS LAN [SE-14],Sweden,SE,0:51:47,5:06:49,3:28:09,0:02:02,0:02:40,9:31:27,3107,18409,12489,122,160,34287,150,129,11,40,39,3,212,189,10,150,129,11,Finisher,4369
Jakob,Andersson,Jakob Andersson,505,M18-24,Male,Linköping,SE-E,Sweden,SE,1:01:51,4:45:02,3:35:48,0:04:47,0:04:04,9:31:33,3711,17102,12948,287,244,34293,151,130,12,224,185,21,139,124,6,151,130,12,Finisher,4368
Glen,Leonhard,Glen Leonhard,2014,M45-49,Male,Fredericia,Southern Jutland,Denmark,DK,1:05:56,4:48:15,3:29:47,0:04:14,0:03:30,9:31:42,3956,17295,12587,254,210,34302,152,131,6,392,324,41,186,166,11,152,131,6,Finisher,4597
Mark,Lincoln,Mark Lincoln,682,M35-39,Male,London,"LONDON, CITY OF",United Kingdom,GB,1:00:31,4:46:50,3:39:04,0:03:04,0:03:06,9:32:35,3631,17210,13144,184,186,34355,153,132,14,180,148,12,133,118,10,153,132,14,Finisher,4346
Antoine,Fonlupt,Antoine Fonlupt,626,M25-29,Male,Pannes,,France,FR,1:03:16,4:53:47,3:28:04,0:04:51,0:03:25,9:33:24,3796,17627,12484,291,205,34404,154,133,20,277,227,28,224,201,36,154,133,20,Finisher,4225
David,Gulliver,David Gulliver,202,M45-49,Male,Swindon,WIL,United Kingdom,GB,1:03:49,4:51:22,3:30:41,0:04:31,0:03:09,9:33:32,3829,17482,12641,271,189,34412,155,134,7,298,243,27,203,182,12,155,134,7,Finisher,4575
Pierre-Yves,GUESSE,Pierre-Yves GUESSE,2491,M40-44,Male,villers le bouillet,,Belgium,BE,1:20:39,4:40:49,3:23:20,0:05:49,0:02:59,9:33:35,4839,16849,12200,349,179,34415,156,135,9,1461,1218,122,285,260,23,156,135,9,Finisher,4450
Andreas,Westling,Andreas Westling,231,M45-49,Male,Täby,SE-AB,Sweden,SE,1:03:40,4:39:49,3:44:52,0:03:11,0:02:18,9:33:50,3820,16789,13492,191,138,34430,157,136,8,292,239,26,114,101,7,157,136,8,Finisher,4572
Ruslan,Shtymak,Ruslan Shtymak,1303,M40-44,Male,Uzhhorod,UA-21,Ukraine,UA,1:01:16,4:51:40,3:32:10,0:04:59,0:04:01,9:34:07,3676,17500,12730,299,241,34447,158,137,10,198,163,8,181,162,11,158,137,10,Finisher,4444
Rachael,McCarthy,Rachael McCarthy,5014,FPRO,Female,Tascott,AU-NSW,Australia,AU,1:00:01,4:56:12,3:34:21,0:01:58,0:02:13,9:34:46,3601,17772,12861,118,133,34486,159,22,19,157,28,16,183,20,17,159,22,19,Finisher,4026
Johan,Saarela,Johan Saarela,1230,M35-39,Male,Södertälje,SE-AB,Sweden,SE,1:03:15,4:49:10,3:34:33,0:04:22,0:03:32,9:34:52,3795,17350,12873,262,212,34492,160,138,15,276,226,27,167,150,17,160,138,15,Finisher,4318
Joakim,kings,Joakim kings,1087,M40-44,Male,Stor-Stockholm,Stockholms Län,Sweden,SE,1:11:41,4:45:15,3:28:03,0:04:46,0:05:11,9:34:56,4301,17115,12483,286,311,34496,161,139,11,750,633,55,222,199,15,161,139,11,Finisher,4434
Karin,Kallin,Karin Kallin,5035,FPRO,Female,Uddevalla,,Sweden,SE,1:02:47,4:36:47,3:51:29,0:01:53,0:02:02,9:34:58,3767,16607,13889,113,122,34498,162,23,20,261,47,19,99,10,10,162,23,20,Finisher,4023
Craig,Ellery,Craig Ellery,1288,M40-44,Male,PORT TALBOT,Wales,United Kingdom,GB,1:02:06,4:54:10,3:31:22,0:04:11,0:03:25,9:35:15,3726,17650,12682,251,205,34515,163,140,12,237,196,12,211,188,13,163,140,12,Finisher,4430
Jacob,Werner,Jacob Werner,2663,M50-54,Male,Visby,SE-I,Sweden,SE,0:57:16,4:49:58,3:40:36,0:04:22,0:03:06,9:35:18,3436,17398,13236,262,186,34518,164,141,4,103,89,3,138,123,1,164,141,4,Finisher,4741
Jürgen,Fehringer,Jürgen Fehringer,1570,M35-39,Male,Neuhofen an der Ybbs,NIEDEROSTERREICH,Austria,AT,1:05:58,4:54:36,3:25:20,0:04:54,0:04:31,9:35:19,3958,17676,12320,294,271,34519,165,142,16,394,326,40,265,240,32,165,142,16,Finisher,4313
Phillip,Mayer-Brodner,Phillip Mayer-Brodner,763,M30-34,Male,Mödling,AT-3,Austria,AT,0:57:12,4:47:54,3:44:22,0:02:14,0:04:04,9:35:47,3432,17274,13462,134,244,34547,166,143,19,101,87,8,120,107,14,166,143,19,Finisher,4155
Ruta,Juškeviciute,Ruta Juškeviciute,1456,F30-34,Female,Vilnius,,Lithuania,LT,1:11:56,5:05:13,3:11:34,0:04:47,0:02:28,9:35:59,4316,18313,11494,287,148,34559,167,24,1,769,120,22,445,38,4,167,24,1,Finisher,5000
Vojtech ,Marvan,Vojtech Marvan,2011,M35-39,Male,KLÁŠTEREC NAD OHŘÍ ,USTECKY KRAJ,Czech Republic,CZ,1:03:39,4:44:25,3:39:25,0:05:03,0:03:27,9:35:59,3819,17065,13165,303,207,34559,168,144,17,290,237,28,147,130,14,168,144,17,Finisher,4305
Mikael,Mertz-Jepsen,Mikael Mertz-Jepsen,204,M40-44,Male,Vilnius,,Denmark,DK,1:16:17,4:52:54,3:19:36,0:04:34,0:03:00,9:36:21,4577,17574,11976,274,180,34581,169,145,13,1118,951,86,363,333,37,169,145,13,Finisher,4417
Marciano,Dias,Marciano Dias,1931,M40-44,Male,Amora,,Portugal,PT,1:09:43,4:53:28,3:26:21,0:03:01,0:04:02,9:36:34,4183,17608,12381,181,242,34594,170,146,14,612,518,47,274,249,21,170,146,14,Finisher,4414
Hugo,Rydberg,Hugo Rydberg,1593,M25-29,Male,Norrköping,OSTERGOTLANDS LAN [SE-05],Sweden,SE,0:51:56,4:54:22,3:43:24,0:03:21,0:03:38,9:36:40,3116,17662,13404,201,218,34600,171,147,21,43,42,1,129,114,17,171,147,21,Finisher,4185
Donny,Van Wessel,Donny Van Wessel,607,M25-29,Male,Doetinchem,NL-GE,Netherlands,NL,1:10:20,4:43:29,3:36:56,0:03:02,0:03:06,9:36:54,4220,17009,13016,182,186,34614,172,148,22,657,561,85,169,152,25,172,148,22,Finisher,4183
Adil,Gourari,Adil Gourari,268,M45-49,Male,Bouskoura,FR,Morocco,MA,1:08:01,4:53:53,3:28:18,0:04:15,0:02:28,9:36:55,4081,17633,12498,255,148,34615,173,149,9,507,426,51,272,247,20,173,149,9,Finisher,4535
Simon,Roger-Jepsen,Simon Roger-Jepsen,120,M18-24,Male,Glostrup,DK-84,Denmark,DK,1:04:32,4:55:55,3:31:29,0:02:23,0:02:45,9:37:03,3872,17755,12689,143,165,34623,174,150,13,322,262,28,231,207,13,174,150,13,Finisher,4302
Dominik,Friedrich ,Dominik Friedrich,2177,M40-44,Male,Sauerlach,Bavaria,Germany,DE,1:05:20,4:28:57,3:56:01,0:03:07,0:03:48,9:37:12,3920,16137,14161,187,228,34632,175,151,15,354,287,22,80,73,3,175,151,15,Finisher,4407
Daniel,Johansson,Daniel Johansson,753,M50-54,Male,Kalmar,SE-H,Sweden,SE,1:13:59,4:47:00,3:29:10,0:04:22,0:03:04,9:37:35,4439,17220,12550,262,184,34655,176,152,5,943,800,76,262,237,16,176,152,5,Finisher,4714
Henryk,Stawicki,Henryk Stawicki,2485,M40-44,Male,Karlstad,VARMLANDS LAN [SE-17],Sweden,SE,1:07:52,5:04:39,3:18:44,0:03:43,0:02:46,9:37:44,4072,18279,11924,223,166,34664,177,153,16,496,417,36,384,354,41,177,153,16,Finisher,4400
Thomas,Wahlroos,Thomas Wahlroos,286,M45-49,Male,London,foreigner,Finland,FI,1:11:33,4:53:27,3:23:34,0:05:31,0:04:06,9:38:11,4293,17607,12214,331,246,34691,178,154,10,742,628,76,325,297,26,178,154,10,Finisher,4519
Kenny,Delvaux,Kenny Delvaux,870,M40-44,Male,Budingen (Zoutleeuw),,Belgium,BE,1:18:58,4:48:50,3:20:49,0:05:23,0:04:45,9:38:46,4738,17330,12049,323,285,34726,179,155,17,1338,1121,110,357,327,36,179,155,17,Finisher,4388
Johan,Nyberg,Johan Nyberg,140,M40-44,Male,Stockholm,SE-AB,Sweden,SE,1:01:57,4:59:00,3:28:50,0:04:26,0:04:34,9:38:46,3717,17940,12530,266,274,34726,180,156,18,229,189,10,263,238,19,180,156,18,Finisher,4388
Jesper Fink,Petersen,Jesper Fink Petersen,1865,M50-54,Male,Farum,,Denmark,DK,1:13:30,4:46:28,3:28:09,0:05:41,0:05:27,9:39:15,4410,17188,12489,341,327,34755,181,157,6,898,763,70,267,242,17,181,157,6,Finisher,4694
Erik,Blom-Dahl,Erik Blom-Dahl,1686,M50-54,Male,Oppegård,,Norway,NO,1:08:31,4:44:35,3:38:28,0:03:40,0:04:14,9:39:27,4111,17075,13108,220,254,34767,182,158,7,533,451,32,166,149,7,182,158,7,Finisher,4692
Christoffer,Olkvist,Christoffer Olkvist,2514,M45-49,Male,Dalby,,Sweden,SE,1:04:09,4:33:45,3:56:09,0:02:34,0:03:05,9:39:42,3849,16425,14169,154,185,34782,183,159,11,310,254,31,95,87,2,183,159,11,Finisher,4501
Emil ,Kristiansen,Emil Kristiansen,2013,M25-29,Male,Fredericia,Southern Jutland,Denmark,DK,1:07:15,4:48:01,3:39:05,0:02:49,0:02:36,9:39:46,4035,17281,13145,169,156,34786,184,160,23,464,388,56,182,163,29,184,160,23,Finisher,4148
Ben,Parker,Ben Parker,226,M30-34,Male,London,GB-ENG,United Kingdom,GB,1:11:46,4:42:11,3:37:17,0:04:33,0:04:33,9:40:21,4306,16931,13037,273,273,34821,185,161,20,757,640,97,188,168,26,185,161,20,Finisher,4100
Felix,Petersson,Felix Petersson,1499,M18-24,Male,Göteborg,Göteborg,Sweden,SE,1:01:58,4:57:07,3:32:06,0:05:08,0:04:12,9:40:31,3718,17827,12726,308,252,34831,186,162,14,231,191,23,249,225,17,186,162,14,Finisher,4260
Jaakko,Vilander,Jaakko Vilander,2630,M35-39,Male,Espoo,Uusimaa,Finland,FI,1:09:58,4:58:05,3:24:07,0:04:31,0:03:52,9:40:33,4198,17885,12247,271,232,34833,187,163,18,631,536,62,349,319,44,187,163,18,Finisher,4250
Steven,Bosmans,Steven Bosmans,2565,M35-39,Male,Maaseik,,Belgium,BE,1:17:25,4:43:31,3:27:42,0:07:27,0:04:46,9:40:51,4645,17011,12462,447,286,34851,188,164,19,1218,1029,114,297,271,38,188,164,19,Finisher,4246
Sebastian,Kostrubala,Sebastian Kostrubala,111,M40-44,Male,Rzeszow,PL-PK,Poland,PL,1:16:44,4:39:37,3:37:09,0:03:30,0:03:52,9:40:52,4604,16777,13029,210,232,34852,189,165,19,1161,987,89,205,183,12,189,165,19,Finisher,4363
Kirill,Kondrasin,Kirill Kondrasin,1620,M25-29,Male,High Wycombe,BKM,United Kingdom,GB,0:57:20,5:05:55,3:27:44,0:02:57,0:07:04,9:41:00,3440,18355,12464,177,424,34860,190,166,24,104,90,5,275,250,43,190,166,24,Finisher,4133
Wilmer,Samuelsson,Wilmer Samuelsson,596,M25-29,Male,Kalmar,,Sweden,SE,0:58:02,4:46:11,3:50:52,0:03:03,0:02:54,9:41:03,3482,17171,13852,183,174,34863,191,167,25,119,98,8,119,106,15,191,167,25,Finisher,4133
Magnus,Sveigaard Ødum,Magnus Sveigaard Ødum,247,M25-29,Male,Odense,DK-83,Denmark,DK,1:15:07,4:38:54,3:41:11,0:03:03,0:02:56,9:41:12,4507,16734,13271,183,176,34872,192,168,26,1031,878,143,172,155,26,192,168,26,Finisher,4131
Luuk,van Schepen,Luuk van Schepen,703,M18-24,Male,Nijmegen,Gelderland,Netherlands,NL,1:07:26,4:50:25,3:36:25,0:04:29,0:02:27,9:41:12,4046,17425,12985,269,147,34872,193,169,15,478,399,45,227,204,12,193,169,15,Finisher,4252
Fredrik Øverland,Hatling,Fredrik Øverland Hatling,1780,M25-29,Male,OSLO,,Norway,NO,1:01:42,4:52:27,3:40:40,0:03:11,0:03:35,9:41:35,3702,17547,13240,191,215,34895,194,170,27,212,174,20,174,156,27,194,170,27,Finisher,4126
Björn,Wisaeus,Björn Wisaeus,250,M35-39,Male,Stockholm,,Sweden,SE,1:05:37,4:46:29,3:43:28,0:03:34,0:02:39,9:41:47,3937,17189,13408,214,159,34907,195,171,20,372,305,35,161,144,16,195,171,20,Finisher,4235
Carl,Björkman,Carl Björkman,385,M25-29,Male,Kalmar,KALMAR LAN [SE-08],Sweden,SE,1:06:24,4:45:24,3:41:20,0:03:32,0:05:15,9:41:54,3984,17124,13280,212,315,34914,196,172,28,415,344,48,160,143,24,196,172,28,Finisher,4123
Gabriel,Björlin,Gabriel Björlin,517,M25-29,Male,Kalmar,,Sweden,SE,0:52:28,4:25:42,4:14:14,0:02:47,0:06:49,9:41:59,3148,15942,15254,167,409,34919,197,173,29,49,48,3,48,47,2,197,173,29,Finisher,4122
Patric,Ridell,Patric Ridell,1764,M30-34,Male,Stockholm,Stockholm,Sweden,SE,0:54:20,5:03:22,3:32:57,0:07:21,0:04:03,9:42:02,3260,18202,12777,441,243,34922,198,174,21,65,57,4,256,232,31,198,174,21,Finisher,4080
Emil,Nilsson,Emil Nilsson,493,M40-44,Male,Kalmar,,Sweden,SE,1:10:42,4:31:18,3:54:13,0:03:06,0:03:01,9:42:21,4242,16278,14053,186,181,34941,199,175,20,680,578,52,108,98,7,199,175,20,Finisher,4345
Wannes,Vantieghem,Wannes Vantieghem,2072,M25-29,Male,Harelbeke,Flemish Region,Belgium,BE,1:06:46,4:56:14,3:33:07,0:03:39,0:02:38,9:42:22,4006,17774,12787,219,158,34942,200,176,30,442,368,51,279,254,45,200,176,30,Finisher,4117
Jani,Lassila,Jani Lassila,1889,M45-49,Male,BORÅS,,Sweden,SE,1:08:08,4:50:50,3:34:24,0:05:07,0:04:09,9:42:38,4088,17450,12864,307,249,34958,201,177,12,516,435,52,245,221,16,201,177,12,Finisher,4466
Jonathan,Larsson,Jonathan Larsson,1777,M25-29,Male,Västerås,SE-U,Sweden,SE,1:13:01,4:35:28,3:43:17,0:05:42,0:05:18,9:42:47,4381,16528,13397,342,318,34967,202,178,31,859,728,115,154,137,21,202,178,31,Finisher,4112
Michal,Slomski,Michal Slomski,2573,M40-44,Male,Gdańsk,pomorskie,Poland,PL,1:06:34,4:54:45,3:35:41,0:02:50,0:02:57,9:42:48,3994,17685,12941,170,177,34968,203,179,21,427,356,32,247,223,18,203,179,21,Finisher,4340
Dan,Mellor,Dan Mellor,1912,M35-39,Male,Eastleigh,GB-HAM,United Kingdom,GB,1:08:27,4:48:08,3:37:09,0:04:19,0:04:45,9:42:48,4107,17288,13029,259,285,34968,204,180,21,530,448,55,216,193,27,204,180,21,Finisher,4223
Marco,Miguel,Marco Miguel,1395,M30-34,Male,Alcabideche,Portugal,Portugal,PT,1:08:17,5:06:06,3:21:33,0:03:58,0:03:00,9:42:54,4097,18366,12093,238,180,34974,205,181,22,524,442,66,411,379,50,205,181,22,Finisher,4069
Karin,Magnusson,Karin Magnusson,1367,F45-49,Female,Kvibille,,Sweden,SE,1:08:32,4:54:34,3:31:49,0:04:27,0:03:34,9:42:56,4112,17674,12709,267,214,34976,206,25,1,536,84,8,290,26,1,206,25,1,Finisher,5000
Wilhelm,Skogly,Wilhelm Skogly,1759,M25-29,Male,Oslo,Oslo,Norway,NO,1:07:33,4:27:21,3:59:35,0:04:59,0:04:04,9:43:32,4053,16041,14375,299,244,35012,207,182,32,483,404,60,93,85,10,207,182,32,Finisher,4103
Juuso,Högblom,Juuso Högblom,1030,M30-34,Male,Joensuu,,Finland,FI,1:06:26,4:47:14,3:42:06,0:03:48,0:04:05,9:43:39,3986,17234,13326,228,245,35019,208,183,23,417,346,51,178,159,23,208,183,23,Finisher,4060
João,Pacheco,João Pacheco,1308,M40-44,Male,Linda a Velha,PT-11,Portugal,PT,1:02:02,4:49:42,3:45:27,0:02:31,0:04:08,9:43:51,3722,17382,13527,151,248,35031,209,184,22,235,194,11,155,138,10,209,184,22,Finisher,4327
Eric,Lagerstrom,Eric Lagerstrom,2110,M25-29,Male,Vintrosa,,Sweden,SE,1:03:12,4:55:17,3:37:31,0:04:06,0:03:47,9:43:54,3792,17717,13051,246,227,35034,210,185,33,274,224,27,229,205,37,210,185,33,Finisher,4099
Peter,Karlsson,Peter Karlsson,1505,M55-59,Male,Åhus,SE-M,Sweden,SE,1:08:04,4:58:19,3:29:28,0:04:08,0:03:58,9:43:56,4084,17899,12568,248,238,35036,211,186,1,512,431,24,324,296,6,211,186,1,Finisher,5000
Callum,Townsend,Callum Townsend,2060,M25-29,Male,Blackburn,GB-LAN,United Kingdom,GB,1:04:28,4:56:37,3:36:02,0:03:05,0:03:54,9:44:07,3868,17797,12962,185,234,35047,212,187,34,320,261,35,248,224,42,212,187,34,Finisher,4096
Johnny,Hansen,Johnny Hansen,121,M55-59,Male,Kalundborg,DK-85,Denmark,DK,1:14:18,4:42:12,3:40:57,0:03:34,0:03:09,9:44:11,4458,16932,13257,214,189,35051,213,188,2,973,825,52,207,185,3,213,188,2,Finisher,4997
Mirco,Hammerl,Mirco Hammerl,1366,M40-44,Male,Hamm,NW,Germany,DE,1:03:27,4:59:59,3:33:04,0:04:05,0:03:50,9:44:25,3807,17999,12784,245,230,35065,214,189,23,284,232,17,289,264,25,214,189,23,Finisher,4320
Marcus,Arnell,Marcus Arnell,1944,M40-44,Male,Jämshög,BLEKINGE LAN [SE-10],Sweden,SE,1:18:41,4:44:57,3:35:02,0:03:40,0:02:16,9:44:35,4721,17097,12902,220,136,35075,215,190,24,1320,1106,108,286,261,24,215,190,24,Finisher,4318
Emil,Karlsson,Emil Karlsson,931,M25-29,Male,Mörsil,,Sweden,SE,1:00:05,5:09:06,3:28:33,0:02:37,0:04:17,9:44:38,3605,18546,12513,157,257,35078,216,191,35,162,133,12,341,311,52,216,191,35,Finisher,4090
Björn,Lindahl,Björn Lindahl,2336,M50-54,Male,SOLNA,SE-AB,Sweden,SE,1:07:42,4:45:07,3:45:03,0:03:29,0:03:33,9:44:54,4062,17107,13503,209,213,35094,217,192,8,491,412,27,164,147,6,217,192,8,Finisher,4626
Martin,EIKEL,Martin EIKEL,115,M30-34,Male,Houston,US-TX,Germany,DE,1:07:23,5:03:23,3:27:09,0:03:51,0:03:16,9:45:03,4043,18203,12429,231,196,35103,218,193,24,474,396,58,371,341,43,218,193,24,Finisher,4043
Anton,Razumovskyi,Anton Razumovskyi,1623,M30-34,Male,London,BDF,Ukraine,UA,1:05:34,4:57:01,3:34:36,0:04:34,0:04:44,9:46:29,3934,17821,12876,274,284,35189,219,194,25,368,301,49,284,259,35,219,194,25,Finisher,4026
Olivia,Dietzel,Olivia Dietzel,5025,FPRO,Female,Dickeyville,US-WI,United States,US,1:06:35,5:16:53,3:15:10,0:04:28,0:03:29,9:46:35,3995,19013,11710,268,209,35195,220,26,21,430,72,22,516,47,23,220,26,21,Finisher,3884
Björn,Franzén,Björn Franzén,714,M45-49,Male,Visby,GOTLANDS LAN [SE-09],Sweden,SE,1:02:47,5:01:17,3:34:06,0:05:00,0:03:37,9:46:48,3767,18077,12846,300,217,35208,221,195,13,259,213,21,304,277,23,221,195,13,Finisher,4416
Paddy,Langdale ,Paddy Langdale,1290,M25-29,Male,London ,"LONDON, CITY OF",United Kingdom,GB,1:03:04,4:46:55,3:46:55,0:04:54,0:05:06,9:46:55,3784,17215,13615,294,306,35215,222,196,36,269,220,25,158,141,22,222,196,36,Finisher,4062
Emma,Bock,Emma Bock,229,F25-29,Female,Kongens Lyngby,HOVEDSTADEN,Denmark,DK,1:01:37,4:57:46,3:42:11,0:03:01,0:02:41,9:47:16,3697,17866,13331,181,161,35236,223,27,2,206,38,7,228,24,2,223,27,2,Finisher,4588
Axel,Dahlgren,Axel Dahlgren,1040,M25-29,Male,ROCKNEBY,,Sweden,SE,1:07:40,5:05:59,3:25:15,0:04:13,0:04:23,9:47:29,4060,18359,12315,253,263,35249,224,197,37,490,411,63,402,372,61,224,197,37,Finisher,4056
Steffen ,Roth,Steffen Roth,1121,M35-39,Male,Lüneburg,NI,Germany,DE,1:02:58,5:01:26,3:32:43,0:05:21,0:05:12,9:47:40,3778,18086,12763,321,312,35260,225,198,22,265,217,25,312,284,41,225,198,22,Finisher,4165
Julie Søe,Mikkelsen,Julie Søe Mikkelsen,1081,F30-34,Female,Århus,Midtjylland,Denmark,DK,1:00:26,4:49:03,3:52:54,0:02:43,0:02:37,9:47:43,3626,17343,13974,163,157,35263,226,28,2,177,32,4,142,16,1,226,28,2,Finisher,4859
Stephen,Woodford,Stephen Woodford,1631,M30-34,Male,Shepperton,SURREY,United Kingdom,GB,0:59:51,5:11:41,3:27:52,0:04:16,0:04:19,9:48:00,3591,18701,12472,256,259,35280,227,199,26,150,125,19,380,350,46,227,199,26,Finisher,4008
Josh,Rugen,Josh Rugen,197,M30-34,Male,Chester,GB-CHW,United Kingdom,GB,1:11:29,4:58:12,3:28:39,0:05:03,0:04:37,9:48:00,4289,17892,12519,303,277,35280,228,200,27,737,624,95,372,342,44,228,200,27,Finisher,4008
Mattias,Liljenberg,Mattias Liljenberg,127,M50-54,Male,Mölnlycke,SE-O,Sweden,SE,1:11:25,4:54:04,3:33:03,0:04:48,0:04:50,9:48:10,4285,17644,12783,288,290,35290,229,201,9,731,620,57,318,290,21,229,201,9,Finisher,4587
Daniel,Johnson,Daniel Johnson,786,M40-44,Male,Norrköping,,Sweden,SE,1:02:35,5:07:01,3:27:21,0:04:53,0:06:22,9:48:11,3755,18421,12441,293,382,35291,230,202,25,254,208,14,368,338,40,230,202,25,Finisher,4275
Anton,Svensson,Anton Svensson,170,M25-29,Male,Rockneby,SE-H,Sweden,SE,1:01:36,4:33:46,4:06:54,0:02:55,0:03:26,9:48:36,3696,16426,14814,175,206,35316,231,203,38,205,168,19,85,77,7,231,203,38,Finisher,4042
Patrik,Sjögren,Patrik Sjögren,484,M45-49,Male,KALMAR,,Sweden,SE,1:01:42,4:57:01,3:41:34,0:04:11,0:04:20,9:48:48,3702,17821,13294,251,260,35328,232,204,14,210,172,11,232,208,13,232,204,14,Finisher,4392
Philip,Sheridan,Philip Sheridan,242,M35-39,Male,Dublin,foreigner,Ireland,IE,1:08:05,4:56:39,3:35:58,0:04:24,0:03:44,9:48:50,4085,17799,12958,264,224,35330,233,205,23,515,434,54,305,278,39,233,205,23,Finisher,4151
Ed,Houghton,Ed Houghton,2054,M18-24,Male,"Hook, Hartley Wintney",HAMPSHIRE,United Kingdom,GB,1:06:16,4:57:37,3:34:37,0:04:50,0:05:52,9:49:12,3976,17857,12877,290,352,35352,234,206,16,410,339,39,301,274,28,234,206,16,Finisher,4156
Luke,Wace,Luke Wace,1293,M25-29,Male,Banbury,England,United Kingdom,GB,0:57:36,4:57:13,3:45:47,0:04:17,0:04:31,9:49:24,3456,17833,13547,257,271,35364,235,207,39,109,94,6,195,174,31,235,207,39,Finisher,4033
Oskar,Nikolausson,Oskar Nikolausson,1139,M30-34,Male,Lund,,Sweden,SE,0:57:59,4:45:34,4:00:03,0:03:08,0:02:54,9:49:38,3479,17134,14403,188,174,35378,236,208,28,115,97,11,115,102,13,236,208,28,Finisher,3988
Emma,Ljungar,Emma Ljungar,248,F30-34,Female,Kalmar,,Sweden,SE,0:57:44,5:04:36,3:42:18,0:02:56,0:02:15,9:49:49,3464,18276,13338,176,135,35389,237,29,3,110,16,1,258,25,2,237,29,3,Finisher,4834
Eric,Österberg,Eric Österberg,2137,M35-39,Male,Bunkeflostrand,,Sweden,SE,1:01:45,4:55:20,3:46:35,0:03:50,0:02:19,9:49:50,3705,17720,13595,230,139,35390,238,209,24,216,178,20,217,194,28,238,209,24,Finisher,4139
Tobias,Fredriksson,Tobias Fredriksson,436,M30-34,Male,Göteborg,,Sweden,SE,1:07:35,4:55:35,3:34:43,0:08:08,0:04:03,9:50:03,4055,17735,12883,488,243,35403,239,210,29,486,407,59,335,306,40,239,210,29,Finisher,3983
Colm,Dempsey,Colm Dempsey,1092,M40-44,Male,Ratoath,Meath,Ireland,IE,1:06:12,4:57:26,3:36:27,0:05:32,0:04:31,9:50:09,3972,17846,12987,332,271,35409,240,211,26,404,334,27,306,279,26,240,211,26,Finisher,4251
Markus Lassesen,Håland,Markus Lassesen Håland,1291,M25-29,Male,Bergen,,Norway,NO,1:14:47,4:48:42,3:37:42,0:05:04,0:04:05,9:50:21,4487,17322,13062,304,245,35421,241,212,40,1002,851,138,298,272,46,241,212,40,Finisher,4021
Lewis,Timberake,Lewis Timberake,326,M35-39,Male,Rickmansworth,HERTFORDSHIRE,United Kingdom,GB,1:04:23,4:44:19,3:52:08,0:03:36,0:05:58,9:50:24,3863,17059,13928,216,358,35424,242,213,25,316,258,31,144,128,13,242,213,25,Finisher,4132
Joan,Ljungqvist,Joan Ljungqvist,1828,M45-49,Male,Rönninge,STOCKHOLMS LAN [SE-01],Sweden,SE,0:59:10,4:45:47,3:54:24,0:05:13,0:05:58,9:50:32,3550,17147,14064,313,358,35432,243,214,15,139,114,5,132,117,8,243,214,15,Finisher,4371
Sébastien,Leuvrey,Sébastien Leuvrey,117,M50-54,Male,REMIREMONT,FR-88,France,FR,1:00:00,4:54:35,3:49:11,0:03:37,0:03:21,9:50:44,3600,17675,13751,217,201,35444,244,215,10,156,129,7,184,164,9,244,215,10,Finisher,4556
Lennart,Schnödewind,Lennart Schnödewind,801,M25-29,Male,Kiel,Schleswig-Holstein,Germany,DE,0:57:51,4:47:04,4:01:07,0:02:59,0:01:51,9:50:52,3471,17224,14467,179,111,35452,245,216,41,112,95,7,122,109,16,245,216,41,Finisher,4015
Thomas,Kragelund,Thomas Kragelund,2465,M40-44,Male,Christiansfeld,,Denmark,DK,1:19:43,4:42:38,3:41:44,0:03:46,0:03:11,9:51:01,4783,16958,13304,226,191,35461,246,217,27,1398,1174,116,271,246,20,246,217,27,Finisher,4241
Arunas,Krikštaponis,Arunas Krikštaponis,1135,M35-39,Male,Vilnius,Vilnius,Lithuania,LT,0:57:56,4:55:13,3:48:37,0:05:32,0:03:48,9:51:07,3476,17713,13717,332,228,35467,247,218,26,114,96,4,191,171,21,247,218,26,Finisher,4123
Goetz,Lipinsky,Goetz Lipinsky,290,M55-59,Male,Frankfurt(O),DE-BB,Germany,DE,1:07:56,4:57:25,3:36:52,0:05:25,0:03:30,9:51:07,4076,17845,13012,325,210,35467,248,219,3,503,424,22,328,300,7,248,219,3,Finisher,4913
Oscar,Andersson,Oscar Andersson,2600,M25-29,Male,Linköping,OSTERGOTLANDS LAN [SE-05],Sweden,SE,1:17:53,4:59:49,3:21:55,0:08:23,0:03:08,9:51:08,4673,17989,12115,503,188,35468,249,220,42,1263,1062,186,495,450,73,249,220,42,Finisher,4012
Alex,Wibeck,Alex Wibeck,637,M25-29,Male,Kalmar,,Sweden,SE,1:08:53,4:50:42,3:44:27,0:03:51,0:03:40,9:51:33,4133,17442,13467,231,220,35493,250,221,43,560,472,74,236,212,38,250,221,43,Finisher,4007
Jan,Ljungcrantz,Jan Ljungcrantz,1908,M55-59,Male,Göteborg,Västra Götaland,Sweden,SE,1:05:52,5:02:17,3:36:47,0:03:15,0:03:37,9:51:48,3952,18137,13007,195,217,35508,251,222,4,385,318,11,336,307,9,251,222,4,Finisher,4905
Fernando,Carmo,Fernando Carmo,2065,M55-59,Male,Almargem do Bispo,PT-11,Portugal,PT,1:19:38,4:45:47,3:36:08,0:05:40,0:04:39,9:51:52,4778,17147,12968,340,279,35512,252,223,5,1389,1165,75,333,304,8,252,223,5,Finisher,4904
Damian,Tudora,Damian Tudora,1771,M40-44,Male,Brasov,State,Romania,RO,1:11:57,4:56:25,3:34:48,0:05:28,0:03:15,9:51:52,4317,17785,12888,328,195,35512,253,224,28,770,650,59,364,334,38,253,224,28,Finisher,4231
Filip,Rickardsson,Filip Rickardsson,674,M18-24,Male,Kalmar,,Sweden,SE,1:08:16,4:52:58,3:39:44,0:05:53,0:05:04,9:51:54,4096,17578,13184,353,304,35514,254,225,17,523,441,49,282,257,24,254,225,17,Finisher,4123
Ian,Lundvall,Ian Lundvall,158,M18-24,Male,Linköping,SE-E,Sweden,SE,1:10:01,5:02:13,3:33:25,0:03:42,0:02:45,9:52:06,4201,18133,12805,222,165,35526,255,226,18,635,540,63,382,352,33,255,226,18,Finisher,4121
Vanja,Arsenovic,Vanja Arsenovic,1624,M30-34,Male,Tranås,JONKOPINGS LAN [SE-06],Sweden,SE,1:07:49,4:51:03,3:43:36,0:05:34,0:04:13,9:52:14,4069,17463,13416,334,253,35534,256,227,30,494,415,61,251,227,30,256,227,30,Finisher,3957
Stuart,Young,Stuart Young,245,M35-39,Male,Spånga,SE-AB,Sweden,SE,0:59:49,4:45:14,3:59:54,0:03:29,0:03:50,9:52:18,3589,17114,14394,209,230,35538,257,228,27,149,124,8,126,112,8,257,228,27,Finisher,4109
Tautvydas,Kopustas,Tautvydas Kopustas,1375,M30-34,Male,Kaunas,Kaunas,Lithuania,LT,0:59:47,5:07:20,3:36:53,0:03:54,0:04:26,9:52:18,3587,18440,13013,234,266,35538,258,229,31,147,122,17,331,302,39,258,229,31,Finisher,3956
Paul,Svendsen,Paul Svendsen,2235,M60-64,Male,Tønsberg,,Norway,NO,1:20:10,4:52:28,3:29:44,0:05:39,0:04:53,9:52:54,4810,17548,12584,339,293,35574,259,230,1,1432,1199,25,408,377,3,259,230,1,Finisher,5000
Mario,Ruta,Mario Ruta,131,M45-49,Male,Trieste,IT-36,Italy,IT,1:01:42,4:59:22,3:44:42,0:03:23,0:03:48,9:52:57,3702,17962,13482,203,228,35577,260,231,16,211,173,12,252,228,17,260,231,16,Finisher,4342
Viktor,Urby,Viktor Urby,2757,M35-39,Male,NYKÖPING,SE-D,Sweden,SE,1:06:50,4:51:53,3:47:28,0:03:54,0:03:20,9:53:24,4010,17513,13648,234,200,35604,261,232,28,445,371,47,230,206,29,261,232,28,Finisher,4096
Viktor,Löflund,Viktor Löflund,1324,M18-24,Male,Helsinki,Uusimaa,Finland,FI,1:01:34,5:00:29,3:44:39,0:03:23,0:03:25,9:53:30,3694,18029,13479,203,205,35610,262,233,19,204,167,19,264,239,22,262,233,19,Finisher,4104
Timo,Eilert,Timo Eilert,1806,M35-39,Male,Hannover,Lower Saxony,Germany,DE,1:01:51,4:52:20,3:51:38,0:04:21,0:03:23,9:53:33,3711,17540,13898,261,203,35613,263,234,29,223,184,21,189,169,20,263,234,29,Finisher,4094
Oskar,Andersson,Oskar Andersson,384,M25-29,Male,Malmö,,Sweden,SE,1:13:09,5:00:15,3:33:41,0:03:35,0:03:07,9:53:47,4389,18015,12821,215,187,35627,264,235,44,873,740,117,392,362,59,264,235,44,Finisher,3980
Baiba,Medne,Baiba Medne,5018,FPRO,Female,Dobele,Dobeles novads,Latvia,LV,1:00:02,5:19:33,3:30:42,0:01:43,0:02:02,9:54:01,3602,19173,12642,103,122,35641,265,30,22,159,29,17,439,37,22,265,30,22,Finisher,3795
Hampus,Svahn,Hampus Svahn,443,M18-24,Male,Kalmar,,Sweden,SE,1:06:52,4:58:01,3:41:56,0:03:11,0:04:18,9:54:19,4012,17881,13316,191,258,35659,266,236,20,447,373,43,294,268,26,266,236,20,Finisher,4094
Teo,Bovin,Teo Bovin,400,M18-24,Male,Uppsala ,Uppsala Län,Sweden,SE,1:13:48,4:59:20,3:34:40,0:03:44,0:03:03,9:54:35,4428,17960,12880,224,183,35675,267,237,21,930,789,97,390,360,34,267,237,21,Finisher,4091
Jonas,Algotsson,Jonas Algotsson,1875,M35-39,Male,Karlstad,SE-S,Sweden,SE,1:13:26,4:51:45,3:41:46,0:05:03,0:02:55,9:54:55,4406,17505,13306,303,175,35695,268,238,30,892,758,85,317,289,42,268,238,30,Finisher,4078
Stoyan,Karastoyanov,Stoyan Karastoyanov,899,M35-39,Male,Chernomorets,,Bulgaria,BG,1:08:49,5:26:51,3:11:32,0:04:28,0:03:22,9:55:02,4129,19611,11492,268,202,35702,269,239,31,553,466,57,696,630,74,269,239,31,Finisher,4076
Linus,Sandahl,Linus Sandahl,451,M30-34,Male,Kalmar,KALMAR LAN [SE-08],Sweden,SE,1:25:09,4:59:09,3:21:55,0:05:18,0:03:33,9:55:04,5109,17949,12115,318,213,35704,270,240,32,1743,1430,239,540,492,67,270,240,32,Finisher,3923
Jaroslaw,Bator,Jaroslaw Bator,1148,M45-49,Male,Rzeszów,PL-PK,Poland,PL,1:09:25,4:51:41,3:45:38,0:04:48,0:03:35,9:55:08,4165,17501,13538,288,215,35708,271,241,17,594,502,59,269,244,19,271,241,17,Finisher,4316
Michal,Sawczuk,Michal Sawczuk,1182,M25-29,Male,Brandbergen,SE-AB,Poland,PL,1:08:51,5:01:26,3:35:31,0:05:08,0:04:15,9:55:11,4131,18086,12931,308,255,35711,272,242,45,557,469,72,378,348,57,272,242,45,Finisher,3963
Hanna,Törnqvist,Hanna Törnqvist,246,F45-49,Female,Österskär,SE-AB,Sweden,SE,1:12:35,4:53:28,3:42:31,0:03:18,0:03:20,9:55:13,4355,17608,13351,198,200,35713,273,31,2,822,126,14,309,28,2,273,31,2,Finisher,4852
Johan,Cederblad,Johan Cederblad,518,M25-29,Male,UPPSALA,,Sweden,SE,1:13:22,4:51:40,3:43:18,0:03:48,0:03:26,9:55:34,4402,17500,13398,228,206,35734,274,243,46,886,752,119,302,275,47,274,243,46,Finisher,3959
Lukas,Baeckelandt,Lukas Baeckelandt,1208,M18-24,Male,Diksmuide,,Belgium,BE,0:57:01,5:09:53,3:40:42,0:04:55,0:03:08,9:55:40,3421,18593,13242,295,188,35740,275,244,22,99,85,10,342,312,30,275,244,22,Finisher,4078
Johannes,Lindvall,Johannes Lindvall,2586,M25-29,Male,GÖTEBORG,Västra Götaland,Sweden,SE,1:19:38,5:00:55,3:28:10,0:03:36,0:03:33,9:55:53,4778,18055,12490,216,213,35753,276,245,47,1390,1166,200,468,426,70,276,245,47,Finisher,3955
Can,Pettersen,Can Pettersen,1597,M50-54,Male,Lidingö,,Sweden,SE,1:08:28,5:03:44,3:30:35,0:06:46,0:06:21,9:55:54,4108,18224,12635,406,381,35754,277,246,11,531,449,31,418,385,28,277,246,11,Finisher,4494
Alexandre,Verger,Alexandre Verger,2523,M25-29,Male,Chatel-Guyon,,France,FR,1:01:26,5:06:45,3:39:00,0:04:22,0:04:22,9:55:54,3686,18405,13140,262,262,35754,278,247,48,200,164,18,348,318,54,278,247,48,Finisher,3955
Simon,Gustafsson,Simon Gustafsson,785,M35-39,Male,Kalmar,SE-H,Sweden,SE,1:09:47,4:48:54,3:47:15,0:05:06,0:04:56,9:55:57,4187,17334,13635,306,296,35757,279,248,32,620,526,61,241,217,30,279,248,32,Finisher,4065
Fredrik,Wennergren,Fredrik Wennergren,221,M50-54,Female,Torslanda,VASTRA GOTALANDS LAN [SE-14],Sweden,SE,1:10:57,4:53:05,3:44:28,0:03:19,0:04:18,9:56:07,4257,17585,13468,199,258,35767,280,249,12,700,595,54,287,262,19,280,249,12,Finisher,4492
Sigurd,Frøseth,Sigurd Frøseth,2186,M18-24,Male,Sofiemyr,AKERSHUS,Norway,NO,1:11:13,4:46:53,3:49:41,0:05:36,0:02:51,9:56:13,4273,17213,13781,336,171,35773,281,250,23,721,612,77,239,215,15,281,250,23,Finisher,4072
Davis,Wendt,Davis Wendt,254,M25-29,Male,SCOTTSDALE,AZ,United States,US,1:10:02,5:14:44,3:19:39,0:06:22,0:05:30,9:56:17,4202,18884,11979,382,330,35777,282,251,49,636,541,84,566,515,78,282,251,49,Finisher,3950
Sini,Hartikainen,Sini Hartikainen,2038,F40-44,Female,Jyväskylä ,Finland,Finland,FI,1:08:32,5:06:13,3:36:15,0:03:09,0:02:11,9:56:20,4112,18373,12975,189,131,35780,283,32,2,535,83,10,403,31,2,283,32,2,Finisher,4364
Kari,Heinonen,Kari Heinonen,593,M35-39,Male,Helsinki,,Finland,FI,1:04:03,4:50:28,3:56:31,0:02:31,0:03:04,9:56:37,3843,17428,14191,151,184,35797,284,252,33,306,251,30,171,154,18,284,252,33,Finisher,4057
Patrik,Lundström,Patrik Lundström,1244,M40-44,Male,Ekerö,SE-AB,Sweden,SE,1:14:16,4:54:14,3:41:27,0:03:06,0:03:37,9:56:39,4456,17654,13287,186,217,35799,285,253,29,968,820,76,340,310,33,285,253,29,Finisher,4173
Elin,Genneby,Elin Genneby,1422,F45-49,Female,Sala,Västmanlands Län,Sweden,SE,1:09:09,4:56:06,3:42:22,0:06:20,0:02:48,9:56:44,4149,17766,13342,380,168,35804,286,33,3,580,90,9,339,30,4,286,33,3,Finisher,4834
Chloe,Dooley,Chloe Dooley,219,F25-29,Female,Teddington,SRY,United Kingdom,GB,0:56:23,5:28:40,3:22:04,0:05:08,0:04:30,9:56:46,3383,19720,12124,308,270,35806,287,34,3,92,11,1,548,50,7,287,34,3,Finisher,4474
Jonas,Lindkvist,Jonas Lindkvist,1595,M50-54,Male,Ekerö,,Sweden,SE,1:03:54,4:56:47,3:46:51,0:04:00,0:05:17,9:56:48,3834,17807,13611,240,317,35808,288,254,13,300,245,13,253,229,15,288,254,13,Finisher,4483
Adrien,Sipos,Adrien Sipos,2081,M30-34,Male,Gagny,,France,FR,0:57:24,4:58:55,3:50:11,0:04:06,0:06:13,9:56:50,3444,17935,13811,246,373,35810,289,255,33,106,92,10,210,187,28,289,255,33,Finisher,3902
Yannick,MARQUET,Yannick MARQUET,1388,M45-49,Male,THEUX,Walloon Region,Belgium,BE,1:03:08,5:13:01,3:33:36,0:03:32,0:03:34,9:56:51,3788,18781,12816,212,214,35811,290,256,18,272,222,23,424,391,42,290,256,18,Finisher,4295
Tibo,Debosscher,Tibo Debosscher,2070,M25-29,Male,Kortrijk,Flemish Region,Belgium,BE,1:09:11,5:03:41,3:36:37,0:04:57,0:02:35,9:57:01,4151,18221,12997,297,155,35821,291,257,50,585,495,80,400,370,60,291,257,50,Finisher,3941
Mika,Harju,Mika Harju,2483,M40-44,Male,MOTALA,,Sweden,SE,1:18:09,4:59:11,3:30:26,0:05:11,0:04:07,9:57:04,4689,17951,12626,311,247,35824,292,258,30,1284,1078,100,449,411,51,292,258,30,Finisher,4168
Matthijs,Van Akker,Matthijs Van Akker,112,M30-34,Male,Groningen,NL-GR,Netherlands,NL,1:05:08,4:46:19,3:53:31,0:06:49,0:05:17,9:57:04,3908,17179,14011,409,317,35824,293,259,34,345,281,44,185,165,25,293,259,34,Finisher,3899
Ryan,Keeping,Ryan Keeping,681,M35-39,Male,London,LND,United Kingdom,GB,1:14:41,4:47:38,3:46:00,0:05:46,0:03:00,9:57:05,4481,17258,13560,346,180,35825,294,260,34,995,845,94,295,269,37,294,260,34,Finisher,4052
Tormod,Halsnes,Tormod Halsnes,1285,M30-34,Male,Haugesund,NO-11,Norway,NO,1:12:59,5:04:27,3:30:57,0:05:20,0:03:29,9:57:11,4379,18267,12657,320,209,35831,295,261,35,856,725,115,454,415,53,295,261,35,Finisher,3898
Philipp,Hösl,Philipp Hösl,176,M30-34,Male,Riehen,,Germany,DE,1:02:59,4:49:17,3:56:19,0:04:08,0:04:52,9:57:35,3779,17357,14179,248,292,35855,296,262,36,266,218,32,165,148,22,296,262,36,Finisher,3893
Fabian,Laube,Fabian Laube,820,M35-39,Male,Mahlow,BB,Germany,DE,0:52:16,5:03:19,3:53:37,0:03:48,0:04:38,9:57:39,3136,18199,14017,228,278,35859,297,263,35,47,46,2,200,179,25,297,263,35,Finisher,4045
Kalle,Kalliorinne,Kalle Kalliorinne,1206,M30-34,Male,Luleå,NORRBOTTENS LAN [SE-25],Sweden,SE,1:09:53,4:54:06,3:45:21,0:04:01,0:04:25,9:57:45,4193,17646,13521,241,265,35865,298,264,37,623,529,80,293,267,36,298,264,37,Finisher,3891
Daragh,Crowley,Daragh Crowley,2311,M50-54,Male,Castleknock,IE-D,Ireland,IE,1:14:15,4:59:49,3:34:46,0:04:58,0:04:03,9:57:51,4455,17989,12886,298,243,35871,299,265,14,966,818,80,419,386,29,299,265,14,Finisher,4471
Alfons,Svendsén,Alfons Svendsén,684,M25-29,Male,Färjestaden,SE-H,Sweden,SE,1:04:20,4:49:42,3:56:15,0:03:18,0:04:29,9:58:06,3860,17382,14175,198,269,35886,300,266,51,315,257,32,175,157,28,300,266,51,Finisher,3928
Lukas,Skjevik,Lukas Skjevik,2151,M18-24,Male,Trondheim,SØR-TRØNDELAG,Norway,NO,1:15:54,5:08:35,3:20:01,0:07:46,0:05:57,9:58:12,4554,18515,12001,466,357,35892,301,267,24,1094,931,116,583,530,48,301,267,24,Finisher,4048
Erlend,Ramberg,Erlend Ramberg,2093,M25-29,Male,Oslo,Oslo,Norway,NO,1:08:55,5:00:01,3:40:46,0:04:10,0:04:26,9:58:18,4135,18001,13246,250,266,35898,302,268,52,561,473,75,356,326,55,302,268,52,Finisher,3926
Christian,Lengqvist,Christian Lengqvist,171,M45-49,Male,Kalmar,SE-H,Sweden,SE,1:13:24,5:07:02,3:28:57,0:04:49,0:04:08,9:58:20,4404,18422,12537,289,248,35900,303,269,19,888,754,87,486,442,51,303,269,19,Finisher,4278
Simon,Needle,Simon Needle,340,M45-49,Male,Walthamstow,GB-LND,United Kingdom,GB,1:02:34,4:45:35,4:02:04,0:03:06,0:05:02,9:58:21,3754,17135,14524,186,302,35901,304,270,20,252,206,20,136,121,10,304,270,20,Finisher,4277
Mats,Herøy,Mats Herøy,2075,M18-24,Male,Bergen,Vestland,Norway,NO,1:10:02,4:46:58,3:54:29,0:03:57,0:02:57,9:58:22,4202,17218,14069,237,177,35902,305,271,25,637,542,64,218,195,11,305,271,25,Finisher,4046
Christoph,Berger,Christoph Berger,992,M35-39,Male,Hamm,NW,Germany,DE,0:51:48,4:55:30,4:00:18,0:02:34,0:08:17,9:58:27,3108,17730,14418,154,497,35907,306,272,36,41,40,1,131,116,9,306,272,36,Finisher,4035
Demetris,Makrides,Demetris Makrides,658,M30-34,Male,Limassol,Limassol,Cyprus,CY,1:01:45,4:51:29,3:56:43,0:04:21,0:04:51,9:59:09,3705,17489,14203,261,291,35949,307,273,38,214,176,26,179,160,24,307,273,38,Finisher,3874
Nevada,Williams,Nevada Williams,1253,M25-29,Male,Chippenham,WIL,United Kingdom,GB,1:01:55,4:57:36,3:52:51,0:04:04,0:02:45,9:59:10,3715,17856,13971,244,165,35950,308,274,53,227,188,21,238,214,39,308,274,53,Finisher,3915
Kevin,Smith,Kevin Smith,1520,M40-44,Male,Olney,BKM,United Kingdom,GB,1:05:02,5:10:11,3:35:18,0:04:45,0:04:07,9:59:22,3902,18611,12918,285,247,35962,309,275,31,342,279,21,430,396,46,309,275,31,Finisher,4141
Kristin,Liepold,Kristin Liepold,5031,FPRO,Female,Koesching,BAYERN,Germany,DE,1:13:55,4:51:34,3:47:04,0:03:11,0:03:46,9:59:31,4435,17494,13624,191,226,35971,310,35,23,937,143,25,300,27,20,310,35,23,Finisher,3729
Fredrik,Åkerlund,Fredrik Åkerlund,2628,M30-34,Male,Helsinki,Uusimaa,Finland,FI,0:59:06,5:08:40,3:45:31,0:03:46,0:02:41,9:59:44,3546,18520,13531,226,161,35984,311,276,39,135,110,15,338,309,42,311,276,39,Finisher,3867
Nick,Eversdijk,Nick Eversdijk,699,M35-39,Male,Dronten,NL-FL,Netherlands,NL,1:00:44,4:55:48,3:55:28,0:04:12,0:03:35,9:59:48,3644,17748,14128,252,215,35988,312,277,37,189,154,14,213,190,26,312,277,37,Finisher,4019
Philip,Ohlen,Philip Ohlen,1559,M30-34,Male,Stockholm ,,Sweden,SE,1:19:20,5:04:02,3:24:05,0:07:07,0:05:17,9:59:52,4760,18242,12245,427,317,35992,313,278,40,1370,1147,186,553,502,70,313,278,40,Finisher,3866
Max,Lind,Max Lind,238,M18-24,Male,Ljusne,Gävleborg,Sweden,SE,0:51:09,4:39:18,4:24:14,0:02:37,0:02:39,9:59:56,3069,16758,15854,157,159,35996,314,279,26,38,37,2,72,66,3,314,279,26,Finisher,4027
Niklas,Gustavsson,Niklas Gustavsson,635,M35-39,Male,Kalmar,KALMAR LAN [SE-08],Sweden,SE,1:14:17,5:09:42,3:27:50,0:04:28,0:03:52,10:00:09,4457,18582,12470,268,232,36009,315,280,38,971,823,90,525,477,61,315,280,38,Finisher,4015
Scott,Roulston,Scott Roulston,1213,M40-44,Male,Belfast,GB-Antrim,United Kingdom,GB,1:23:29,4:43:29,3:43:11,0:05:26,0:04:52,10:00:27,5009,17009,13391,326,292,36027,316,281,32,1652,1364,141,347,317,34,316,281,32,Finisher,4128
Fredrik,Klingberg,Fredrik Klingberg,251,M40-44,Male,Halmstad,SE-N,Sweden,SE,1:15:03,5:00:09,3:36:25,0:04:55,0:04:04,10:00:37,4503,18009,12985,295,244,36037,317,282,33,1027,874,79,432,397,47,317,282,33,Finisher,4126
Olle,Lindeberg,Olle Lindeberg,1638,M45-49,Male,Lidingö,Stockholm,Sweden,SE,1:08:17,4:56:32,3:45:50,0:05:17,0:04:43,10:00:40,4097,17792,13550,317,283,36040,318,283,21,525,443,55,314,286,25,318,283,21,Finisher,4250
Elias,Oja,Elias Oja,1439,M25-29,Male,Boden,Norrbotten,Sweden,SE,1:20:43,4:54:22,3:38:25,0:04:08,0:03:13,10:00:51,4843,17662,13105,248,193,36051,319,284,54,1464,1220,210,421,388,63,319,284,54,Finisher,3895
Simon,Hagström,Simon Hagström,220,M25-29,Male,Malmö,,Sweden,SE,1:17:32,5:03:42,3:29:47,0:05:05,0:04:45,10:00:51,4652,18222,12587,305,285,36051,320,285,55,1228,1037,177,498,452,74,320,285,55,Finisher,3895
Felix,Walter,Felix Walter,1628,M35-39,Male,Munich,Bavaria,Germany,DE,1:02:14,4:59:08,3:53:46,0:04:32,0:02:16,10:01:56,3734,17948,14026,272,136,36116,321,286,39,242,200,22,268,243,34,321,286,39,Finisher,3993
Edvin,Berglund,Edvin Berglund,1334,M30-34,Male,Växjö,Kronobergs Län,Finland,FI,1:04:55,5:14:48,3:35:06,0:04:00,0:03:19,10:02:08,3895,18888,12906,240,199,36128,322,287,41,336,274,42,466,424,54,322,287,41,Finisher,3838
Avery,Ling,Avery Ling,59,MPRO,Male,Belleville,ON,Canada,CA,0:55:02,4:49:55,4:11:46,0:01:48,0:03:39,10:02:11,3302,17395,15106,108,219,36131,323,288,53,77,69,46,116,103,52,323,288,53,Finisher,3089
Russell,Jackson,Russell Jackson,1018,M35-39,Male,Harpenden,GB-HRT,United Kingdom,GB,1:03:39,5:05:45,3:42:27,0:05:26,0:05:22,10:02:39,3819,18345,13347,326,322,36159,324,289,40,291,238,29,374,344,48,324,289,40,Finisher,3985
Valtteri,Niiranen,Valtteri Niiranen,758,M25-29,Male,Tampere,Pirkanmaa,Finland,FI,1:08:29,4:59:20,3:51:03,0:02:55,0:02:11,10:03:58,4109,17960,13863,175,131,36238,325,290,56,532,450,68,327,299,51,325,290,56,Finisher,3858
Erik,Tengstrand,Erik Tengstrand,2568,M40-44,Male,Linköping,SE-E,Sweden,SE,1:07:32,5:09:36,3:40:00,0:04:43,0:03:08,10:04:58,4052,18576,13200,283,188,36298,326,291,34,482,403,34,444,407,49,326,291,34,Finisher,4074
Mantas,Kukenys,Mantas Kukenys,1455,M40-44,Male,Vilnius,Vilnius,Lithuania,LT,1:12:14,4:52:52,3:50:35,0:04:43,0:04:49,10:05:13,4334,17572,13835,283,289,36313,327,292,35,788,667,60,313,285,28,327,292,35,Finisher,4071
Johan,De Bent,Johan De Bent,205,M50-54,Male,Herent,VLAAMS-BRABANT,Belgium,BE,1:00:53,5:06:38,3:50:10,0:02:55,0:05:02,10:05:37,3653,18398,13810,175,302,36337,328,293,15,191,156,9,321,293,22,328,293,15,Finisher,4378
Johan,Relefors,Johan Relefors,828,M40-44,Male,Västerås,SE-U,Sweden,SE,1:03:43,5:03:02,3:51:50,0:03:43,0:03:22,10:05:40,3823,18182,13910,223,202,36340,329,294,36,293,240,18,322,294,30,329,294,36,Finisher,4065
Tom,Perttala,Tom Perttala,1572,M50-54,Male,Halikko,,Finland,FI,1:16:15,4:48:20,3:52:43,0:04:03,0:04:30,10:05:51,4575,17300,13963,243,270,36351,330,295,16,1116,949,94,299,273,20,330,295,16,Finisher,4375
Pelle,Nordström ,Pelle Nordström,1743,M30-34,Male,Handen ,Stockholm,Sweden,SE,1:11:57,5:21:19,3:25:40,0:04:40,0:02:23,10:05:59,4317,19279,12340,280,143,36359,331,296,42,771,651,100,667,602,95,331,296,42,Finisher,3792
Jonatan,Davidsson,Jonatan Davidsson,1609,M30-34,Male,Alingsås,,Sweden,SE,1:13:06,4:45:36,3:57:09,0:06:36,0:03:50,10:06:16,4386,17136,14229,396,230,36376,332,297,43,868,736,119,260,235,32,332,297,43,Finisher,3789
Christopher,Rubin,Christopher Rubin,253,M40-44,Male,Kristinehamn,VARMLANDS LAN [SE-17],Sweden,SE,1:09:10,4:52:28,3:55:17,0:05:30,0:04:09,10:06:33,4150,17548,14117,330,249,36393,333,298,37,582,492,43,283,258,22,333,298,37,Finisher,4055
Oscar,Andersson,Oscar Andersson,1636,M25-29,Male,Karlskrona,,Sweden,SE,1:06:10,5:05:41,3:47:27,0:04:28,0:02:51,10:06:37,3970,18341,13647,268,171,36397,334,299,57,401,332,45,388,358,58,334,299,57,Finisher,3826
Sebastian,Schmitz,Sebastian Schmitz,210,M35-39,Male,Köln,DE-NW,Germany,DE,1:09:34,5:06:23,3:43:00,0:03:53,0:04:01,10:06:51,4174,18383,13380,233,241,36411,335,300,41,602,510,60,426,393,53,335,300,41,Finisher,3934
Patrik,Vanhanen,Patrik Vanhanen,1583,M30-34,Male,Tampere,FI-11,Finland,FI,1:11:03,5:09:33,3:36:50,0:05:49,0:04:07,10:07:22,4263,18573,13010,349,247,36442,336,301,44,708,601,90,500,454,59,336,301,44,Finisher,3776
Elliot,Duff,Elliot Duff,1513,M25-29,Male,Glasgow,GB-EDU,United Kingdom,GB,1:00:42,5:06:17,3:53:06,0:03:19,0:04:08,10:07:32,3642,18377,13986,199,248,36452,337,302,58,187,153,17,320,292,50,337,302,58,Finisher,3815
Philipp,Steinke,Philipp Steinke,895,M45-49,Male,Norderstedt,SCHLESWIG-HOLSTEIN,Germany,DE,1:09:09,4:51:52,3:58:16,0:03:43,0:04:49,10:07:47,4149,17512,14296,223,289,36467,338,303,22,581,491,57,254,230,18,338,303,22,Finisher,4164
Henrik,Augustsson,Henrik Augustsson,401,M50-54,Male,Nacka,STOCKHOLMS LAN [SE-01],Sweden,SE,1:06:28,5:15:13,3:39:57,0:03:29,0:02:45,10:07:53,3988,18913,13197,209,165,36473,339,304,17,422,351,21,484,440,35,339,304,17,Finisher,4350
Pim,Rutgers,Pim Rutgers,218,M35-39,Male,Renkum,,Netherlands,NL,0:59:15,5:04:51,3:56:57,0:03:34,0:03:17,10:07:55,3555,18291,14217,214,197,36475,340,305,42,140,115,6,292,266,36,340,305,42,Finisher,3922
Casper,Heerschop,Casper Heerschop,647,M30-34,Male,Schiedam,,Netherlands,NL,1:07:18,4:38:58,4:12:19,0:04:23,0:04:58,10:07:57,4038,16738,15139,263,298,36477,341,306,45,469,392,57,134,119,17,341,306,45,Finisher,3769
Kevin,Nordhaus,Kevin Nordhaus,659,M35-39,Male,Ratzeburg,SH,Germany,DE,1:02:27,5:20:56,3:33:31,0:04:55,0:06:35,10:08:25,3747,19256,12811,295,395,36505,342,307,43,250,204,23,524,476,60,342,307,43,Finisher,3916
John,Petersson,John Petersson,1420,M30-34,Male,kalmar,SE-H,Sweden,SE,0:58:12,5:26:24,3:30:25,0:04:31,0:08:59,10:08:30,3492,19584,12625,271,539,36510,343,308,46,123,101,13,534,486,65,343,308,46,Finisher,3762
Anders,Jonzon,Anders Jonzon,1600,M55-59,Male,Råå,,Sweden,SE,0:59:04,4:57:48,4:06:56,0:02:45,0:02:17,10:08:50,3544,17868,14816,165,137,36530,344,309,6,132,108,2,201,180,2,344,309,6,Finisher,4701
Noel,Spett,Noel Spett,1763,M18-24,Male,Stockholm,Nacka,Sweden,SE,1:01:48,5:16:11,3:44:16,0:03:22,0:03:23,10:08:59,3708,18971,13456,202,203,36539,345,310,27,220,182,20,441,404,37,345,310,27,Finisher,3918
Mayra,TOBIAN,Mayra TOBIAN,2662,F25-29,Female,Osterrönfeld,SH,Germany,DE,1:00:43,5:17:04,3:44:12,0:03:17,0:03:47,10:09:03,3643,19024,13452,197,227,36543,346,36,4,188,35,6,437,36,4,346,36,4,Finisher,4326
Philipp,Pfarherr,Philipp Pfarherr,1060,M40-44,Male,Rot an der Rot,BW,Germany,DE,1:04:13,4:54:34,4:02:43,0:04:15,0:03:33,10:09:18,3853,17674,14563,255,213,36558,347,311,38,312,255,20,233,209,16,347,311,38,Finisher,4022
Anna,Latva-Pukkila,Anna Latva-Pukkila,1616,F40-44,Female,Helsinki,,Finland,FI,1:01:25,5:14:28,3:44:52,0:04:01,0:04:37,10:09:23,3685,18868,13492,241,277,36563,348,37,3,199,36,5,428,34,3,348,37,3,Finisher,4207
Christos,Stavrou,Christos Stavrou,1767,M18-24,Male,Wickede (Ruhr),NW,Germany,DE,1:04:59,4:51:03,4:03:33,0:04:19,0:05:36,10:09:29,3899,17463,14613,259,336,36569,349,312,28,337,275,29,209,186,9,349,312,28,Finisher,3912
Snorre Fjeldvig ,Tørlen,Snorre Fjeldvig Tørlen,1900,M18-24,Male,Oslo,Oslo,Norway,NO,1:05:35,4:52:51,4:02:51,0:04:45,0:03:27,10:09:30,3935,17571,14571,285,207,36570,350,313,29,369,302,33,234,210,14,350,313,29,Finisher,3912
Reece,Merckx,Reece Merckx,1701,M35-39,Male,Gent,Flemish Region,Belgium,BE,1:05:29,5:08:39,3:47:34,0:04:56,0:02:55,10:09:33,3929,18519,13654,296,175,36573,351,314,44,360,293,33,420,387,52,351,314,44,Finisher,3902
Rico,Bechmann,Rico Bechmann,1158,M40-44,Male,Langenhain,THURINGEN,Germany,DE,1:19:09,5:12:59,3:25:06,0:07:29,0:04:54,10:09:37,4749,18779,12306,449,294,36577,352,315,39,1358,1136,111,688,622,69,352,315,39,Finisher,4018
Joachim Karlskov ,Simonsen,Joachim Karlskov Simonsen,1033,M25-29,Male,Silkeborg,Central Jutland,Denmark,DK,1:07:55,4:50:24,3:58:34,0:05:26,0:07:22,10:09:42,4075,17424,14314,326,442,36582,353,316,59,500,421,64,240,216,40,353,316,59,Finisher,3789
Andreas,Torstensen,Andreas Torstensen,2415,M35-39,Male,Stavanger,,Norway,NO,1:12:27,5:03:22,3:42:21,0:06:38,0:04:57,10:09:44,4347,18202,13341,398,297,36584,354,317,45,805,682,75,448,410,55,354,317,45,Finisher,3900
Rasmus,Eriksson,Rasmus Eriksson,354,M18-24,Male,Nybro,SE-H,Sweden,SE,1:01:53,4:58:23,4:03:03,0:03:37,0:02:51,10:09:47,3713,17903,14583,217,171,36587,355,318,30,225,186,22,242,218,16,355,318,30,Finisher,3909
Joachim,Prinz,Joachim Prinz,192,M55-59,Male,Duisburg,DE-NW,Germany,DE,1:15:54,5:01:42,3:41:45,0:06:28,0:04:04,10:09:53,4554,18102,13305,388,244,36593,356,319,7,1095,932,58,467,425,18,356,319,7,Finisher,4688
Ingo,Baldermann,Ingo Baldermann,761,M45-49,Male,Durach,BAYERN,Germany,DE,1:01:30,4:59:41,4:03:49,0:02:49,0:02:09,10:09:58,3690,17981,14629,169,129,36598,357,320,23,201,165,9,243,219,15,357,320,23,Finisher,4138
Sabrina,Plontasch,Sabrina Plontasch,125,F40-44,Female,Kamen,DE-NW,Germany,DE,1:07:02,5:16:07,3:40:57,0:02:51,0:03:15,10:10:12,4022,18967,13257,171,195,36612,358,38,4,456,76,9,493,45,5,358,38,4,Finisher,4197
Alexander,Jonsson,Alexander Jonsson,1608,M18-24,Male,Kalmar,KALMAR LAN [SE-08],Sweden,SE,1:03:54,5:03:16,3:53:39,0:03:19,0:06:31,10:10:39,3834,18196,14019,199,391,36639,359,321,31,301,246,27,323,295,29,359,321,31,Finisher,3898
Thijs,Mostert,Thijs Mostert,1372,M35-39,Male,hoek van holland,NL-South Holland,Netherlands,NL,1:00:19,4:53:47,4:09:06,0:03:17,0:04:24,10:10:53,3619,17627,14946,197,264,36653,360,322,46,171,140,11,176,158,19,360,322,46,Finisher,3886
Mattias,Höjman,Mattias Höjman,1104,M50-54,Male,Halmstad,,Sweden,SE,1:15:37,5:07:19,3:36:17,0:06:02,0:05:50,10:11:04,4537,18439,12977,362,350,36664,361,323,18,1071,912,91,533,485,45,361,323,18,Finisher,4312
Daniel,Jagr,Daniel Jagr,987,M25-29,Male,Munich,foreigner,Czech Republic,CZ,1:07:14,5:02:06,3:52:42,0:05:00,0:04:16,10:11:19,4034,18126,13962,300,256,36679,362,324,60,463,387,55,367,337,56,362,324,60,Finisher,3770
Håkan,Andersson,Håkan Andersson,506,M55-59,Male,Kalmar,SE-H,Sweden,SE,1:09:44,4:59:42,3:51:15,0:06:05,0:04:55,10:11:41,4184,17982,13875,365,295,36701,363,325,8,613,519,30,379,349,13,363,325,8,Finisher,4667
Andrew,Kinane,Andrew Kinane,2315,M45-49,Male,Slane,Meath,Ireland,IE,1:02:07,5:11:09,3:46:24,0:05:40,0:06:35,10:11:55,3727,18669,13584,340,395,36715,364,326,24,239,197,16,416,383,41,364,326,24,Finisher,4115
Olle,Nyman,Olle Nyman,1295,M55-59,Male,Lidingo,,Sweden,SE,1:09:59,4:44:28,4:03:57,0:06:35,0:07:07,10:12:06,4199,17068,14637,395,427,36726,365,327,9,633,538,32,220,197,5,365,327,9,Finisher,4662
Fredrik,Jansson,Fredrik Jansson,1866,M50-54,Male,Täby,SE-AB,Sweden,SE,0:56:50,5:13:04,3:53:55,0:03:26,0:04:55,10:12:11,3410,18784,14035,206,295,36731,366,328,19,96,83,2,358,328,24,366,328,19,Finisher,4299
Rafael,ERIKSSON GHAZINOUR,Rafael ERIKSSON GHAZINOUR,2589,M25-29,Male,Lund,SE-M,Sweden,SE,1:09:32,4:45:30,4:07:57,0:04:51,0:04:32,10:12:23,4172,17130,14877,291,272,36743,367,329,61,598,506,81,206,184,34,367,329,61,Finisher,3757
Jakob,Göransson,Jakob Göransson,207,M30-34,Male,Bräkne-hoby,SE-K,Sweden,SE,1:10:48,5:03:31,3:50:49,0:03:52,0:03:56,10:12:55,4248,18211,13849,232,236,36775,368,330,47,688,585,86,407,376,49,368,330,47,Finisher,3709
Niko,Koskela,Niko Koskela,1921,M35-39,Male,Lahti,Finland,Finland,FI,1:16:18,4:54:06,3:53:20,0:05:51,0:03:22,10:12:56,4578,17646,14000,351,202,36776,369,331,47,1119,952,104,385,355,49,369,331,47,Finisher,3861
Kristoffer,Ahlin,Kristoffer Ahlin,816,M50-54,Male,Sala,Västmanland,Sweden,SE,1:09:44,4:57:29,3:58:24,0:05:02,0:02:31,10:13:11,4184,17849,14304,302,151,36791,370,332,20,614,520,42,345,315,23,370,332,20,Finisher,4287
Andre,Bachmann,Andre Bachmann,722,M35-39,Male,Leipzig,SACHSEN,Germany,DE,1:11:55,5:08:36,3:44:37,0:05:00,0:03:34,10:13:42,4315,18516,13477,300,214,36822,371,333,48,767,648,72,489,445,58,371,333,48,Finisher,3852
Andri,Niggli,Andri Niggli,1281,M35-39,Male,Schneisingen,,Switzerland,CH,1:11:39,4:53:38,3:56:10,0:06:45,0:05:42,10:13:54,4299,17618,14170,405,342,36834,372,334,49,749,632,70,343,313,43,372,334,49,Finisher,3850
Anders,Ellow,Anders Ellow,736,M40-44,Male,Eskilstuna,,Sweden,SE,1:06:26,4:53:55,4:04:20,0:03:39,0:05:39,10:13:59,3986,17635,14660,219,339,36839,373,335,40,419,348,28,244,220,17,373,335,40,Finisher,3965
Daniel,Nyberg,Daniel Nyberg,190,M35-39,Male,Tungelsta,,Sweden,SE,1:09:05,5:22:42,3:36:22,0:02:32,0:03:41,10:14:21,4145,19362,12982,152,221,36861,374,336,50,574,485,58,617,561,66,374,336,50,Finisher,3844
Jörg,Wagner,Jörg Wagner,2007,M50-54,Male,Hamm,NORDRHEIN-WESTFALEN,Germany,DE,1:00:22,4:52:46,4:11:37,0:05:31,0:04:06,10:14:22,3622,17566,15097,331,246,36862,375,337,21,173,142,8,190,170,10,375,337,21,Finisher,4273
Bart,Van Beek,Bart Van Beek,996,M30-34,Male,Amsterdam,,Netherlands,NL,1:02:58,5:20:01,3:43:04,0:04:07,0:04:28,10:14:38,3778,19201,13384,247,268,36878,376,338,48,264,216,31,508,462,61,376,338,48,Finisher,3688
Artjom,Livin,Artjom Livin,1882,M40-44,Male,Kohtla-jarve,Ida-Viru maakond,Estonia,EE,1:21:48,5:01:56,3:43:18,0:03:48,0:04:10,10:14:59,4908,18116,13398,228,250,36899,377,339,41,1540,1275,127,512,466,53,377,339,41,Finisher,3953
Chantel,Coetzer,Chantel Coetzer,150,F40-44,Female,Romford,ESS,South Africa,ZA,1:13:34,5:05:41,3:44:11,0:05:35,0:06:32,10:15:33,4414,18341,13451,335,392,36933,378,39,5,908,137,16,478,44,4,378,39,5,Finisher,4133
Jonatan,Lidwall,Jonatan Lidwall,2693,M25-29,Male,Stockholm,Stockholm,Sweden,SE,1:11:13,4:53:58,4:03:37,0:03:39,0:03:07,10:15:35,4273,17638,14617,219,187,36935,379,340,62,720,611,95,303,276,48,379,340,62,Finisher,3718
Erik,Ohlsson,Erik Ohlsson,546,M45-49,Male,Hakenaset,SE-O,Sweden,SE,1:04:41,4:58:21,4:05:25,0:04:26,0:03:16,10:16:09,3881,17901,14725,266,196,36969,380,341,25,326,266,32,288,263,22,380,341,25,Finisher,4064
Tobias,Hübner,Tobias Hübner,1802,M45-49,Male,Hannover,NI,Germany,DE,1:08:14,5:00:54,3:55:28,0:07:06,0:04:29,10:16:11,4094,18054,14128,426,269,36971,381,342,26,521,440,54,383,353,35,381,342,26,Finisher,4063
David,Odelros,David Odelros,2627,M18-24,Male,Danderyd,STOCKHOLMS LAN [SE-01],Sweden,SE,1:12:21,5:17:50,3:38:46,0:03:58,0:03:19,10:16:14,4341,19070,13126,238,199,36974,382,343,32,795,673,85,616,560,50,382,343,32,Finisher,3831
Jörgen,Agerbjer,Jörgen Agerbjer,106,M45-49,Male,Höör,SE-M,Sweden,SE,1:06:13,5:02:54,3:59:08,0:03:34,0:04:37,10:16:26,3973,18174,14348,214,277,36986,383,344,27,405,335,43,351,321,31,383,344,27,Finisher,4060
Andreas,Flörchinger,Andreas Flörchinger,935,M55-59,Male,Lingenfeld ,RP,Germany,DE,1:13:05,5:04:55,3:43:31,0:09:14,0:05:45,10:16:30,4385,18295,13411,554,345,36990,384,345,10,866,734,44,510,464,25,384,345,10,Finisher,4609
Erik,Arnström,Erik Arnström,193,M45-49,Male,Sävedalen,VASTRA GOTALANDS LAN [SE-14],Sweden,SE,1:05:16,5:02:42,3:59:11,0:04:37,0:05:03,10:16:49,3916,18162,14351,277,303,37009,385,346,28,352,285,34,350,320,30,385,346,28,Finisher,4056
Magnus Lindland,Sletten,Magnus Lindland Sletten,2294,M25-29,Male,Bergen,Vestland,Norway,NO,1:10:51,5:22:15,3:34:24,0:06:00,0:03:20,10:16:49,4251,19335,12864,360,200,37009,386,347,63,694,590,90,681,615,100,386,347,63,Finisher,3704
Martin,Hansson,Martin Hansson,223,M40-44,Male,Ystad,SE-M,Sweden,SE,1:05:39,5:17:03,3:49:29,0:02:23,0:02:24,10:16:57,3939,19023,13769,143,144,37017,387,348,42,374,307,24,481,437,52,387,348,42,Finisher,3930
David,O' Dowd,David O' Dowd,191,M50-54,Male,Lidingö,SE-AB,Sweden,SE,0:54:45,5:02:31,4:10:41,0:04:04,0:05:02,10:17:04,3285,18151,15041,244,302,37024,388,349,22,72,64,1,221,198,12,388,349,22,Finisher,4240
Daniel,Eckersall,Daniel Eckersall,1356,M35-39,Male,Dublin,IE-D,Ireland,IE,1:08:45,5:03:57,3:54:39,0:05:00,0:05:03,10:17:24,4125,18237,14079,300,303,37044,389,350,51,548,461,56,397,367,51,389,350,51,Finisher,3808
Martin,Forssberg,Martin Forssberg,1705,M30-34,Male,Karlstad,SE-S,Sweden,SE,1:03:48,5:16:46,3:46:21,0:05:55,0:04:42,10:17:32,3828,19006,13581,355,282,37052,390,351,49,297,242,35,502,456,60,390,351,49,Finisher,3654
Matthias,Van den Buerie,Matthias Van den Buerie,1926,M35-39,Male,Kruisem,OOST-VLAANDEREN,Belgium,BE,1:07:38,5:12:35,3:45:34,0:06:05,0:05:55,10:17:47,4058,18755,13534,365,355,37067,391,352,52,487,408,52,497,451,59,391,352,52,Finisher,3803
Bastien,Flaud,Bastien Flaud,249,M30-34,Male,Copenhague,,France,FR,1:10:28,4:40:15,4:21:05,0:02:55,0:03:06,10:17:49,4228,16815,15665,175,186,37069,392,353,50,665,567,82,151,134,20,392,353,50,Finisher,3650
Ben,Brouard,Ben Brouard,2016,M40-44,Male,Redhill,GB-LONDON,Guernsey,GG,1:09:25,5:03:16,3:54:20,0:05:20,0:05:37,10:17:58,4165,18196,14060,320,337,37078,393,354,43,593,501,44,404,373,45,393,354,43,Finisher,3918
Isis,Panossian Solato,Isis Panossian Solato,1399,F25-29,Female,Littlehampton,WEST SUSSEX,Brazil,BR,1:01:56,5:16:53,3:49:59,0:04:06,0:05:09,10:18:03,3716,19013,13799,246,309,37083,394,40,5,228,40,9,457,40,5,394,40,5,Finisher,4218
Ludwig,Stjernberg,Ludwig Stjernberg,1553,M18-24,Male,Oskarshamn,SE-H,Sweden,SE,1:10:34,5:13:38,3:45:48,0:04:23,0:03:47,10:18:11,4234,18818,13548,263,227,37091,395,355,33,676,574,69,528,480,43,395,355,33,Finisher,3808
Mattias,Kronudd,Mattias Kronudd,1100,M40-44,Male,Kalmar,KALMAR LAN [SE-08],Sweden,SE,1:09:27,5:14:33,3:43:57,0:06:58,0:03:17,10:18:12,4167,18873,13437,418,197,37092,396,356,44,595,503,45,563,512,59,396,356,44,Finisher,3915
Mark,Offiler,Mark Offiler,1941,M30-34,Male,Stokesley,CLV,United Kingdom,GB,0:53:10,4:55:48,4:21:46,0:04:37,0:02:57,10:18:17,3190,17748,15706,277,177,37097,397,357,51,59,52,3,150,133,19,397,357,51,Finisher,3645
Joe,Harrison,Joe Harrison,1445,M18-24,Male,Preston,GB-LAN,United Kingdom,GB,0:56:00,5:05:51,4:04:22,0:05:45,0:06:21,10:18:19,3360,18351,14662,345,381,37099,398,358,34,86,77,8,291,265,25,398,358,34,Finisher,3806
Eddie,Josefsson,Eddie Josefsson,1622,M30-34,Male,Tranås ,,Sweden,SE,1:04:50,5:06:26,3:58:28,0:03:40,0:04:59,10:18:23,3890,18386,14308,220,299,37103,399,359,52,331,269,39,375,345,45,399,359,52,Finisher,3643
Teemu,Paatela,Teemu Paatela,1200,M50-54,Male,Helsinki,,Finland,FI,0:57:22,4:51:29,4:20:45,0:03:08,0:05:47,10:18:31,3442,17489,15645,188,347,37111,400,360,23,105,91,4,140,125,2,400,360,23,Finisher,4223
Lars,Teigland,Lars Teigland,2076,M18-24,Male,Loddefjord,Vestland,Norway,NO,1:10:35,4:59:13,4:02:39,0:03:53,0:02:34,10:18:53,4235,17953,14559,233,154,37133,401,361,35,679,577,70,361,331,32,401,361,35,Finisher,3800
Jimmy,Lejonhammar,Jimmy Lejonhammar,187,M50-54,Male,Upplands Väsby,,Sweden,SE,1:16:59,4:36:28,4:18:51,0:03:30,0:03:30,10:19:18,4619,16588,15531,210,210,37158,402,362,24,1183,1001,99,170,153,8,402,362,24,Finisher,4213
Peter,Adolfsson,Peter Adolfsson,1328,M55-59,Male,TROLLHÄTTAN,SE-O,Sweden,SE,1:17:31,5:01:36,3:50:43,0:05:05,0:04:47,10:19:42,4651,18096,13843,305,287,37182,403,363,11,1227,1036,68,469,427,19,403,363,11,Finisher,4570
Emil,Andersson,Emil Andersson,368,M18-24,Male,Kumla ,OREBRO LAN [SE-18],Sweden,SE,1:00:01,5:18:26,3:53:43,0:03:19,0:04:13,10:19:42,3601,19106,14023,199,253,37182,404,364,36,158,130,14,443,406,38,404,364,36,Finisher,3790
Alexander,Morell,Alexander Morell,620,M40-44,Male,Kalmar,,Sweden,SE,1:06:27,5:04:17,4:02:47,0:03:13,0:03:06,10:19:48,3987,18257,14567,193,186,37188,405,365,45,420,349,29,365,335,39,405,365,45,Finisher,3896
Joao,Assis Cabeleira,Joao Assis Cabeleira,203,M50-54,Male,Lisboa,PT-11,Portugal,PT,1:25:49,5:04:21,3:38:32,0:06:23,0:05:17,10:20:23,5149,18261,13112,383,317,37223,406,366,25,1775,1453,145,644,584,56,406,366,25,Finisher,4200
Carl Henrik,Nielsen,Carl Henrik Nielsen,1996,M55-59,Male,Fredericia,,Denmark,DK,0:59:46,5:09:16,4:05:13,0:03:47,0:02:55,10:20:57,3586,18556,14713,227,175,37257,407,367,12,145,120,4,353,323,10,407,367,12,Finisher,4555
Leszek,Muszynski,Leszek Muszynski,1664,M40-44,Male,Sady,,Poland,PL,1:14:07,5:12:30,3:43:44,0:05:11,0:05:29,10:21:02,4447,18750,13424,311,329,37262,408,368,46,956,809,75,574,523,60,408,368,46,Finisher,3881
Peter,Classon,Peter Classon,336,M45-49,Male,Göteborg,Västra Götaland,Sweden,SE,1:24:31,5:01:15,3:45:56,0:05:19,0:04:13,10:21:14,5071,18075,13556,319,253,37274,409,369,29,1719,1412,146,565,514,61,409,369,29,Finisher,4003
Thiraphat,Nyström,Thiraphat Nyström,605,M30-34,Male,Nyköping,SE-D,Sweden,SE,1:08:49,5:12:28,3:51:44,0:04:40,0:04:03,10:21:43,4129,18748,13904,280,243,37303,410,370,53,554,467,69,491,447,57,410,370,53,Finisher,3603
Wilmer,Thuresson,Wilmer Thuresson,2452,M18-24,Male,Luleå,Norrbotten,Sweden,SE,1:11:33,5:09:30,3:51:27,0:04:48,0:04:33,10:21:50,4293,18570,13887,288,273,37310,411,371,37,740,626,80,490,446,39,411,371,37,Finisher,3764
Veronique,Gravel,Veronique Gravel,625,F18-24,Female,Qc,QC,Canada,CA,1:03:28,5:23:41,3:49:13,0:03:02,0:02:27,10:21:50,3808,19421,13753,182,147,37310,412,41,2,285,53,3,547,49,2,412,41,2,Finisher,4357
Johan,Forsman,Johan Forsman,1663,M40-44,Male,Stockholm,Stockholm,Sweden,SE,1:16:58,4:50:47,4:05:02,0:05:07,0:04:05,10:21:59,4618,17447,14702,307,245,37319,413,372,47,1181,999,91,355,325,35,413,372,47,Finisher,3869
William,Binbach,William Binbach,2597,M30-34,Male,Örebro,OREBRO LAN [SE-18],Sweden,SE,1:06:47,5:17:28,3:49:01,0:04:42,0:04:06,10:22:04,4007,19048,13741,282,246,37324,414,373,54,444,370,54,532,484,64,414,373,54,Finisher,3599
Martin,Vondrous,Martin Vondrous,1556,M35-39,Male,Stara ves nad Ondrejnici,MORAVSKOSLEZSKY KRAJ,Czech Republic,CZ,1:06:50,5:07:18,3:55:02,0:08:04,0:04:57,10:22:11,4010,18438,14102,484,297,37331,415,374,53,446,372,48,447,409,54,415,374,53,Finisher,3750
Sebastian,Jakobsson,Sebastian Jakobsson,1480,M30-34,Male,Enskede,SE-AB,Sweden,SE,1:17:52,5:07:30,3:47:56,0:04:58,0:03:57,10:22:14,4672,18450,13676,298,237,37334,416,375,55,1258,1060,170,550,500,69,416,375,55,Finisher,3597
Morgan,Johansson,Morgan Johansson,414,M50-54,Male,Ljungby,,Sweden,SE,1:16:32,5:04:38,3:47:34,0:07:41,0:06:12,10:22:36,4592,18278,13654,461,372,37356,417,376,26,1141,969,97,531,483,44,417,376,26,Finisher,4174
Kristel,Imbo,Kristel Imbo,325,F30-34,Female,Gibecq,BE-WHT,Belgium,BE,1:02:22,5:16:16,3:54:17,0:04:04,0:05:45,10:22:44,3742,18976,14057,244,345,37364,418,42,4,247,44,6,452,39,5,418,42,4,Finisher,4439
Tommy,Karlsson,Tommy Karlsson,1086,M55-59,Male,Johanneshov,STOCKHOLMS LAN [SE-01],Sweden,SE,1:07:20,5:20:16,3:42:19,0:05:55,0:06:56,10:22:46,4040,19216,13339,355,416,37366,419,377,13,470,393,19,603,548,32,419,377,13,Finisher,4534
Gustav,Brandt,Gustav Brandt,627,M25-29,Male,Lund,SKANE LAN [SE-12],Sweden,SE,1:12:20,5:08:02,3:54:55,0:04:25,0:03:28,10:23:09,4340,18482,14095,265,208,37389,420,378,64,794,672,106,476,433,71,420,378,64,Finisher,3628
Darek,Walqowiak,Darek Walqowiak,1180,M45-49,,Wrocław,Lower Silesia,Poland,PL,1:01:47,4:39:46,4:34:07,0:03:36,0:03:54,10:23:10,3707,16786,16447,216,234,37390,421,379,30,218,180,13,109,99,6,421,379,30,Finisher,3980
Lukas,Folkesson,Lukas Folkesson,2207,M25-29,Male,MÖLNDAL,,Sweden,SE,1:10:25,5:07:36,3:57:51,0:03:36,0:03:43,10:23:11,4225,18456,14271,216,223,37391,422,380,65,661,563,86,442,405,67,422,380,65,Finisher,3627
Henrik,Nyström,Henrik Nyström,200,M45-49,Male,Molnlycke,SE-O,Sweden,SE,1:19:29,4:57:26,3:56:21,0:06:00,0:03:56,10:23:11,4769,17846,14181,360,236,37391,423,381,31,1380,1156,119,456,417,46,423,381,31,Finisher,3979
Abdulrahman,ALJaber,Abdulrahman ALJaber,698,M35-39,Male,Doha,QA-DA,Qatar,QA,1:04:38,5:06:37,4:03:54,0:03:16,0:04:56,10:23:21,3878,18397,14634,196,296,37401,424,382,54,324,264,32,369,339,46,424,382,54,Finisher,3736
Andreas,Kandre,Andreas Kandre,2117,M55-59,Male,Onsala,,Sweden,SE,1:11:18,4:58:42,4:02:08,0:05:09,0:06:12,10:23:30,4278,17922,14528,309,372,37410,425,383,14,723,614,35,377,347,12,425,383,14,Finisher,4525
Alessio,Barazzutti,Alessio Barazzutti,260,M60-64,Male,Costermano,,Italy,IT,0:59:22,5:08:47,4:05:06,0:04:41,0:05:47,10:23:44,3562,18527,14706,281,347,37424,426,384,2,141,116,3,354,324,2,426,384,2,Finisher,4630
Cezary,Afeltowicz,Cezary Afeltowicz,791,M50-54,Male,Rzeszow,PODKARPACKIE,Poland,PL,1:14:41,5:14:11,3:45:27,0:04:24,0:05:04,10:23:46,4481,18851,13527,264,304,37426,427,385,27,996,846,82,600,545,50,427,385,27,Finisher,4160
David,Frankenberg,David Frankenberg,1809,M18-24,Male,Norrköping,SE-E,Sweden,SE,1:06:59,5:08:13,3:55:43,0:04:40,0:08:11,10:23:46,4019,18493,14143,280,491,37426,428,386,38,455,380,44,427,394,36,428,386,38,Finisher,3741
Hugo,Fransson,Hugo Fransson,1666,M18-24,Male,KALMAR,Kalmar,Sweden,SE,1:00:02,5:25:26,3:46:38,0:06:13,0:05:31,10:23:50,3602,19526,13598,373,331,37430,429,387,39,160,131,15,573,522,46,429,387,39,Finisher,3740
Michael,Leuven,Michael Leuven,124,M45-49,Male,Hoofddorp,NL-NH,Netherlands,NL,1:06:34,4:58:25,4:06:34,0:05:53,0:06:53,10:24:20,3994,17905,14794,353,413,37460,430,388,32,428,357,45,329,301,27,430,388,32,Finisher,3966
Ville,Litmo,Ville Litmo,1647,M40-44,Male,Pirkkala,PIRKANMAA,Finland,FI,1:09:47,5:29:55,3:34:30,0:06:27,0:03:57,10:24:35,4187,19795,12870,387,237,37475,431,389,48,618,524,48,794,716,78,431,389,48,Finisher,3838
Daniel,Ögren,Daniel Ögren,1845,M45-49,Male,Arboga,,Sweden,SE,1:04:01,5:06:33,4:03:19,0:05:45,0:05:07,10:24:44,3841,18393,14599,345,307,37484,432,390,33,305,250,29,386,356,36,432,390,33,Finisher,3961
Magnus,Andersson,Magnus Andersson,236,M45-49,Male,Stockholm,SE-AB,Sweden,SE,1:14:10,5:02:55,3:50:35,0:09:38,0:07:26,10:24:45,4450,18175,13835,578,446,37485,433,391,34,961,813,91,504,458,53,433,391,34,Finisher,3961
Martin,Lessner,Martin Lessner,2395,M45-49,Male,Göteborg,SE-O,Sweden,SE,1:12:25,5:19:42,3:39:43,0:06:48,0:06:12,10:24:50,4345,19182,13183,408,372,37490,434,392,35,802,679,81,679,613,67,434,392,35,Finisher,3960
Martin,Joelsson,Martin Joelsson,352,M35-39,Male,Kalmar,SE-H,Sweden,SE,1:01:03,5:00:28,4:13:30,0:04:34,0:05:23,10:24:58,3663,18028,15210,274,323,37498,435,393,55,193,158,15,270,245,35,435,393,55,Finisher,3717
Fredrik,REIS,Fredrik REIS,1670,M50-54,Male,Västra Frölunda,SE-O,Sweden,SE,1:12:02,5:25:00,3:33:47,0:06:44,0:07:25,10:24:58,4322,19500,12827,404,445,37498,436,394,28,778,658,60,753,681,67,436,394,28,Finisher,4145
Filip,Malmenryd,Filip Malmenryd,2603,M30-34,Male,Karlskrona,BLEKINGE LAN [SE-10],Sweden,SE,1:18:03,5:19:00,3:32:55,0:08:03,0:07:05,10:25:05,4683,19140,12775,483,425,37505,437,395,56,1275,1071,173,777,702,116,437,395,56,Finisher,3563
Szymon,Wawrzynek,Szymon Wawrzynek,2050,M18-24,Male,Włosań,Mogilany,Poland,PL,1:08:11,5:14:59,3:54:48,0:04:17,0:02:51,10:25:05,4091,18899,14088,257,171,37505,438,396,40,518,437,48,511,465,40,438,396,40,Finisher,3725
Filip,Sandberg,Filip Sandberg,1112,M25-29,Male,Avesta,Dalarna,Sweden,SE,1:14:40,4:38:51,4:20:16,0:05:40,0:05:56,10:25:22,4480,16731,15616,340,356,37522,439,397,66,994,844,137,196,175,32,439,397,66,Finisher,3601
Carolina,Laurentiu,Carolina Laurentiu,5030,FPRO,Female,Ponferrada,Castilla y León,Spain,ES,1:13:42,5:16:51,3:49:13,0:03:24,0:02:16,10:25:25,4422,19011,13753,204,136,37525,440,43,24,918,140,24,609,56,24,440,43,24,Finisher,3418
Adam,Franzén,Adam Franzén,366,M30-34,Male,Kalmar,KALMAR LAN [SE-08],Sweden,SE,1:19:41,5:05:56,3:49:18,0:05:20,0:05:39,10:25:53,4781,18356,13758,320,339,37553,441,398,57,1394,1170,193,562,511,74,441,398,57,Finisher,3553
Daniel,Larsson,Daniel Larsson,2067,M30-34,Male,Borås,SE-O,Sweden,SE,1:20:14,4:33:51,4:11:21,0:12:06,0:08:28,10:26:00,4814,16431,15081,726,508,37560,442,399,58,1437,1202,202,273,248,33,442,399,58,Finisher,3552
Jonas,Stigsrud,Jonas Stigsrud,2464,M25-29,Male,Oslo,Oslo,Norway,NO,1:05:00,5:13:12,3:56:59,0:06:57,0:04:11,10:26:19,3900,18792,14219,417,251,37579,443,400,67,341,278,39,483,439,72,443,400,67,Finisher,3590
Sager,Alkhalifa,Sager Alkhalifa,188,M45-49,Male,Riffa,BH-BH-AL JANUBIYAH,Bahrain,BH,1:10:05,5:15:24,3:49:00,0:06:12,0:05:40,10:26:20,4205,18924,13740,372,340,37580,444,401,36,641,546,67,572,521,62,444,401,36,Finisher,3942
Pascal,Verbrugge,Pascal Verbrugge,137,M55-59,Male,Schilde,BE-VAN,Belgium,BE,1:04:16,4:52:38,4:22:12,0:04:02,0:03:17,10:26:26,3856,17558,15732,242,197,37586,445,402,15,313,256,6,219,196,4,445,402,15,Finisher,4490
Carl,Ericson,Carl Ericson,2172,M30-34,Male,Stockholm,Stockholm,Sweden,SE,1:10:06,5:14:03,3:50:24,0:06:10,0:05:56,10:26:39,4206,18843,13824,370,356,37599,446,403,59,642,547,81,549,499,68,446,403,59,Finisher,3544
Johan,Ekstrand,Johan Ekstrand,1709,M35-39,Male,kalmar,,Sweden,SE,1:07:09,5:02:51,4:06:06,0:04:45,0:05:50,10:26:42,4029,18171,14766,285,350,37602,447,404,56,458,382,49,373,343,47,447,404,56,Finisher,3696
Simon,Larsson,Simon Larsson,134,M50-54,Male,GOTEBORG,,Sweden,SE,1:05:00,4:54:21,4:20:15,0:04:03,0:03:03,10:26:42,3900,17661,15615,243,183,37602,448,405,29,340,277,17,235,211,14,448,405,29,Finisher,4125
Chris,Bush,Chris Bush,1353,M35-39,Male,EDINBURGH,GB-SCT,United Kingdom,GB,1:13:07,5:19:37,3:41:45,0:05:50,0:06:34,10:26:53,4387,19177,13305,350,394,37613,449,406,57,870,737,82,675,609,71,449,406,57,Finisher,3694
Jonny,Flodin,Jonny Flodin,2179,M60-64,Male,Bromma,,Sweden,SE,1:25:33,5:22:22,3:25:35,0:07:15,0:06:17,10:27:02,5133,19342,12335,435,377,37622,450,407,3,1759,1443,30,936,832,16,450,407,3,Finisher,4590
Jelle,van Wensveen,Jelle van Wensveen,2006,M35-39,Male,Nieuwkoop,South Holland,Netherlands,NL,0:59:10,4:55:36,4:23:46,0:04:31,0:04:06,10:27:09,3550,17736,15826,271,246,37629,451,408,58,138,113,5,197,176,23,451,408,58,Finisher,3691
Sietske,Loots,Sietske Loots,1315,F25-29,Female,Tilburg,,Netherlands,NL,1:04:10,5:16:15,3:58:57,0:04:07,0:03:44,10:27:12,3850,18975,14337,247,224,37632,452,44,6,311,57,11,475,43,6,452,44,6,Finisher,4108
Magnus,Nyberg,Magnus Nyberg,141,M45-49,Male,Stockholm,SE-AB,Sweden,SE,1:01:31,5:05:46,4:07:40,0:04:55,0:07:29,10:27:21,3691,18346,14860,295,449,37641,453,409,37,202,166,10,344,314,29,453,409,37,Finisher,3929
Chris,Nicasio,Chris Nicasio,1262,M30-34,Male,San Antonio,TX,United States,US,1:20:00,4:46:49,4:12:20,0:03:23,0:04:53,10:27:25,4800,17209,15140,203,293,37645,454,410,60,1421,1189,199,316,288,37,454,410,60,Finisher,3535
Jesper ,Wilén ,Jesper Wilén,1272,M25-29,Male,Mölndal,Västra Götaland,Sweden,SE,1:16:36,5:10:56,3:49:08,0:04:43,0:06:18,10:27:41,4596,18656,13748,283,378,37661,455,411,68,1147,975,164,584,531,83,455,411,68,Finisher,3573
Jonathan,Holmström,Jonathan Holmström,377,M18-24,Male,Skellefteå,SE-AC,Sweden,SE,1:17:53,5:32:29,3:30:11,0:03:26,0:03:43,10:27:41,4673,19949,12611,206,223,37661,456,412,41,1261,1061,131,910,811,76,456,412,41,Finisher,3694
Mikko,Palosaari,Mikko Palosaari,944,M45-49,Male,Tornio,FI-10,Finland,FI,1:09:38,5:06:30,4:02:04,0:04:35,0:05:02,10:27:48,4178,18390,14524,275,302,37668,457,413,38,606,513,61,436,401,44,457,413,38,Finisher,3924
Rashid,Alsubaey,Rashid Alsubaey,110,M35-39,Male,doha,QA-RA,Qatar,QA,1:10:06,5:02:19,4:06:43,0:04:21,0:04:34,10:28:04,4206,18139,14803,261,274,37684,458,414,59,643,548,63,389,359,50,458,414,59,Finisher,3680
William,Lustig,William Lustig,2052,M25-29,Male,Skövde,VASTRA GOTALANDS LAN [SE-14],Sweden,SE,1:03:17,4:53:12,4:22:52,0:04:16,0:04:32,10:28:08,3797,17592,15772,256,272,37688,459,415,69,279,229,29,214,191,35,459,415,69,Finisher,3568
Peter,JAKOBSEN,Peter JAKOBSEN,2765,M40-44,Male,Årslev,,Denmark,DK,1:17:41,5:12:38,3:49:46,0:05:22,0:02:49,10:28:17,4661,18758,13786,322,169,37697,460,416,49,1247,1052,95,629,570,64,460,416,49,Finisher,3794
Eric,Jansson,Eric Jansson,2293,M35-39,Male,Lohja,,Finland,FI,1:05:57,5:00:21,4:15:15,0:03:16,0:03:37,10:28:25,3957,18021,15315,196,217,37705,461,417,60,393,325,39,310,282,40,461,417,60,Finisher,3676
Sigbjørn,Daasvatn,Sigbjørn Daasvatn,2418,M60-64,Male,Hornnes,,Norway,NO,1:10:46,5:01:34,4:03:34,0:06:26,0:06:12,10:28:33,4246,18094,14614,386,372,37713,462,418,4,685,582,11,415,382,4,462,418,4,Finisher,4572
Martin,Just,Martin Just,689,M40-44,Male,Graz,AT-6,Austria,AT,1:15:38,4:59:50,4:02:24,0:05:11,0:05:35,10:28:38,4538,17990,14544,311,335,37718,463,419,50,1072,913,83,435,400,48,463,419,50,Finisher,3790
Paul,Scott,Paul Scott,1212,M55-59,Male,Grantham,Lincolnshire,United Kingdom,GB,1:29:10,5:05:28,3:41:18,0:06:57,0:06:12,10:29:05,5350,18328,13278,417,372,37745,464,420,16,1942,1581,113,721,653,38,464,420,16,Finisher,4458
Julie,Cornelissens,Julie Cornelissens,1280,F25-29,Female,Duffel,BE-VAN,Belgium,BE,1:06:11,5:22:39,3:46:24,0:06:10,0:07:54,10:29:19,3971,19359,13584,370,474,37759,465,45,7,403,70,14,621,57,10,465,45,7,Finisher,4083
Eldar,Hodzic,Eldar Hodzic,311,M30-34,Male,Oslo,Oslo,Norway,NO,1:01:42,5:17:44,3:54:53,0:05:02,0:09:59,10:29:20,3702,19064,14093,302,599,37760,466,421,61,208,170,25,474,432,56,466,421,61,Finisher,3512
Juha,Riihimäki,Juha Riihimäki,1691,M45-49,Male,Tornio,,Finland,FI,1:11:57,5:31:54,3:34:08,0:05:51,0:05:41,10:29:31,4317,19914,12848,351,341,37771,467,422,39,772,652,77,852,764,85,467,422,39,Finisher,3903
Oskar,Nydal,Oskar Nydal,1345,M35-39,Male,Västervik,SE-H,Sweden,SE,1:11:55,5:13:19,3:49:14,0:08:29,0:06:36,10:29:33,4315,18799,13754,509,396,37773,468,423,61,768,649,73,608,553,65,468,423,61,Finisher,3662
Theresa,Gruber,Theresa Gruber,157,F30-34,Female,Bawaria,foreigner,Germany,DE,1:04:19,5:10:06,4:04:20,0:04:01,0:06:49,10:29:34,3859,18606,14660,241,409,37774,469,46,5,314,58,13,413,33,3,469,46,5,Finisher,4357
Jeroen,Wanrooij,Jeroen Wanrooij,1321,M50-54,Male,Veldhoven,NB,Netherlands,NL,1:14:59,5:08:53,3:51:33,0:06:58,0:07:23,10:29:46,4499,18533,13893,418,443,37786,470,424,30,1021,868,87,561,510,46,470,424,30,Finisher,4088
Reinart,Swertvaegher ,Reinart Swertvaegher,1209,M55-59,Male,Brugge,Flemish Region,Belgium,BE,1:10:21,5:14:22,3:54:33,0:05:43,0:04:49,10:29:48,4221,18862,14073,343,289,37788,471,425,17,658,562,34,552,501,28,471,425,17,Finisher,4449
Victor,Ryman,Victor Ryman,153,M40-44,Male,Alingsås,,Sweden,SE,1:10:19,5:03:58,4:11:08,0:02:01,0:02:25,10:29:52,4219,18238,15068,121,145,37792,472,426,51,653,557,49,387,357,42,472,426,51,Finisher,3775
Pererik,Nordman,Pererik Nordman,1252,M40-44,Male,Stockholm,,Sweden,SE,1:17:50,5:11:02,3:49:47,0:06:20,0:05:03,10:30:03,4670,18662,13787,380,303,37803,473,427,52,1256,1058,98,625,567,63,473,427,52,Finisher,3773
Max,Makkink,Max Makkink,1010,M25-29,Male,Amsterdam,North Holland,Netherlands,NL,1:14:16,5:26:43,3:42:41,0:04:09,0:03:41,10:31:30,4456,19603,13361,249,221,37890,474,428,70,970,822,132,778,703,110,474,428,70,Finisher,3527
Ben,Sykes,Ben Sykes,1450,M25-29,Male,Warminster,WIL,United Kingdom,GB,1:14:00,5:17:40,3:48:13,0:06:14,0:05:37,10:31:44,4440,19060,13693,374,337,37904,475,429,71,946,801,128,666,601,97,475,429,71,Finisher,3525
Corentin,Dhenin,Corentin Dhenin,949,M25-29,Male,Remiremont,,France,FR,1:08:36,4:59:25,4:15:03,0:04:16,0:04:28,10:31:47,4116,17965,15303,256,268,37907,476,430,72,540,454,69,346,316,53,476,430,72,Finisher,3524
Edvard,Linderson,Edvard Linderson,488,M50-54,Male,Kalmar,,Sweden,SE,1:09:29,5:01:12,4:13:13,0:03:04,0:04:56,10:31:55,4169,18072,15193,184,296,37915,477,431,31,596,504,40,362,332,26,477,431,31,Finisher,4062
Carl-Johan,WALLISSON,Carl-Johan WALLISSON,1268,M40-44,Male,Bunkeflostrand,SE-M,Sweden,SE,1:08:03,5:29:38,3:40:11,0:05:51,0:08:17,10:32:00,4083,19778,13211,351,497,37920,478,432,53,510,429,37,747,675,72,478,432,53,Finisher,3749
Michael,Zantelid,Michael Zantelid,119,M50-54,Male,Torslanda,,Sweden,SE,1:06:54,4:47:09,4:26:28,0:05:36,0:06:01,10:32:08,4014,17229,15988,336,361,37928,479,433,32,450,375,23,202,181,11,479,433,32,Finisher,4059
Laurens-Jan,Lagendijk,Laurens-Jan Lagendijk,715,M30-34,Male,Delft,Zuid-Holland,Netherlands,NL,1:09:40,5:04:25,4:12:21,0:02:48,0:03:05,10:32:18,4180,18265,15141,168,185,37938,480,434,62,610,516,77,391,361,47,480,434,62,Finisher,3476
Lucas,van Esch,Lucas van Esch,1524,M18-24,Male,HOUTEN,NL-UT,Netherlands,NL,1:09:00,5:28:14,3:45:45,0:05:08,0:04:24,10:32:30,4140,19694,13545,308,264,37950,481,435,42,569,480,55,728,660,62,481,435,42,Finisher,3636
Juha,Sjöblom,Juha Sjöblom,1512,M50-54,Male,Pirkkala,,Finland,FI,1:13:08,5:22:16,3:48:57,0:05:12,0:03:04,10:32:37,4388,19336,13737,312,184,37957,482,436,33,872,739,68,705,639,63,482,436,33,Finisher,4054
Marc,Gustafsson,Marc Gustafsson,365,M50-54,Male,Påryd,KALMAR LAN [SE-08],Sweden,SE,1:10:17,5:13:26,4:00:49,0:04:15,0:03:59,10:32:46,4217,18806,14449,255,239,37966,483,437,34,650,555,48,518,471,42,483,437,34,Finisher,4052
oddbjørn,Flaa,oddbjørn Flaa,1410,M30-34,Male,ØYER,Innlandet,Norway,NO,1:01:46,4:45:53,4:37:12,0:03:43,0:04:16,10:32:51,3706,17153,16632,223,256,37971,484,438,63,217,179,27,137,122,18,484,438,63,Finisher,3470
Aukusti,Tuomela,Aukusti Tuomela,2736,M18-24,Male,Jyväskylä,,Finland,FI,1:11:03,4:53:04,4:18:40,0:04:14,0:06:09,10:33:10,4263,17584,15520,254,369,37990,485,439,43,710,603,73,296,270,27,485,439,43,Finisher,3628
Nicole,Thele,Nicole Thele,1166,F45-49,Female,Henstedt-Ulzburg,SH,Germany,DE,0:56:05,5:10:24,4:17:52,0:04:28,0:04:45,10:33:34,3365,18624,15472,268,285,38014,486,47,4,87,10,1,330,29,3,486,47,4,Finisher,4392
Jess,Furness,Jess Furness,1904,F30-34,Female,British,greater london,United Kingdom,GB,1:22:28,5:22:57,3:36:03,0:06:58,0:05:08,10:33:34,4948,19377,12963,418,308,38014,487,48,6,1587,277,38,888,95,15,487,48,6,Finisher,4309
Kristin,Gertscher,Kristin Gertscher,1170,F35-39,Female,Herzogenaurach,BAYERN,Germany,DE,1:11:50,5:31:55,3:43:51,0:03:29,0:02:35,10:33:40,4310,19915,13431,209,155,38020,488,49,1,760,118,8,808,81,4,488,49,1,Finisher,5000
Fabian,Nordstrom,Fabian Nordstrom,1425,M35-39,Male,London,ENG,Sweden,SE,1:12:24,4:57:27,4:14:35,0:04:13,0:05:01,10:33:42,4344,17847,15275,253,301,38022,489,440,62,801,678,74,366,336,45,489,440,62,Finisher,3612
Thomas,Knudsen,Thomas Knudsen,882,M55-59,Male,Hojbjerg,,Denmark,DK,0:55:30,5:28:21,3:55:49,0:04:15,0:09:49,10:33:44,3330,19701,14149,255,589,38024,490,441,18,82,74,1,521,474,26,490,441,18,Finisher,4402
Jan-Philipp,Wächter,Jan-Philipp Wächter,1466,M30-34,Male,Hirzenhain,Hessen,Germany,DE,1:11:50,5:25:17,3:48:14,0:03:50,0:04:33,10:33:44,4310,19517,13694,230,273,38024,491,442,64,761,643,98,708,642,106,491,442,64,Finisher,3459
Thomas,Nilsson,Thomas Nilsson,2047,M45-49,Male,Nybro,,Sweden,SE,1:17:08,4:58:08,4:06:29,0:07:43,0:04:16,10:33:44,4628,17888,14789,463,256,38024,492,443,40,1194,1009,110,458,418,47,492,443,40,Finisher,3853
Martin,Granelund,Martin Granelund,2608,M45-49,Male,Gränna,JONKOPINGS LAN [SE-06],Sweden,SE,1:05:03,5:19:59,4:00:15,0:04:37,0:04:03,10:33:57,3903,19199,14415,277,243,38037,493,444,41,343,280,33,541,493,57,493,444,41,Finisher,3850
Joachim,Reitan,Joachim Reitan,142,M55-59,Male,Rælingen,AKERSHUS,Norway,NO,1:14:07,4:59:54,4:11:42,0:04:32,0:03:45,10:34:01,4447,17994,15102,272,225,38041,494,445,19,957,810,51,414,381,16,494,445,19,Finisher,4399
Mathieu,Fily,Mathieu Fily,1401,M35-39,Male,Loperhet,FR-BRE,France,FR,1:12:49,5:17:28,3:52:38,0:06:14,0:04:54,10:34:03,4369,19048,13958,374,294,38043,495,446,63,842,712,77,642,582,69,495,446,63,Finisher,3608
Tegan,Roberts,Tegan Roberts,1297,F40-44,Female,Brough,SYK,United Kingdom,GB,1:13:42,5:18:02,3:50:05,0:06:21,0:06:22,10:34:32,4422,19082,13805,381,382,38072,496,50,6,921,141,18,671,66,8,496,50,6,Finisher,3905
Måns,Bergenzaun,Måns Bergenzaun,793,M45-49,Male,Sandared,,Sweden,SE,1:05:22,5:19:22,4:00:17,0:05:49,0:04:01,10:34:51,3922,19162,14417,349,241,38091,497,447,42,356,289,36,555,504,60,497,447,42,Finisher,3839
Aura,Kartio,Aura Kartio,1138,F25-29,Female,Kalmar,Kalmar,Finland,FI,1:20:56,5:21:39,3:43:54,0:04:53,0:03:30,10:34:52,4856,19299,13434,293,210,38092,498,51,8,1481,249,43,813,83,18,498,51,8,Finisher,4016
Sara,Leksell ,Sara Leksell,1844,F35-39,Female,Örebro ,Örebro,Sweden,SE,1:09:37,5:32:24,3:42:37,0:05:23,0:05:00,10:35:01,4177,19944,13357,323,300,38101,499,52,2,604,93,4,811,82,5,499,52,2,Finisher,4983
Ludwig,Mann,Ludwig Mann,1602,M18-24,Male,Göteborg ,Västra Götaland,Sweden,SE,1:09:37,5:31:35,3:45:48,0:04:56,0:03:28,10:35:24,4177,19895,13548,296,208,38124,500,448,44,605,512,58,793,715,66,500,448,44,Finisher,3601
Joan,Forcadell Gombau,Joan Forcadell Gombau,800,M25-29,Male,Vancouver,British Columbia,Spain,ES,1:04:42,5:24:48,3:54:56,0:07:22,0:03:57,10:35:45,3882,19488,14096,442,237,38145,501,449,73,328,267,36,649,587,91,501,449,73,Finisher,3476
Thor,Hogerbrugge,Thor Hogerbrugge,956,M18-24,Male,Rotterdam,South Holland,Netherlands,NL,1:11:26,5:29:32,3:46:10,0:04:55,0:03:45,10:35:47,4286,19772,13570,295,225,38147,502,450,45,734,622,79,789,712,65,502,450,45,Finisher,3597
Tom,Hallberg Wieselblad ,Tom Hallberg Wieselblad,702,M45-49,Male,Sundsvall ,,Sweden,SE,1:10:16,4:52:14,4:24:52,0:04:12,0:04:15,10:35:50,4216,17534,15892,252,255,38150,503,451,43,647,552,69,280,255,21,503,451,43,Finisher,3828
Mikkel,Meyer-Zeuthen,Mikkel Meyer-Zeuthen,2484,M25-29,Male,Ålborg,Nordjylland,Denmark,DK,1:12:43,5:10:10,4:04:02,0:04:10,0:04:45,10:35:50,4363,18610,14642,250,285,38150,504,452,74,832,703,111,506,460,75,504,452,74,Finisher,3475
Andrzej ,Szczepanski ,Andrzej Szczepanski,2656,M50-54,Male,Zielona Gora ,Lubusz,Poland,PL,1:07:35,4:49:19,4:28:42,0:05:23,0:04:53,10:35:52,4055,17359,16122,323,293,38152,505,453,35,485,406,26,226,203,13,505,453,35,Finisher,4015
Chris,de Kan,Chris de Kan,1481,M55-59,Male,Joure,Friesland,Netherlands,NL,1:02:40,5:17:29,4:05:27,0:04:51,0:05:31,10:35:58,3760,19049,14727,291,331,38158,506,454,20,256,210,5,479,435,21,506,454,20,Finisher,4375
Albert,Sjelle Lund,Albert Sjelle Lund,1945,M18-24,Male,Rødvig Stevns,,Denmark,DK,1:15:25,5:18:29,3:51:39,0:06:05,0:04:24,10:36:02,4525,19109,13899,365,264,38162,507,455,46,1056,898,111,695,629,54,507,455,46,Finisher,3594
Bart,Coone,Bart Coone,1162,M60-64,Male,DEINZE,,Belgium,BE,1:16:42,5:13:27,3:55:15,0:05:45,0:04:58,10:36:07,4602,18807,14115,345,298,38167,508,456,5,1160,986,19,632,573,12,508,456,5,Finisher,4481
Isac,Ohlsson,Isac Ohlsson,361,M25-29,Male,Stockholm,SE-AB,Sweden,SE,1:12:43,5:21:00,3:56:43,0:03:31,0:02:20,10:36:17,4363,19260,14203,211,140,38177,509,457,75,835,706,112,655,593,94,509,457,75,Finisher,3470
Anders,Örbom,Anders Örbom,138,M50-54,Male,Stocksund,SE-AB,Sweden,SE,1:09:01,5:11:34,4:07:49,0:03:41,0:04:25,10:36:29,4141,18694,14869,221,265,38189,510,458,36,570,481,37,471,429,32,510,458,36,Finisher,4007
Pascal,Lundkvist,Pascal Lundkvist,1918,M30-34,Male,Göteborg,Västra Götaland,Sweden,SE,1:18:53,5:00:58,4:05:42,0:06:08,0:05:06,10:36:46,4733,18058,14742,368,306,38206,511,459,65,1335,1118,178,492,448,58,511,459,65,Finisher,3423
Katja,Jesenko,Katja Jesenko,1807,F30-34,Female,Helsinki,,Slovenia,SI,1:22:29,5:11:34,3:49:40,0:07:02,0:06:02,10:36:47,4949,18694,13780,422,362,38207,512,53,7,1588,278,39,711,67,10,512,53,7,Finisher,4270
Elias,Wennersten,Elias Wennersten,671,M30-34,Male,Göteborg,SE-O,Sweden,SE,1:19:16,5:09:27,3:59:44,0:04:02,0:04:33,10:37:02,4756,18567,14384,242,273,38222,513,460,66,1364,1142,183,590,537,80,513,460,66,Finisher,3420
Robin,Simonsson,Robin Simonsson,2407,M30-34,Male,Tranås,,Sweden,SE,1:13:16,5:11:19,3:59:13,0:06:05,0:07:26,10:37:19,4396,18679,14353,365,446,38239,514,461,67,880,746,121,560,509,73,514,461,67,Finisher,3416
Fredrik,Magnusson,Fredrik Magnusson,2724,M25-29,Male,Stockholm,STOCKHOLMS LAN [SE-01],Sweden,SE,1:06:35,5:19:46,3:59:48,0:04:56,0:06:35,10:37:40,3995,19186,14388,296,395,38260,515,462,76,429,358,49,567,516,79,515,462,76,Finisher,3453
Robin,Törnqvist,Robin Törnqvist,2303,M35-39,Male,Karlstad,SE-S,Sweden,SE,1:23:54,5:11:51,3:51:43,0:05:41,0:04:32,10:37:42,5034,18711,13903,341,272,38262,516,463,64,1679,1386,149,718,650,76,516,463,64,Finisher,3564
Thijs,van Wees,Thijs van Wees,1811,M30-34,Male,Loon op Zand,,Netherlands,NL,1:09:33,5:05:57,4:07:19,0:08:46,0:06:17,10:37:52,4173,18357,14839,526,377,38272,517,464,68,601,509,76,472,430,55,517,464,68,Finisher,3410
Vilma,Kniif,Vilma Kniif,1017,F25-29,Female,Gävle,,Sweden,SE,1:08:50,5:24:56,3:56:25,0:03:43,0:04:06,10:38:00,4130,19496,14185,223,246,38280,518,54,9,556,88,18,660,64,13,518,54,9,Finisher,3979
Kerstin,Troch,Kerstin Troch,159,F45-49,Female,Mühldorf,BY,Germany,DE,1:03:24,5:38:04,3:47:41,0:03:07,0:05:47,10:38:03,3804,20284,13661,187,347,38283,519,55,5,281,52,2,768,75,8,519,55,5,Finisher,4338
Andreas,Matuszky,Andreas Matuszky,1275,M50-54,Male,Neu-Oberhausen,AT-NIEDEROSTERREICH,Austria,AT,1:14:25,5:05:38,4:07:16,0:04:57,0:05:48,10:38:04,4465,18338,14836,297,348,38284,520,465,37,982,833,81,480,436,34,520,465,37,Finisher,3988
Amandus ,Pettersson ,Amandus Pettersson,2610,M18-24,Male,Sundsvall,VASTERNORRLANDS LAN [SE-22],Sweden,SE,1:19:49,5:17:35,3:54:53,0:03:28,0:02:25,10:38:10,4789,19055,14093,208,145,38290,521,466,47,1408,1181,145,707,641,55,521,466,47,Finisher,3568
Christian,Ebbesen,Christian Ebbesen,2412,M18-24,Male,København,DK-85,Denmark,DK,1:09:08,5:18:38,4:00:03,0:06:18,0:04:03,10:38:11,4148,19118,14403,378,243,38291,522,467,48,579,490,56,614,558,49,522,467,48,Finisher,3568
Jordi,Melkert,Jordi Melkert,2645,M30-34,Male,Gorinchem,South Holland,Netherlands,NL,1:21:23,5:24:48,3:36:57,0:08:45,0:06:37,10:38:30,4883,19488,13017,525,397,38310,523,468,69,1507,1252,213,932,829,136,523,468,69,Finisher,3402
Jens,Bråten,Jens Bråten,1489,M25-29,Male,Hønefoss,Buskerud,Norway,NO,1:21:14,5:12:48,3:49:55,0:10:06,0:04:34,10:38:37,4874,18768,13795,606,274,38317,524,469,77,1499,1246,216,758,684,107,524,469,77,Finisher,3442
Daniel,Håkansson,Daniel Håkansson,2458,M35-39,Male,Åseda,Kronoberg,Sweden,SE,1:13:05,5:04:27,4:11:44,0:05:39,0:03:57,10:38:52,4385,18267,15104,339,237,38332,525,470,65,865,733,81,460,420,56,525,470,65,Finisher,3550
Emil,Hjalmarsson,Emil Hjalmarsson,1978,M35-39,Male,Tjörnarp,Skåne,Sweden,SE,1:16:49,5:39:22,3:34:02,0:04:45,0:04:00,10:38:59,4609,20362,12842,285,240,38339,526,471,66,1170,993,110,1029,913,106,526,471,66,Finisher,3549
Axel,Lannerstedt,Axel Lannerstedt,2720,M18-24,Male,Stockholm,Stockholm,Sweden,SE,1:13:34,5:22:11,3:52:29,0:05:53,0:05:00,10:39:07,4414,19331,13949,353,300,38347,527,472,49,907,771,95,722,654,60,527,472,49,Finisher,3557
Michael,Vonderschmitt,Michael Vonderschmitt,836,M25-29,Male,Seeg,Bavaria,Germany,DE,1:12:29,5:26:04,3:49:56,0:06:32,0:04:07,10:39:08,4349,19564,13796,392,247,38348,528,473,78,811,687,108,776,701,109,528,473,78,Finisher,3436
Viktor,Junstrand ,Viktor Junstrand,1437,M25-29,Male,Luleå,Norrbotten,Sweden,SE,1:15:39,5:10:17,4:03:22,0:05:32,0:04:20,10:39:10,4539,18617,14602,332,260,38350,529,474,79,1075,916,150,570,519,80,529,474,79,Finisher,3435
Simon,Trygg,Simon Trygg,826,M40-44,Male,Nykvarn,SE-AB,Sweden,SE,1:31:50,5:06:02,3:48:56,0:06:17,0:06:14,10:39:19,5510,18362,13736,377,374,38359,530,475,54,2064,1680,175,759,685,74,530,475,54,Finisher,3661
Sven,Brömel,Sven Brömel,597,M45-49,Male,Ludwigsfelde,BRANDENBURG,Germany,DE,1:12:06,5:12:23,4:06:22,0:03:42,0:04:49,10:39:23,4326,18743,14782,222,289,38363,531,476,44,781,660,79,522,475,55,531,476,44,Finisher,3785
Asmund,Haheim,Asmund Haheim,1287,M25-29,Male,Haugesund,NO-ROGALAND,Norway,NO,1:22:55,5:06:57,4:02:38,0:03:46,0:03:09,10:39:25,4975,18417,14558,226,189,38365,532,477,80,1610,1328,232,605,550,86,532,477,80,Finisher,3432
Jacco,Siezenga,Jacco Siezenga,704,M25-29,Male,Veenendaal,UTRECHT,Netherlands,NL,1:03:05,5:29:49,3:59:24,0:04:07,0:03:05,10:39:29,3785,19789,14364,247,185,38369,533,478,81,270,221,26,654,592,93,533,478,81,Finisher,3432
Philip,Cederholm,Philip Cederholm,1068,M30-34,Male,Jönköping,Jönköpings Län,Sweden,SE,1:08:59,5:28:42,3:52:00,0:04:37,0:05:15,10:39:34,4139,19722,13920,277,315,38374,534,479,70,568,479,71,726,658,108,534,479,70,Finisher,3389
Emma,Lindgren,Emma Lindgren,135,F45-49,Female,Löddeköpinge,SE-M,Sweden,SE,1:14:06,5:17:01,3:59:20,0:05:39,0:04:09,10:40:14,4446,19021,14360,339,249,38414,535,56,6,953,147,17,647,62,6,535,56,6,Finisher,4312
Marcus,Berner,Marcus Berner,1357,M40-44,Male,Älvsjö,SE-AB,Sweden,SE,1:00:26,5:14:31,4:18:17,0:02:54,0:04:12,10:40:19,3626,18871,15497,174,252,38419,536,480,55,176,145,6,401,371,44,536,480,55,Finisher,3649
Mathieu,Delforge,Mathieu Delforge,276,M25-29,Male,Leuven,BE-VOV,Belgium,BE,1:10:31,5:20:58,3:59:29,0:04:15,0:05:09,10:40:22,4231,19258,14369,255,309,38422,537,481,82,667,568,87,630,571,88,537,481,82,Finisher,3421
Thibault ,CERISIER,Thibault CERISIER,1408,M30-34,Male,Les Bons Villers,Walloon Region,Belgium,BE,1:15:48,5:24:42,3:48:45,0:06:11,0:05:19,10:40:44,4548,19482,13725,371,319,38444,538,482,71,1085,924,151,801,721,118,538,482,71,Finisher,3375
Scott,Tompkins,Scott Tompkins,107,M55-59,Male,Irvine,US-CA,United States,US,1:05:16,5:07:34,4:16:43,0:04:48,0:06:27,10:40:48,3916,18454,15403,288,387,38448,539,483,21,353,286,8,396,366,14,539,483,21,Finisher,4317
Charlotte,Berner,Charlotte Berner,881,F50-54,Female,"
Hojbjerg",,Denmark,DK,1:02:06,5:45:43,3:44:31,0:04:01,0:04:32,10:40:54,3726,20743,13471,241,272,38454,540,57,1,238,42,3,876,93,3,540,57,1,Finisher,5000
Nathan,Bosman,Nathan Bosman,1526,M18-24,Male,Hazerswoude-Dorp,NL-ZH,Netherlands,NL,1:02:43,5:22:45,4:05:45,0:04:19,0:05:22,10:40:55,3763,19365,14745,259,322,38455,541,484,50,258,212,25,544,496,45,541,484,50,Finisher,3535
Karl,Arvidsson,Karl Arvidsson,1848,M30-34,Male,Luleå,Norrbotten,Sweden,SE,1:07:13,5:21:25,3:58:27,0:06:12,0:07:45,10:41:02,4033,19285,14307,372,465,38462,542,485,72,461,385,55,619,563,85,542,485,72,Finisher,3372
Simon,Österberg,Simon Österberg,1591,M35-39,Male,Nybrostrand ,SKANE LAN [SE-12],Sweden,SE,1:18:24,5:13:39,3:57:09,0:06:47,0:05:09,10:41:08,4704,18819,14229,407,309,38468,543,486,67,1298,1090,118,678,612,72,543,486,67,Finisher,3523
Anny,Aasvang,Anny Aasvang,2754,F30-34,Female,Jevnaker,,Norway,NO,1:07:56,5:11:28,4:12:23,0:04:11,0:05:17,10:41:16,4076,18688,15143,251,317,38476,544,58,8,504,80,16,465,42,7,544,58,8,Finisher,4216
Michael,Mark,Michael Mark,133,M50-54,Male,Store Heddinge,DK-85,Denmark,DK,1:17:59,4:45:00,4:29:54,0:03:22,0:05:03,10:41:18,4679,17100,16194,202,303,38478,545,487,38,1271,1068,107,277,252,18,545,487,38,Finisher,3949
Jerome,Dufait,Jerome Dufait,2215,M40-44,Male,La ville es Nonais,ILLE-ET-VILAINE,France,FR,1:08:27,5:08:15,4:09:56,0:05:26,0:09:20,10:41:24,4107,18495,14996,326,560,38484,546,488,56,529,447,38,446,408,50,546,488,56,Finisher,3636
Marcin,Rusin,Marcin Rusin,169,M45-49,Male,Rzeszów,PL-PK,Poland,PL,1:14:21,5:29:14,3:48:18,0:04:37,0:05:13,10:41:45,4461,19754,13698,277,313,38505,547,489,45,977,828,93,825,740,82,547,489,45,Finisher,3757
May,Alhaji,May Alhaji,189,F45-49,Female,Jeblat Hibshi,BH-BH-17,Bahrain,BH,1:23:22,5:19:31,3:49:56,0:05:49,0:03:26,10:42:04,5002,19171,13796,349,206,38524,548,59,7,1641,287,33,835,86,10,548,59,7,Finisher,4290
Modestas,Vrubliauskas,Modestas Vrubliauskas,1389,M30-34,Male,Lithuanian,foreigner,Lithuania,LT,1:14:14,5:15:47,4:04:36,0:03:57,0:03:31,10:42:06,4454,18947,14676,237,211,38526,549,490,73,964,816,133,610,554,84,549,490,73,Finisher,3359
Eimantas,Gadrus,Eimantas Gadrus,1136,M30-34,Male,Kaunas,Kaunas,Lithuania,LT,1:14:42,5:10:20,4:04:28,0:07:10,0:05:45,10:42:26,4482,18620,14668,430,345,38546,550,491,74,997,847,138,581,529,77,550,491,74,Finisher,3355
Torbjörn,Westerlund,Torbjörn Westerlund,1049,M55-59,Male,Noraström,VASTERBOTTENS LAN [SE-24],Sweden,SE,1:16:08,4:54:50,4:21:55,0:03:40,0:05:56,10:42:29,4568,17690,15715,220,356,38549,551,492,22,1110,944,59,370,340,11,551,492,22,Finisher,4297
Maxime,Van Cutsem,Maxime Van Cutsem,2171,M18-24,Male,La Hulpe,,Belgium,BE,1:05:51,5:29:10,3:55:45,0:06:18,0:05:30,10:42:34,3951,19750,14145,378,330,38554,552,493,51,383,316,36,717,649,59,552,493,51,Finisher,3515
Carl-Henric,Ringblom,Carl-Henric Ringblom,2604,M45-49,Male,Saltsjö-Duvnäs,STOCKHOLMS LAN [SE-01],Sweden,SE,1:18:06,5:31:01,3:41:30,0:06:48,0:05:17,10:42:41,4686,19861,13290,408,317,38561,553,494,46,1280,1076,114,946,841,96,553,494,46,Finisher,3745
Megan,Finn,Megan Finn,178,F25-29,Female,Warrington,CHS,United Kingdom,GB,1:00:39,5:29:42,4:02:59,0:04:47,0:04:43,10:42:50,3639,19782,14579,287,283,38570,554,60,10,185,34,5,622,58,11,554,60,10,Finisher,3921
Torben,Rose,Torben Rose,1861,M35-39,Male,Hamburg,HH,Germany,DE,1:12:58,5:15:09,4:06:33,0:04:42,0:03:34,10:42:57,4378,18909,14793,282,214,38577,555,495,68,854,723,79,591,538,64,555,495,68,Finisher,3501
Eddie,Heimonen,Eddie Heimonen,810,M18-24,Male,Kalmar ,Kalmar,Sweden,SE,1:03:37,5:39:33,3:48:00,0:05:21,0:06:45,10:43:16,3817,20373,13680,321,405,38596,556,496,52,288,235,26,831,746,70,556,496,52,Finisher,3507
Filip,Kjällström,Filip Kjällström,2210,M25-29,Male,Landvetter,,Sweden,SE,1:16:00,5:27:54,3:48:21,0:05:48,0:05:22,10:43:25,4560,19674,13701,348,322,38605,557,497,83,1102,937,155,850,762,121,557,497,83,Finisher,3384
Elias,Söderberg,Elias Söderberg,1495,M18-24,Male,Påryd,,Sweden,SE,1:08:31,4:57:46,4:27:25,0:06:25,0:03:21,10:43:29,4111,17866,16045,385,201,38609,558,498,53,534,452,50,352,322,31,558,498,53,Finisher,3504
Jack,Bingham,Jack Bingham,1476,M18-24,Male,Newry,GB-NIR,United Kingdom,GB,1:00:14,5:14:45,4:18:02,0:03:57,0:06:31,10:43:29,3614,18885,15482,237,391,38609,559,499,54,167,137,16,417,384,35,559,499,54,Finisher,3504
Jeroen,Van Zoelen,Jeroen Van Zoelen,2155,M50-54,Male,Berneau,LIEGE,Netherlands,NL,1:10:28,5:35:48,3:49:33,0:04:26,0:03:23,10:43:37,4228,20148,13773,266,203,38617,560,500,39,664,566,50,862,771,76,560,500,39,Finisher,3922
Victor,Berg,Victor Berg,1165,M45-49,Male,Järfälla,,Sweden,SE,1:05:33,5:10:56,4:19:52,0:04:09,0:03:12,10:43:42,3933,18656,15592,249,192,38622,561,501,47,367,300,37,434,399,43,561,501,47,Finisher,3733
Ellen,Lindeby,Ellen Lindeby,629,F25-29,Female,Göteborg,VASTRA GOTALANDS LAN [SE-14],Sweden,SE,1:00:18,5:15:49,4:17:50,0:04:01,0:05:45,10:43:43,3618,18949,15470,241,345,38623,562,61,11,170,31,3,431,35,3,562,61,11,Finisher,3910
Victor,Björklund,Victor Björklund,2495,M30-34,Male,Uppsala,,Sweden,SE,1:18:43,5:07:26,4:04:22,0:07:08,0:06:08,10:43:48,4723,18446,14662,428,368,38628,563,502,75,1322,1108,176,602,547,81,563,502,75,Finisher,3338
Runar,Höiom,Runar Höiom,2763,M55-59,Male,Kungsbacka,Hallands Län,Sweden,SE,0:59:05,4:50:36,4:39:39,0:07:07,0:07:20,10:43:48,3545,17436,16779,427,440,38628,564,503,23,133,109,3,168,151,1,564,503,23,Finisher,4281
Guilherme,Frazão,Guilherme Frazão,1300,M25-29,Male,Aroeira,SETUBAL,Portugal,PT,1:08:25,5:19:39,4:07:05,0:04:22,0:04:30,10:44:01,4105,19179,14825,262,270,38641,565,504,84,528,446,67,586,533,84,565,504,84,Finisher,3377
malcolm,bernard,malcolm bernard,2470,M30-34,Male,VILLEURBANNE,Auvergne-Rhône-Alpes,France,FR,1:03:32,5:23:41,4:07:34,0:04:04,0:05:11,10:44:02,3812,19421,14854,244,311,38642,566,505,76,287,234,34,568,517,75,566,505,76,Finisher,3336
Anna-Maria,Olsson,Anna-Maria Olsson,2355,F45-49,Female,Varberg,,Sweden,SE,1:13:07,5:18:37,4:04:24,0:03:54,0:04:13,10:44:15,4387,19117,14664,234,253,38655,567,62,8,869,133,16,628,59,5,567,62,8,Finisher,4264
Daniel,Flyman,Daniel Flyman,2254,M25-29,Male,Lidköping,VASTRA GOTALANDS LAN [SE-14],Sweden,SE,1:17:36,5:28:36,3:45:18,0:07:13,0:05:33,10:44:16,4656,19716,13518,433,333,38656,568,506,85,1238,1044,181,904,807,127,568,506,85,Finisher,3374
Sam,Bingmark,Sam Bingmark,1835,M25-29,Male,Strängnäs,Södermanland,Sweden,SE,1:16:53,5:23:42,3:51:08,0:04:45,0:07:49,10:44:18,4613,19422,13868,285,469,38658,569,507,86,1174,996,168,780,704,111,569,507,86,Finisher,3374
Mats,Atterving,Mats Atterving,1841,M60-64,Male,Jarfalla,,Sweden,SE,0:59:09,5:28:15,4:09:22,0:03:07,0:04:26,10:44:19,3549,19695,14962,187,266,38659,570,508,6,137,112,2,554,503,8,570,508,6,Finisher,4383
Christian,Lindquist,Christian Lindquist,2544,M40-44,Male,Varberg,,Sweden,SE,1:03:46,5:20:23,4:11:58,0:04:36,0:03:37,10:44:20,3826,19223,15118,276,217,38660,571,509,57,295,241,19,530,482,54,571,509,57,Finisher,3601
Rick,Van Hofwegen,Rick Van Hofwegen,2003,M25-29,Male,Purmerend,NOORD-HOLLAND,Netherlands,NL,1:19:04,5:06:03,4:06:27,0:06:24,0:06:29,10:44:26,4744,18363,14787,384,389,38666,572,510,87,1350,1131,196,571,520,81,572,510,87,Finisher,3372
Lewie,Parker,Lewie Parker,1497,M30-34,Male,Barnstaple,DEV,United Kingdom,GB,1:12:33,5:15:41,3:57:51,0:08:24,0:09:59,10:44:27,4353,18941,14271,504,599,38667,573,511,77,816,691,108,645,585,91,573,511,77,Finisher,3331
Hugues,Couedel,Hugues Couedel,1596,M25-29,Female,NANTES,,France,FR,1:29:55,5:23:28,3:43:57,0:03:54,0:03:26,10:44:40,5395,19408,13437,234,206,38680,574,512,88,1979,1613,273,971,863,138,574,512,88,Finisher,3369
Tobias,Brink,Tobias Brink,558,M50-54,Male,Oskarshamn,KALMAR LAN [SE-08],Sweden,SE,1:05:53,5:22:14,4:04:10,0:05:11,0:07:14,10:44:41,3953,19334,14650,311,434,38681,575,513,40,386,319,19,601,546,51,575,513,40,Finisher,3909
Dylan,Begnaud,Dylan Begnaud,265,M30-34,Male,Austin,TX,United States,US,1:21:17,5:14:25,4:01:20,0:04:14,0:03:26,10:44:42,4877,18865,14480,254,206,38682,576,514,78,1501,1248,211,694,628,101,576,514,78,Finisher,3328
Hendrik,De Jaeger,Hendrik De Jaeger,1611,M50-54,Male,Antwerpen,,Belgium,BE,1:01:48,5:21:12,4:12:50,0:04:56,0:04:12,10:44:58,3708,19272,15170,296,252,38698,577,515,41,219,181,10,517,470,41,577,515,41,Finisher,3905
Titus,Kärkkäinen ,Titus Kärkkäinen,343,M25-29,Male,Espoo,Uusimaa,Finland,FI,1:19:53,5:23:51,3:53:35,0:04:17,0:03:31,10:45:08,4793,19431,14015,257,211,38708,578,516,89,1411,1183,204,822,737,118,578,516,89,Finisher,3364
Gilles,Soulet,Gilles Soulet,1411,M45-49,Male,lixing les saint avold,,France,FR,1:09:47,5:24:33,3:57:57,0:06:39,0:06:15,10:45:10,4187,19473,14277,399,375,38710,579,517,48,619,525,63,709,643,69,579,517,48,Finisher,3716
Pär,Wissmark,Pär Wissmark,422,M45-49,Male,Linköping,OSTERGOTLANDS LAN [SE-05],Sweden,SE,1:16:34,5:06:19,4:14:02,0:05:00,0:03:21,10:45:16,4594,18379,15242,300,201,38716,580,518,49,1146,974,109,514,468,54,580,518,49,Finisher,3714
Sören,Scheele,Sören Scheele,2078,M30-34,Male,Hamburg,DE-HAMBURG,Germany,DE,1:00:27,5:13:54,4:24:03,0:02:43,0:04:10,10:45:18,3627,18834,15843,163,250,38718,581,519,79,178,146,22,394,364,48,581,519,79,Finisher,3320
Pontus ,Svensson,Pontus Svensson,381,M25-29,Male,Falköping ,Falköping ,Sweden,SE,1:13:12,4:49:36,4:36:08,0:03:46,0:02:42,10:45:24,4392,17376,16568,226,162,38724,582,520,90,874,741,118,278,253,44,582,520,90,Finisher,3361
Oscar,Olin,Oscar Olin,2553,M30-34,Male,Helsinki,Uusimaa,Finland,FI,1:15:35,5:36:14,3:43:20,0:05:22,0:04:54,10:45:25,4535,20174,13400,322,294,38725,583,521,80,1070,911,149,968,860,143,583,521,80,Finisher,3319
Kaj,Jonsson,Kaj Jonsson,2441,M25-29,Male,Täby,STOCKHOLMS LAN [SE-01],Sweden,SE,1:13:07,5:12:54,4:07:10,0:07:09,0:05:31,10:45:52,4387,18774,14830,429,331,38752,584,522,91,871,738,116,597,544,85,584,522,91,Finisher,3355
Laura,Elwell,Laura Elwell,1782,F40-44,Female,Cherhill,Wiltshire,United Kingdom,GB,0:58:01,5:29:53,4:06:35,0:05:21,0:06:16,10:46:06,3481,19793,14795,321,376,38766,585,63,7,118,21,3,599,55,7,585,63,7,Finisher,3766
Theo,Natsch,Theo Natsch,799,M18-24,Male,Köln,Nordrhein-Westfalen,Germany,DE,0:50:56,5:44:21,3:52:47,0:09:33,0:08:32,10:46:10,3056,20661,13967,573,512,38770,586,523,55,37,36,1,771,696,64,586,523,55,Finisher,3472
David,Östlin,David Östlin,2175,M30-34,Male,Stockholm,Stockholm,Sweden,SE,1:22:42,5:37:41,3:32:29,0:08:08,0:05:29,10:46:29,4962,20261,12749,488,329,38789,587,524,81,1600,1319,218,1143,1006,169,587,524,81,Finisher,3306
Tanja,Vinther-Bjerg,Tanja Vinther-Bjerg,1994,F45-49,Female,Fredericia,,Denmark,DK,1:07:57,5:35:13,3:54:47,0:04:40,0:04:03,10:46:41,4077,20113,14087,280,243,38801,588,64,9,505,81,7,819,84,9,588,64,9,Finisher,4235
Adam,Sjösten,Adam Sjösten,2338,M25-29,Male,Växjö,G,Sweden,SE,1:15:52,5:16:14,4:00:49,0:05:57,0:07:53,10:46:45,4552,18974,14449,357,473,38805,589,525,92,1089,927,154,669,604,98,589,525,92,Finisher,3344
Håkon emil,Håheim,Håkon emil Håheim,1286,M25-29,Male,aksdal,NO-11,Norway,NO,1:15:47,5:16:35,4:04:20,0:05:32,0:04:32,10:46:47,4547,18995,14660,332,272,38807,590,526,93,1084,923,152,665,600,96,590,526,93,Finisher,3344
Ted,Treasure,Ted Treasure,285,M25-29,Male,Guildford,ENG,United Kingdom,GB,1:06:11,5:36:22,3:55:00,0:05:05,0:04:13,10:46:51,3971,20182,14100,305,253,38811,591,527,94,402,333,46,815,732,116,591,527,94,Finisher,3343
Oliver,Krecek,Oliver Krecek,101,M55-59,Male,Gerlingen,DE-BW,Germany,DE,1:13:43,5:12:18,4:14:10,0:03:06,0:03:36,10:46:52,4423,18738,15250,186,216,38812,592,528,24,922,781,48,535,487,27,592,528,24,Finisher,4244
Oliver,Fogelqvist,Oliver Fogelqvist,396,M25-29,Male,Göteborg,Västra Götaland,Sweden,SE,1:19:11,5:20:12,3:58:06,0:04:51,0:05:01,10:47:21,4751,19212,14286,291,301,38841,593,529,95,1361,1139,198,763,689,108,593,529,95,Finisher,3337
Rasmus,Schmidt-Petersen,Rasmus Schmidt-Petersen,2160,M50-54,Male,Skanderborg,DK-82,Denmark,DK,1:25:41,5:17:50,3:53:17,0:05:26,0:05:10,10:47:24,5141,19070,13997,326,310,38844,594,530,42,1769,1451,144,838,752,75,594,530,42,Finisher,3876
Ante,Svagusa,Ante Svagusa,1013,M45-49,Male,Abu Dhabi,Abu Dhabi,Croatia,HR,1:05:47,5:07:31,4:24:44,0:03:43,0:05:54,10:47:39,3947,18451,15884,223,354,38859,595,531,50,381,314,39,393,363,37,595,531,50,Finisher,3686
Roben,Eikens,Roben Eikens,1260,M25-29,Male,Groningen,Groningen,Netherlands,NL,1:19:23,5:20:38,3:56:26,0:05:28,0:05:48,10:47:42,4763,19238,14186,328,348,38862,596,532,96,1373,1150,199,782,705,112,596,532,96,Finisher,3333
Jessica,Morrish,Jessica Morrish,1999,F25-29,Female,Barnstaple,DEV,United Kingdom,GB,1:08:39,5:24:13,4:06:48,0:03:52,0:04:15,10:47:47,4119,19453,14808,232,255,38867,597,65,12,544,87,17,646,61,12,597,65,12,Finisher,3861
Erik,Ehnwall,Erik Ehnwall,1630,M25-29,Male,Uppsala,UPPSALA LAN [SE-03],Sweden,SE,1:10:33,5:24:21,4:03:54,0:05:15,0:03:53,10:47:56,4233,19461,14634,315,233,38876,598,533,97,672,570,88,697,631,102,598,533,97,Finisher,3330
Mattias,Bylerius,Mattias Bylerius,2115,M55-59,Male,Mölnlycke,,Sweden,SE,1:08:05,5:11:44,4:16:05,0:05:24,0:06:40,10:47:57,4085,18704,15365,324,400,38877,599,534,25,513,432,25,485,441,22,599,534,25,Finisher,4231
Lukas,Poppe,Lukas Poppe,2709,M25-29,Male,Antwerpen,BE-BE-VAN,Belgium,BE,1:15:05,5:12:38,4:05:40,0:08:44,0:05:53,10:47:59,4505,18758,14740,524,353,38879,600,535,98,1030,877,142,639,579,90,600,535,98,Finisher,3330
Timo,Diefenbacher,Timo Diefenbacher,705,M45-49,Male,Kraichtal,BW,Germany,DE,1:02:00,5:15:49,4:21:11,0:04:57,0:04:13,10:48:10,3720,18949,15671,297,253,38890,601,536,51,232,192,15,453,414,45,601,536,51,Finisher,3680
Bruno,Batista,Bruno Batista,1924,M45-49,Male,Brejos de Azeitão,PT-15,Portugal,PT,1:13:03,5:25:00,4:01:28,0:05:14,0:03:38,10:48:23,4383,19500,14488,314,218,38903,602,537,52,862,730,85,744,673,74,602,537,52,Finisher,3677
Ola,Truskolawska,Ola Truskolawska,161,F50-54,Female,gdynia,pomorskie,Poland,PL,1:17:44,5:21:01,4:00:15,0:05:12,0:04:13,10:48:25,4664,19261,14415,312,253,38905,603,66,2,1248,196,19,755,74,1,603,66,2,Finisher,4909
Tobias Christian,Bisgaard,Tobias Christian Bisgaard,2269,M30-34,Male,Århus,Midtjylland,Denmark,DK,1:27:28,5:03:55,4:06:44,0:05:05,0:05:37,10:48:49,5248,18235,14804,305,337,38929,604,538,82,1863,1517,254,641,581,90,604,538,82,Finisher,3278
Gustav,Palm,Gustav Palm,2130,M18-24,Male,handen,Stockholm,Sweden,SE,1:10:20,5:18:37,4:09:26,0:06:02,0:04:28,10:48:54,4220,19117,14966,362,268,38934,605,539,56,656,560,66,620,564,51,605,539,56,Finisher,3439
Oscar,Holmgren,Oscar Holmgren,353,M30-34,Male,Kalmar,KALMAR LAN [SE-08],Sweden,SE,1:17:16,5:28:36,3:53:09,0:06:03,0:04:01,10:49:05,4636,19716,13989,363,241,38945,606,540,83,1208,1021,163,878,785,129,606,540,83,Finisher,3275
Christoffer,Larsson,Christoffer Larsson,1096,M18-24,Male,Falun,DALARNAS LAN [SE-20],Sweden,SE,0:55:37,5:58:38,3:47:20,0:03:48,0:03:57,10:49:20,3337,21518,13640,228,237,38960,607,541,57,83,75,6,985,875,80,607,541,57,Finisher,3434
David,Lewander,David Lewander,2256,M18-24,Male,Vallentuna,STOCKHOLMS LAN [SE-01],Sweden,SE,1:15:45,5:28:17,3:48:42,0:09:07,0:07:51,10:49:43,4545,19697,13722,547,471,38983,608,542,58,1082,921,114,900,804,75,608,542,58,Finisher,3430
Simon,Zimmerlein,Simon Zimmerlein,1895,M18-24,Male,Kaufbeuren,Bavaria,Germany,DE,1:11:55,5:25:56,4:01:04,0:05:54,0:04:58,10:49:47,4315,19556,14464,354,298,38987,609,543,59,766,647,83,752,680,63,609,543,59,Finisher,3429
Rickard,Sjölander,Rickard Sjölander,241,M35-39,Male,Linköping,SE-E,Sweden,SE,1:21:12,4:38:30,4:41:37,0:04:37,0:04:17,10:50:13,4872,16710,16897,277,257,39013,610,544,69,1497,1245,131,250,226,31,610,544,69,Finisher,3414
Johan,Nikesjö,Johan Nikesjö,2621,M35-39,Male,Linköping,,Sweden,SE,1:07:15,5:33:42,3:59:43,0:06:09,0:03:40,10:50:29,4035,20022,14383,369,220,39029,611,545,70,465,389,50,805,725,82,611,545,70,Finisher,3411
Erik,Klartell,Erik Klartell,230,M40-44,Male,Stockholm,SE-AB,Sweden,SE,1:05:29,5:00:24,4:36:06,0:04:45,0:03:45,10:50:30,3929,18024,16566,285,225,39030,612,546,58,361,294,23,326,298,31,612,546,58,Finisher,3527
Niklas,Göljén,Niklas Göljén,1001,M35-39,Male,Ljungbyholm,SE-H,Sweden,SE,1:10:33,5:08:53,4:17:38,0:05:53,0:07:49,10:50:47,4233,18533,15458,353,469,39047,613,547,71,674,572,67,488,444,57,613,547,71,Finisher,3407
Johan,Haag,Johan Haag,296,M25-29,Male,Handen,STOCKHOLMS LAN [SE-01],Sweden,SE,1:16:59,5:26:30,3:50:27,0:09:12,0:07:41,10:50:50,4619,19590,13827,552,461,39050,614,548,99,1185,1002,170,895,800,126,614,548,99,Finisher,3295
Joonas,Ranta,Joonas Ranta,2316,M25-29,Male,Helsinki,Uusimaa,Finland,FI,1:04:55,5:35:26,3:56:16,0:06:07,0:08:07,10:50:51,3895,20126,14176,367,487,39051,615,549,100,335,273,38,800,720,115,615,549,100,Finisher,3295
Robert,Johansson,Robert Johansson,617,M55-59,Male,Gällivare,SE-BD,Sweden,SE,1:07:40,5:20:20,4:14:10,0:04:52,0:04:05,10:51:06,4060,19220,15250,292,245,39066,616,550,26,489,410,21,592,539,30,616,550,26,Finisher,4194
Richard,Tombleson,Richard Tombleson,281,M35-39,Male,Southampton,HAM,Guernsey,GG,1:06:24,5:38:17,3:53:18,0:07:19,0:05:51,10:51:09,3984,20297,13998,439,351,39069,617,551,72,416,345,43,880,787,90,617,551,72,Finisher,3403
Manuel,Wolter,Manuel Wolter,208,M45-49,Male,Fürth,DE-BY,Germany,DE,1:40:14,5:08:39,3:50:08,0:05:10,0:06:59,10:51:09,6014,18519,13808,310,419,39069,618,552,53,2287,1839,186,914,815,92,618,552,53,Finisher,3644
Linn,Egeland,Linn Egeland,2615,F35-39,Female,Johanneshov,,Sweden,SE,1:04:32,5:20:00,4:15:26,0:05:49,0:05:24,10:51:11,3872,19200,15326,349,324,39071,619,67,3,321,60,1,551,51,1,619,67,3,Finisher,4789
Nick,Cutcliffe,Nick Cutcliffe,1464,M50-54,Male,Bream,GLS,United Kingdom,GB,1:08:49,5:08:30,4:25:12,0:03:47,0:05:00,10:51:18,4129,18510,15912,227,300,39078,620,553,43,555,468,35,438,402,30,620,553,43,Finisher,3829
Valtteri,Vuorisalo,Valtteri Vuorisalo,1657,M50-54,Male,Pirkkala,Pirkanmaa,Finland,FI,1:09:56,5:21:56,4:06:29,0:07:50,0:05:12,10:51:22,4196,19316,14789,470,312,39082,621,554,44,627,532,44,691,625,60,621,554,44,Finisher,3829
Natthapat ,Sahawat,Natthapat Sahawat,269,M30-34,Male,Bangkok,Bangkok,Thailand,TH,1:06:43,5:23:29,4:05:53,0:09:03,0:06:15,10:51:23,4003,19409,14753,543,375,39083,622,555,84,436,364,53,683,617,98,622,555,84,Finisher,3247
Laurent,Dispas,Laurent Dispas,973,M45-49,Male,SPRIMONT,LIEGE,Belgium,BE,0:59:57,5:07:19,4:29:46,0:07:43,0:06:51,10:51:36,3597,18439,16186,463,411,39096,623,556,54,154,128,6,376,346,33,623,556,54,Finisher,3638
Kaitlyn,Dawson,Kaitlyn Dawson,185,F30-34,Female,Orlando,FL,United States,US,1:01:34,5:39:20,4:02:50,0:04:26,0:03:36,10:51:46,3694,20360,14570,266,216,39106,624,68,9,203,37,5,779,76,12,624,68,9,Finisher,4090
Niels,Ros,Niels Ros,1079,M40-44,Male,Zuid Holland,NL-ZH,Netherlands,NL,1:10:35,4:44:48,4:43:42,0:05:30,0:07:15,10:51:51,4235,17088,17022,330,435,39111,625,557,59,677,575,51,215,192,14,625,557,59,Finisher,3511
August,Stedt,August Stedt,2560,M18-24,Male,Nyköping,Södermanland,Sweden,SE,1:14:50,5:37:24,3:47:01,0:07:35,0:05:13,10:52:03,4490,20244,13621,455,313,39123,626,558,60,1010,858,107,1008,895,83,626,558,60,Finisher,3402
Niilo,Rautionmaa,Niilo Rautionmaa,1660,M55-59,Male,Pirkkala,PIRKANMAA,Finland,FI,1:26:43,5:17:41,3:56:41,0:06:38,0:04:44,10:52:27,5203,19061,14201,398,284,39147,627,559,27,1820,1485,99,865,774,50,627,559,27,Finisher,4177
Torbjørn,Moldestad,Torbjørn Moldestad,1718,M25-29,Male,HAGAN,Akershus,Norway,NO,1:15:34,4:58:49,4:23:16,0:08:40,0:06:10,10:52:30,4534,17929,15796,520,370,39150,628,560,101,1069,910,149,459,419,69,628,560,101,Finisher,3275
Filippa,Bladh,Filippa Bladh,295,F30-34,Female,Stockholm,SE-AB,Sweden,SE,1:02:23,5:17:00,4:26:13,0:03:58,0:03:05,10:52:40,3743,19020,15973,238,185,39160,629,69,10,248,45,7,463,41,6,629,69,10,Finisher,4079
Jari,Virtanen,Jari Virtanen,2019,M60-64,Male,Järvenpää,,Finland,FI,1:08:11,5:38:29,3:58:45,0:04:33,0:02:45,10:52:44,4091,20309,14325,273,165,39164,630,561,7,519,438,8,866,775,14,630,561,7,Finisher,4282
Pannapat,Krarunpetch,Pannapat Krarunpetch,113,F30-34,Female,samutprakarn,,Thailand,TH,0:59:06,5:44:57,4:00:37,0:03:58,0:04:15,10:52:53,3546,20697,14437,238,255,39173,631,70,11,134,25,2,821,85,14,631,70,11,Finisher,4077
Nicolas,Kornerup,Nicolas Kornerup,1922,M18-24,Male,Kongens Lyngby,Copenhagen,Denmark,DK,1:00:38,5:25:04,4:16:47,0:03:44,0:06:46,10:53:00,3638,19504,15407,224,406,39180,632,562,61,184,151,18,539,491,44,632,562,61,Finisher,3390
Anton,Nordin,Anton Nordin,2416,M25-29,Male,Stockholm,SE-AB,Sweden,SE,1:15:28,5:33:27,3:51:27,0:06:32,0:06:08,10:53:02,4528,20007,13887,392,368,39182,633,563,102,1061,903,148,939,835,133,633,563,102,Finisher,3269
Alexander,Banevi,Alexander Banevi,999,M35-39,Male,Oskarshamn,,Sweden,SE,1:17:21,5:26:19,3:57:47,0:06:11,0:05:34,10:53:13,4641,19579,14267,371,334,39193,634,564,73,1214,1026,113,854,766,86,634,564,73,Finisher,3378
Abdulaziz,Albaker,Abdulaziz Albaker,894,M30-34,Male,Doha,QA-US,Qatar,QA,1:18:09,5:08:18,4:13:59,0:07:10,0:05:38,10:53:14,4689,18498,15239,430,338,39194,635,565,85,1286,1080,174,604,549,82,635,565,85,Finisher,3225
Albin,Mikko,Albin Mikko,979,M30-34,Male,Umeå,,Sweden,SE,1:07:57,5:23:47,4:08:20,0:05:50,0:07:21,10:53:16,4077,19427,14900,350,441,39196,636,566,86,506,425,64,661,597,94,636,566,86,Finisher,3225
Jacob,Schweizer,Jacob Schweizer,2694,M18-24,Male,Stockholm,Stockholm,Sweden,SE,1:11:35,5:20:23,4:11:29,0:04:59,0:04:52,10:53:18,4295,19223,15089,299,292,39198,637,567,62,744,630,81,653,591,52,637,567,62,Finisher,3387
Kurt,Hattas,Kurt Hattas,1394,M55-59,Male,Wommelgem,BE-VAN,Belgium,BE,1:07:29,5:06:13,4:28:09,0:04:36,0:06:55,10:53:22,4049,18373,16089,276,415,39202,638,568,28,480,401,20,409,378,15,638,568,28,Finisher,4166
Emil,Svensson,Emil Svensson,1502,M30-34,Male,Kalmar,Kalmar,Sweden,SE,1:15:17,5:22:44,4:00:48,0:07:33,0:07:09,10:53:33,4517,19364,14448,453,429,39213,639,569,87,1043,888,145,783,706,117,639,569,87,Finisher,3221
Ingeborg,Mathisen,Ingeborg Mathisen,822,F35-39,Female,Aalesund,NO-15,Norway,NO,1:17:00,5:30:35,3:57:58,0:03:48,0:04:12,10:53:34,4620,19835,14278,228,252,39214,640,71,4,1186,184,19,872,92,6,640,71,4,Finisher,4761
Gustav ,Andersson,Gustav Andersson,382,M30-34,Male,KALMAR,KALMAR LAN [SE-08],Sweden,SE,1:14:08,5:13:31,4:16:18,0:06:00,0:03:41,10:53:37,4448,18811,15378,360,221,39217,641,570,88,958,811,132,606,551,83,641,570,88,Finisher,3221
Albin,Klevsand,Albin Klevsand,507,M18-24,Male,Kalmar,SE-H,Sweden,SE,1:12:10,5:16:29,4:17:10,0:03:28,0:04:21,10:53:38,4330,18989,15430,208,261,39218,642,571,63,785,664,84,579,527,47,642,571,63,Finisher,3383
Eduard,Kimask,Eduard Kimask,2537,M50-54,Male,"Tallinn, Estonia",EE-37,Estonia,EE,1:28:55,5:34:17,3:38:13,0:07:54,0:04:22,10:53:41,5335,20057,13093,474,262,39221,643,572,45,1930,1573,157,1185,1041,101,643,572,45,Finisher,3801
Gustav,Elmqvist,Gustav Elmqvist,428,M25-29,Male,Johanneshov,Stockholm,Sweden,SE,1:07:35,5:25:34,4:10:49,0:04:59,0:04:52,10:53:48,4055,19534,15049,299,292,39228,644,573,103,484,405,61,672,606,99,644,573,103,Finisher,3260
Knut Helge,Håheim,Knut Helge Håheim,1289,M30-34,Male,VORMEDAL,NO-11,Norway,NO,1:15:19,5:15:10,4:11:40,0:06:28,0:05:13,10:53:49,4519,18910,15100,388,313,39229,645,574,89,1048,892,147,652,590,92,645,574,89,Finisher,3218
Juuso,Veijonen,Juuso Veijonen,2496,M30-34,Male,Helsinki,FI-NYLAND,Finland,FI,1:07:56,5:19:32,4:13:29,0:05:06,0:07:46,10:53:49,4076,19172,15209,306,466,39229,646,575,90,501,422,62,587,534,78,646,575,90,Finisher,3218
Tim,Fors Elington,Tim Fors Elington,2340,M25-29,Male,Årsta,Stockholm,Sweden,SE,1:12:55,5:16:36,4:13:17,0:06:31,0:04:30,10:53:49,4375,18996,15197,391,270,39229,647,576,104,849,719,113,635,575,89,647,576,104,Finisher,3260
Torbjörn,Gelotte,Torbjörn Gelotte,2730,M50-54,Male,Göteborg,,Sweden,SE,1:03:25,5:19:04,4:24:50,0:03:32,0:03:01,10:53:52,3805,19144,15890,212,181,39232,648,577,46,283,231,12,494,449,37,648,577,46,Finisher,3799
Aleksandr,Nikitin,Aleksandr Nikitin,1891,M45-49,Male,Peeti alevik,Harjumaa,Estonia,EE,1:23:31,5:20:45,3:57:39,0:05:26,0:06:35,10:53:56,5011,19245,14259,326,395,39236,649,578,55,1653,1365,141,851,763,84,649,578,55,Finisher,3610
Andreas,Jogmin,Andreas Jogmin,619,M40-44,Male,Mühldorf am Inn,BAYERN,Germany,DE,1:20:18,5:13:34,4:11:38,0:04:12,0:04:14,10:53:56,4818,18814,15098,252,254,39236,650,579,60,1442,1206,119,670,605,66,650,579,60,Finisher,3486
Oskar,Koivuniemi,Oskar Koivuniemi,842,M30-34,Male,Varberg,Halland,Sweden,SE,1:19:56,5:18:28,4:04:12,0:04:45,0:06:35,10:53:56,4796,19108,14652,285,395,39236,651,580,91,1416,1187,198,740,671,111,651,580,91,Finisher,3217
Daan,de Koord,Daan de Koord,2306,M25-29,Male,Antwerpen,Flemish Region,Belgium,BE,1:14:15,5:25:43,4:00:02,0:06:03,0:08:18,10:54:22,4455,19543,14402,363,498,39262,652,581,105,967,819,131,790,713,114,652,581,105,Finisher,3253
Adam,Millberg,Adam Millberg,1909,M50-54,Male,Göteborg,SE-Y,Sweden,SE,1:14:51,5:21:27,4:10:28,0:04:01,0:03:37,10:54:24,4491,19287,15028,241,217,39264,653,582,47,1014,861,83,701,635,62,653,582,47,Finisher,3792
Hien,Nguyen,Hien Nguyen,2469,M25-29,Male,Uddevalla,SE-O,Sweden,SE,1:32:38,5:14:22,3:54:51,0:07:36,0:05:03,10:54:31,5558,18862,14091,456,303,39271,654,583,106,2099,1703,287,924,823,132,654,583,106,Finisher,3251
Simen,Dokken,Simen Dokken,2461,M30-34,Male,Oslo,NO-Oslo,Norway,NO,1:23:04,4:54:00,4:28:59,0:04:14,0:04:23,10:54:41,4984,17640,16139,254,263,39281,655,584,92,1620,1337,222,440,403,51,655,584,92,Finisher,3208
Marco,Lopez,Marco Lopez,600,M50-54,Male,Malsch,DE-BW,Italy,IT,1:05:39,5:16:36,4:25:07,0:04:13,0:03:10,10:54:44,3939,18996,15907,253,190,39284,656,585,48,373,306,18,501,455,38,656,585,48,Finisher,3788
Marcus,Erixon,Marcus Erixon,1706,M30-34,Male,Luleå,Norrbotten,Sweden,SE,1:19:01,5:24:19,4:02:47,0:03:46,0:05:07,10:55:00,4741,19459,14567,226,307,39300,657,586,93,1346,1127,180,807,727,120,657,586,93,Finisher,3204
Christopher,Fox,Christopher Fox,2517,M40-44,Male,Warrington,CHS,United Kingdom,GB,1:21:01,5:29:50,3:45:13,0:09:00,0:10:12,10:55:15,4861,19790,13513,540,612,39315,658,587,61,1486,1237,124,1009,896,98,658,587,61,Finisher,3470
Per,Jonasson,Per Jonasson,530,M60-64,Male,Hagersten,SE-AB,Sweden,SE,1:12:45,5:36:17,3:55:45,0:04:39,0:05:51,10:55:17,4365,20177,14145,279,351,39317,659,588,8,838,709,12,907,809,15,659,588,8,Finisher,4251
Hugo,Lundgren,Hugo Lundgren,723,M18-24,Male,Kalmar,Kalmar,Sweden,SE,1:16:58,5:48:00,3:44:50,0:02:15,0:03:14,10:55:18,4618,20880,13490,135,194,39318,660,589,64,1182,1000,122,1120,988,89,660,589,64,Finisher,3363
Bart,Jansen,Bart Jansen,751,M30-34,Male,Vriezenveen,Overijssel,Netherlands,NL,1:16:45,5:40:38,3:39:02,0:10:54,0:08:05,10:55:24,4605,20438,13142,654,485,39324,661,590,94,1164,989,159,1140,1003,168,661,590,94,Finisher,3199
Stijn,Gevaert,Stijn Gevaert,1870,M35-39,Male,Wervik,Flemish Region,Belgium,BE,1:22:06,5:27:51,3:53:39,0:06:42,0:05:08,10:55:28,4926,19671,14019,402,308,39328,662,591,74,1560,1290,138,958,851,96,662,591,74,Finisher,3351
Selma,Muda,Selma Muda,1463,F18-24,Female,Finspång,SE-E,Sweden,SE,1:30:01,5:36:35,3:38:16,0:05:59,0:04:38,10:55:29,5401,20195,13096,359,278,39329,663,72,3,1987,368,26,1204,149,8,663,72,3,Finisher,3953
Emil,Poromaa,Emil Poromaa,554,M35-39,Male,Luleå,NORRBOTTENS LAN [SE-25],Sweden,SE,1:16:41,5:21:13,4:02:53,0:08:27,0:06:16,10:55:30,4601,19273,14573,507,376,39330,664,592,75,1156,984,108,798,718,81,664,592,75,Finisher,3351
Paulius,Andriekus,Paulius Andriekus,2547,M30-34,Male,Telsiai,TELSIAI,Lithuania,LT,1:13:00,5:35:49,3:51:32,0:06:41,0:08:28,10:55:30,4380,20149,13892,401,508,39330,665,593,95,857,726,116,941,837,139,665,593,95,Finisher,3198
RICHARD,Laurent,RICHARD Laurent,807,M45-49,Male,Savigny en revermont,FR-BFC,France,FR,1:03:38,5:05:13,4:37:36,0:04:49,0:04:21,10:55:37,3818,18313,16656,289,261,39337,666,594,56,289,236,25,360,330,32,666,594,56,Finisher,3590
Gerhard,Hanschek,Gerhard Hanschek,213,M45-49,Male,St.Johann in Pongau,AT-5,Austria,AT,1:11:28,5:01:09,4:32:38,0:05:06,0:05:22,10:55:42,4288,18069,16358,306,322,39342,667,595,57,735,623,74,398,368,38,667,595,57,Finisher,3589
Oskar,Unger,Oskar Unger,2689,M30-34,Male,Malmö,Skåne,Sweden,SE,1:23:42,5:27:56,3:54:32,0:04:32,0:05:03,10:55:47,5022,19676,14072,272,303,39347,668,596,96,1669,1379,234,949,843,140,668,596,96,Finisher,3195
Christian,Skoog Svensson,Christian Skoog Svensson,1737,M45-49,Male,Stockholm,,Sweden,SE,1:21:57,5:17:58,4:05:45,0:04:55,0:05:15,10:55:51,4917,19078,14745,295,315,39351,669,597,58,1549,1281,131,770,695,79,669,597,58,Finisher,3587
Ruben,Rennéus Guthrie,Ruben Rennéus Guthrie,2654,M18-24,Male,LUND,SKANE LAN [SE-12],Sweden,SE,1:06:46,5:39:35,4:01:06,0:04:53,0:03:31,10:55:52,4006,20375,14466,293,211,39352,670,598,65,443,369,42,867,776,74,670,598,65,Finisher,3356
Neil,Feakins,Neil Feakins,2248,M45-49,Male,Longfield,GB-KEN,United Kingdom,GB,1:06:44,5:31:10,4:09:03,0:04:45,0:04:20,10:56:02,4004,19870,14943,285,260,39362,671,599,59,438,365,46,735,666,73,671,599,59,Finisher,3585
Theo,Lewen,Theo Lewen,2326,M18-24,Male,Ronneby,Blekinge,Sweden,SE,1:09:58,5:33:20,4:04:04,0:04:44,0:03:57,10:56:03,4198,20000,14644,284,237,39363,672,600,66,630,535,60,823,738,68,672,600,66,Finisher,3354
Sarah,Karpinski,Sarah Karpinski,5024,FPRO,Female,washington,US-DC,United States,US,1:10:52,5:23:40,4:15:58,0:03:07,0:02:25,10:56:04,4252,19420,15358,187,145,39364,673,73,25,697,105,23,663,65,25,673,73,25,Finisher,3050
Patrick,Strauss,Patrick Strauss,149,M40-44,Male,Hamburg,DE-HH,Germany,DE,1:06:59,4:58:06,4:42:00,0:04:08,0:05:03,10:56:15,4019,17886,16920,248,303,39375,674,601,62,454,379,33,307,280,27,674,601,62,Finisher,3458
Alexandra,Messager,Alexandra Messager,154,F40-44,Female,Suresnes,Île-de-France,France,FR,1:16:50,5:26:10,4:00:57,0:06:38,0:05:48,10:56:23,4610,19570,14457,398,348,39383,675,74,8,1171,178,24,849,88,10,675,74,8,Finisher,3643
Ola,Wannberg,Ola Wannberg,409,M50-54,Male,Skara,SE-O,Sweden,SE,1:19:19,5:22:27,4:01:04,0:06:11,0:07:23,10:56:24,4759,19347,14464,371,443,39384,676,602,49,1369,1146,118,820,736,74,676,602,49,Finisher,3768
Lars,Hummelmose,Lars Hummelmose,2758,M60-64,Male,Gentofte,DK-84,Denmark,DK,1:16:01,4:58:15,4:33:03,0:05:10,0:03:58,10:56:26,4561,17895,16383,310,238,39386,677,603,9,1105,940,16,422,389,5,677,603,9,Finisher,4237
Jacob,Hansen,Jacob Hansen,1485,M45-49,,brooklyn,NY,United States,US,1:06:01,5:35:55,3:54:56,0:10:31,0:09:04,10:56:27,3961,20155,14096,631,544,39387,678,604,60,396,328,42,889,794,89,678,604,60,Finisher,3580
Izabelle,Wärja,Izabelle Wärja,1980,F30-34,Female,Stockholm,SE-AB,Sweden,SE,1:03:00,5:39:12,4:04:23,0:04:04,0:05:48,10:56:28,3780,20352,14663,244,348,39388,679,75,12,267,49,8,797,80,13,679,75,12,Finisher,4034
Ebba,Rahm,Ebba Rahm,2399,F25-29,Female,Göteborg,SE-O,Sweden,SE,1:00:37,5:28:44,4:19:14,0:03:51,0:04:08,10:56:33,3637,19724,15554,231,248,39393,680,76,13,183,33,4,598,54,9,680,76,13,Finisher,3756
Daniel,Hoole,Daniel Hoole,2368,M25-29,Male,Foxton,England,United Kingdom,GB,1:13:26,5:42:46,3:48:03,0:06:35,0:05:51,10:56:41,4406,20566,13683,395,351,39401,681,605,107,891,757,120,1050,929,150,681,605,107,Finisher,3225
Håkan,Nicklasson,Håkan Nicklasson,1946,M45-49,Male,Karlskrona,,Sweden,SE,1:12:01,4:45:49,4:46:13,0:05:37,0:07:06,10:56:47,4321,17149,17173,337,426,39407,682,606,61,774,654,78,237,213,14,682,606,61,Finisher,3576
Lars Marius,Skaug,Lars Marius Skaug,1856,M30-34,Male,Gjøvik,NO-05,Norway,NO,1:09:45,5:29:47,4:09:44,0:02:58,0:04:47,10:57:01,4185,19787,14984,178,287,39421,683,607,97,616,522,79,731,662,109,683,607,97,Finisher,3180
Sergey,Irodov,Sergey Irodov,105,M35-39,Male,London,GB-ENG,Cyprus,CY,1:19:44,5:30:42,4:02:05,0:02:26,0:02:10,10:57:06,4784,19842,14525,146,130,39426,684,608,76,1399,1175,124,896,801,92,684,608,76,Finisher,3331
Maaike,Van Kesteren,Maaike Van Kesteren,1336,F25-29,Female,Delft,,Netherlands,NL,1:09:22,5:33:32,4:04:40,0:03:17,0:06:21,10:57:12,4162,20012,14680,197,381,39432,685,77,14,592,92,19,795,79,17,685,77,14,Finisher,3748
Fabio,Gatta,Fabio Gatta,947,M25-29,Male,Gosselies,HAINAUT,Belgium,BE,1:00:12,5:05:18,4:44:20,0:03:43,0:03:40,10:57:13,3612,18318,17060,223,220,39433,686,609,108,166,136,14,308,281,49,686,609,108,Finisher,3219
Pieter,van der Krol,Pieter van der Krol,1655,M40-44,Male,Nijmegen,Gelderland,Netherlands,NL,1:18:26,5:24:39,4:02:13,0:06:09,0:05:53,10:57:21,4706,19479,14533,369,353,39441,687,610,63,1301,1093,105,843,757,83,687,610,63,Finisher,3445
Max Marvin,Greening,Max Marvin Greening,1632,M18-24,Male,Koblenz,Rhineland-Palatinate,Germany,DE,1:12:33,5:08:21,4:20:43,0:06:59,0:08:47,10:57:24,4353,18501,15643,419,527,39444,688,611,67,817,692,87,515,469,41,688,611,67,Finisher,3337
Tyas,Huizenga,Tyas Huizenga,1814,M25-29,Male,Tilburg,,Netherlands,NL,1:12:17,5:36:12,3:52:12,0:07:59,0:08:53,10:57:33,4337,20172,13932,479,533,39453,689,612,109,790,669,104,954,847,136,689,612,109,Finisher,3215
Jack,Robson,Jack Robson,958,M25-29,Male,Weeton,LAN,United Kingdom,GB,1:06:16,5:17:31,4:24:34,0:04:48,0:04:29,10:57:38,3976,19051,15874,288,269,39458,690,613,110,409,338,47,527,479,77,690,613,110,Finisher,3214
Kevin,Schüpphaus,Kevin Schüpphaus,1457,M40-44,Male,Gelnhausen,DE-HE,Germany,DE,1:06:04,5:36:35,4:06:40,0:04:39,0:03:42,10:57:40,3964,20195,14800,279,222,39460,691,614,64,398,330,25,809,728,79,691,614,64,Finisher,3441
Ludvig,Sylvan,Ludvig Sylvan,1642,M30-34,Male,Västra Frölunda,Västra Götaland,Sweden,SE,1:07:56,4:59:38,4:40:21,0:03:55,0:05:57,10:57:48,4076,17978,16821,235,357,39468,692,615,98,502,423,63,337,308,41,692,615,98,Finisher,3170
Jesper,Joelsson,Jesper Joelsson,662,M18-24,Male,Nybro,Sweden,Sweden,SE,1:07:30,5:14:27,4:25:10,0:06:32,0:04:21,10:58:00,4050,18867,15910,392,261,39480,693,616,68,481,402,46,526,478,42,693,616,68,Finisher,3330
Garrett,Doherty,Garrett Doherty,1240,M45-49,Male,Letterkenny,Donegal,Ireland,IE,1:14:47,5:42:24,3:47:32,0:06:12,0:07:13,10:58:09,4487,20544,13652,372,433,39489,694,617,62,1005,854,95,1063,941,109,694,617,62,Finisher,3560
Kalle,Wickström,Kalle Wickström,1927,M40-44,Male,Vårgårda,SE-O,Sweden,SE,1:03:03,5:01:51,4:41:30,0:05:16,0:06:30,10:58:10,3783,18111,16890,316,390,39490,695,618,65,268,219,16,315,287,29,695,618,65,Finisher,3435
Gordon,Nagel,Gordon Nagel,1963,M50-54,Male,Hannover,NI,Germany,DE,1:17:18,5:19:41,4:07:30,0:05:38,0:08:23,10:58:29,4638,19181,14850,338,503,39509,696,619,50,1209,1022,101,733,664,65,696,619,50,Finisher,3743
Dawid,Kaczynski,Dawid Kaczynski,646,M30-34,Male,Białystok,podlaskie,Poland,PL,1:26:05,5:31:33,3:50:19,0:05:44,0:05:00,10:58:42,5165,19893,13819,344,300,39522,697,620,99,1782,1457,244,1061,939,159,697,620,99,Finisher,3160
Björn,Åberg,Björn Åberg,1773,M35-39,Male,Vadstena ,Östergötland,Sweden,SE,1:10:18,5:27:02,4:10:46,0:06:18,0:04:22,10:58:47,4218,19622,15046,378,262,39527,698,621,77,651,556,65,749,677,79,698,621,77,Finisher,3311
Henry,Smith,Henry Smith,2305,M30-34,Male,Bristol,England,United Kingdom,GB,1:08:38,5:13:40,4:24:22,0:06:25,0:05:50,10:58:54,4118,18820,15862,385,350,39534,699,622,100,543,457,67,529,481,63,699,622,100,Finisher,3157
Filip,De Smul,Filip De Smul,1329,M50-54,Male,Grammene,BE-VOV,Belgium,BE,1:12:50,4:55:37,4:41:53,0:05:01,0:03:46,10:59:08,4370,17737,16913,301,226,39548,700,623,51,843,713,65,359,329,25,700,623,51,Finisher,3735
Benedikt,Frieg,Benedikt Frieg,2578,M35-39,Male,Mölnlycke,,Germany,DE,1:17:50,5:37:18,3:49:08,0:07:25,0:07:36,10:59:17,4670,20238,13748,445,456,39557,701,624,78,1253,1055,116,1048,928,110,701,624,78,Finisher,3305
Andreas,Gustavsson,Andreas Gustavsson,183,M45-49,Male,Kalmar,SE-H,Sweden,SE,1:13:18,5:11:16,4:26:26,0:04:52,0:03:29,10:59:22,4398,18676,15986,292,209,39562,702,625,63,883,749,86,538,490,56,702,625,63,Finisher,3545
Vincent ,Wahlström ,Vincent Wahlström,907,M18-24,Male,Mönsterås ,Kalmar,Sweden,SE,1:11:19,5:46:45,3:52:46,0:05:07,0:03:31,10:59:27,4279,20805,13966,307,211,39567,703,626,69,725,616,78,1059,937,85,703,626,69,Finisher,3313
Pedro,Jorge,Pedro Jorge,1925,M55-59,Male,Almada,,Portugal,PT,1:09:32,5:22:54,4:16:06,0:07:14,0:03:47,10:59:33,4172,19374,15366,434,227,39573,704,627,29,599,507,28,689,623,36,704,627,29,Finisher,4092
Martin,Stenvall,Martin Stenvall,477,M30-34,Male,Kalmar,Kalmar Län,Sweden,SE,1:15:04,5:32:08,4:02:49,0:04:36,0:05:07,10:59:44,4504,19928,14569,276,307,39584,705,628,101,1028,875,143,875,783,128,705,628,101,Finisher,3147
Noemie,Duvivier,Noemie Duvivier,1688,F25-29,Female,Momalle,Walloon Region,Belgium,BE,1:05:10,5:39:03,4:01:43,0:05:51,0:08:06,10:59:52,3910,20343,14503,351,486,39592,706,78,15,348,65,12,855,89,19,706,78,15,Finisher,3716
Martin,Ottenklev,Martin Ottenklev,2582,M30-34,Male,Norrköping,,Sweden,SE,1:04:35,5:23:40,4:15:46,0:09:43,0:06:13,10:59:57,3875,19420,15346,583,373,39597,707,629,102,323,263,37,668,603,96,707,629,102,Finisher,3145
Panu,Koskinen,Panu Koskinen,1545,M35-39,Male,Espoo,,Finland,FI,1:23:41,5:39:40,3:45:48,0:05:36,0:05:11,10:59:57,5021,20380,13548,336,311,39597,708,630,79,1666,1376,146,1150,1012,119,708,630,79,Finisher,3297
Adam,Krommenhoek,Adam Krommenhoek,216,M50-54,Male,Mapleton,UT,United States,US,1:10:04,5:10:36,4:25:00,0:05:55,0:08:26,11:00:01,4204,18636,15900,355,506,39601,709,631,52,640,545,47,503,457,39,709,631,52,Finisher,3725
Juha,Rantala,Juha Rantala,1551,M50-54,Male,Sastamala,X,Finland,FI,1:12:49,5:18:04,4:18:39,0:05:17,0:05:30,11:00:19,4369,19084,15519,317,330,39619,710,632,53,841,711,64,637,577,54,710,632,53,Finisher,3721
Peter,Forsgren,Peter Forsgren,1816,M45-49,Male,Umeå,,Sweden,SE,1:26:06,5:26:27,3:58:42,0:05:09,0:03:56,11:00:20,5166,19587,14322,309,236,39620,711,633,64,1784,1459,152,977,869,100,711,633,64,Finisher,3534
Marinus,van Dijk,Marinus van Dijk,2392,M50-54,Male,Maarssen,,Netherlands,NL,1:14:03,5:45:23,3:49:39,0:06:08,0:05:10,11:00:24,4443,20723,13779,368,310,39624,712,634,54,947,802,77,1097,968,95,712,634,54,Finisher,3720
Viktoria,Johnsson,Viktoria Johnsson,445,F55-59,Female,MÖNSTERÅS,SE-H,Sweden,SE,1:13:03,5:10:41,4:27:26,0:04:35,0:04:57,11:00:41,4383,18641,16046,275,297,39641,713,79,1,860,132,4,523,48,1,713,79,1,Finisher,5000
Charlotte,Seddon,Charlotte Seddon,2321,F30-34,Female,London,GB-ISL,United Kingdom,GB,1:11:51,5:38:36,4:00:56,0:05:29,0:04:13,11:01:06,4311,20316,14456,329,253,39666,714,80,13,762,119,21,947,106,16,714,80,13,Finisher,3978
Tricia,Strelioff,Tricia Strelioff,201,F55-59,Female,Galway,Galway,Ireland,IE,1:12:57,5:28:57,4:10:17,0:04:11,0:04:47,11:01:10,4377,19737,15017,251,287,39670,715,81,2,852,131,3,792,78,2,715,81,2,Finisher,4994
Linus,Petersson,Linus Petersson,2487,M40-44,Male,Svärtinge,OSTERGOTLANDS LAN [SE-05],Sweden,SE,1:10:20,5:17:05,4:27:59,0:03:09,0:02:38,11:01:10,4220,19025,16079,189,158,39670,716,635,66,655,559,50,556,505,57,716,635,66,Finisher,3399
Lucas ,Petersson,Lucas Petersson,1496,M25-29,Male,Luleå ,Norrbotten,Sweden,SE,1:18:34,5:38:38,3:53:13,0:04:50,0:06:03,11:01:18,4714,20318,13993,290,363,39678,717,636,111,1312,1100,191,1042,923,149,717,636,111,Finisher,3170
Eleanor,Hyem,Eleanor Hyem,225,F25-29,Female,Main Street,Scotland,United Kingdom,GB,1:17:52,5:21:19,4:13:46,0:04:00,0:04:29,11:01:26,4672,19279,15226,240,269,39686,718,82,16,1259,199,34,741,70,14,718,82,16,Finisher,3698
Søren Odgaard ,Christensen,Søren Odgaard Christensen,2473,M45-49,Male,Thisted,NORDJYLLAND,Denmark,DK,1:42:02,5:07:14,3:59:01,0:06:11,0:07:03,11:01:32,6122,18434,14341,371,423,39692,719,637,65,2312,1859,189,938,834,95,719,637,65,Finisher,3519
Jason,Bolger,Jason Bolger,211,M45-49,Male,Salisbury,England,United Kingdom,GB,1:21:08,5:17:30,4:14:43,0:04:00,0:04:13,11:01:34,4868,19050,15283,240,253,39694,720,638,66,1491,1241,128,734,665,72,720,638,66,Finisher,3519
Volker,Kaibel,Volker Kaibel,1446,M55-59,Male,Magdeburg,ST,Germany,DE,1:19:29,5:08:17,4:18:22,0:08:41,0:07:31,11:02:20,4769,18497,15502,521,451,39740,721,639,30,1381,1157,74,640,580,34,721,639,30,Finisher,4059
Karl,Axelsson,Karl Axelsson,731,M25-29,Male,Lund,Skåne,Sweden,SE,1:11:03,5:26:19,4:12:33,0:06:19,0:06:09,11:02:23,4263,19579,15153,379,369,39743,722,640,112,709,602,93,750,678,106,722,640,112,Finisher,3157
Krzysiek,Ejsmont,Krzysiek Ejsmont,648,M30-34,Male,Supraśl,Podlaskie,Poland,PL,1:12:33,5:23:49,4:15:52,0:03:50,0:06:48,11:02:53,4353,19429,15352,230,408,39773,723,641,103,817,692,109,700,634,103,723,641,103,Finisher,3109
Amalie Sophie,Hansen,Amalie Sophie Hansen,122,F25-29,Female,Roskilde,DK-85,Denmark,DK,1:21:08,5:07:33,4:28:06,0:03:24,0:02:55,11:03:06,4868,18453,16086,204,175,39786,724,83,17,1492,251,44,578,52,8,724,83,17,Finisher,3678
Mike,Schieder,Mike Schieder,1003,F40-44,Male,Neukirchen-Vluyn,NW,Germany,DE,0:59:57,5:29:17,4:27:08,0:02:59,0:03:59,11:03:20,3597,19757,16028,179,239,39800,725,84,9,155,27,4,582,53,6,725,84,9,Finisher,3560
Johan,Issazadhe,Johan Issazadhe,395,M25-29,Male,Göteborg ,VASTRA GOTALANDS LAN [SE-14],Sweden,SE,1:19:07,5:35:59,3:58:29,0:05:49,0:04:01,11:03:26,4747,20159,14309,349,241,39806,726,642,113,1356,1134,197,1028,912,147,726,642,113,Finisher,3144
Vadym,Symchera,Vadym Symchera,1302,M45-49,Male,Mynay/Uzhhorod,UA-21,Ukraine,UA,1:12:33,5:27:28,4:15:04,0:04:28,0:03:56,11:03:29,4353,19648,15304,268,236,39809,727,643,67,814,689,82,766,692,77,727,643,67,Finisher,3496
Mark,Flanagan,Mark Flanagan,2486,M40-44,Male,Castleknock,Dublin 15,Ireland,IE,1:15:15,5:29:59,4:03:37,0:07:41,0:06:57,11:03:29,4515,19799,14617,461,417,39809,728,644,67,1038,883,80,898,802,89,728,644,67,Finisher,3371
Oscar,Hallberg,Oscar Hallberg,608,M30-34,Male,Kalmar,,Sweden,SE,1:09:11,5:18:18,4:25:33,0:04:21,0:06:13,11:03:36,4151,19098,15933,261,373,39816,729,645,104,584,494,75,575,524,76,729,645,104,Finisher,3101
Oren,Sarliker,Oren Sarliker,1453,M30-34,Male,Helsinki,,Finland,FI,1:28:45,5:25:32,3:58:29,0:05:58,0:04:53,11:03:38,5325,19532,14309,358,293,39818,730,646,105,1918,1563,262,1018,904,154,730,646,105,Finisher,3100
Julia,Erkselius,Julia Erkselius,552,F18-24,Female,Linköping,SE-E,Sweden,SE,1:02:50,5:51:10,4:01:49,0:03:55,0:04:04,11:03:47,3770,21070,14509,235,244,39827,731,85,4,263,48,2,984,110,5,731,85,4,Finisher,3854
Samuel,Hedman ,Samuel Hedman,1205,M25-29,Male,Luleå,Norrbotten,Sweden,SE,1:30:56,5:26:50,3:51:38,0:06:04,0:08:20,11:03:48,5456,19610,13898,364,500,39828,732,647,114,2028,1652,281,1072,947,156,732,647,114,Finisher,3140
David,Engel,David Engel,1907,M40-44,Male,Göteborg,,Sweden,SE,1:06:08,5:19:24,4:30:16,0:03:38,0:04:34,11:04:00,3968,19164,16216,218,274,39840,733,648,68,400,331,26,536,488,55,733,648,68,Finisher,3365
Mark,Gallagher,Mark Gallagher,1239,M50-54,Male,Letterkenny,Co. Donegal,Ireland,IE,1:03:12,5:24:47,4:24:30,0:05:42,0:05:49,11:04:01,3792,19487,15870,342,349,39841,734,649,55,273,223,11,607,552,52,734,649,55,Finisher,3677
Levi,Camnert,Levi Camnert,1501,M18-24,Male,Lund,,Sweden,SE,1:08:37,5:23:44,4:16:41,0:08:53,0:06:14,11:04:09,4117,19424,15401,533,374,39849,735,650,70,542,456,51,715,647,58,735,650,70,Finisher,3256
Gabriel,Sandman,Gabriel Sandman,2745,M30-34,Male,Sigtuna,Stockholm,Sweden,SE,1:23:33,5:47:06,3:46:04,0:04:09,0:03:27,11:04:19,5013,20826,13564,249,207,39859,736,651,106,1656,1367,231,1243,1084,180,736,651,106,Finisher,3092
Evan,Hodson,Evan Hodson,266,M18-24,Male,Kitchener,Ontario,Canada,CA,0:52:40,5:52:57,4:09:42,0:05:13,0:03:54,11:04:26,3160,21177,14982,313,234,39866,737,652,71,53,50,5,863,772,73,737,652,71,Finisher,3253
Johan,Claesson,Johan Claesson,363,M35-39,Male,Rockneby,SE-H,Sweden,SE,1:10:46,5:17:42,4:28:11,0:02:35,0:05:23,11:04:37,4246,19062,16091,155,323,39877,738,653,80,687,584,69,564,513,62,738,653,80,Finisher,3241
Robin,Axelsson,Robin Axelsson,2619,M30-34,Male,Vimmerby,,Sweden,SE,1:08:46,5:16:43,4:29:07,0:05:09,0:04:55,11:04:40,4126,19003,16147,309,295,39880,739,654,107,549,462,68,559,508,72,739,654,107,Finisher,3088
Tobias,Thele,Tobias Thele,1157,M45-49,Male,Henstedt Ulzburg,SH,Germany,DE,1:26:39,5:19:44,4:08:49,0:04:55,0:04:34,11:04:41,5199,19184,14929,295,274,39881,740,655,68,1818,1483,158,869,778,86,740,655,68,Finisher,3481
Vebjørn,Fjeldstad,Vebjørn Fjeldstad,2250,M25-29,Male,Oslo,OSLO,Norway,NO,1:14:27,5:36:07,3:58:13,0:07:15,0:08:39,11:04:41,4467,20167,14293,435,519,39881,741,656,115,984,835,135,980,872,141,741,656,115,Finisher,3129
Paxton,Patey,Paxton Patey,1190,M30-34,Male,American Fork,US-UT,United States,US,1:20:13,5:19:04,4:15:54,0:05:34,0:03:57,11:04:42,4813,19144,15354,334,237,39882,742,657,108,1436,1201,201,772,697,114,742,657,108,Finisher,3088
Livia,Stofilova,Livia Stofilova,940,F40-44,Female,Bratislava,Slovakia,Slovakia,SK,1:26:26,5:23:01,4:01:04,0:06:57,0:07:18,11:04:46,5186,19381,14464,417,438,39886,743,86,10,1807,333,48,951,107,16,743,86,10,Finisher,3542
Victor,Thörnkvist,Victor Thörnkvist,1830,M25-29,Male,STOCKHOLM,Stockholm,Sweden,SE,1:37:34,5:31:08,3:41:57,0:07:19,0:07:00,11:04:58,5854,19868,13317,439,420,39898,744,658,116,2229,1796,303,1259,1095,185,744,658,116,Finisher,3126
Agnes,Van Brug,Agnes Van Brug,1116,F45-49,Female,Alkmaar,NL-NH,Netherlands,NL,1:04:25,5:57:50,3:52:31,0:05:57,0:04:25,11:05:08,3865,21470,13951,357,265,39908,745,87,10,318,59,3,1137,136,15,745,87,10,Finisher,4013
Sil,Van Lingen,Sil Van Lingen,1953,M25-29,Male,Amsterdam,Noord-Holland,Netherlands,NL,1:13:47,5:46:20,3:54:53,0:06:54,0:03:15,11:05:09,4427,20780,14093,414,195,39909,746,659,117,928,787,124,1115,983,167,746,659,117,Finisher,3124
Davis,Freimanis,Davis Freimanis,971,M30-34,Male,Bromma,Stockholm,Latvia,LV,1:12:31,5:21:42,4:19:33,0:06:07,0:05:36,11:05:28,4351,19302,15573,367,336,39928,747,660,109,812,688,107,702,636,104,747,660,109,Finisher,3078
Åsa,Miemois,Åsa Miemois,982,F40-44,Female,Knivsta,SE-C,Sweden,SE,1:13:41,5:47:31,3:58:35,0:03:17,0:02:28,11:05:32,4421,20851,14315,197,148,39932,748,88,11,916,139,17,1080,128,23,748,88,11,Finisher,3533
Adam,Wade,Adam Wade,196,M45-49,Male,Epsom,GB-SRY,United Kingdom,GB,1:08:12,5:04:01,4:42:32,0:03:43,0:07:15,11:05:42,4092,18241,16952,223,435,39942,749,661,69,520,439,53,381,351,34,749,661,69,Finisher,3469
Samuel,Fröjdh,Samuel Fröjdh,1820,M25-29,Male,Norrköping,,Sweden,SE,1:21:24,5:36:23,3:54:25,0:05:56,0:07:45,11:05:54,4884,20183,14065,356,465,39954,750,662,118,1511,1256,217,1070,945,154,750,662,118,Finisher,3115
Tom,Iddon,Tom Iddon,769,M40-44,Male,Paisley,RENFREWSHIRE,United Kingdom,GB,1:15:49,5:36:17,4:00:58,0:07:25,0:05:53,11:06:23,4549,20177,14458,445,353,39983,751,663,69,1087,925,84,1002,889,97,751,663,69,Finisher,3337
Thomas,Fox,Thomas Fox,342,M60-64,Male,Munich,DE-BY,Germany,DE,1:13:20,5:10:53,4:27:40,0:08:24,0:06:23,11:06:40,4400,18653,16060,504,383,40000,752,664,10,884,750,13,588,535,9,752,664,10,Finisher,4114
Daniel,Jonsson,Daniel Jonsson,490,M50-54,Male,Kalmar,,Sweden,SE,1:08:47,5:13:09,4:33:39,0:06:05,0:05:03,11:06:43,4127,18789,16419,365,303,40003,753,665,56,550,463,34,519,472,43,753,665,56,Finisher,3644
Johan,Lövsund,Johan Lövsund,1634,M45-49,Male,Jakobstad,Finland,Finland,FI,1:09:16,5:21:13,4:22:46,0:06:23,0:07:06,11:06:45,4156,19273,15766,383,426,40005,754,666,70,586,496,58,650,588,64,754,666,70,Finisher,3457
Dennis,Huijbers,Dennis Huijbers,212,M50-54,Male,Maarheeze,NL-NB,Netherlands,NL,1:21:32,5:27:13,4:06:22,0:06:56,0:04:49,11:06:52,4892,19633,14782,416,289,40012,755,667,57,1519,1260,126,944,839,83,755,667,57,Finisher,3643
Katharina,Zeinert,Katharina Zeinert,969,F40-44,Female,Bad Liebenzell,BW,Germany,DE,1:14:48,5:33:30,4:09:43,0:05:02,0:03:58,11:07:00,4488,20010,14983,302,238,40020,756,89,12,1007,152,20,903,97,12,756,89,12,Finisher,3516
Jens-Petter,Aaseby,Jens-Petter Aaseby,1747,M30-34,Male,Stockholm,,Sweden,SE,1:21:25,5:14:59,4:17:06,0:08:31,0:05:11,11:07:12,4885,18899,15426,511,311,40032,757,668,110,1512,1257,214,773,698,115,757,668,110,Finisher,3058
Lars,Ahlbom,Lars Ahlbom,649,M30-34,Male,Göteborg,,Sweden,SE,1:25:08,5:28:29,4:03:58,0:06:18,0:03:24,11:07:17,5108,19709,14638,378,204,40037,758,669,111,1741,1429,238,1011,898,152,758,669,111,Finisher,3057
Lars,Johansson,Lars Johansson,1860,M45-49,Male,Vedum,,Sweden,SE,1:15:17,5:24:59,4:10:43,0:08:49,0:07:32,11:07:22,4517,19499,15043,529,452,40042,759,670,71,1044,889,100,840,754,83,759,670,71,Finisher,3449
Svante,Thunqvist,Svante Thunqvist,2419,M18-24,Male,Stockholm,Stockholm,Sweden,SE,1:18:04,5:45:35,3:53:22,0:06:43,0:03:38,11:07:23,4684,20735,14002,403,218,40043,760,671,72,1278,1074,132,1171,1029,99,760,671,72,Finisher,3218
Kasper,Kilpinen,Kasper Kilpinen,1920,M25-29,Male,Orimattila,Päijät-häme,Finland,FI,1:19:42,5:27:53,4:07:44,0:06:37,0:05:34,11:07:30,4782,19673,14864,397,334,40050,761,672,119,1397,1173,203,918,817,130,761,672,119,Finisher,3095
Emil,Jonsson,Emil Jonsson,768,M30-34,Male,Kalmar,SE-H,Sweden,SE,1:13:03,5:22:40,4:23:47,0:03:17,0:04:51,11:07:37,4383,19360,15827,197,291,40057,762,673,112,863,731,118,680,614,97,762,673,112,Finisher,3053
Simon,Bååt,Simon Bååt,514,M35-39,Male,Kalmar,KALMAR LAN [SE-08],Sweden,SE,1:15:30,5:29:15,4:12:57,0:05:46,0:04:19,11:07:47,4530,19755,15177,346,259,40067,763,674,81,1064,906,100,858,769,87,763,674,81,Finisher,3203
Anton,Gårdman,Anton Gårdman,2109,M30-34,Male,ÄLVKARLEBY,Uppsala Län,Sweden,SE,1:12:26,5:38:27,4:03:16,0:04:32,0:09:09,11:07:50,4346,20307,14596,272,549,40070,764,675,113,804,681,106,937,833,137,764,675,113,Finisher,3050
Peter,Sørensen ,Peter Sørensen,2536,M30-34,Male,Thisted,North Jütland,Denmark,DK,1:15:17,5:06:16,4:28:55,0:09:04,0:08:18,11:07:50,4517,18376,16135,544,498,40070,765,676,114,1042,887,144,558,507,71,765,676,114,Finisher,3050
Nathalie,Pettersson,Nathalie Pettersson,1752,F35-39,Female,Borås,SE-O,Sweden,SE,1:18:59,5:12:27,4:26:00,0:05:58,0:04:30,11:07:54,4739,18747,15960,358,270,40074,766,90,5,1339,218,25,658,63,2,766,90,5,Finisher,4589
Hielke,Nobel,Hielke Nobel,1256,M25-29,Male,Utrecht,,Netherlands,NL,1:08:23,5:45:44,4:01:19,0:06:48,0:05:45,11:07:59,4103,20744,14479,408,345,40079,767,677,120,527,445,66,1027,911,146,767,677,120,Finisher,3090
Alexander,Turkowitch,Alexander Turkowitch,460,M18-24,Male,Kalmar,KALMAR LAN [SE-08],Sweden,SE,1:10:58,5:52:47,3:56:09,0:04:01,0:04:17,11:08:12,4258,21167,14169,241,257,40092,768,678,73,702,597,72,1129,994,91,768,678,73,Finisher,3208
Andreas,Jacobsen,Andreas Jacobsen,1185,M60-64,Male,Schleswig,SH,Germany,DE,1:00:41,5:27:13,4:30:04,0:05:04,0:05:22,11:08:23,3641,19633,16204,304,322,40103,769,679,11,186,152,5,596,543,10,769,679,11,Finisher,4094
Manne,Gladh,Manne Gladh,2194,M18-24,Male,Karlskrona,BLEKINGE LAN [SE-10],Sweden,SE,1:25:37,5:43:14,3:47:09,0:06:55,0:05:57,11:08:52,5137,20594,13629,415,357,40132,770,680,74,1763,1446,176,1253,1090,105,770,680,74,Finisher,3200
Viktor,Glesing Seesawat,Viktor Glesing Seesawat,2602,M25-29,Male,Enköping ,Uppsala ,Sweden,SE,1:12:43,5:32:43,4:13:33,0:05:55,0:04:00,11:08:54,4363,19963,15213,355,240,40134,771,681,121,831,702,110,870,779,123,771,681,121,Finisher,3079
Jean-Marc,Schlegel,Jean-Marc Schlegel,136,M55-59,Female,coye la foret,OISE,France,FR,1:24:05,5:30:49,4:03:04,0:05:42,0:05:19,11:08:59,5045,19849,14584,342,319,40139,772,682,31,1690,1395,92,1024,909,62,772,682,31,Finisher,3979
Emil,Östlin,Emil Östlin,2024,M45-49,Male,Jönköping,,Sweden,SE,1:05:45,5:15:06,4:40:33,0:04:17,0:03:30,11:09:11,3945,18906,16833,257,210,40151,773,683,72,378,311,38,482,438,50,773,683,72,Finisher,3427
Avni,Spahija,Avni Spahija,502,M45-49,Male,Kalmar,KALMAR LAN [SE-08],Sweden,SE,1:32:34,5:31:46,3:54:07,0:05:25,0:05:37,11:09:29,5554,19906,14047,325,337,40169,774,684,73,2096,1700,172,1160,1020,118,774,684,73,Finisher,3424
Jessica,Richens,Jessica Richens,1144,F25-29,Female,Poole,DOR,United Kingdom,GB,0:57:33,5:42:37,4:20:51,0:03:48,0:04:56,11:09:44,3453,20557,15651,228,296,40184,775,91,18,107,15,2,754,73,15,775,91,18,Finisher,3598
Anton,Hagström ,Anton Hagström,1676,M18-24,Male,Malmö ,Skåne,Sweden,SE,1:12:34,5:39:25,4:02:39,0:07:22,0:07:45,11:09:45,4354,20365,14559,442,465,40185,776,685,75,821,696,88,1001,888,82,776,685,75,Finisher,3189
Luke,Rondel,Luke Rondel,1080,M30-34,Male,Brackley,England,United Kingdom,GB,1:11:12,5:29:23,4:22:13,0:03:49,0:03:32,11:10:09,4272,19763,15733,229,212,40209,777,686,115,718,610,92,765,691,112,777,686,115,Finisher,3022
Tobias,Arvidsson,Tobias Arvidsson,412,M40-44,Male,Ystad,SE-M,Sweden,SE,1:13:38,5:20:22,4:28:15,0:04:44,0:03:11,11:10:11,4418,19222,16095,284,191,40211,778,687,70,912,775,71,677,611,67,778,687,70,Finisher,3291
Andrew,Farrington,Andrew Farrington,2389,M30-34,Male,Tingewick,BUCKINGHAMSHIRE,United Kingdom,GB,1:05:00,6:09:42,3:45:12,0:05:03,0:05:20,11:10:16,3900,22182,13512,303,320,40216,779,688,116,339,276,43,1323,1153,192,779,688,116,Finisher,3021
Loreena,Martin Carrera,Loreena Martin Carrera,1201,F30-34,Female,London,GB-ENG,Cuba,CU,1:13:13,5:37:54,4:05:23,0:07:26,0:06:22,11:10:18,4393,20274,14723,446,382,40218,780,92,14,877,134,23,996,113,18,780,92,14,Finisher,3868
Jason,Sayer,Jason Sayer,2344,M30-34,Male,London,England,United Kingdom,GB,1:15:03,5:53:48,3:47:26,0:09:15,0:05:05,11:10:37,4503,21228,13646,555,305,40237,781,689,117,1026,873,142,1297,1129,190,781,689,117,Finisher,3017
Albin,Andersson,Albin Andersson,2749,M35-39,Male,Tvååker,SE-N,Sweden,SE,1:14:39,5:20:10,4:28:05,0:04:42,0:03:04,11:10:41,4479,19210,16085,282,184,40241,782,690,82,990,840,92,687,621,73,782,690,82,Finisher,3168
Julien,THIRIFAYS,Julien THIRIFAYS,1398,M40-44,Male,Arsimont,Walloon Region,Belgium,BE,1:12:40,5:26:09,4:14:55,0:08:59,0:08:01,11:10:45,4360,19569,15295,539,481,40245,783,691,71,830,701,65,817,734,80,783,691,71,Finisher,3284
Izzy,Parker,Izzy Parker,1898,F25-29,Female,London,London,United Kingdom,GB,1:11:26,5:29:04,4:20:01,0:04:55,0:05:36,11:11:02,4286,19744,15601,295,336,40262,784,93,19,733,112,22,781,77,16,784,93,19,Finisher,3582
Tony,Leo,Tony Leo,2272,M60-64,Male,Ystad,,Sweden,SE,0:52:44,5:24:24,4:43:29,0:06:06,0:04:33,11:11:15,3164,19464,17009,366,273,40275,785,692,12,57,51,1,461,421,6,785,692,12,Finisher,4059
Carl,Nordbeck,Carl Nordbeck,615,M55-59,Male,Vallentuna,SE-AB,Sweden,SE,1:06:24,5:30:20,4:22:11,0:06:33,0:05:56,11:11:24,3984,19820,15731,393,356,40284,786,693,32,414,343,14,743,672,40,786,693,32,Finisher,3950
Johan,Fahlström,Johan Fahlström,1519,M40-44,Male,Bålsta,UPPSALA LAN [SE-03],Sweden,SE,1:40:32,5:27:15,3:50:02,0:07:17,0:06:19,11:11:25,6032,19635,13802,437,379,40285,787,694,72,2289,1841,193,1245,1086,120,787,694,72,Finisher,3276
Albin,Lawesson,Albin Lawesson,2607,M18-24,Male,Linköping,,Sweden,SE,1:26:16,5:36:21,3:58:40,0:05:50,0:04:27,11:11:34,5176,20181,14320,350,267,40294,788,695,76,1794,1466,177,1141,1004,94,788,695,76,Finisher,3167
Fredrik,Frisell,Fredrik Frisell,739,M55-59,Male,Ramdala,BLEKINGE LAN [SE-10],Sweden,SE,1:27:13,5:03:39,4:30:09,0:06:35,0:04:14,11:11:49,5233,18219,16209,395,254,40309,789,696,33,1851,1506,101,659,596,35,789,696,33,Finisher,3945
Daniel,Bustad,Daniel Bustad,1652,M45-49,Male,Djurås,Dalarna,Sweden,SE,1:24:48,5:22:23,4:12:58,0:05:24,0:06:21,11:11:55,5088,19343,15178,324,381,40315,790,697,74,1732,1422,147,893,798,91,790,697,74,Finisher,3395
Simas,Veleckas,Simas Veleckas,1390,M35-39,Male,"Akademija, Kauno raj.",foreigner,Lithuania,LT,1:00:04,5:27:22,4:31:59,0:04:25,0:08:07,11:11:58,3604,19642,16319,265,487,40318,791,698,83,161,132,9,576,525,63,791,698,83,Finisher,3153
Timo,Vares,Timo Vares,2141,M45-49,Male,Karla küla,Harju,Estonia,EE,1:11:33,5:39:39,4:10:53,0:05:16,0:04:54,11:12:14,4293,20379,15053,316,294,40334,792,699,75,741,627,75,953,846,97,792,699,75,Finisher,3391
Anna,EKLUND,Anna EKLUND,2675,F50-54,Female,Ängelholm,SE-M,Sweden,SE,1:11:33,6:02:04,3:46:02,0:05:23,0:07:44,11:12:46,4293,21724,13562,323,464,40366,793,94,3,739,114,10,1309,169,13,793,94,3,Finisher,4617
Nick,Jonsson,Nick Jonsson,151,M50-54,Male,Phuket,TH-83,Sweden,SE,1:17:40,5:20:32,4:26:21,0:04:49,0:03:24,11:12:47,4660,19232,15981,289,204,40367,794,700,58,1245,1051,104,737,668,66,794,700,58,Finisher,3572
Mike,Clemens,Mike Clemens,1812,M30-34,Male,Loon op Zand,,Netherlands,NL,1:17:38,5:38:15,4:06:19,0:06:28,0:04:13,11:12:53,4658,20295,14779,388,253,40373,795,701,118,1243,1049,169,1047,927,156,795,701,118,Finisher,2989
Simon,Werner,Simon Werner,859,M35-39,Male,Hagby,KALMAR LAN [SE-08],Sweden,SE,1:21:56,5:21:05,4:19:39,0:05:02,0:05:33,11:13:15,4916,19265,15579,302,333,40395,796,702,84,1548,1280,136,824,739,84,796,702,84,Finisher,3138
Fabian,Lefevre-Delcourt,Fabian Lefevre-Delcourt,1393,M45-49,Male,Ransart,HAINAUT,Belgium,BE,1:05:21,5:14:12,4:42:02,0:06:49,0:04:51,11:13:16,3921,18852,16922,409,291,40396,797,703,76,355,288,35,499,453,52,797,703,76,Finisher,3378
Egil,Solstad,Egil Solstad,132,M60-64,Male,Son,AKERSHUS,Norway,NO,1:21:26,5:09:06,4:34:17,0:03:34,0:04:56,11:13:20,4886,18546,16457,214,296,40400,798,704,13,1514,1259,28,615,559,11,798,704,13,Finisher,4034
Volker,Klotz,Volker Klotz,2058,M45-49,Male,Dortmund,NW,Germany,DE,1:23:08,5:34:11,4:04:59,0:06:44,0:04:22,11:13:24,4988,20051,14699,404,262,40404,799,705,77,1626,1342,139,1076,950,110,799,705,77,Finisher,3377
Oliver ,Brezicka ,Oliver Brezicka,1227,M30-34,Male,Härryda,Västra Götaland,Sweden,SE,1:14:29,5:39:57,4:07:51,0:06:59,0:04:10,11:13:26,4469,20397,14871,419,250,40406,800,706,119,985,836,135,1037,919,155,800,706,119,Finisher,2983
Simon,Rångeby,Simon Rångeby,1874,M30-34,Male,Göteborg ,VASTRA GOTALANDS LAN [SE-14],Sweden,SE,1:14:48,5:49:40,3:54:11,0:06:51,0:07:57,11:13:28,4488,20980,14051,411,477,40408,801,707,120,1008,856,141,1188,1043,173,801,707,120,Finisher,2982
Fredrik,Gelkner,Fredrik Gelkner,315,M55-59,Male,Lund,SE-M,Sweden,SE,1:20:19,5:21:44,4:20:58,0:05:02,0:05:49,11:13:53,4819,19304,15658,302,349,40433,802,708,34,1444,1208,79,806,726,44,802,708,34,Finisher,3920
Marcus,Ljungqvist,Marcus Ljungqvist,456,M30-34,Male,Kalmar,SE-H,Sweden,SE,1:12:15,5:11:19,4:38:09,0:05:52,0:06:29,11:14:03,4335,18679,16689,352,389,40443,803,709,121,789,668,104,537,489,66,803,709,121,Finisher,2975
Davy,Demarais,Davy Demarais,1939,M50-54,Male,LANVALLAY ,,France,FR,1:08:21,5:20:25,4:31:30,0:06:34,0:07:17,11:14:07,4101,19225,16290,394,437,40447,804,710,59,526,444,30,626,568,53,804,710,59,Finisher,3556
Robert,Walther,Robert Walther,2681,M30-34,Male,Stockholm,,Sweden,SE,1:23:37,5:26:35,4:07:12,0:08:03,0:08:47,11:14:15,5017,19595,14832,483,527,40455,805,711,122,1661,1371,232,990,879,146,805,711,122,Finisher,2973
apolinary,bojan,apolinary bojan,2138,M18-24,Male,hässelby,Stockholm,Sweden,SE,1:22:10,5:27:22,4:14:41,0:04:39,0:05:24,11:14:16,4930,19642,15281,279,324,40456,806,712,77,1562,1292,156,916,816,77,806,712,77,Finisher,3135
Stig,Østergård,Stig Østergård,2718,M40-44,Male,Præstø,,Denmark,DK,1:08:47,5:30:32,4:21:23,0:05:41,0:07:55,11:14:19,4127,19832,15683,341,475,40459,807,713,73,551,464,42,774,699,76,807,713,73,Finisher,3241
Eskil,Sundelid,Eskil Sundelid,2017,M18-24,Male,Lund,,Sweden,SE,1:11:05,5:23:03,4:27:05,0:07:06,0:06:04,11:14:22,4265,19383,16025,426,364,40462,808,714,78,713,606,74,714,646,57,808,714,78,Finisher,3134
Matt,Skibniewski,Matt Skibniewski,2091,M18-24,Male,Montclair,New Jersey,United States,US,1:13:01,5:59:18,3:48:04,0:07:24,0:06:37,11:14:23,4381,21558,13684,444,397,40463,809,715,79,858,727,90,1322,1152,115,809,715,79,Finisher,3134
Isac,Jacobsen,Isac Jacobsen,320,M18-24,Male,Stockholm,Stockholm,Sweden,SE,1:10:48,5:39:48,4:13:46,0:05:34,0:04:46,11:14:42,4248,20388,15226,334,286,40482,810,716,80,689,586,71,948,842,78,810,716,80,Finisher,3130
Boris,Sarabeev,Boris Sarabeev,898,M40-44,Male,София,Sofia-Grad,Bulgaria,BG,1:29:48,5:19:45,4:04:18,0:10:29,0:10:46,11:15:05,5388,19185,14658,629,646,40505,811,717,74,1972,1607,162,1014,901,99,811,717,74,Finisher,3232
Johan,Hempel,Johan Hempel,2436,M30-34,Male,Østerbro,,Denmark,DK,1:13:32,5:30:15,4:24:52,0:03:41,0:02:46,11:15:07,4412,19815,15892,221,166,40507,812,718,123,904,768,126,812,730,121,812,718,123,Finisher,2963
Joe,Horsley,Joe Horsley,174,M45-49,Male,Barrow-in-Furness,CMA,United Kingdom,GB,1:09:52,5:17:38,4:35:08,0:06:32,0:06:16,11:15:26,4192,19058,16508,392,376,40526,813,719,78,622,528,64,612,556,63,813,719,78,Finisher,3352
Alexander,Agureev,Alexander Agureev,2285,M25-29,Male,London,London,United Kingdom,GB,1:11:54,5:19:58,4:26:42,0:08:03,0:09:04,11:15:41,4314,19198,16002,483,544,40541,814,720,122,764,645,100,693,627,101,814,720,122,Finisher,2997
Karl-Olof,Lexe,Karl-Olof Lexe,1942,M55-59,Male,Olofström,BLEKINGE LAN [SE-10],Sweden,SE,1:16:22,5:26:34,4:22:52,0:05:21,0:04:34,11:15:45,4582,19594,15772,321,274,40545,815,721,35,1126,957,60,826,741,46,815,721,35,Finisher,3898
Jasper,Meijerink,Jasper Meijerink,959,M18-24,Male,Zurich,ZURICH,Netherlands,NL,1:17:12,6:03:49,3:43:42,0:06:49,0:04:22,11:15:54,4632,21829,13422,409,262,40554,816,722,81,1200,1014,124,1436,1250,131,816,722,81,Finisher,3115
Lina,Eriksson,Lina Eriksson,1423,F25-29,Female,Halmstad,Halland,Sweden,SE,1:16:22,6:08:17,3:41:14,0:05:59,0:04:13,11:16:04,4582,22097,13274,359,253,40564,817,95,20,1125,169,29,1486,200,35,817,95,20,Finisher,3522
David,Bengtsson,David Bengtsson,2244,M30-34,Male,Göteborg,Västra Götaland,Sweden,SE,1:22:02,5:38:55,4:05:15,0:06:05,0:03:51,11:16:08,4922,20335,14715,365,231,40568,818,723,124,1555,1286,216,1116,984,162,818,723,124,Finisher,2950
Hector,Tiblom,Hector Tiblom,2526,M25-29,Male,Basel,BS,Sweden,SE,1:13:57,5:36:31,4:14:25,0:05:52,0:05:28,11:16:13,4437,20191,15265,352,328,40573,819,724,123,941,798,127,950,844,135,819,724,123,Finisher,2991
Pilvi,Mannerkorpi,Pilvi Mannerkorpi,1708,F40-44,Female,Oulu,,Finland,FI,1:18:47,5:27:42,4:22:20,0:04:03,0:03:28,11:16:20,4727,19662,15740,243,208,40580,820,96,13,1326,216,29,859,90,11,820,96,13,Finisher,3404
Carl,Roy,Carl Roy,1043,M30-34,Male,Frufällan,VASTRA GOTALANDS LAN [SE-14],Sweden,SE,1:11:24,5:18:24,4:35:49,0:06:14,0:04:30,11:16:21,4284,19104,16549,374,270,40581,821,725,125,730,619,94,634,574,88,821,725,125,Finisher,2948
jeremy,duclos,jeremy duclos,2467,M30-34,Male,Bron,Auvergne-Rhône-Alpes,France,FR,1:20:52,5:16:27,4:25:39,0:07:31,0:05:58,11:16:27,4852,18987,15939,451,358,40587,822,726,126,1478,1230,205,769,694,113,822,726,126,Finisher,2947
Matthieu ,Frotter falcot ,Matthieu Frotter falcot,2472,M40-44,Male,Villeurbanne,Auvergne-Rhône-Alpes,France,FR,1:06:28,5:19:11,4:38:05,0:06:30,0:06:14,11:16:27,3988,19151,16685,390,374,40587,823,727,75,421,350,30,580,528,61,823,727,75,Finisher,3216
Nicholas,Thalén,Nicholas Thalén,1721,M50-54,Male,Enhörna,,Sweden,SE,1:13:44,5:34:56,4:16:31,0:05:11,0:06:20,11:16:42,4424,20096,15391,311,380,40602,824,728,60,923,782,74,911,812,79,824,728,60,Finisher,3525
Christoffer,Elmesiöö,Christoffer Elmesiöö,1056,M30-34,Male,Stockholm,SE-AB,Sweden,SE,1:38:31,5:23:48,4:03:15,0:05:30,0:05:38,11:16:43,5911,19428,14595,330,338,40603,825,729,127,2248,1809,292,1130,995,163,825,729,127,Finisher,2943
Jan,Matthys,Jan Matthys,2199,M25-29,Male,Gent,Oost-Vlaanderen,Belgium,BE,1:13:53,5:00:53,4:45:35,0:08:03,0:08:31,11:16:54,4433,18053,17135,483,511,40614,826,730,124,935,793,125,455,416,68,826,730,124,Finisher,2983
Viktor,Lund,Viktor Lund,439,M30-34,Male,Kungsängen,SE-AB,Sweden,SE,1:26:39,5:28:02,4:11:15,0:05:33,0:05:31,11:17:00,5199,19682,15075,333,331,40620,827,731,128,1819,1484,246,1017,903,153,827,731,128,Finisher,2940
Pernilla,Algotsson,Pernilla Algotsson,1877,F40-44,Female,Karlstad,SE-S,Sweden,SE,1:17:36,5:40:55,4:08:46,0:05:07,0:04:38,11:17:03,4656,20455,14926,307,278,40623,828,97,14,1237,194,26,1068,124,22,828,97,14,Finisher,3395
Maren,Drews,Maren Drews,616,F45-49,Female,Uetikon am See,CH-ZH,Germany,DE,1:07:18,5:41:11,4:15:33,0:05:44,0:07:23,11:17:08,4038,20471,15333,344,443,40628,829,98,11,468,77,6,917,101,12,829,98,11,Finisher,3869
Ortwin,De Witte,Ortwin De Witte,235,M50-54,Male,Schilde,BE-VAN,Belgium,BE,1:19:02,5:15:30,4:28:54,0:07:01,0:06:55,11:17:22,4742,18930,16134,421,415,40642,830,732,61,1347,1128,114,720,652,64,830,732,61,Finisher,3517
James,Britten,James Britten,821,M50-54,Male,Ropsley,LINCOLNSHIRE,United Kingdom,GB,1:12:43,5:12:14,4:40:48,0:06:24,0:05:17,11:17:26,4363,18734,16848,384,317,40646,831,733,62,833,704,63,569,518,47,831,733,62,Finisher,3516
Mathias,Skåret,Mathias Skåret,1906,M18-24,Male,Ridabu,Innlandet,Norway,NO,1:24:17,5:55:56,3:45:59,0:05:37,0:05:40,11:17:28,5057,21356,13559,337,340,40648,832,734,82,1706,1405,172,1411,1227,127,832,734,82,Finisher,3097
Arne,Doppelfeld,Arne Doppelfeld,1965,M50-54,Male,Hannover,NI,Germany,DE,1:06:56,5:09:36,4:48:14,0:07:03,0:05:42,11:17:31,4016,18576,17294,423,342,40651,833,735,63,451,376,24,464,423,31,833,735,63,Finisher,3515
Daniel,Östlund,Daniel Östlund,2096,M50-54,Male,Nykvarn,,Sweden,SE,1:13:24,5:35:41,4:15:32,0:06:48,0:06:25,11:17:50,4404,20141,15332,408,385,40670,834,736,64,889,755,69,945,840,84,834,736,64,Finisher,3511
Filip,Snäck,Filip Snäck,2588,M40-44,Male,Oxelösund,SE-D,Sweden,SE,1:11:49,5:50:32,3:57:53,0:09:36,0:08:08,11:17:58,4309,21032,14273,576,488,40678,835,737,76,759,642,57,1195,1048,114,835,737,76,Finisher,3198
Johan,Lindebrink,Johan Lindebrink,162,M40-44,Male,Nyköping,SE-D,Sweden,SE,1:14:50,4:58:28,4:57:08,0:03:58,0:03:40,11:18:04,4490,17908,17828,238,220,40684,836,738,77,1011,859,78,395,365,43,836,738,77,Finisher,3196
Christer,Beckard,Christer Beckard,1381,M55-59,Male,Lidingo,,Sweden,SE,1:12:45,5:04:23,4:49:12,0:05:28,0:06:19,11:18:07,4365,18263,17352,328,379,40687,837,739,36,837,708,43,450,412,17,837,739,36,Finisher,3869
Jenny,ROSENBERG,Jenny ROSENBERG,814,F45-49,Female,Malmoe,SE-M,Sweden,SE,1:05:56,5:31:47,4:31:36,0:03:28,0:05:21,11:18:07,3956,19907,16296,208,321,40687,838,99,12,391,68,4,713,68,7,838,99,12,Finisher,3857
Michael,Nygaard,Michael Nygaard,1442,M40-44,Male,Viborg,,Denmark,DK,1:11:54,5:22:30,4:33:12,0:04:58,0:05:34,11:18:08,4314,19350,16392,298,334,40688,839,740,78,765,646,58,685,619,68,839,740,78,Finisher,3196
Mattias,Antonsson,Mattias Antonsson,1404,M50-54,Male,Färjestaden,SE-H,Sweden,SE,1:24:37,5:31:00,4:07:38,0:08:23,0:06:32,11:18:09,5077,19860,14858,503,392,40689,840,741,65,1724,1417,140,1075,949,92,840,741,65,Finisher,3507
Kristofer,Block,Kristofer Block,553,M45-49,Male,Sollefteå,,Sweden,SE,1:15:43,5:23:14,4:31:43,0:04:30,0:03:11,11:18:20,4543,19394,16303,270,191,40700,841,742,79,1079,919,103,745,674,75,841,742,79,Finisher,3318
Jonas,Jespersen,Jonas Jespersen,1879,M40-44,Male,STORE HEDDINGE,DK-85,Denmark,DK,1:11:05,5:20:30,4:36:50,0:05:16,0:04:40,11:18:20,4265,19230,16610,316,280,40700,842,743,79,712,605,53,648,586,65,842,743,79,Finisher,3193
Carl-johan,Vickström,Carl-johan Vickström,630,M25-29,Male,Kalmar,Kalmar Län,Sweden,SE,1:13:56,5:23:50,4:31:28,0:05:15,0:03:52,11:18:21,4436,19430,16288,315,232,40701,843,744,125,938,795,126,738,669,105,843,744,125,Finisher,2965
Anders,Akerman,Anders Akerman,2173,M55-59,Male,Lund,Skåne,Sweden,SE,1:15:30,5:26:40,4:22:21,0:07:21,0:06:32,11:18:24,4530,19600,15741,441,392,40704,844,745,37,1063,905,56,847,760,48,844,745,37,Finisher,3866
Peter,Sidenbäck,Peter Sidenbäck,2508,M45-49,Male,VIMMERBY,,Sweden,SE,1:27:58,5:07:14,4:27:47,0:07:08,0:08:28,11:18:35,5278,18434,16067,428,508,40715,845,746,80,1890,1539,164,727,659,71,845,746,80,Finisher,3315
Theodor,Hansson,Theodor Hansson,1853,M30-34,Male,Karlstad,Värmland,Sweden,SE,0:58:56,5:46:16,4:16:32,0:07:00,0:09:53,11:18:37,3536,20776,15392,420,593,40717,846,747,129,128,104,14,886,792,132,846,747,129,Finisher,2921
Timmy,Pelli,Timmy Pelli,2102,M25-29,Male,Stockholm,,Sweden,SE,1:17:45,5:54:35,3:53:55,0:07:42,0:04:46,11:18:43,4665,21275,14035,462,286,40723,847,748,126,1249,1053,184,1330,1160,197,847,748,126,Finisher,2961
Morgan,Nordström,Morgan Nordström,2639,M45-49,Male,Åstorp,SE-M,Sweden,SE,1:15:57,4:45:46,5:02:35,0:07:59,0:06:28,11:18:45,4557,17146,18155,479,388,40725,848,749,81,1099,936,104,311,283,24,848,749,81,Finisher,3313
Johannes,Chatzikirkou,Johannes Chatzikirkou,730,M25-29,Male,Kalmar,Kalmar,Sweden,SE,1:21:50,5:15:11,4:31:50,0:04:49,0:05:33,11:19:14,4910,18911,16310,289,333,40754,849,750,127,1542,1276,223,723,655,104,849,750,127,Finisher,2955
Olli,Väätäinen,Olli Väätäinen,1581,M25-29,Male,Helsinki,Uusimaa,Finland,FI,1:09:45,5:21:49,4:36:30,0:06:13,0:05:07,11:19:23,4185,19309,16590,373,307,40763,850,751,128,617,523,83,664,599,95,850,751,128,Finisher,2953
Katja,Sorri-Kelamo,Katja Sorri-Kelamo,1491,F40-44,Female,SAARIJÄRVI,Saarijärvi,Finland,FI,1:19:59,5:35:52,4:15:02,0:04:14,0:04:16,11:19:23,4799,20152,15302,254,256,40763,851,100,15,1419,232,34,1015,114,18,851,100,15,Finisher,3367
Thomas,de Jong,Thomas de Jong,1774,M25-29,Male,Arnhem,GELDERLAND,Netherlands,NL,1:17:27,4:57:14,4:54:20,0:05:06,0:05:22,11:19:28,4647,17834,17660,306,322,40768,852,752,129,1219,1030,176,425,392,65,852,752,129,Finisher,2952
Winston,Lewander,Winston Lewander,1312,M18-24,Male,Stockholm,SE-AB,Sweden,SE,1:28:31,5:32:19,4:02:29,0:08:36,0:07:33,11:19:28,5311,19939,14549,516,453,40768,853,753,83,1914,1559,190,1156,1016,96,853,753,83,Finisher,3073
John,Eriksson,John Eriksson,2107,M50-54,Male,Strängnäs,,Sweden,SE,1:09:39,5:20:16,4:42:40,0:03:03,0:04:03,11:19:41,4179,19216,16960,183,243,40781,854,754,66,607,514,41,595,542,49,854,754,66,Finisher,3489
Jere,Malmström,Jere Malmström,2033,M30-34,Male,Helsinki,Uusimaa,Finland,FI,1:08:51,5:20:54,4:39:53,0:05:46,0:04:17,11:19:41,4131,19254,16793,346,257,40781,855,755,130,558,470,70,627,569,86,855,755,130,Finisher,2908
Victor ,Rimsberg ,Victor Rimsberg,383,M25-29,Male,Kalmar ,Kalmar,Sweden,SE,1:19:40,5:28:52,4:19:30,0:05:29,0:06:14,11:19:45,4780,19732,15570,329,374,40785,856,756,130,1392,1168,201,913,814,129,856,756,130,Finisher,2948
Mia,SAARNI,Mia SAARNI,1669,F45-49,Female,Göteborg,,Sweden,SE,1:26:26,5:22:34,4:15:51,0:06:40,0:08:33,11:20:02,5186,19354,15351,400,513,40802,857,101,13,1805,331,42,943,105,14,857,101,13,Finisher,3834
William,Forslund,William Forslund,2637,M30-34,,Stockholm,Stockholm,Sweden,SE,1:11:03,5:51:05,4:07:52,0:05:54,0:04:16,11:20:10,4263,21065,14872,354,256,40810,858,757,131,711,604,91,1134,999,165,858,757,131,Finisher,2902
Jimmy,Erlandsson,Jimmy Erlandsson,542,M50-54,Male,Oskarshamn,KALMAR LAN [SE-08],Sweden,SE,1:17:55,5:01:49,4:49:17,0:05:04,0:06:36,11:20:41,4675,18109,17357,304,396,40841,859,758,67,1267,1065,106,477,434,33,859,758,67,Finisher,3477
Johan,Karlsson,Johan Karlsson,1803,M45-49,Male,Falun,DALARNAS LAN [SE-20],Sweden,SE,1:22:05,5:17:46,4:30:24,0:04:39,0:05:56,11:20:51,4925,19066,16224,279,356,40851,860,759,82,1558,1289,133,767,693,78,860,759,82,Finisher,3287
Victor,Windfeld,Victor Windfeld,2375,M25-29,Male,København,København,Denmark,DK,1:20:58,5:52:49,3:55:03,0:06:38,0:05:29,11:20:56,4858,21169,14103,398,329,40856,861,760,131,1482,1233,214,1339,1168,199,861,760,131,Finisher,2934
Tobias,Teusch,Tobias Teusch,915,M30-34,Male,Kaarst,NW,Germany,DE,1:17:53,5:24:40,4:30:16,0:05:04,0:03:04,11:20:58,4673,19480,16216,304,184,40858,862,761,132,1264,1063,171,814,731,122,862,761,132,Finisher,2892
Emelie,Elmes,Emelie Elmes,497,F40-44,Female,Ljungbyholm,Kalmar,Sweden,SE,1:24:52,5:31:32,4:16:52,0:04:38,0:03:04,11:20:59,5092,19892,15412,278,184,40859,863,102,16,1735,311,43,1032,118,21,863,102,16,Finisher,3348
Rozemarijn,Everts,Rozemarijn Everts,1114,F35-39,Female,Amersfoort,NL-UT,Netherlands,NL,1:04:43,5:50:38,4:15:50,0:05:01,0:04:51,11:21:03,3883,21038,15350,301,291,40863,864,103,6,329,62,2,1020,115,9,864,103,6,Finisher,4431
Sean,Wennerland,Sean Wennerland,1899,M18-24,Male,Åkersberga,Stockholm,Sweden,SE,1:17:27,5:58:52,3:52:40,0:06:47,0:05:28,11:21:15,4647,21532,13960,407,328,40875,865,762,84,1221,1032,128,1371,1195,123,865,762,84,Finisher,3051
Hans,Borgström,Hans Borgström,2084,M55-59,Male,Svärdsjö,DALARNAS LAN [SE-20],Sweden,SE,1:22:13,5:36:09,4:06:44,0:09:13,0:07:02,11:21:21,4933,20169,14804,553,422,40881,866,763,38,1567,1295,86,1126,992,66,866,763,38,Finisher,3831
William,Skoglund,William Skoglund,2571,M25-29,Male,Örebro,SE-T,Sweden,SE,1:09:08,5:17:25,4:38:13,0:07:31,0:09:10,11:21:26,4148,19045,16693,451,550,40886,867,764,132,577,488,79,613,557,87,867,764,132,Finisher,2928
Eva,Johnsson,Eva Johnsson,531,F50-54,Female,Smögen,VASTRA GOTALANDS LAN [SE-14],Sweden,SE,1:17:14,5:48:53,4:05:23,0:05:08,0:04:50,11:21:29,4634,20933,14723,308,290,40889,868,104,4,1202,187,17,1187,145,9,868,104,4,Finisher,4513
Adele,Wallace,Adele Wallace,964,F18-24,Female,Limavady,GB-NIR,United Kingdom,GB,1:06:43,6:02:43,4:00:59,0:05:42,0:05:28,11:21:35,4003,21763,14459,342,328,40895,869,105,5,437,73,5,1247,160,9,869,105,5,Finisher,3640
Oliwer,Sanderup,Oliwer Sanderup,403,M25-29,Male,Norrköping,Östergötland,Sweden,SE,1:16:01,5:24:12,4:31:28,0:05:33,0:04:30,11:21:43,4561,19452,16288,333,270,40903,870,765,133,1104,939,156,786,709,113,870,765,133,Finisher,2925
Liselott,JOHANSEN,Liselott JOHANSEN,555,F50-54,Female,Lerum,SE-O,Sweden,SE,1:20:10,5:44:18,4:07:19,0:04:54,0:05:06,11:21:47,4810,20658,14839,294,306,40907,871,106,5,1433,234,22,1155,140,8,871,106,5,Finisher,4509
Fredrik,Niveman,Fredrik Niveman,2725,M40-44,Male,Stockholm,SE-AB,Sweden,SE,1:11:32,5:15:22,4:44:05,0:07:07,0:03:46,11:21:52,4292,18922,17045,427,226,40912,872,766,80,738,625,54,611,555,62,872,766,80,Finisher,3151
Fabian,Brügmann,Fabian Brügmann,2394,M45-49,Male,Bad Vilbel,HE,Germany,DE,1:15:00,5:18:18,4:35:51,0:05:02,0:07:41,11:21:53,4500,19098,16551,302,461,40913,873,767,83,1024,871,97,674,608,65,873,767,83,Finisher,3275
Elin,Palmgren,Elin Palmgren,2143,F40-44,Female,Halmstad,SE-N,Sweden,SE,1:06:45,5:44:07,4:19:27,0:04:03,0:07:38,11:22:00,4005,20647,15567,243,458,40920,874,107,17,440,74,8,931,103,15,874,107,17,Finisher,3336
Peter,Molin,Peter Molin,983,M55-59,Male,Limhamn,SKANE LAN [SE-12],Sweden,SE,1:20:05,5:14:06,4:34:51,0:07:20,0:05:44,11:22:06,4805,18846,16491,440,344,40926,875,768,39,1428,1195,78,719,651,37,875,768,39,Finisher,3822
Povilas,Simanaitis,Povilas Simanaitis,1142,M30-34,Male,Kaunas,KAUNAS,Lithuania,LT,1:13:37,5:18:13,4:41:32,0:04:15,0:04:31,11:22:08,4417,19093,16892,255,271,40928,876,769,133,911,774,128,636,576,89,876,769,133,Finisher,2878
Jan,Tomanek,Jan Tomanek,349,HC,Male,Dobris,CZ-20B,Czech Republic,CZ,1:15:38,6:51:50,3:00:22,0:09:14,0:05:11,11:22:16,4538,24710,10822,554,311,40936,877,770,1,1073,914,1,2063,1710,1,877,770,1,Finisher,5000
Jakob Stagsted,Galatius,Jakob Stagsted Galatius,2010,M25-29,Male,KBH K,Copenhagen,Denmark,DK,1:10:49,5:31:23,4:27:36,0:06:12,0:06:17,11:22:16,4249,19883,16056,372,377,40936,878,771,134,690,587,89,828,743,119,878,771,134,Finisher,2918
Adam,Higgs,Adam Higgs,179,M45-49,Male,Chearsley,GB-BKM,United Kingdom,GB,1:21:00,5:13:14,4:36:36,0:04:27,0:07:09,11:22:25,4860,18794,16596,267,429,40945,879,772,84,1484,1235,127,676,610,66,879,772,84,Finisher,3269
Gary,Dornan,Gary Dornan,1409,M40-44,Male,Sunderland,SUNDERLAND,United Kingdom,GB,1:20:08,5:27:07,4:25:09,0:06:13,0:03:49,11:22:25,4808,19627,15909,373,229,40945,880,773,81,1431,1198,117,906,808,90,880,773,81,Finisher,3144
Tom,Gregory,Tom Gregory,287,M25-29,Male,Manchester,GB-MAN,United Kingdom,GB,1:08:01,5:43:50,4:19:01,0:05:58,0:05:37,11:22:27,4081,20630,15541,358,337,40947,881,774,135,508,427,65,981,873,142,881,774,135,Finisher,2916
Gabija,Juknyte,Gabija Juknyte,1337,F25-29,Female,Giraitė,KAUNO APSKRITIS,Lithuania,LT,1:16:44,5:43:38,4:13:14,0:04:05,0:04:56,11:22:37,4604,20618,15194,245,296,40957,882,108,21,1162,175,31,1079,127,20,882,108,21,Finisher,3443
Kasper,Långström,Kasper Långström,1745,M30-34,Male,Hanko,NYLAND,Finland,FI,1:17:36,5:07:20,4:35:10,0:12:21,0:10:17,11:22:43,4656,18440,16510,741,617,40963,883,775,134,1235,1043,167,656,594,93,883,775,134,Finisher,2871
Ananye,Achintye,Ananye Achintye,957,M18-24,Male,Eindhoven,NB,India,IN,0:55:42,6:29:49,3:47:42,0:03:27,0:06:03,11:22:44,3342,23389,13662,207,363,40964,884,776,85,84,76,7,1453,1264,136,884,776,85,Finisher,3033
Matilda,Jakobsson Blom,Matilda Jakobsson Blom,1871,F35-39,Female,Knivsta,,Sweden,SE,1:13:27,5:36:52,4:21:26,0:06:33,0:04:42,11:23:01,4407,20212,15686,393,282,40981,885,109,7,894,135,11,962,108,7,885,109,7,Finisher,4407
Joan,Lee,Joan Lee,2371,F40-44,Female,London,ENG,United Kingdom,GB,1:19:01,5:50:38,4:05:36,0:04:49,0:03:14,11:23:19,4741,21038,14736,289,194,40999,886,110,18,1345,219,30,1236,159,33,886,110,18,Finisher,3320
Simon,Arnestrand,Simon Arnestrand,2386,M18-24,Male,Uppsala,Uppsala Län,Sweden,SE,1:22:23,5:40:43,4:07:29,0:06:47,0:06:09,11:23:30,4943,20443,14849,407,369,41010,887,777,86,1581,1305,158,1165,1024,97,887,777,86,Finisher,3024
Henrik,Lamberthz,Henrik Lamberthz,2139,M45-49,Male,Linköping,OSTERGOTLANDS LAN [SE-05],Sweden,SE,1:20:59,5:24:43,4:27:08,0:06:30,0:04:25,11:23:45,4859,19483,16028,390,265,41025,888,778,85,1483,1234,126,887,793,88,888,778,85,Finisher,3253
Samuel,Ferlicot,Samuel Ferlicot,1916,M50-54,Male,LANVALLAY,,France,FR,0:59:43,5:32:30,4:39:58,0:05:26,0:06:10,11:23:46,3583,19950,16798,326,370,41026,889,779,68,144,119,6,662,598,57,889,779,68,Finisher,3440
Lina,Blomqvist,Lina Blomqvist,1888,F40-44,Female,BORÅS,,Sweden,SE,1:09:53,5:39:58,4:17:51,0:08:39,0:07:26,11:23:48,4193,20398,15471,519,446,41028,890,111,19,625,95,11,994,112,17,890,111,19,Finisher,3314
Wynia,de Lange - Derks,Wynia de Lange - Derks,1990,F50-54,Female,Maarssen,NL-UT,Netherlands,NL,1:17:41,5:50:06,3:57:42,0:08:09,0:10:19,11:23:56,4661,21006,14262,489,619,41036,891,112,6,1246,195,18,1256,164,12,891,112,6,Finisher,4483
Jonas,Lorentzon,Jonas Lorentzon,1307,M35-39,Male,Färjestaden ,KALMAR LAN [SE-08],Sweden,SE,1:18:30,5:38:42,4:08:58,0:09:10,0:08:36,11:23:56,4710,20322,14938,550,516,41036,892,780,85,1306,1096,119,1106,977,114,892,780,85,Finisher,3009
Jonathan,Ekelund,Jonathan Ekelund,2751,M25-29,Male,Karlskrona,Blekinge,Sweden,SE,1:28:10,5:17:09,4:28:39,0:04:31,0:05:28,11:23:57,5290,19029,16119,271,328,41037,893,781,136,1899,1544,257,853,765,122,893,781,136,Finisher,2898
Samantha,Krasner,Samantha Krasner,181,F40-44,Female,Boston,MA,United States,US,1:14:44,5:47:46,4:14:58,0:03:58,0:02:48,11:24:15,4484,20866,15298,238,168,41055,894,113,20,1000,151,19,1108,130,24,894,113,20,Finisher,3309
Roger,Jakobsson,Roger Jakobsson,1793,M65-69,Male,Karlstad,,Sweden,SE,1:02:47,5:11:29,4:58:09,0:05:59,0:06:03,11:24:27,3767,18689,17889,359,363,41067,895,782,1,260,214,1,433,398,1,895,782,1,Finisher,5000
Alberto,Servidei,Alberto Servidei,1361,M40-44,Male,Alfonsine,,Italy,IT,1:18:31,5:18:38,4:36:42,0:07:04,0:03:44,11:24:38,4711,19118,16602,424,224,41078,896,783,82,1309,1098,107,762,688,75,896,783,82,Finisher,3118
Christian,Bemervik,Christian Bemervik,491,M50-54,Male,Kalmar,KALMAR LAN [SE-08],Sweden,SE,1:13:56,5:25:41,4:30:47,0:06:45,0:07:36,11:24:45,4436,19541,16247,405,456,41085,897,784,69,939,796,75,799,719,73,897,784,69,Finisher,3428
Henrik,Wallentin,Henrik Wallentin,429,M45-49,Male,Växjö,,Sweden,SE,1:18:16,5:40:42,4:14:31,0:05:40,0:05:47,11:24:55,4696,20442,15271,340,347,41095,898,785,86,1290,1084,115,1081,953,111,898,785,86,Finisher,3239
Deniss,Bahhajev,Deniss Bahhajev,1886,M50-54,Male,Narva-Jõesuu,foreigner,Estonia,EE,1:13:34,5:25:08,4:32:39,0:06:55,0:06:41,11:24:58,4414,19508,16359,415,401,41098,899,786,70,906,770,71,784,707,70,899,786,70,Finisher,3425
Britta,Berger,Britta Berger,1009,F35-39,Female,Hamm,North Rhine-Westphalia,Germany,DE,1:10:31,5:27:48,4:38:35,0:04:11,0:03:57,11:25:01,4231,19668,16715,251,237,41101,900,114,8,668,100,6,730,69,3,900,114,8,Finisher,4383
David,Diamandiev ,David Diamandiev,977,M18-24,Male,Avesta ,Dalarna,Sweden,SE,1:14:15,5:46:39,4:14:03,0:06:14,0:03:52,11:25:03,4455,20799,15243,374,232,41103,901,787,87,965,817,101,1119,987,88,901,787,87,Finisher,3006
Andrew,Jackson,Andrew Jackson,301,M55-59,Male,London,ENG,United Kingdom,GB,1:05:40,5:42:24,4:26:23,0:06:12,0:04:33,11:25:11,3940,20544,15983,372,273,41111,902,788,40,375,308,9,920,819,53,902,788,40,Finisher,3785
Hannele,Rosti,Hannele Rosti,2277,F45-49,Female,Saarijärvi,Suomi,Finland,FI,1:06:53,5:39:05,4:24:10,0:06:09,0:09:09,11:25:25,4013,20345,15850,369,549,41125,903,115,14,448,75,5,884,94,11,903,115,14,Finisher,3770
Patrick,Gullans,Patrick Gullans,2713,M60-64,Male,Älvsjö,,Sweden,SE,1:16:23,5:34:55,4:24:04,0:05:07,0:04:55,11:25:25,4583,20095,15844,307,295,41125,904,789,14,1128,959,18,952,845,17,904,789,14,Finisher,3889
David,KROTT,David KROTT,2457,M35-39,Male,Simmerath,DE-NW,Germany,DE,1:20:14,5:39:53,4:15:36,0:05:30,0:04:20,11:25:32,4814,20393,15336,330,260,41132,905,790,86,1438,1203,126,1098,969,113,905,790,86,Finisher,2990
Emmi,ERIKSSON,Emmi ERIKSSON,2652,F25-29,Female,Stockholm,SE-AB,Sweden,SE,1:12:19,5:51:14,4:03:32,0:09:12,0:09:17,11:25:34,4339,21074,14612,552,557,41134,906,116,22,793,122,23,1207,151,25,906,116,22,Finisher,3408
Jairo,Nogueira Coutinho,Jairo Nogueira Coutinho,1140,M55-59,Male,Geneve,CH-CH-GE,Switzerland,CH,1:12:36,5:34:17,4:26:15,0:05:13,0:07:28,11:25:50,4356,20057,15975,313,448,41150,907,791,41,826,699,42,885,791,52,907,791,41,Finisher,3777
Johan,Johansson,Johan Johansson,2025,M55-59,Male,Sollentuna,STOCKHOLMS LAN [SE-01],Sweden,SE,1:21:15,5:25:10,4:29:10,0:05:36,0:04:49,11:26:00,4875,19510,16150,336,289,41160,908,792,42,1500,1247,83,881,788,51,908,792,42,Finisher,3775
Laurent,Lietard,Laurent Lietard,206,M50-54,Male,Courcelles,HAINAUT,Belgium,BE,1:10:42,5:25:22,4:36:47,0:08:05,0:05:15,11:26:12,4242,19522,16607,485,315,41172,909,793,71,681,579,51,760,686,69,909,793,71,Finisher,3411
Andreas,Askebäck,Andreas Askebäck,2635,M30-34,Male,Stor-Stockholm,SE-AB,Sweden,SE,1:19:53,5:23:14,4:29:27,0:06:28,0:07:15,11:26:17,4793,19394,16167,388,435,41177,910,794,135,1412,1184,197,848,761,127,910,794,135,Finisher,2829
Magnus ,Argus,Magnus Argus,513,M50-54,Male,Kalmar,,Sweden,SE,1:09:11,5:37:36,4:28:00,0:05:46,0:05:49,11:26:22,4151,20256,16080,346,349,41182,911,795,72,583,493,38,890,795,78,911,795,72,Finisher,3409
Sean ,Kelly,Sean Kelly,2583,M35-39,Male,København,Copenhagen,Denmark,DK,1:06:38,5:35:39,4:34:55,0:05:32,0:03:40,11:26:23,3998,20139,16495,332,220,41183,912,796,87,432,360,45,818,735,83,912,796,87,Finisher,2980
Thierry,Bonfanti,Thierry Bonfanti,1391,M45-49,Male,Gilly,HAINAUT,Belgium,BE,1:07:52,5:45:42,4:17:51,0:08:42,0:06:43,11:26:50,4072,20742,15471,522,403,41210,913,797,87,497,418,50,1046,926,106,913,797,87,Finisher,3216
Casper,Ericsson,Casper Ericsson,1606,M18-24,Male,Trollhättan,SE-O,Sweden,SE,1:05:29,5:25:40,4:44:58,0:06:12,0:04:34,11:26:53,3929,19540,17098,372,274,41213,914,798,88,362,295,32,657,595,53,914,798,88,Finisher,2984
linus,pontmark,linus pontmark,1132,M25-29,Male,färjestaden,Kalmar,Sweden,SE,1:26:49,5:23:35,4:18:27,0:08:23,0:09:40,11:26:54,5209,19415,15507,503,580,41214,915,799,137,1826,1490,252,998,885,143,915,799,137,Finisher,2863
Thim,Rangedahl,Thim Rangedahl,985,M18-24,Male,Vålberg,SE-S,Sweden,SE,0:58:17,5:03:37,5:18:06,0:03:22,0:03:39,11:27:01,3497,18217,19086,202,219,41221,916,800,89,125,103,12,259,234,20,916,800,89,Finisher,2982
Kasper,Olsson,Kasper Olsson,1035,M30-34,Male,Bollebygd,,Sweden,SE,1:28:16,5:39:25,4:04:44,0:08:44,0:05:55,11:27:04,5296,20365,14684,524,355,41224,917,801,136,1905,1550,261,1269,1104,187,917,801,136,Finisher,2819
Andreas,Petersen,Andreas Petersen,2243,M45-49,Male,Tolvsrød,,Norway,NO,1:14:47,5:53:30,4:09:37,0:05:38,0:03:48,11:27:20,4487,21210,14977,338,228,41240,918,802,88,1004,853,94,1229,1073,120,918,802,88,Finisher,3210
Stefan,Lindqvist,Stefan Lindqvist,2609,M40-44,Male,Motala,SE-E,Sweden,SE,1:12:36,5:23:10,4:41:21,0:04:44,0:05:34,11:27:24,4356,19390,16881,284,334,41244,919,803,83,824,697,64,704,638,70,919,803,83,Finisher,3084
Bill,McLain,Bill McLain,279,M45-49,Male,WASHINGTON,District of Columbia,United States,US,1:04:05,5:58:08,4:12:55,0:06:37,0:05:41,11:27:27,3845,21488,15175,397,341,41247,920,804,89,308,253,30,1146,1008,117,920,804,89,Finisher,3208
Thommy,Simonsson,Thommy Simonsson,466,M30-34,Male,kalmar,SE-H,Sweden,SE,1:05:41,,5:04:09,0:02:41,0:00:00,11:27:43,3941,0,18249,161,0,41263,921,805,137,376,309,50,99999,99999,99999,921,805,137,Finisher,2811
Thomas,Wiingreen,Thomas Wiingreen,2149,M55-59,Male,Middelfart,,Denmark,DK,1:13:13,5:23:29,4:39:16,0:05:42,0:06:05,11:27:44,4393,19409,16756,342,365,41264,922,806,43,876,743,45,729,661,39,922,806,43,Finisher,3754
Emil,Sonesson,Emil Sonesson,1065,M25-29,Male,Karlstad,SE-S,Sweden,SE,1:17:32,5:41:50,4:16:40,0:06:11,0:05:38,11:27:51,4652,20510,15400,371,338,41271,923,807,138,1230,1038,178,1096,967,162,923,807,138,Finisher,2851
Håkan,Johnsson,Håkan Johnsson,939,M55-59,Male,Ullared,,Sweden,SE,1:13:30,5:25:53,4:31:52,0:07:56,0:08:40,11:27:52,4410,19553,16312,476,520,41272,924,808,44,899,764,47,810,729,45,924,808,44,Finisher,3752
Andreas,Ask,Andreas Ask,1586,M45-49,Male,Varberg,SE-N,Sweden,SE,1:09:08,5:03:59,5:03:44,0:04:41,0:06:24,11:27:56,4148,18239,18224,281,384,41276,925,809,90,578,489,56,399,369,39,925,809,90,Finisher,3202
Lars,Lindberg,Lars Lindberg,421,M50-54,Male,Linköping,OSTERGOTLANDS LAN [SE-05],Sweden,SE,1:28:12,5:20:13,4:29:48,0:05:48,0:03:56,11:27:57,5292,19213,16188,348,236,41277,926,810,73,1902,1547,153,919,818,80,926,810,73,Finisher,3390
Mikael,Hysen,Mikael Hysen,541,M40-44,,Mölndal,Västra Götaland,Sweden,SE,1:08:41,6:00:24,4:02:57,0:08:36,0:07:19,11:27:57,4121,21624,14577,516,439,41277,927,811,84,546,459,40,1292,1125,122,927,811,84,Finisher,3078
Fredrik,Harrysson,Fredrik Harrysson,1787,M35-39,Male,Bunkeflostrand,SKANE LAN [SE-12],Sweden,SE,1:12:51,5:30:56,4:35:03,0:04:39,0:04:29,11:27:58,4371,19856,16503,279,269,41278,928,812,88,845,715,78,829,744,85,928,812,88,Finisher,2961
Niclas,Johansson,Niclas Johansson,520,M35-39,Male,Kalmar,KALMAR LAN [SE-08],Sweden,SE,1:12:36,6:00:01,4:01:21,0:08:18,0:05:45,11:28:01,4356,21601,14481,498,345,41281,929,813,89,825,698,76,1345,1174,131,929,813,89,Finisher,2960
Gustav,Isaksson,Gustav Isaksson,1350,M25-29,Male,Växjö,KRONOBERGS LAN [SE-07],Sweden,SE,1:21:08,5:48:09,4:01:39,0:09:48,0:07:27,11:28:13,4868,20889,14499,588,447,41293,930,814,139,1493,1242,215,1310,1141,194,930,814,139,Finisher,2847
Philip,Lindgren,Philip Lindgren,1503,M30-34,Male,Kalmar,,Sweden,SE,1:41:51,5:29:18,4:04:43,0:06:21,0:06:02,11:28:15,6111,19758,14683,381,362,41295,931,815,138,2307,1856,300,1287,1120,188,931,815,138,Finisher,2805
Johan,Jensen,Johan Jensen,1380,M30-34,Male,Mölndal,Västra Götaland,Sweden,SE,1:14:40,5:41:41,4:18:20,0:06:42,0:06:55,11:28:17,4480,20501,15500,402,415,41297,932,816,139,993,843,137,1057,935,157,932,816,139,Finisher,2805
Admir,Wilson,Admir Wilson,2245,M35-39,Male,Halmstad,,Sweden,SE,1:18:43,5:12:26,4:47:07,0:05:24,0:04:43,11:28:24,4723,18746,17227,324,283,41304,933,817,90,1321,1107,120,643,583,70,933,817,90,Finisher,2956
Rikke,Westengaard Nielsen,Rikke Westengaard Nielsen,128,F55-59,Female,Svendborg,DK-83,Denmark,DK,1:29:00,5:34:09,4:17:45,0:03:27,0:04:04,11:28:25,5340,20049,15465,207,244,41305,934,117,3,1934,359,19,1112,131,6,934,117,3,Finisher,4667
Axel,Wester,Axel Wester,2688,M30-34,Male,Mölndal,O,Sweden,SE,1:11:59,5:38:34,4:27:39,0:04:56,0:05:19,11:28:27,4319,20314,16059,296,319,41307,935,818,140,773,653,101,940,836,138,935,818,140,Finisher,2803
Mathilde,Sut,Mathilde Sut,688,F25-29,Female,Saltsjö-Boo,SE-AB,Sweden,SE,1:23:22,5:38:35,4:15:56,0:05:44,0:04:50,11:28:27,5002,20315,15356,344,290,41307,936,118,23,1640,286,53,1128,135,23,936,118,23,Finisher,3373
Oscar,Elfstrand,Oscar Elfstrand,1265,M30-34,Male,Danderyd,Stockholm,Sweden,SE,1:17:35,5:40:16,4:08:29,0:10:10,0:12:16,11:28:45,4655,20416,14909,610,736,41325,937,819,141,1234,1042,166,1133,998,164,937,819,141,Finisher,2799
Yasmeen,Mahmoud,Yasmeen Mahmoud,1571,F30-34,Female,Hersham,Surrey,United Kingdom,GB,1:03:18,5:49:39,4:24:19,0:04:57,0:06:34,11:28:47,3798,20979,15859,297,394,41327,938,119,15,280,51,10,983,109,17,938,119,15,Finisher,3646
Brent,Lievens,Brent Lievens,862,M25-29,Male,Westerlo,Flemish Region,Belgium,BE,1:15:19,5:04:47,4:52:39,0:07:59,0:08:23,11:29:06,4519,18287,17559,479,503,41346,939,820,140,1047,891,146,520,473,76,939,820,140,Finisher,2836
Håkan,Wikén,Håkan Wikén,2698,M55-59,Male,Gävle,Gävleborg,Sweden,SE,1:27:38,5:23:05,4:19:03,0:09:17,0:10:04,11:29:08,5258,19385,15543,557,604,41348,940,821,45,1867,1521,104,1013,900,60,940,821,45,Finisher,3737
Martin,Sjørbotten Skasberg,Martin Sjørbotten Skasberg,2738,M25-29,Male,Arneberg,Hedmark,Norway,NO,1:28:22,5:26:12,4:22:51,0:05:49,0:05:59,11:29:12,5302,19572,15771,349,359,41352,941,822,141,1907,1552,261,1019,905,145,941,822,141,Finisher,2835
Henrik Emil,Hoyerholt,Henrik Emil Hoyerholt,1651,M50-54,Male,Oslo,,Norway,NO,1:17:07,5:39:25,4:17:18,0:08:13,0:07:29,11:29:32,4627,20365,15438,493,449,41372,942,823,74,1192,1008,100,1084,956,93,942,823,74,Finisher,3371
Brad,Lintern,Brad Lintern,1966,M50-54,Male,Horsham,ENG,United Kingdom,GB,1:07:23,5:04:35,5:06:46,0:06:07,0:04:49,11:29:39,4043,18275,18406,367,289,41379,943,824,75,473,395,25,405,374,27,943,824,75,Finisher,3369
Daniel,Gardesten,Daniel Gardesten,374,M35-39,Male,Kalmar,SE-H,Sweden,SE,1:20:27,5:24:42,4:30:30,0:06:32,0:07:27,11:29:39,4827,19482,16230,392,447,41379,944,825,91,1451,1213,127,874,782,89,944,825,91,Finisher,2941
Vebjørn,Nordhagen,Vebjørn Nordhagen,2095,M25-29,Male,Holmestrand,Vestfold,Norway,NO,1:02:02,5:13:06,5:05:31,0:04:25,0:04:44,11:29:48,3722,18786,18331,265,284,41388,945,826,142,236,195,23,423,390,64,945,826,142,Finisher,2828
Anton ,Jäger,Anton Jäger,2267,M30-34,Male,Uppsala ,Uppsala Län,Sweden,SE,1:38:01,5:08:09,4:30:11,0:05:48,0:08:05,11:30:15,5881,18489,16211,348,485,41415,946,827,142,2240,1803,290,879,786,130,946,827,142,Finisher,2781
Drew,Skibniewski,Drew Skibniewski,2090,M25-29,Male,New York,NEW YORK,United States,US,1:06:57,6:15:23,3:51:42,0:07:35,0:08:40,11:30:18,4017,22523,13902,455,520,41418,947,828,143,452,377,53,1471,1277,220,947,828,143,Finisher,2822
Jason,Le Huray,Jason Le Huray,1932,M30-34,Male,Portsmouth,DEVON,United Kingdom,GB,1:08:02,5:45:38,4:26:02,0:05:54,0:04:56,11:30:32,4082,20738,15962,354,296,41432,948,829,143,509,428,65,1004,891,148,948,829,143,Finisher,2778
Markus,Kangas,Markus Kangas,2080,M40-44,Male,Lahti,Päijät-häme,Finland,FI,1:14:44,5:37:54,4:26:36,0:06:34,0:04:45,11:30:33,4484,20274,15996,394,285,41433,949,830,85,999,849,77,1000,887,96,949,830,85,Finisher,3047
Johanne Sofie Nilsen ,Telle ,Johanne Sofie Nilsen Telle,2087,F18-24,Female,Telavåg ,Vestland,Norway,NO,1:24:46,6:04:10,3:51:48,0:05:30,0:04:21,11:30:34,5086,21850,13908,330,261,41434,950,120,6,1729,309,22,1543,219,11,950,120,6,Finisher,3532
Markus ,Ludley ,Markus Ludley,1246,M50-54,Male,Rostock ,MV,Germany,DE,1:30:22,5:19:56,4:27:46,0:07:32,0:05:11,11:30:47,5422,19196,16066,452,311,41447,951,831,76,2002,1631,163,982,874,85,951,831,76,Finisher,3356
Mart,De Wilde,Mart De Wilde,1271,M25-29,Male,Eindhoven,Noord-Brabant,Netherlands,NL,1:06:39,5:27:26,4:45:09,0:06:06,0:05:29,11:30:49,3999,19646,17109,366,329,41449,952,832,144,433,361,50,698,632,103,952,832,144,Finisher,2816
Henric,Borg,Henric Borg,557,M55-59,Male,Hollviken,SE-M,Sweden,SE,1:17:10,5:25:52,4:36:46,0:05:59,0:05:05,11:30:53,4630,19552,16606,359,305,41453,953,833,46,1197,1011,66,839,753,47,953,833,46,Finisher,3716
Elias,Värnlund,Elias Värnlund,1384,M25-29,Male,Högsby,Kalmar,Sweden,SE,1:29:20,5:40:33,4:07:15,0:06:03,0:07:45,11:30:56,5360,20433,14835,363,465,41456,954,834,145,1952,1591,267,1257,1093,184,954,834,145,Finisher,2814
William,Lejon,William Lejon,2577,M25-29,Male,Habo,Jönköping,Sweden,SE,1:16:32,5:58:30,4:02:14,0:06:49,0:06:51,11:30:56,4592,21510,14534,409,411,41456,955,835,146,1142,970,162,1354,1181,202,955,835,146,Finisher,2814
Alexander,Drevstad,Alexander Drevstad,656,M55-59,Male,Kristinehamn,,Sweden,SE,1:15:25,5:09:37,4:53:36,0:07:16,0:05:16,11:31:10,4525,18577,17616,436,316,41470,956,836,47,1054,896,55,585,532,29,956,836,47,Finisher,3713
Anton,Lindeborg,Anton Lindeborg,393,M18-24,Male,Timmernabben,,Sweden,SE,1:06:14,5:28:52,4:45:16,0:05:58,0:05:13,11:31:32,3974,19732,17116,358,313,41492,957,837,90,407,337,38,710,644,56,957,837,90,Finisher,2928
Kevin,Leseine,Kevin Leseine,1397,M45-49,Male,Luttre,,Belgium,BE,1:03:29,5:45:37,4:31:18,0:05:46,0:05:25,11:31:34,3809,20737,16278,346,325,41494,958,838,91,286,233,24,929,827,93,958,838,91,Finisher,3159
Yohann,FORTUNE,Yohann FORTUNE,868,M50-54,Male,DINAN,Brittany,France,FR,1:05:55,5:24:54,4:47:58,0:07:20,0:05:50,11:31:57,3955,19494,17278,440,350,41517,959,839,77,390,323,20,673,607,58,959,839,77,Finisher,3342
ELLIOTT,GRIERSON,ELLIOTT GRIERSON,2061,M30-34,Male,DARWEN,GB-GB-LANCASHIRE,United Kingdom,GB,1:14:39,5:21:17,4:42:01,0:06:47,0:07:30,11:32:15,4479,19277,16921,407,450,41535,960,840,144,992,842,136,736,667,110,960,840,144,Finisher,2757
Matthew,Hardenberg,Matthew Hardenberg,2367,M30-34,Male,Dublin,foreigner,South Africa,ZA,1:10:46,5:37:30,4:33:05,0:05:04,0:06:03,11:32:29,4246,20250,16385,304,363,41549,961,841,145,686,583,85,902,806,134,961,841,145,Finisher,2754
Morten ,Lantow ,Morten Lantow,2723,M35-39,Male,København s,,Denmark,DK,1:27:07,5:48:24,4:05:32,0:06:05,0:05:21,11:32:29,5227,20904,14732,365,321,41549,962,842,92,1844,1501,166,1350,1179,132,962,842,92,Finisher,2907
Anton,Axelsson,Anton Axelsson,1011,M25-29,Male,Stockholm,,Sweden,SE,1:17:11,5:14:44,4:48:37,0:05:01,0:07:19,11:32:52,4631,18884,17317,301,439,41572,963,843,147,1199,1013,175,651,589,92,963,843,147,Finisher,2791
Henning,Von Poser,Henning Von Poser,1044,M60-64,Male,Düsseldorf,DE-NORDRHEIN-WESTFALEN,Germany,DE,1:07:09,5:16:51,4:55:50,0:05:42,0:07:23,11:32:55,4029,19011,17750,342,443,41575,964,844,15,459,383,7,542,494,7,964,844,15,Finisher,3799
Oscar,Bringefalk,Oscar Bringefalk,2447,M30-34,Male,Uppsala,Uppsala,Sweden,SE,1:21:41,5:44:07,4:08:26,0:10:28,0:08:12,11:32:55,4901,20647,14906,628,492,41575,965,845,146,1535,1270,215,1265,1101,184,965,845,146,Finisher,2749
Ari,Tiensuu,Ari Tiensuu,1548,M50-54,Male,Sastamala,Pirkanmaa,Finland,FI,1:16:29,5:52:46,4:12:39,0:05:32,0:05:32,11:32:58,4589,21166,15159,332,332,41578,966,846,78,1137,967,96,1242,1083,108,966,846,78,Finisher,3329
Jack,Whisker,Jack Whisker,2505,M30-34,Male,Worsley,LAN,United Kingdom,GB,1:10:49,5:51:43,4:19:07,0:05:44,0:05:57,11:33:19,4249,21103,15547,344,357,41599,967,847,147,691,588,87,1139,1002,167,967,847,147,Finisher,2744
Michèle,Wigger,Michèle Wigger,1233,F35-39,Female,Rudolfstetten,CH-AG,Switzerland,CH,1:15:24,5:35:06,4:29:06,0:07:43,0:06:10,11:33:28,4524,20106,16146,463,370,41608,968,121,9,1053,158,17,989,111,8,968,121,9,Finisher,4282
Herman,Justegård,Herman Justegård,946,M35-39,Male,Nybro,Kalmar,Sweden,SE,1:26:22,5:45:51,4:07:35,0:07:37,0:06:06,11:33:30,5182,20751,14855,457,366,41610,969,848,93,1800,1470,163,1325,1155,130,969,848,93,Finisher,2895
Andreas,Linder,Andreas Linder,199,M35-39,Male,Karlskoga,,Sweden,SE,1:19:29,5:40:24,4:14:05,0:09:04,0:10:31,11:33:32,4769,20424,15245,544,631,41612,970,849,94,1377,1154,123,1147,1009,118,970,849,94,Finisher,2894
Fredrik,Andersson,Fredrik Andersson,1714,M35-39,Male,Kalmar,,Sweden,SE,1:17:28,5:34:29,4:25:17,0:09:12,0:07:16,11:33:42,4648,20069,15917,552,436,41622,971,850,95,1223,1034,115,1035,917,107,971,850,95,Finisher,2892
Egle,Ragaisyte,Egle Ragaisyte,1700,F35-39,Female,Kaunas,KAUNAS,Lithuania,LT,1:35:59,5:39:35,4:01:46,0:08:53,0:07:35,11:33:47,5759,20375,14506,533,455,41627,972,122,10,2191,422,48,1391,178,15,972,122,10,Finisher,4278
Sofia,Nordbeck,Sofia Nordbeck,614,F18-24,Female,Vallentuna,Sverige,Sweden,SE,1:10:44,5:38:49,4:35:15,0:04:09,0:04:57,11:33:54,4244,20329,16515,249,297,41634,973,123,7,682,103,7,909,99,4,973,123,7,Finisher,3492
Philipp,Höcker,Philipp Höcker,960,M18-24,Male,London,ENGLAND AND WALES,Germany,DE,1:17:15,5:56:44,4:06:49,0:07:08,0:06:16,11:34:12,4635,21404,14809,428,376,41652,974,851,91,1205,1018,125,1347,1176,121,974,851,91,Finisher,2896
Carl-Fredrik,Ekstrand,Carl-Fredrik Ekstrand,1585,M30-34,Male,VARBERG,SE-N,Sweden,SE,1:15:33,5:02:58,5:07:07,0:04:06,0:04:32,11:34:16,4533,18178,18427,246,272,41656,975,852,148,1066,908,148,451,413,52,975,852,148,Finisher,2733
Ingard ,Berge,Ingard Berge,865,M25-29,Male,Ørsta,Møre og Romsdal,Norway,NO,1:12:57,5:33:59,4:35:00,0:05:44,0:06:49,11:34:30,4377,20039,16500,344,409,41670,976,853,148,853,722,114,894,799,125,976,853,148,Finisher,2771
Henri,Rosenström,Henri Rosenström,2035,M30-34,Male,Espoo,Uusimaa,Finland,FI,1:23:42,5:16:39,4:42:13,0:06:20,0:05:38,11:34:32,5022,18999,16933,380,338,41672,977,854,149,1667,1377,233,802,722,119,977,854,149,Finisher,2730
zeid,bekli,zeid bekli,2299,M30-34,Male,malmö,SKANE LAN [SE-12],Sweden,SE,1:45:47,5:52:23,3:38:04,0:06:57,0:11:31,11:34:42,6347,21143,13084,417,691,41682,978,855,150,2351,1891,306,1705,1450,237,978,855,150,Finisher,2728
Samuel,Persson,Samuel Persson,2618,M18-24,Male,Växjö,Kronoberg,Sweden,SE,1:12:43,5:50:26,4:14:17,0:08:14,0:09:03,11:34:44,4363,21026,15257,494,543,41684,979,856,92,834,705,89,1189,1044,101,979,856,92,Finisher,2889
Stefan,Eder,Stefan Eder,657,M45-49,Male,Leonding,,Austria,AT,1:23:40,5:56:32,3:58:46,0:07:50,0:08:01,11:34:50,5020,21392,14326,470,481,41690,980,857,92,1663,1373,143,1438,1252,137,980,857,92,Finisher,3120
Jenny,Werner,Jenny Werner,2657,F50-54,Female,Visby,SE-I,Sweden,SE,1:16:56,5:49:16,4:18:22,0:05:45,0:04:36,11:34:56,4616,20956,15502,345,276,41696,981,124,7,1179,181,15,1197,148,11,981,124,7,Finisher,4351
Federico,Spiertz,Federico Spiertz,1539,M25-29,Male,Tilburg,NOORD-BRABANT,Netherlands,NL,1:18:04,5:45:43,4:12:09,0:09:13,0:09:50,11:34:58,4684,20743,15129,553,590,41698,982,858,149,1277,1073,188,1213,1061,180,982,858,149,Finisher,2766
Theo,Lakerveld,Theo Lakerveld,2384,M45-49,Male,Vear,,Norway,NO,1:17:14,5:06:34,4:58:50,0:05:59,0:06:22,11:34:59,4634,18394,17930,359,382,41699,983,859,93,1203,1016,111,543,495,58,983,859,93,Finisher,3118
Imi,Rafferty,Imi Rafferty,2023,F18-24,Female,Corsham,GB-WIL,United Kingdom,GB,0:58:50,5:59:40,4:28:52,0:04:11,0:03:46,11:35:18,3530,21580,16132,251,226,41718,984,125,8,127,24,1,1049,121,6,984,125,8,Finisher,3475
Martin,Gust,Martin Gust,2165,M40-44,Male,Potsdam,Brandenburg,Germany,DE,1:35:28,5:53:07,3:54:44,0:06:58,0:05:06,11:35:23,5728,21187,14084,418,306,41723,985,860,86,2184,1764,187,1558,1336,145,985,860,86,Finisher,2989
Fred,Whitwell,Fred Whitwell,652,M30-34,Male,München,Bavaria,United Kingdom,GB,1:06:37,6:12:47,4:04:04,0:07:00,0:05:22,11:35:50,3997,22367,14644,420,322,41750,986,861,151,431,359,52,1416,1232,209,986,861,151,Finisher,2714
Reinhardt,Schmidt,Reinhardt Schmidt,1038,M40-44,Male,Dresden,Lower Saxony,Germany,DE,1:20:16,5:45:07,4:21:07,0:05:10,0:04:20,11:36:00,4816,20707,15667,310,260,41760,987,862,87,1439,1204,118,1175,1032,113,987,862,87,Finisher,2981
Ella,Georgsson,Ella Georgsson,1414,F25-29,Female,Umeå,Västerbotten,Sweden,SE,1:15:59,6:10:19,4:01:51,0:04:17,0:03:51,11:36:17,4559,22219,14511,257,231,41777,988,126,24,1101,165,28,1483,199,34,988,126,24,Finisher,3279
Kalle,Elmes,Kalle Elmes,906,M40-44,Male,Ljungbyholm,Kalmar,Sweden,SE,1:21:44,5:36:08,4:24:49,0:08:26,0:05:34,11:36:41,4904,20168,15889,506,334,41801,989,863,88,1537,1272,126,1105,976,106,989,863,88,Finisher,2973
Marco,Grebe,Marco Grebe,1472,M45-49,Male,Klein Nordende,DE-SH,Germany,DE,1:15:04,5:24:53,4:44:06,0:06:44,0:05:59,11:36:46,4504,19493,17046,404,359,41806,990,864,94,1029,876,98,803,723,81,990,864,94,Finisher,3096
Oscar ,Gundersen,Oscar Gundersen,855,M18-24,Male,Molde,,Norway,NO,1:20:06,5:57:17,4:06:46,0:07:26,0:05:21,11:36:56,4806,21437,14806,446,321,41816,991,865,93,1429,1196,148,1395,1216,126,991,865,93,Finisher,2863
Kirill,Kozhevnikov,Kirill Kozhevnikov,696,M45-49,Male,Dubai,DXB,United Arab Emirates,AE,1:06:21,5:12:08,5:05:32,0:04:52,0:08:09,11:37:03,3981,18728,18332,292,489,41823,992,866,95,412,341,44,462,422,48,992,866,95,Finisher,3093
Didier,Gueguen,Didier Gueguen,2116,M55-59,Male,lormont,FR-NAQ,France,FR,1:13:16,5:38:59,4:33:17,0:06:12,0:05:37,11:37:21,4396,20339,16397,372,337,41841,993,867,48,879,745,46,992,881,58,993,867,48,Finisher,3639
Iiro,Hautakangas,Iiro Hautakangas,1715,M25-29,Male,Espoo,,Finland,FI,1:17:06,5:48:11,4:11:41,0:11:12,0:09:11,11:37:22,4626,20891,15101,672,551,41842,994,868,150,1190,1006,171,1270,1105,188,994,868,150,Finisher,2737
Abdulrahman,Alobaidli,Abdulrahman Alobaidli,168,M35-39,Male,Doha,QA-RA,Qatar,QA,1:26:06,5:25:14,4:33:53,0:05:42,0:06:35,11:37:30,5166,19514,16433,342,395,41850,995,869,96,1785,1460,161,966,858,98,995,869,96,Finisher,2847
Matilda,Svensson,Matilda Svensson,765,F25-29,Female,Kalmar,Kalmar,Sweden,SE,1:26:09,5:57:13,3:54:49,0:08:27,0:10:56,11:37:33,5169,21433,14089,507,656,41853,996,127,25,1789,326,59,1505,204,36,996,127,25,Finisher,3264
Quentin,Rombaut,Quentin Rombaut,1991,M25-29,Male,Andenne,Région Wallonne,Belgium,BE,1:21:44,5:44:43,4:18:22,0:07:06,0:05:40,11:37:34,4904,20683,15502,426,340,41854,997,870,151,1536,1271,221,1223,1068,182,997,870,151,Finisher,2735
Matthew,Gamble,Matthew Gamble,1070,M30-34,Male,Cheltenham,GLS,United Kingdom,GB,1:04:55,5:24:35,4:55:04,0:06:23,0:06:40,11:37:37,3895,19475,17704,383,400,41857,998,871,152,334,272,41,631,572,87,998,871,152,Finisher,2693
Mónica,Sansano,Mónica Sansano,837,F50-54,Female,Elche,ALACANT*,Spain,ES,1:04:41,5:54:38,4:30:14,0:04:12,0:03:54,11:37:39,3881,21278,16214,252,234,41859,999,128,8,327,61,4,1066,123,6,999,128,8,Finisher,4319
Rachel,Gilbert,Rachel Gilbert,1427,F30-34,Female,Edinburgh,GB-SCT,United Kingdom,GB,1:05:07,5:26:31,4:57:28,0:04:20,0:04:20,11:37:46,3907,19591,17848,260,260,41866,1000,129,16,344,64,14,633,60,9,1000,129,16,Finisher,3538
Luukas,Saulio,Luukas Saulio,2747,M18-24,Male,Petäjävesi,Central Finland,Finland,FI,1:23:59,5:41:57,4:18:29,0:07:15,0:06:08,11:37:48,5039,20517,15509,435,368,41868,1001,872,94,1683,1390,168,1217,1064,102,1001,872,94,Finisher,2853
Celine,Axman,Celine Axman,1863,F25-29,Female,Stockholm,,Sweden,SE,1:17:58,5:45:51,4:25:26,0:04:25,0:04:09,11:37:49,4678,20751,15926,265,249,41869,1002,130,26,1270,203,35,1138,137,24,1002,130,26,Finisher,3261
João,Marques,João Marques,1400,M35-39,Male,Lisboa,Lisboa,Portugal,PT,1:03:15,5:46:13,4:38:47,0:05:40,0:03:55,11:37:50,3795,20773,16727,340,235,41870,1003,873,97,275,225,26,935,831,95,1003,873,97,Finisher,2843
Otto,BLOMGÅRD,Otto BLOMGÅRD,2647,M18-24,Male,Lund,SE-M,Sweden,SE,1:28:05,5:55:00,4:04:38,0:05:53,0:04:14,11:37:50,5285,21300,14678,353,254,41870,1004,874,95,1895,1542,189,1452,1263,135,1004,874,95,Finisher,2852
Theo,Toveling,Theo Toveling,668,M18-24,Male,Kalmar,SE-H,Sweden,SE,1:23:10,5:47:07,4:12:34,0:08:20,0:06:40,11:37:51,4990,20827,15154,500,400,41871,1005,875,96,1628,1344,163,1304,1136,112,1005,875,96,Finisher,2852
Andreas,Neumuller,Andreas Neumuller,1294,M60-64,Male,Lidingö,,Sweden,SE,1:00:34,4:54:41,5:27:48,0:06:38,0:08:29,11:38:09,3634,17681,19668,398,509,41889,1006,876,16,181,149,4,223,200,1,1006,876,16,Finisher,3737
Carlos,Alvarez,Carlos Alvarez,945,M40-44,Male,Berlin,BE,Mexico,MX,1:01:42,5:38:38,4:47:27,0:03:25,0:07:02,11:38:14,3702,20318,17247,205,422,41894,1007,877,89,209,171,9,751,679,73,1007,877,89,Finisher,2954
Martin,Granholm,Martin Granholm,1402,M40-44,Male,Motala,,Sweden,SE,1:31:00,5:16:33,4:37:41,0:07:02,0:05:59,11:38:15,5460,18993,16661,422,359,41895,1008,878,90,2030,1654,168,923,822,92,1008,878,90,Finisher,2954
Andreas,Süßenbach,Andreas Süßenbach,1197,M45-49,Male,Dresden,SN,Germany,DE,1:16:19,5:43:53,4:27:43,0:05:22,0:05:18,11:38:34,4579,20633,16063,322,318,41914,1009,879,96,1120,953,108,1095,966,113,1009,879,96,Finisher,3075
Emmie,Björk,Emmie Björk,565,F40-44,Female,Karlskoga,,Sweden,SE,1:04:07,5:50:13,4:31:09,0:06:34,0:06:36,11:38:39,3847,21013,16269,394,396,41919,1010,131,21,309,56,7,1026,116,19,1010,131,21,Finisher,3136
Niels,Röckendorf,Niels Röckendorf,1270,M50-54,Male,Bargteheide,SCHLESWIG-HOLSTEIN,Germany,DE,1:23:35,5:24:21,4:38:45,0:07:11,0:04:54,11:38:46,5015,19461,16725,431,294,41926,1011,880,79,1658,1368,134,934,830,82,1011,880,79,Finisher,3260
J-O,Nilsson,J-O Nilsson,1528,M60-64,Male,Rödeby,SE-K,Sweden,SE,1:31:17,5:34:16,4:17:29,0:08:03,0:07:47,11:38:52,5477,20056,15449,483,467,41932,1012,881,17,2045,1666,41,1225,1070,23,1012,881,17,Finisher,3728
Mattias,Andersson,Mattias Andersson,2512,M35-39,Male,Ystad,Skåne,Sweden,SE,1:27:45,5:41:26,4:18:40,0:06:16,0:04:44,11:38:52,5265,20486,15520,376,284,41932,1013,882,98,1875,1527,167,1249,1089,124,1013,882,98,Finisher,2830
Adam,Lindström,Adam Lindström,399,M25-29,Male,Gävle,GAVLEBORGS LAN [SE-21],Sweden,SE,1:07:24,5:42:07,4:39:15,0:04:49,0:05:34,11:39:10,4044,20527,16755,289,334,41950,1014,883,152,475,397,58,921,820,131,1014,883,152,Finisher,2715
Emanuel,Thelberg,Emanuel Thelberg,2188,M18-24,Male,Gävle,Gävleborg,Sweden,SE,1:14:27,5:46:43,4:27:53,0:06:13,0:04:03,11:39:20,4467,20803,16073,373,243,41960,1015,884,97,983,834,105,1123,990,90,1015,884,97,Finisher,2834
Stephanie,Furneaux,Stephanie Furneaux,618,F35-39,Female,Kingston ,GB-ENG,United Kingdom,GB,1:13:59,6:03:55,4:08:07,0:07:14,0:06:04,11:39:20,4439,21835,14887,434,364,41960,1016,132,11,945,145,13,1400,181,16,1016,132,11,Finisher,4212
Matthias,SCHRÖDER,Matthias SCHRÖDER,2135,M35-39,Male,Bottrop,NW,Germany,DE,1:29:28,5:50:57,4:04:40,0:08:43,0:05:39,11:39:26,5368,21057,14680,523,339,41966,1017,885,99,1963,1599,176,1458,1267,142,1017,885,99,Finisher,2823
Isak,Langerak,Isak Langerak,2566,M30-34,Male,Norrköping,Östergötland,Sweden,SE,1:15:53,5:38:17,4:31:36,0:05:43,0:08:04,11:39:33,4553,20297,16296,343,484,41973,1018,886,153,1093,930,153,1010,897,151,1018,886,153,Finisher,2669
Marcus,LEKBERG,Marcus LEKBERG,2527,M25-29,Male,Växjö,SE-G,Sweden,SE,1:14:20,5:48:01,4:26:19,0:04:45,0:06:14,11:39:38,4460,20881,15979,285,374,41978,1019,887,153,975,827,133,1118,986,169,1019,887,153,Finisher,2710
Jarne,Sikkema,Jarne Sikkema,1576,M18-24,Male,Stor-Stockholm,Stockholms Län,Netherlands,NL,1:18:30,5:56:01,4:16:10,0:05:03,0:04:04,11:39:47,4710,21361,15370,303,244,41987,1020,888,98,1307,1097,136,1319,1149,114,1020,888,98,Finisher,2829
Benjamin,Zimmermann,Benjamin Zimmermann,1460,M40-44,Male,Hanstedt,NIEDERSACHSEN,Germany,DE,1:18:20,5:46:34,4:22:36,0:07:35,0:04:48,11:39:54,4700,20794,15756,455,288,41994,1021,889,91,1293,1086,103,1203,1055,117,1021,889,91,Finisher,2934
Olof,Skoglund,Olof Skoglund,1849,M25-29,Male,Strömsholm,SE-U,Sweden,SE,1:16:37,5:45:11,4:27:05,0:05:08,0:05:55,11:39:56,4597,20711,16025,308,355,41996,1022,890,154,1149,977,166,1114,982,166,1022,890,154,Finisher,2706
Joar,Ronsten,Joar Ronsten,2592,M25-29,Male,Halmstad,Hallands Län,Sweden,SE,1:22:18,5:19:00,4:45:49,0:06:27,0:06:24,11:40:00,4938,19140,17149,387,384,42000,1023,891,155,1575,1302,228,816,733,117,1023,891,155,Finisher,2705
Olof,Blivik,Olof Blivik,2670,M55-59,Male,Karlskrona,SE-K,Sweden,SE,1:16:49,5:33:28,4:37:47,0:06:32,0:05:26,11:40:02,4609,20008,16667,392,326,42002,1024,892,49,1168,992,65,961,854,55,1024,892,49,Finisher,3606
Noah,Christian Holst Rasmussen,Noah Christian Holst Rasmussen,2302,M18-24,Male,Nørrebro,DK-84,Denmark,DK,1:27:47,5:40:41,4:16:50,0:07:21,0:07:29,11:40:08,5267,20441,15410,441,449,42008,1025,893,99,1878,1530,186,1255,1092,106,1025,893,99,Finisher,2825
Diogo,Almeida,Diogo Almeida,1937,M35-39,Male,Lisboa,Lisboa,Portugal,PT,1:13:20,5:42:47,4:34:14,0:05:18,0:04:31,11:40:11,4400,20567,16454,318,271,42011,1026,894,100,885,751,84,1038,920,109,1026,894,100,Finisher,2814
Daniel,Schaarschmidt,Daniel Schaarschmidt,2062,M40-44,Male,Sanitz,MV,Germany,DE,1:33:11,6:05:37,3:51:29,0:05:08,0:04:47,11:40:12,5591,21937,13889,308,287,42012,1027,895,92,2120,1716,180,1687,1437,153,1027,895,92,Finisher,2931
Gusten,Johansson,Gusten Johansson,844,M55-59,Male,Vinslöv,,Sweden,SE,1:19:48,5:39:49,4:24:27,0:07:42,0:08:33,11:40:18,4788,20389,15867,462,513,42018,1028,896,50,1407,1180,77,1121,989,65,1028,896,50,Finisher,3603
Thomas,Collins,Thomas Collins,2259,M40-44,Male,Weston,GB-STS,United Kingdom,GB,1:12:52,5:31:13,4:46:11,0:05:14,0:05:19,11:40:50,4372,19873,17171,314,319,42050,1029,897,93,847,717,66,844,758,84,1029,897,93,Finisher,2923
Ola,Svanberg,Ola Svanberg,1175,M50-54,Male,Nässjö,,Sweden,SE,1:11:15,5:27:19,4:52:57,0:05:32,0:04:23,11:41:27,4275,19639,17577,332,263,42087,1030,898,80,722,613,56,756,682,68,1030,898,80,Finisher,3228
Patrik,Sandevik,Patrik Sandevik,2335,M40-44,Male,Vällingby,,Sweden,SE,1:16:38,5:39:43,4:31:35,0:07:50,0:05:43,11:41:29,4598,20383,16295,470,343,42089,1031,899,94,1154,982,87,1077,951,103,1031,899,94,Finisher,2915
Emil,Hammersland,Emil Hammersland,902,M30-34,Male,JOHANNESHOV,Stockholm,Sweden,SE,1:19:41,5:45:07,4:27:25,0:05:38,0:03:41,11:41:33,4781,20707,16045,338,221,42093,1032,900,154,1396,1172,194,1174,1031,172,1032,900,154,Finisher,2645
Linda,Elofsson,Linda Elofsson,172,F50-54,Female,KALMAR,,Sweden,SE,1:24:47,5:33:39,4:33:24,0:04:29,0:05:16,11:41:35,5087,20019,16404,269,316,42095,1033,133,9,1730,310,30,1055,122,5,1033,133,9,Finisher,4271
Cristoffer,Björkén,Cristoffer Björkén,1493,M30-34,Male,Luleå,NORRBOTTENS LAN [SE-25],Sweden,SE,1:16:37,5:17:36,4:54:03,0:06:38,0:06:42,11:41:35,4597,19056,17643,398,402,42095,1034,901,155,1150,978,156,706,640,105,1034,901,155,Finisher,2645
Antti,Logren-Uuttu,Antti Logren-Uuttu,1858,M40-44,Male,Falun,Dalarna,Finland,FI,1:28:25,5:35:40,4:24:25,0:08:12,0:05:01,11:41:43,5305,20140,15865,492,301,42103,1035,902,95,1912,1557,156,1200,1052,115,1035,902,95,Finisher,2913
Niklas,Tornmalm,Niklas Tornmalm,297,M35-39,Male,Norrköping,Östergötland,Sweden,SE,1:30:50,5:36:04,4:18:50,0:06:14,0:09:52,11:41:50,5450,20164,15530,374,592,42110,1036,903,101,2021,1647,181,1216,1063,121,1036,903,101,Finisher,2795
Dennis,Qvarfordt,Dennis Qvarfordt,2440,M30-34,Male,GÖTEBORG,,Sweden,SE,1:17:37,5:19:33,4:45:35,0:11:44,0:07:26,11:41:54,4657,19173,17135,704,446,42114,1037,904,156,1241,1047,168,836,750,124,1037,904,156,Finisher,2641
Marie,Perrault,Marie Perrault,2481,F55-59,Female,eskilstuna,SE-D,Sweden,SE,1:18:17,5:38:40,4:35:25,0:05:10,0:04:28,11:42:00,4697,20320,16525,310,268,42120,1038,134,4,1292,207,7,1043,120,5,1038,134,4,Finisher,4504
Robin,Folkesson ,Robin Folkesson,1589,M25-29,Male,Kalmar,,Sweden,SE,1:22:05,5:59:32,4:10:30,0:05:25,0:04:33,11:42:04,4925,21572,15030,325,273,42124,1039,905,156,1557,1288,224,1420,1236,211,1039,905,156,Finisher,2681
Sebastian,Sten,Sebastian Sten,1383,M25-29,Male,Kalmar,Kalmar,Sweden,SE,1:20:05,5:48:04,4:18:36,0:07:52,0:07:33,11:42:10,4805,20884,15516,472,453,42130,1040,906,157,1427,1194,207,1262,1098,187,1040,906,157,Finisher,2679
Rolan,Eikens,Rolan Eikens,1266,M25-29,Male,Zwolle,Overijssel ,Netherlands,NL,1:43:29,5:34:11,4:12:26,0:05:11,0:07:06,11:42:23,6209,20051,15146,311,426,42143,1041,907,158,2331,1876,310,1366,1190,203,1041,907,158,Finisher,2677
karsten,slagstad,karsten slagstad,2123,M25-29,Male,Trondheim,Trøndelag,Norway,NO,1:25:01,5:40:53,4:26:06,0:05:36,0:04:52,11:42:28,5101,20453,15966,336,292,42148,1042,908,159,1738,1426,241,1191,1045,176,1042,908,159,Finisher,2676
Marcus,Nyström,Marcus Nyström,2690,M25-29,Male,Stockholm,STOCKHOLMS LAN [SE-01],Sweden,SE,1:09:01,5:55:28,4:25:41,0:05:07,0:07:11,11:42:30,4141,21328,15941,307,431,42150,1043,909,160,571,482,77,1158,1018,170,1043,909,160,Finisher,2675
Séverine,Bailly,Séverine Bailly,706,F40-44,Female,Vanves,,France,FR,0:55:56,5:55:04,4:42:20,0:03:48,0:05:22,11:42:30,3356,21304,16940,228,322,42150,1044,135,22,85,9,2,926,102,14,1044,135,22,Finisher,3090
Paddy,Doherty ,Paddy Doherty,744,M50-54,Male,Letterkenny,DONEGAL,Ireland,IE,1:10:56,5:19:01,5:00:57,0:06:13,0:05:26,11:42:33,4256,19141,18057,373,326,42153,1045,910,81,699,594,53,638,578,55,1045,910,81,Finisher,3214
Johanna,Sundberg,Johanna Sundberg,2066,F30-34,Female,Stockholm,SE-AB,Sweden,SE,1:03:43,5:35:38,4:54:11,0:04:05,0:04:56,11:42:34,3823,20138,17651,245,296,42154,1046,136,17,294,54,11,746,72,11,1046,136,17,Finisher,3481
Martin,Ottensjö,Martin Ottensjö,2012,M40-44,Male,Stockholm,,Sweden,SE,1:23:13,5:23:38,4:44:49,0:07:04,0:03:57,11:42:40,4993,19418,17089,424,237,42160,1047,911,96,1631,1347,138,912,813,91,1047,911,96,Finisher,2901
Dominik,Herold,Dominik Herold,777,M45-49,Male,Oberursel,HE,Germany,DE,0:58:13,5:09:41,5:27:12,0:03:09,0:04:32,11:42:46,3493,18581,19632,189,272,42166,1048,912,97,124,102,4,332,303,28,1048,912,97,Finisher,3024
Feyme,Mestanli,Feyme Mestanli,1292,F25-29,Female,Haugesund,NO-Rogaland,Norway,NO,1:21:20,5:49:01,4:19:58,0:06:01,0:06:28,11:42:48,4880,20941,15598,361,388,42168,1049,137,27,1502,254,45,1268,165,27,1049,137,27,Finisher,3201
Arnaud,Dubois,Arnaud Dubois,1370,M30-34,Male,Nantes,FR-44,France,FR,1:23:10,5:42:33,4:18:32,0:08:13,0:10:36,11:43:03,4990,20553,15512,493,636,42183,1050,913,157,1629,1345,224,1230,1074,177,1050,913,157,Finisher,2627
Marie,Dyberg,Marie Dyberg,1769,F45-49,Female,Lidingö,,Sweden,SE,1:27:47,5:37:13,4:18:01,0:10:41,0:09:31,11:43:13,5267,20233,15481,641,571,42193,1051,138,15,1880,349,46,1251,162,18,1051,138,15,Finisher,3556
Claas,Henkis,Claas Henkis,1178,M40-44,Male,Norderstedt,SCHLESWIG-HOLSTEIN,Germany,DE,1:15:22,5:38:49,4:38:47,0:04:21,0:05:57,11:43:16,4522,20329,16727,261,357,42196,1052,914,97,1052,895,82,995,883,95,1052,914,97,Finisher,2894
Alexander,Alvin,Alexander Alvin,2083,M18-24,Male,Linköping ,Östergötland,Sweden,SE,1:28:45,5:48:35,4:05:00,0:10:01,0:10:59,11:43:21,5325,20915,14700,601,659,42201,1053,915,100,1917,1562,191,1426,1242,129,1053,915,100,Finisher,2786
Ingrid,Stolt,Ingrid Stolt,244,F30-34,Female,Uppsala,,Sweden,SE,1:11:06,5:46:17,4:33:38,0:06:19,0:06:06,11:43:26,4266,20777,16418,379,366,42206,1054,139,18,715,108,20,1069,125,19,1054,139,18,Finisher,3470
Magnus,Viggen,Magnus Viggen,1770,M25-29,Male,Rena,innlandet,Norway,NO,1:12:18,5:13:05,5:03:51,0:06:37,0:07:39,11:43:31,4338,18785,18231,397,459,42211,1055,916,161,792,671,105,577,526,82,1055,916,161,Finisher,2663
Inge-Lise,Iversen,Inge-Lise Iversen,1910,F18-24,Female,Christiansfeld,SYDDANMARK,Denmark,DK,1:12:31,5:26:08,4:53:00,0:04:34,0:07:20,11:43:33,4351,19568,17580,274,440,42213,1056,140,9,813,125,8,742,71,3,1056,140,9,Finisher,3376
Mattias,Karlsson,Mattias Karlsson,1726,M35-39,Male,Falkenberg,,Sweden,SE,1:22:14,5:28:29,4:40:00,0:06:56,0:05:56,11:43:35,4934,19709,16800,416,356,42215,1057,917,102,1570,1297,139,976,868,102,1057,917,102,Finisher,2774
Christoffer,Karlsson,Christoffer Karlsson,2638,M35-39,Male,Sturefors,OSTERGOTLANDS LAN [SE-05],Sweden,SE,1:14:07,5:56:32,4:16:59,0:08:18,0:07:47,11:43:43,4447,21392,15419,498,467,42223,1058,918,103,954,807,89,1307,1139,126,1058,918,103,Finisher,2772
Martin,Königsson,Martin Königsson,1352,M35-39,Male,Oslo,NO-03,Sweden,SE,1:27:59,5:24:03,4:40:44,0:05:01,0:06:00,11:43:46,5279,19443,16844,301,360,42226,1059,919,104,1891,1540,168,967,859,99,1059,919,104,Finisher,2771
Ashley,Trowe,Ashley Trowe,1971,M50-54,Male,Croxley Green,England,United Kingdom,GB,1:22:57,5:34:23,4:33:35,0:05:45,0:07:11,11:43:51,4977,20063,16415,345,431,42231,1060,920,82,1613,1331,130,1058,936,91,1060,920,82,Finisher,3199
Axel,Siikavuopio,Axel Siikavuopio,2157,M30-34,Male,Kiruna,,Sweden,SE,1:33:28,5:39:13,4:12:04,0:10:03,0:09:05,11:43:52,5608,20353,15124,603,545,42232,1061,921,158,2129,1723,279,1364,1188,198,1061,921,158,Finisher,2618
Johan,Cederholm,Johan Cederholm,1746,M45-49,Male,Landsbro,,Sweden,SE,1:16:10,5:50:18,4:19:55,0:10:47,0:06:45,11:43:54,4570,21018,15595,647,405,42234,1062,922,98,1111,945,106,1283,1116,125,1062,922,98,Finisher,3011
George,Hudson,George Hudson,1960,M18-24,Male,Ascot ,Berkshire ,United Kingdom,GB,1:18:05,6:14:42,3:52:54,0:09:41,0:08:36,11:43:58,4685,22482,13974,581,516,42238,1063,923,101,1279,1075,133,1664,1416,161,1063,923,101,Finisher,2779
Mattias,Anstrin,Mattias Anstrin,1881,M25-29,Male,TÄBY,Stockholm,Sweden,SE,1:28:52,5:54:05,4:01:09,0:10:19,0:09:45,11:44:10,5332,21245,14469,619,585,42250,1064,924,162,1926,1571,265,1529,1318,227,1064,924,162,Finisher,2655
Imogen,B-N,Imogen B-N,2533,F25-29,,Sevenoaks,KEN,United Kingdom,GB,1:18:28,5:55:19,4:17:06,0:08:25,0:04:56,11:44:15,4708,21319,15426,505,296,42255,1065,141,28,1305,210,36,1356,174,30,1065,141,28,Finisher,3184
Philip,Boes,Philip Boes,749,M30-34,Male,Vriezenveen,Overijssel,Netherlands,NL,1:15:53,5:45:08,4:17:22,0:09:00,0:16:52,11:44:15,4553,20708,15442,540,1012,42255,1066,925,159,1091,929,152,1167,1026,171,1066,925,159,Finisher,2613
Julia,Gustafsson,Julia Gustafsson,487,F35-39,Female,Ljungbyholm,,Sweden,SE,1:14:50,6:01:01,4:16:13,0:06:00,0:06:19,11:44:22,4490,21661,15373,360,379,42262,1067,142,12,1013,153,15,1353,173,12,1067,142,12,Finisher,4151
Tim,Standefeldt,Tim Standefeldt,2642,M30-34,Male,Stockholm,Stockholm,Sweden,SE,1:26:46,5:33:30,4:30:46,0:07:46,0:05:34,11:44:22,5206,20010,16246,466,334,42262,1068,926,160,1824,1488,249,1135,1000,166,1068,926,160,Finisher,2612
Hampus,Andersson,Hampus Andersson,2406,M18-24,Male,Göteborg,Västra Götaland,Sweden,SE,1:16:38,5:32:54,4:39:58,0:07:30,0:07:26,11:44:26,4598,19974,16798,450,446,42266,1069,927,102,1152,980,121,965,857,79,1069,927,102,Finisher,2773
Anna,Weinert,Anna Weinert,852,F40-44,Female,Lübeck,SCHLESWIG-HOLSTEIN,Germany,DE,1:11:28,5:58:28,4:26:29,0:04:16,0:03:56,11:44:37,4288,21508,15989,256,236,42277,1070,143,23,736,113,14,1232,157,32,1070,143,23,Finisher,3064
Fredrik,Johansson,Fredrik Johansson,1511,M40-44,Male,Kopparberg,Örebro,Sweden,SE,1:23:05,5:17:52,4:47:30,0:08:29,0:07:43,11:44:38,4985,19072,17250,509,463,42278,1071,928,98,1621,1338,137,846,759,85,1071,928,98,Finisher,2878
Jan,Vanek,Jan Vanek,901,M35-39,Male,Prague,Prague 5,Czech Republic,CZ,1:07:53,5:41:53,4:41:21,0:08:18,0:05:21,11:44:47,4073,20513,16881,498,321,42287,1072,929,105,499,420,53,988,878,104,1072,929,105,Finisher,2759
Liam,Soos Jansson,Liam Soos Jansson,1817,M18-24,Male,Umeå,Västerbotten,Sweden,SE,1:18:41,5:45:43,4:21:54,0:12:14,0:06:16,11:44:48,4721,20743,15714,734,376,42288,1073,930,103,1319,1105,139,1275,1109,108,1073,930,103,Finisher,2769
Essi,Laine,Essi Laine,1176,F40-44,Female,Helsinki,Helsinki,Finland,FI,1:10:59,5:53:10,4:27:45,0:05:37,0:07:26,11:44:56,4259,21190,16065,337,446,42296,1074,144,24,705,106,12,1161,141,27,1074,144,24,Finisher,3060
Janine,Langer,Janine Langer,673,F35-39,Female,Recklinghausen,NORDRHEIN-WESTFALEN,Germany,DE,1:13:39,6:11:11,4:10:48,0:03:32,0:05:57,11:45:06,4419,22271,15048,212,357,42306,1075,145,13,913,138,12,1442,187,17,1075,145,13,Finisher,4142
Tomas,Bergstrand,Tomas Bergstrand,1617,M50-54,Male,Vårgårda,Västra Götalands Län,Sweden,SE,1:11:03,5:10:23,5:12:31,0:05:47,0:05:32,11:45:16,4263,18623,18751,347,332,42316,1076,931,83,707,600,55,509,463,40,1076,931,83,Finisher,3182
Max,Kristensen,Max Kristensen,440,M25-29,Male,Stockholm,Stockholm,Sweden,SE,1:29:54,5:41:33,4:22:32,0:06:13,0:05:36,11:45:49,5394,20493,15752,373,336,42349,1077,932,163,1978,1612,272,1291,1124,191,1077,932,163,Finisher,2636
Anton,Lindberg,Anton Lindberg,1523,M18-24,Male,Ekerö,Stockholm,Sweden,SE,1:18:09,5:41:18,4:27:53,0:10:45,0:07:49,11:45:54,4689,20478,16073,645,469,42354,1078,933,104,1285,1079,134,1169,1028,98,1078,933,104,Finisher,2755
Martin,Fransson ,Martin Fransson,952,M35-39,Male,Kalmar,,Sweden,SE,1:16:41,6:04:50,4:04:57,0:11:07,0:08:20,11:45:56,4601,21890,14697,667,500,42356,1079,934,106,1159,985,109,1520,1312,146,1079,934,106,Finisher,2745
Per,Christerson,Per Christerson,2687,M30-34,Male,Stockholm,Stockholm,Sweden,SE,1:02:22,6:17:00,4:12:53,0:06:14,0:07:32,11:46:01,3742,22620,15173,374,452,42361,1080,935,161,246,203,29,1405,1223,206,1080,935,161,Finisher,2592
Malte,Enerfelt,Malte Enerfelt,927,M18-24,Male,Oskarshamn,SE-H,Sweden,SE,1:15:01,5:29:18,4:49:33,0:06:20,0:05:58,11:46:10,4501,19758,17373,380,358,42370,1081,936,105,1025,872,109,861,770,72,1081,936,105,Finisher,2752
Christoffer,Pettersson,Christoffer Pettersson,1077,M30-34,Male,Åmål,VASTRA GOTALANDS LAN [SE-14],Sweden,SE,1:33:01,5:10:53,4:43:14,0:10:49,0:08:23,11:46:21,5581,18653,16994,649,503,42381,1082,937,162,2110,1711,275,925,824,135,1082,937,162,Finisher,2588
Jørgen,Sjolte,Jørgen Sjolte,2572,M30-34,Male,Grålum,Østfold,Norway,NO,1:19:06,5:53:58,4:20:14,0:07:10,0:05:53,11:46:21,4746,21238,15614,430,353,42381,1083,938,163,1353,1132,182,1336,1165,194,1083,938,163,Finisher,2588
Axel,Wallman,Axel Wallman,2290,M40-44,Male,Trosa,,Sweden,SE,1:17:49,5:51:52,4:22:28,0:09:27,0:04:48,11:46:23,4669,21112,15748,567,288,42383,1084,939,99,1252,1054,96,1313,1144,124,1084,939,99,Finisher,2857
Tobias,Berglund,Tobias Berglund,2044,M30-34,Male,Stockholm,Stockholm,Sweden,SE,1:23:15,5:52:13,4:17:55,0:07:37,0:05:30,11:46:31,4995,21133,15475,457,330,42391,1085,940,164,1635,1351,226,1370,1194,199,1085,940,164,Finisher,2586
Jean-Sébastien,Detry,Jean-Sébastien Detry,1605,M45-49,Male,Lustin,Walloon Region,Belgium,BE,1:27:03,6:01:23,3:58:14,0:09:33,0:10:18,11:46:31,5223,21683,14294,573,618,42391,1086,941,99,1841,1499,160,1605,1371,145,1086,941,99,Finisher,2979
Roland,Nitsch,Roland Nitsch,871,M55-59,Male,Hamm,NW,Germany,DE,1:06:34,5:32:05,4:57:12,0:05:32,0:05:11,11:46:35,3994,19925,17832,332,311,42395,1087,942,51,426,355,16,761,687,42,1087,942,51,Finisher,3528
Magnus,Nyman,Magnus Nyman,228,M45-49,Male,Hisings Kärra,,Sweden,SE,1:13:48,5:10:49,5:12:35,0:05:26,0:03:59,11:46:37,4428,18649,18755,326,239,42397,1088,943,100,929,788,88,545,497,59,1088,943,100,Finisher,2978
Zach,Szypula,Zach Szypula,240,M30-34,Male,Toronto,ON,Canada,CA,1:12:57,5:21:38,5:02:58,0:04:46,0:04:20,11:46:39,4377,19298,18178,286,260,42399,1089,944,165,851,721,114,684,618,99,1089,944,165,Finisher,2584
Vitalii,Shubinskyi,Vitalii Shubinskyi,2629,M40-44,Male,Kyiv,Kyiv,Ukraine,UA,1:16:46,5:32:09,4:46:54,0:05:53,0:05:04,11:46:46,4606,19929,17214,353,304,42406,1090,945,100,1165,990,90,927,825,93,1090,945,100,Finisher,2852
Matilda,Sjödin,Matilda Sjödin,767,F30-34,Female,Kalmar ,Kalmar,Sweden,SE,1:19:19,6:04:15,4:11:45,0:06:15,0:05:20,11:46:54,4759,21855,15105,375,320,42414,1091,146,19,1367,223,29,1469,194,23,1091,146,19,Finisher,3429
Joachim,Levin,Joachim Levin,482,M45-49,Male,Kalmar,KALMAR LAN [SE-08],Sweden,SE,1:12:46,5:42:16,4:42:21,0:05:47,0:03:46,11:46:56,4366,20536,16941,347,226,42416,1092,946,101,840,710,83,1025,910,103,1092,946,101,Finisher,2974
Mantas,Sidekerskis,Mantas Sidekerskis,1362,M45-49,Male,Kaunas,KAUNO MIESTAS,Lithuania,LT,1:23:18,5:09:52,5:02:36,0:06:14,0:05:07,11:47:06,4998,18592,18156,374,307,42426,1093,947,102,1638,1354,140,686,620,68,1093,947,102,Finisher,2972
Miroslav,Perina,Miroslav Perina,2351,M35-39,Male,Prague,Prague,Czech Republic,CZ,1:26:36,5:40:54,4:20:36,0:12:06,0:06:55,11:47:06,5196,20454,15636,726,415,42426,1094,948,107,1816,1482,164,1320,1150,129,1094,948,107,Finisher,2731
Michel,ANDRÉ,Michel ANDRÉ,1488,M55-59,Male,Malmö,SE-M,Sweden,SE,1:34:37,5:27:25,4:31:56,0:07:03,0:06:21,11:47:22,5677,19645,16316,423,381,42442,1095,949,52,2153,1741,131,1151,1013,67,1095,949,52,Finisher,3518
Lukas,Holtkamp,Lukas Holtkamp,1234,M30-34,Male,Haselünne,DE-Niedersachsen,Germany,DE,1:12:07,5:38:06,4:41:27,0:08:21,0:07:34,11:47:35,4327,20286,16887,501,454,42455,1096,950,166,783,662,102,997,884,147,1096,950,166,Finisher,2573
Tommy,Rydin,Tommy Rydin,2241,M40-44,Male,Mariestad,SE-O,Sweden,SE,1:17:27,6:00:42,4:19:46,0:04:53,0:04:47,11:47:36,4647,21642,15586,293,287,42456,1097,951,101,1222,1033,94,1368,1192,131,1097,951,101,Finisher,2842
Tristan,Priest,Tristan Priest,198,M50-54,Male,Bredon,GB-GLS,United Kingdom,GB,1:03:59,5:31:13,5:02:27,0:04:39,0:05:18,11:47:36,3839,19873,18147,279,318,42456,1098,952,84,304,249,14,692,626,61,1098,952,84,Finisher,3154
Jacob,Bringefalk,Jacob Bringefalk,434,M25-29,Male,Linköping,OSTERGOTLANDS LAN [SE-05],Sweden,SE,1:17:34,5:32:56,4:18:02,0:30:12,0:08:59,11:47:42,4654,19976,15482,1812,539,42462,1099,953,164,1232,1040,180,1344,1173,200,1099,953,164,Finisher,2613
Nicole,Harstorff,Nicole Harstorff,280,F50-54,Female,Celle,Niedersachsen,Germany,DE,1:16:41,5:29:36,4:49:05,0:07:08,0:05:14,11:47:44,4601,19776,17345,428,314,42464,1100,147,10,1157,173,14,905,98,4,1100,147,10,Finisher,4198
Morten,Skjeggestad,Morten Skjeggestad,2238,M45-49,Male,Revetal,,Norway,NO,1:26:15,5:44:24,4:21:06,0:07:03,0:09:03,11:47:52,5175,20664,15666,423,543,42472,1101,954,103,1793,1465,154,1294,1127,127,1101,954,103,Finisher,2963
Hampus,Blom,Hampus Blom,1374,M30-34,Male,Svenljunga,,Sweden,SE,1:14:05,5:37:24,4:48:33,0:05:11,0:02:51,11:48:04,4445,20244,17313,311,171,42484,1102,955,167,952,806,131,959,852,142,1102,955,167,Finisher,2567
Jens William,Strand,Jens William Strand,854,M18-24,Male,Ås,,Norway,NO,1:11:10,6:22:37,4:01:05,0:06:46,0:06:36,11:48:14,4270,22957,14465,406,396,42494,1103,956,106,717,609,76,1637,1397,158,1103,956,106,Finisher,2727
Axel,Kanne,Axel Kanne,2108,M45-49,Male,Bromma,SE-AB,Sweden,SE,1:20:37,5:43:09,4:31:39,0:06:41,0:06:17,11:48:23,4837,20589,16299,401,377,42503,1104,957,104,1459,1217,125,1173,1030,119,1104,957,104,Finisher,2957
Nicolas,Devaux,Nicolas Devaux,1061,M50-54,Male,Gourdinne,NAMUR,Belgium,BE,1:12:27,5:25:02,4:55:50,0:08:20,0:06:52,11:48:32,4347,19502,17750,500,412,42512,1105,958,85,809,686,62,788,711,72,1105,958,85,Finisher,3143
Kim Fabian,Jacobsson,Kim Fabian Jacobsson,2741,M50-54,Male,LINKÖPING,OSTERGOTLANDS LAN [SE-05],Sweden,SE,1:27:49,5:42:56,4:26:09,0:06:14,0:05:27,11:48:35,5269,20576,15969,374,327,42515,1106,959,86,1881,1532,152,1280,1113,111,1106,959,86,Finisher,3142
Jimmie,Ekbäck,Jimmie Ekbäck,160,M40-44,Male,KALMAR,,Sweden,SE,1:22:11,5:16:01,5:03:36,0:02:56,0:03:51,11:48:35,4931,18961,18216,176,231,42515,1107,960,102,1564,1294,130,712,645,71,1107,960,102,Finisher,2830
Vegard ,Slagstad,Vegard Slagstad,2132,M18-24,Male,Bergen,Vestland,Norway,NO,1:27:57,5:45:21,4:21:00,0:07:54,0:06:26,11:48:38,5277,20721,15660,474,386,42518,1108,961,107,1887,1537,187,1348,1177,122,1108,961,107,Finisher,2723
Örjan,Östervall,Örjan Östervall,1786,M55-59,Male,Åkersberga,,Sweden,SE,1:12:01,5:14:26,5:09:47,0:06:25,0:06:09,11:48:49,4321,18866,18587,385,369,42529,1109,962,53,776,656,36,593,540,31,1109,962,53,Finisher,3501
Johan,Björklund,Johan Björklund,1564,M30-34,Male,Stockholm,Stockholm,Sweden,SE,1:23:28,5:44:37,4:28:38,0:07:43,0:04:29,11:48:55,5008,20677,16118,463,269,42535,1110,963,168,1650,1362,230,1254,1091,182,1110,963,168,Finisher,2557
Tobias ,Norrby ,Tobias Norrby,2122,M55-59,Male,Stockholm,Stockholm,Sweden,SE,1:05:47,5:44:18,4:42:42,0:07:59,0:08:09,11:48:55,3947,20658,16962,479,489,42535,1111,964,54,380,313,10,987,877,57,1111,964,54,Finisher,3500
Anders,Osnes,Anders Osnes,1237,M30-34,Male,Ulsteinvik,,Norway,NO,1:12:08,5:15:33,5:12:41,0:04:58,0:03:37,11:48:56,4328,18933,18761,298,217,42536,1112,965,169,784,663,103,589,536,79,1112,965,169,Finisher,2557
Robin,Karlsson,Robin Karlsson,1058,M18-24,Male,Kalmar,KALMAR LAN [SE-08],Sweden,SE,1:26:48,5:37:01,4:35:27,0:04:02,0:05:38,11:48:56,5208,20221,16527,242,338,42536,1113,966,108,1825,1489,179,1131,996,92,1113,966,108,Finisher,2719
Simon,Halut,Simon Halut,1985,M30-34,Male,Ixelles,,Belgium,BE,1:07:43,5:39:57,4:52:53,0:04:23,0:04:00,11:48:56,4063,20397,17573,263,240,42536,1114,967,170,492,413,60,882,789,131,1114,967,170,Finisher,2557
Robert,Söderberg,Robert Söderberg,2580,M50-54,Male,Täby,SE-AB,Sweden,SE,1:14:05,5:51:30,4:31:03,0:06:30,0:05:51,11:48:58,4445,21090,16263,390,351,42538,1115,968,87,951,805,79,1198,1050,102,1115,968,87,Finisher,3137
Simon,Quist,Simon Quist,672,M25-29,Male,Kalmar,Kalmar Län,Sweden,SE,1:11:44,5:28:44,4:40:30,0:13:13,0:14:46,11:48:59,4304,19724,16830,793,886,42539,1116,969,165,752,635,98,908,810,128,1116,969,165,Finisher,2598
Mark,Proctor,Mark Proctor,194,M55-59,Male,Preston,LAN,United Kingdom,GB,1:14:07,5:37:28,4:40:02,0:08:52,0:08:50,11:49:19,4447,20248,16802,532,530,42559,1117,970,55,955,808,50,1022,907,61,1117,970,55,Finisher,3495
Alexander,Hartung,Alexander Hartung,1911,M35-39,Male,Bremen,Bremen,Germany,DE,1:29:23,5:46:17,4:19:39,0:08:27,0:06:29,11:50:14,5363,20777,15579,507,389,42614,1118,971,108,1955,1594,175,1386,1210,136,1118,971,108,Finisher,2694
Niels Oskar,Mønster Westergaard,Niels Oskar Mønster Westergaard,1836,M18-24,Male,Nærum,Copenhagen,Denmark,DK,1:13:31,5:59:34,4:23:42,0:06:52,0:06:35,11:50:14,4411,21574,15822,412,395,42614,1119,972,109,901,766,93,1329,1159,117,1119,972,109,Finisher,2703
Hannah,Steward,Hannah Steward,962,F30-34,Female,Weeton,LAN,United Kingdom,GB,1:15:13,6:11:47,4:08:45,0:07:24,0:07:25,11:50:35,4513,22307,14925,444,445,42635,1120,148,20,1036,154,25,1541,217,25,1120,148,20,Finisher,3384
Jonathan,Benizri,Jonathan Benizri,1131,M30-34,Male,Helsinki,,Finland,FI,1:16:56,5:34:23,4:49:41,0:05:20,0:04:23,11:50:42,4616,20063,17381,320,263,42642,1121,973,171,1178,998,160,955,848,141,1121,973,171,Finisher,2536
Olle,Palm,Olle Palm,1639,M18-24,Male,Göteborg ,,Sweden,SE,1:38:14,5:37:37,4:29:56,0:04:00,0:01:00,11:50:46,5894,20257,16196,240,60,42646,1122,974,110,2246,1807,210,1326,1156,116,1122,974,110,Finisher,2697
Jonathan,Andersson,Jonathan Andersson,2727,M25-29,Male,Stockholm,Stockholm,Sweden,SE,1:16:30,6:11:22,4:16:11,0:04:00,0:03:00,11:51:01,4590,22282,15371,240,180,42661,1123,975,166,1138,968,161,1506,1302,223,1123,975,166,Finisher,2573
Rebecca,Furnes,Rebecca Furnes,835,F25-29,Female,Bergen,Vestland,Norway,NO,1:22:41,5:35:41,4:38:56,0:06:33,0:07:24,11:51:15,4961,20141,16736,393,444,42675,1124,149,29,1599,281,51,1088,129,21,1124,149,29,Finisher,3100
Bartosz,Kosciuczuk,Bartosz Kosciuczuk,1340,M45-49,Male,Szczecin,zachodniopomorskie,Poland,PL,1:17:21,5:36:27,4:43:41,0:07:20,0:06:32,11:51:20,4641,20187,17021,440,392,42680,1125,976,105,1213,1025,112,1034,916,105,1125,976,105,Finisher,2922
Bengt,Löfgren,Bengt Löfgren,1749,M60-64,Male,Göteborg,,Sweden,SE,1:14:22,6:02:08,4:13:16,0:12:22,0:09:24,11:51:32,4462,21728,15196,742,564,42692,1126,977,18,978,829,14,1449,1261,26,1126,977,18,Finisher,3576
Robin,Stenvi,Robin Stenvi,1637,M18-24,Male,Järfälla,Stockholm,Sweden,SE,1:37:07,5:55:03,4:10:54,0:04:44,0:03:55,11:51:43,5827,21303,15054,284,235,42703,1127,978,111,2220,1789,209,1577,1350,149,1127,978,111,Finisher,2686
Linda,Drottesjö,Linda Drottesjö,1127,F40-44,Female,Ludvika,DALARNAS LAN [SE-20],Sweden,SE,1:16:59,5:50:41,4:30:51,0:06:05,0:07:24,11:52:00,4619,21041,16251,365,444,42720,1128,150,25,1184,183,25,1228,156,31,1128,150,25,Finisher,2976
Oscar,Greening,Oscar Greening,2020,M18-24,Male,Koblenz,RP,Germany,DE,1:05:08,5:49:12,4:48:57,0:04:32,0:04:18,11:52:06,3908,20952,17337,272,258,42726,1129,979,112,346,282,30,999,886,81,1129,979,112,Finisher,2681
Lindsey,Acampa,Lindsey Acampa,916,F40-44,Female,Somerville,MA,United States,US,0:53:43,6:02:18,4:44:19,0:04:55,0:07:14,11:52:30,3223,21738,17059,295,434,42750,1130,151,26,60,8,1,1030,117,20,1130,151,26,Finisher,2970
Sara,Ekström,Sara Ekström,512,F45-49,Female,Mariefred,SE-D,Sweden,SE,1:18:27,5:49:32,4:34:22,0:05:28,0:04:43,11:52:31,4707,20972,16462,328,283,42751,1131,152,16,1302,209,25,1222,155,17,1131,152,16,Finisher,3445
Holger,Plöger,Holger Plöger,890,M55-59,Male,Hamburg,HAMBURG,Germany,DE,1:18:27,5:38:37,4:31:32,0:13:36,0:10:24,11:52:36,4707,20317,16292,816,624,42756,1132,980,56,1303,1094,69,1177,1034,68,1132,980,56,Finisher,3456
Tolga ,Duran,Tolga Duran,344,M40-44,Male,Stockholm,Stockholm,Sweden,SE,1:13:13,5:50:12,4:29:12,0:09:03,0:11:10,11:52:49,4393,21012,16152,543,670,42769,1133,981,103,875,742,69,1201,1053,116,1133,981,103,Finisher,2779
Louise,Tornblad ,Louise Tornblad,1645,F40-44,Female,Bromma,,Sweden,SE,1:32:08,5:47:32,4:19:53,0:07:47,0:05:36,11:52:56,5528,20852,15593,467,336,42776,1134,153,27,2075,389,57,1429,186,37,1134,153,27,Finisher,2964
Alexandre,Juve,Alexandre Juve,2187,M40-44,Male,Orry la ville,FR-60,France,FR,1:17:15,5:26:44,5:02:14,0:04:33,0:02:14,11:53:01,4635,19604,18134,273,134,42781,1135,982,104,1207,1020,92,833,748,82,1135,982,104,Finisher,2777
Daan ,Bodde ,Daan Bodde,308,M18-24,Male,Denekamp,Overijssel,Netherlands,NL,1:22:47,5:55:55,4:18:01,0:09:44,0:06:39,11:53:07,4967,21355,15481,584,399,42787,1136,983,113,1607,1325,160,1443,1256,132,1136,983,113,Finisher,2669
Gustav,Ewing,Gustav Ewing,2057,M18-24,Male,Hällerum,Kalmar,Sweden,SE,1:20:27,5:38:09,4:44:22,0:05:51,0:04:25,11:53:14,4827,20289,17062,351,265,42794,1137,984,114,1450,1212,149,1078,952,86,1137,984,114,Finisher,2667
Niklas,Einarsson,Niklas Einarsson,1690,M50-54,Male,Lenhovda,Kronoberg,Sweden,SE,1:43:17,5:29:54,4:25:41,0:08:36,0:05:52,11:53:20,6197,19794,15941,516,352,42800,1138,985,88,2327,1873,197,1352,1180,119,1138,985,88,Finisher,3085
Hugo,Wiman,Hugo Wiman,2623,M25-29,Male,Malmö,Skåne,Sweden,SE,0:58:59,5:46:18,4:55:50,0:06:18,0:05:56,11:53:20,3539,20778,17750,378,356,42800,1139,986,167,129,105,9,873,781,124,1139,986,167,Finisher,2545
Mats,Schultze ,Mats Schultze,2232,M55-59,Male,Bromma,Stockholm,Sweden,SE,1:19:27,6:04:16,4:09:38,0:12:08,0:07:52,11:53:21,4767,21856,14978,728,472,42801,1140,987,57,1376,1153,73,1561,1339,88,1140,987,57,Finisher,3447
Ibrahim,Abdul Khaliq,Ibrahim Abdul Khaliq,270,M40-44,Male,Riyadh,Riyadh Province,Pakistan,PK,1:23:32,5:53:29,4:23:20,0:06:41,0:06:22,11:53:23,5012,21209,15800,401,382,42803,1141,988,105,1654,1366,142,1380,1204,132,1141,988,105,Finisher,2773
Fleur,Hakkesteegt,Fleur Hakkesteegt,1141,F35-39,Female,Zwaag,,Netherlands,NL,1:22:21,6:02:48,4:06:47,0:11:18,0:10:11,11:53:25,4941,21768,14807,678,611,42805,1142,154,14,1578,275,32,1571,225,19,1142,154,14,Finisher,4043
Bobo,Backman,Bobo Backman,1665,M18-24,Male,Stockholm,SE-AB,Sweden,SE,1:08:56,5:28:21,5:00:00,0:08:57,0:07:12,11:53:25,4136,19701,18000,537,432,42805,1143,989,115,562,474,52,796,717,67,1143,989,115,Finisher,2665
Arthur,Caron,Arthur Caron,227,M30-34,Male,Amiens,FR-80,Belgium,BE,1:11:53,5:43:16,4:49:56,0:04:26,0:04:08,11:53:39,4313,20596,17396,266,248,42819,1144,990,172,763,644,99,1005,892,149,1144,990,172,Finisher,2500
Matthew,Heaman,Matthew Heaman,1465,M60-64,Male,Lydney,Glos,United Kingdom,GB,1:26:49,5:43:58,4:31:50,0:06:40,0:04:29,11:53:46,5209,20638,16310,400,269,42826,1145,991,19,1827,1491,34,1285,1118,24,1145,991,19,Finisher,3549
Magnus,Knutsson,Magnus Knutsson,1864,M45-49,Male,Örebro,Örebro län,Sweden,SE,1:20:20,5:47:43,4:33:42,0:06:38,0:05:25,11:53:48,4820,20863,16422,398,325,42828,1146,992,106,1445,1209,124,1239,1080,121,1146,992,106,Finisher,2892
Pernille,Sønderskov Malling,Pernille Sønderskov Malling,2699,F45-49,Female,"
Næstved",,Denmark,DK,1:18:46,5:29:52,4:53:57,0:06:27,0:04:50,11:53:52,4726,19792,17637,387,290,42832,1147,155,17,1324,215,26,933,104,13,1147,155,17,Finisher,3428
Sebastian,Gelin,Sebastian Gelin,425,M25-29,Male,Göteborg,Göteborg,Sweden,SE,1:18:35,5:44:43,4:34:54,0:08:37,0:07:07,11:53:56,4715,20683,16494,517,427,42836,1148,993,168,1314,1102,192,1194,1047,177,1148,993,168,Finisher,2538
Carsten,Roth,Carsten Roth,1184,M50-54,Male,Nomborn,Rheinland-Pfalz,Germany,DE,1:13:36,5:35:34,4:53:11,0:05:42,0:06:10,11:54:12,4416,20134,17591,342,370,42852,1149,994,89,910,773,72,928,826,81,1149,994,89,Finisher,3075
Michalis,Sotiriou,Michalis Sotiriou,691,M35-39,Male,LIMASSOL,CY-LEYMASUN,Cyprus,CY,1:16:15,5:32:41,4:53:07,0:05:31,0:06:41,11:54:14,4575,19961,17587,331,401,42854,1150,995,109,1115,948,103,922,821,94,1150,995,109,Finisher,2646
Matthias,Debarry,Matthias Debarry,1967,M50-54,Male,Hannover,NI,Germany,DE,1:07:51,5:47:05,4:45:38,0:06:57,0:06:44,11:54:15,4071,20825,17138,417,404,42855,1151,996,90,495,416,28,1041,922,89,1151,996,90,Finisher,3074
Jonas,Littorin,Jonas Littorin,2343,M60-64,Male,Enskede,SE-AB,Sweden,SE,1:14:48,5:50:54,4:37:01,0:06:32,0:05:01,11:54:16,4488,21054,16621,392,301,42856,1152,997,20,1009,857,15,1199,1051,21,1152,997,20,Finisher,3543
Thomas,Neumann,Thomas Neumann,380,M35-39,Male,FLEN,SE-D,Sweden,SE,1:21:59,5:24:25,4:56:31,0:06:52,0:04:35,11:54:21,4919,19465,17791,412,275,42861,1153,998,110,1553,1284,137,901,805,93,1153,998,110,Finisher,2644
Jesper,Malmberg,Jesper Malmberg,1052,M35-39,Male,Kalmar,Kalmar,Sweden,SE,1:33:01,5:37:02,4:30:43,0:06:55,0:06:53,11:54:33,5581,20222,16243,415,413,42873,1154,999,111,2109,1710,186,1278,1111,125,1154,999,111,Finisher,2642
Kamil,Folkert,Kamil Folkert,2710,M40-44,Male,Tychy,śląskie,Poland,PL,1:09:29,5:14:51,5:19:39,0:06:18,0:04:19,11:54:35,4169,18891,19179,378,259,42875,1155,1000,106,597,505,46,557,506,58,1155,1000,106,Finisher,2758
Emelie,Sigelind,Emelie Sigelind,2126,F35-39,Female,Gällivare,,Sweden,SE,1:27:59,5:48:59,4:24:34,0:05:21,0:07:54,11:54:47,5279,20939,15874,321,474,42887,1156,156,15,1892,352,40,1357,175,13,1156,156,15,Finisher,4026
Nicolai,Braender,Nicolai Braender,2719,M35-39,Male,København S,,Denmark,DK,1:16:25,5:19:23,5:07:34,0:04:37,0:06:55,11:54:54,4585,19163,18454,277,415,42894,1157,1001,112,1132,963,107,703,637,75,1157,1001,112,Finisher,2638
Erik,Celander,Erik Celander,486,M40-44,Male,Kalmar,,Sweden,SE,1:34:58,5:42:32,4:23:06,0:06:41,0:07:40,11:54:58,5698,20552,15786,401,460,42898,1158,1002,107,2163,1748,182,1389,1213,133,1158,1002,107,Finisher,2754
Julian,van Aalten,Julian van Aalten,1258,M35-39,Male,Maasland,ZUID-HOLLAND,Netherlands,NL,1:18:59,5:30:02,4:50:18,0:08:46,0:07:04,11:55:09,4739,19802,17418,526,424,42909,1159,1003,113,1340,1122,121,979,871,103,1159,1003,113,Finisher,2635
Jasper,Goyvaerts,Jasper Goyvaerts,2099,M35-39,Male,Zelzate,,Belgium,BE,1:24:35,5:38:57,4:36:48,0:07:36,0:07:22,11:55:17,5075,20337,16608,456,442,42917,1160,1004,114,1721,1414,157,1186,1042,120,1160,1004,114,Finisher,2633
Frank,Haglund,Frank Haglund,1310,M45-49,Male,Oxelösund,,Sweden,SE,1:02:47,5:10:31,5:31:50,0:04:50,0:05:21,11:55:20,3767,18631,19910,290,321,42920,1161,1005,107,262,215,22,406,375,40,1161,1005,107,Finisher,2874
Staffan,Emanuelsson,Staffan Emanuelsson,2142,M40-44,Male,Linköping,,Sweden,SE,1:29:52,5:32:41,4:40:54,0:06:23,0:05:46,11:55:37,5392,19961,16854,383,346,42937,1162,1006,108,1975,1610,163,1148,1010,108,1162,1006,108,Finisher,2746
Dennis,Ericsson,Dennis Ericsson,309,M35-39,Male,Rimbo,,Sweden,SE,1:15:54,5:29:12,4:59:13,0:06:11,0:05:09,11:55:38,4554,19752,17953,371,309,42938,1163,1007,115,1096,933,102,868,777,88,1163,1007,115,Finisher,2629
Axel,Gallén,Axel Gallén,2463,M25-29,Male,Sigtuna,Stockholm,Sweden,SE,1:10:51,6:05:59,4:18:54,0:10:07,0:09:57,11:55:48,4251,21959,15534,607,597,42948,1164,1008,169,695,591,91,1419,1235,210,1164,1008,169,Finisher,2516
Jacob,Johansson ,Jacob Johansson,539,M30-34,Male,skene,VASTRA GOTALANDS LAN [SE-14],Sweden,SE,1:15:56,5:26:12,4:56:17,0:06:24,0:10:59,11:55:49,4556,19572,17777,384,659,42949,1165,1009,173,1098,935,154,832,747,123,1165,1009,173,Finisher,2474
Stina,Svedenås,Stina Svedenås,475,F35-39,Female,Rockneby,,Sweden,SE,1:24:05,5:35:05,4:44:40,0:04:49,0:07:23,11:56:02,5045,20105,17080,289,443,42962,1166,157,16,1691,296,34,1074,126,10,1166,157,16,Finisher,4011
Bartlomiej,Oleszek,Bartlomiej Oleszek,2342,M35-39,Male,Torun,Kuiavia-Pomerania,Poland,PL,1:13:17,6:03:52,4:23:46,0:06:58,0:08:09,11:56:02,4397,21832,15826,418,489,42962,1167,1010,116,882,748,83,1385,1209,135,1167,1010,116,Finisher,2624
Markus,Qvist,Markus Qvist,1529,M50-54,Male,Helsinki,,Finland,FI,1:15:26,5:50:34,4:37:02,0:07:24,0:05:40,11:56:06,4526,21034,16622,444,340,42966,1168,1011,91,1059,901,90,1221,1067,107,1168,1011,91,Finisher,3052
Salamon,Nordås,Salamon Nordås,1958,M25-29,Male,Hønefoss,Buskerud,Norway,NO,1:29:27,5:31:43,4:36:10,0:09:43,0:09:06,11:56:08,5367,19903,16570,583,546,42968,1169,1012,170,1961,1597,268,1181,1038,174,1169,1012,170,Finisher,2512
William,Kingsberry,William Kingsberry,2593,M30-34,Male,Marwood,Devon,United Kingdom,GB,1:11:46,5:45:17,4:42:24,0:07:51,0:08:51,11:56:09,4306,20717,16944,471,531,42969,1170,1013,174,756,639,96,1087,959,161,1170,1013,174,Finisher,2470
Peter,Skoglund,Peter Skoglund,2361,M45-49,Male,Fellingsbro,OREBRO LAN [SE-18],Sweden,SE,1:42:28,5:34:49,4:24:44,0:06:49,0:07:19,11:56:10,6148,20089,15884,409,439,42970,1171,1014,108,2317,1864,190,1387,1211,133,1171,1014,108,Finisher,2864
Linus,Johnsson ,Linus Johnsson,664,M18-24,Male,Nybro,Kalmar,Sweden,SE,1:13:45,5:40:31,4:49:38,0:06:50,0:05:26,11:56:11,4425,20431,17378,410,326,42971,1172,1015,116,926,785,96,1033,915,84,1172,1015,116,Finisher,2632
Jari,Ruokonen,Jari Ruokonen,1573,M40-44,Male,Salo,Länsi Suomi,Finland,FI,1:02:36,5:44:25,4:57:33,0:03:18,0:08:30,11:56:22,3756,20665,17853,198,510,42982,1173,1016,109,255,209,15,856,767,86,1173,1016,109,Finisher,2737
Richard,Bickerton,Richard Bickerton,986,M45-49,Male,Henwick,Berkshire,United Kingdom,GB,1:10:58,6:02:07,4:27:50,0:10:07,0:05:27,11:56:30,4258,21727,16070,607,327,42990,1174,1017,109,704,599,72,1375,1199,130,1174,1017,109,Finisher,2860
Rob,Vanlook,Rob Vanlook,1376,M40-44,Male,Heusden-Zolder,,Belgium,BE,1:19:41,5:59:40,4:18:13,0:10:47,0:08:14,11:56:36,4781,21580,15493,647,494,42996,1175,1018,110,1393,1169,115,1474,1278,140,1175,1018,110,Finisher,2734
James,Stilgoe,James Stilgoe,2152,M55-59,Male,Atherstone,WAR,United Kingdom,GB,1:09:18,5:38:22,4:51:47,0:10:50,0:06:27,11:56:43,4158,20302,17507,650,387,43003,1176,1019,58,587,497,27,993,882,59,1176,1019,58,Finisher,3406
Wes,Fox,Wes Fox,1417,M35-39,Male,Franklin,MASSACHUSETTS,Ireland,IE,1:24:25,6:05:46,4:13:56,0:07:09,0:05:27,11:56:43,5065,21946,15236,429,327,43003,1177,1020,117,1715,1410,156,1593,1362,151,1177,1020,117,Finisher,2616
Casper,Karlsson,Casper Karlsson,1129,M18-24,Male,Ronneby,BLEKINGE LAN [SE-10],Sweden,SE,1:21:34,5:16:15,5:11:36,0:04:14,0:03:08,11:56:48,4894,18975,18696,254,188,43008,1178,1021,117,1523,1263,153,725,657,61,1178,1021,117,Finisher,2625
Johan,REBENSDORFF,Johan REBENSDORFF,2659,M50-54,Male,Limhamn,SE-M,Sweden,SE,1:23:36,5:08:35,4:58:17,0:06:57,0:19:23,11:56:48,5016,18515,17897,417,1163,43008,1179,1022,92,1659,1369,135,682,616,59,1179,1022,92,Finisher,3043
Søren,Zepernick,Søren Zepernick,2427,M25-29,Male,Bagsværd,Copenhagen,Denmark,DK,1:26:08,5:32:43,4:40:49,0:06:16,0:10:55,11:56:50,5168,19963,16849,376,655,43010,1180,1023,171,1788,1463,247,1092,963,160,1180,1023,171,Finisher,2503
Markus,Riste,Markus Riste,2477,M25-29,Male,Oslo,Oslo,Norway,NO,1:14:24,6:12:39,4:17:11,0:07:57,0:04:43,11:56:55,4464,22359,15431,477,283,43015,1181,1024,172,979,830,134,1552,1333,230,1181,1024,172,Finisher,2502
Bas,Jetten,Bas Jetten,910,M25-29,Male,Gersloot,,Netherlands,NL,1:17:09,5:39:12,4:47:03,0:06:30,0:07:02,11:56:56,4629,20352,17223,390,422,43016,1182,1025,173,1196,1010,173,1052,931,151,1182,1025,173,Finisher,2502
Marcus,Larsson,Marcus Larsson,1725,M18-24,Male,Göteborg ,Västra Götaland,Sweden,SE,1:22:14,6:10:51,4:11:57,0:06:11,0:05:46,11:56:58,4934,22251,15117,371,346,43018,1183,1026,118,1569,1296,157,1624,1385,157,1183,1026,118,Finisher,2623
Edvin ,Palm ,Edvin Palm,2404,M35-39,Male,Västerljung,Södermanland,Sweden,SE,1:21:52,5:37:58,4:41:11,0:08:40,0:07:18,11:56:59,4912,20278,16871,520,438,43019,1184,1027,118,1543,1277,135,1142,1005,117,1184,1027,118,Finisher,2613
Karin,Hallberg,Karin Hallberg,700,F40-44,Female,Sundsvall,Västernorrland,Sweden,SE,1:23:01,5:41:36,4:42:00,0:05:38,0:04:55,11:57:09,4981,20496,16920,338,295,43029,1185,158,28,1615,283,41,1170,142,28,1185,158,28,Finisher,2914
Sarah,Heerschop,Sarah Heerschop,644,F25-29,Female,Schiedam,,Netherlands,NL,1:21:29,5:45:49,4:29:55,0:09:19,0:10:38,11:57:11,4889,20749,16195,559,638,43031,1186,159,30,1517,258,46,1273,166,28,1186,159,30,Finisher,3029
Lita,Söderqvist,Lita Söderqvist,1857,F30-34,Female,Sundsvall,SE-Y,Sweden,SE,1:21:10,5:55:26,4:29:48,0:06:04,0:04:46,11:57:15,4870,21326,16188,364,286,43035,1187,160,21,1496,252,35,1362,176,21,1187,160,21,Finisher,3304
Kamil,Krzyworaczka,Kamil Krzyworaczka,2063,M30-34,Male,Kraków,małopolskie,Poland,PL,1:12:51,5:52:28,4:35:05,0:07:10,0:09:45,11:57:19,4371,21148,16505,430,585,43039,1188,1028,175,846,716,113,1202,1054,174,1188,1028,175,Finisher,2456
David,Jansson ,David Jansson,522,M35-39,Male,Färjestaden ,Kalmar,Sweden,SE,1:22:24,6:11:16,4:10:02,0:07:12,0:06:27,11:57:22,4944,22276,15002,432,387,43042,1189,1029,119,1583,1307,140,1641,1399,154,1189,1029,119,Finisher,2608
Mikkel,Frandsen,Mikkel Frandsen,1677,M25-29,Male,København,,Denmark,DK,1:17:37,5:57:18,4:29:40,0:08:28,0:04:22,11:57:24,4657,21438,16180,508,262,43044,1190,1030,174,1239,1045,182,1376,1200,206,1190,1030,174,Finisher,2497
Mika,Bengtsson,Mika Bengtsson,521,M35-39,Male,Kalmar,,Sweden,SE,1:23:07,6:01:48,4:20:48,0:06:51,0:04:56,11:57:30,4987,21708,15648,411,296,43050,1191,1031,120,1622,1339,145,1504,1301,144,1191,1031,120,Finisher,2607
Felix,Arnestrand,Felix Arnestrand,2387,M25-29,Male,Uppsala,,Sweden,SE,1:08:57,5:46:58,4:48:08,0:07:34,0:05:59,11:57:36,4137,20818,17288,454,359,43056,1192,1032,175,566,477,76,1064,942,153,1192,1032,175,Finisher,2494
Theo,Hall,Theo Hall,2164,M18-24,Male,Kristinehamn,Värmland,Sweden,SE,1:27:04,5:50:20,4:25:44,0:06:31,0:07:58,11:57:37,5224,21020,15944,391,478,43057,1193,1033,119,1842,1500,181,1384,1208,125,1193,1033,119,Finisher,2615
Andreas,Eriksson,Andreas Eriksson,1740,M25-29,Male,Skinnskatteberg,Västmanland,Sweden,SE,1:29:53,6:09:13,3:47:27,0:15:13,0:15:55,11:57:41,5393,22153,13647,913,955,43061,1194,1034,176,1976,1611,271,1806,1522,257,1194,1034,176,Finisher,2493
Paul Eric,Zeitz,Paul Eric Zeitz,1192,M30-34,Male,Radebeul,foreigner,Germany,DE,1:25:10,5:50:58,4:22:58,0:09:37,0:09:00,11:57:43,5110,21058,15778,577,540,43063,1195,1035,176,1745,1432,240,1408,1225,207,1195,1035,176,Finisher,2451
August,Brehm,August Brehm,1565,M25-29,Male,Sollentuna,,Sweden,SE,1:14:37,6:12:02,4:18:31,0:05:44,0:06:54,11:57:49,4477,22322,15511,344,414,43069,1196,1036,177,988,838,136,1518,1310,224,1196,1036,177,Finisher,2492
Karina,Knipping,Karina Knipping,2026,F45-49,Female,Altenbeken,NORDRHEIN-WESTFALEN,Germany,DE,1:12:28,5:47:46,4:40:13,0:08:35,0:08:49,11:57:50,4348,20866,16813,515,529,43070,1197,161,18,810,124,13,1145,138,16,1197,161,18,Finisher,3381
Lotta,Nordbeck,Lotta Nordbeck,613,F50-54,Female,Vallentuna,SE-AB,Sweden,SE,1:08:57,5:51:30,4:43:41,0:06:12,0:07:36,11:57:55,4137,21090,17021,372,456,43075,1198,162,11,564,89,6,1113,132,7,1198,162,11,Finisher,4075
Harald,Strandberg,Harald Strandberg,683,M25-29,Male,Kalmar,Kalmar,Sweden,SE,1:16:24,6:04:40,4:21:08,0:08:23,0:07:28,11:58:03,4584,21880,15668,503,448,43083,1199,1037,178,1130,961,160,1462,1271,218,1199,1037,178,Finisher,2489
Erik,Jonsson,Erik Jonsson,2641,M30-34,Male,Borås,Västra Götaland,Sweden,SE,1:57:07,5:26:46,4:21:12,0:07:17,0:05:46,11:58:07,7027,19606,15672,437,346,43087,1200,1038,177,2427,1950,320,1495,1293,217,1200,1038,177,Finisher,2447
Brian,Beal,Brian Beal,182,M35-39,Male,Ann Arbor,US-MI,United States,US,1:23:43,5:34:25,4:40:49,0:09:56,0:09:15,11:58:09,5023,20065,16849,596,555,43089,1201,1039,121,1670,1380,147,1136,1001,116,1201,1039,121,Finisher,2599
Francisco Jose,Cerezo Balsas,Francisco Jose Cerezo Balsas,2184,M50-54,Male,Alhama de Murcia,"MURCIA, REGION DE",Spain,ES,1:36:11,5:48:01,4:24:24,0:05:33,0:04:10,11:58:17,5771,20881,15864,333,250,43097,1202,1040,93,2199,1775,182,1467,1274,126,1202,1040,93,Finisher,3026
Selena,van der Horst,Selena van der Horst,1041,F25-29,Female,Göteborg,Västra Götaland,Sweden,SE,1:12:35,5:49:01,4:46:06,0:05:53,0:04:47,11:58:23,4355,20941,17166,353,287,43103,1203,163,31,823,127,24,1125,134,22,1203,163,31,Finisher,3014
Per,Wilhelmsson,Per Wilhelmsson,2540,M45-49,Male,Vislanda,SE-G,Sweden,SE,1:19:34,6:13:35,4:13:46,0:06:50,0:04:40,11:58:25,4774,22415,15226,410,280,43105,1204,1041,110,1387,1163,121,1629,1389,148,1204,1041,110,Finisher,2837
Hannah,Land,Hannah Land,2125,F30-34,Female,Hilperton,WIL,United Kingdom,GB,1:00:09,5:21:29,5:28:33,0:04:40,0:03:37,11:58:27,3609,19289,19713,280,217,43107,1205,164,22,163,30,3,496,46,8,1205,164,22,Finisher,3290
Magnus,Hansen,Magnus Hansen,2358,M18-24,Male,Næstved,Zealand,Denmark,DK,1:23:52,6:01:59,4:21:24,0:06:16,0:04:59,11:58:30,5032,21719,15684,376,299,43110,1206,1042,120,1674,1384,167,1513,1307,142,1206,1042,120,Finisher,2604
Fokke,Fennema,Fokke Fennema,312,M30-34,Male,Groningen,,Niger,NE,1:13:29,5:28:07,4:56:31,0:11:30,0:08:53,11:58:30,4409,19687,17791,690,533,43110,1207,1043,178,897,762,125,899,803,133,1207,1043,178,Finisher,2442
Pontus,Ahl,Pontus Ahl,1972,M40-44,Male,Nynäshamn,,Sweden,SE,1:35:01,5:52:48,4:15:03,0:08:20,0:07:20,11:58:32,5701,21168,15303,500,440,43112,1208,1044,111,2165,1750,183,1566,1343,147,1208,1044,111,Finisher,2711
Maja,Jägerbrink,Maja Jägerbrink,465,F30-34,Female,Kalmar,,Sweden,SE,1:09:39,,4:37:41,0:04:56,0:00:00,11:58:36,4179,0,16661,296,0,43116,1209,165,23,608,94,18,99999,99999,99999,1209,165,23,Finisher,3288
Paul,Elliott,Paul Elliott,1484,M45-49,Male,Farnham,SURREY,United Kingdom,GB,1:09:35,5:40:27,4:53:32,0:06:37,0:08:28,11:58:39,4175,20427,17612,397,508,43119,1210,1045,111,603,511,60,956,849,98,1210,1045,111,Finisher,2834
Dimitri,RINTO,Dimitri RINTO,2136,M35-39,Male,GUIPAVAS,FINISTERE,France,FR,1:05:49,5:50:20,4:52:22,0:05:02,0:05:06,11:58:39,3949,21020,17542,302,306,43119,1211,1046,122,382,315,37,1036,918,108,1211,1046,122,Finisher,2593
Sanna,Qvist,Sanna Qvist,1530,F45-49,Female,Helsinki,,Finland,FI,1:22:43,5:58:14,4:27:27,0:04:52,0:05:26,11:58:41,4963,21494,16047,292,326,43121,1212,166,19,1601,282,31,1409,184,19,1212,166,19,Finisher,3371
Piotr,Stec,Piotr Stec,1220,M50-54,Male,Warszawa,mazowieckie,Poland,PL,1:20:13,5:31:46,4:53:19,0:07:35,0:05:56,11:58:48,4813,19906,17599,455,356,43128,1213,1047,94,1435,1200,121,1003,890,87,1213,1047,94,Finisher,3019
Martin,Wallgren,Martin Wallgren,874,M35-39,Male,Kalmar,KALMAR LAN [SE-08],Sweden,SE,1:24:01,5:58:46,4:24:30,0:05:01,0:06:32,11:58:50,5041,21526,15870,301,392,43130,1214,1048,123,1686,1393,150,1434,1248,140,1214,1048,123,Finisher,2591
Annikka,Koivu,Annikka Koivu,1727,F50-54,Female,Espoo,Uusimaa,Finland,FI,0:58:48,6:07:04,4:40:01,0:05:58,0:07:18,11:59:09,3528,22024,16801,358,438,43149,1215,167,12,126,23,2,1193,147,10,1215,167,12,Finisher,4061
Markus,Lim,Markus Lim,435,M18-24,Male,Hägersten,Stockholm,Sweden,SE,1:27:08,6:04:22,4:17:55,0:06:31,0:03:20,11:59:15,5228,21862,15475,391,200,43155,1216,1049,121,1846,1502,182,1606,1372,153,1216,1049,121,Finisher,2595
Oscar,Lithander,Oscar Lithander,334,M25-29,Male,Nacka,STOCKHOLMS LAN [SE-01],Sweden,SE,1:13:42,6:02:28,4:22:04,0:11:53,0:09:09,11:59:16,4422,21748,15724,713,549,43156,1217,1050,179,920,780,122,1439,1253,215,1217,1050,179,Finisher,2474
Robin ,Beaussart ,Robin Beaussart,887,M25-29,Male,Oslo,OSLO,France,FR,1:05:30,6:02:24,4:39:01,0:05:28,0:06:56,11:59:20,3930,21744,16741,328,416,43160,1218,1051,180,363,296,40,1220,1066,181,1218,1051,180,Finisher,2473
Matias,Niinimäki,Matias Niinimäki,1748,M35-39,Male,Lempäälä,Pirkanmaa,Finland,FI,1:20:50,5:28:04,4:56:42,0:08:05,0:05:45,11:59:26,4850,19684,17802,485,345,43166,1219,1052,124,1476,1228,128,964,856,97,1219,1052,124,Finisher,2583
Hanna,Svensson,Hanna Svensson,1222,F25-29,Female,Kristianstad ,Skåne,Sweden,SE,1:29:54,5:37:08,4:38:09,0:08:26,0:06:00,11:59:36,5394,20228,16689,506,360,43176,1220,168,32,1977,366,65,1250,161,26,1220,168,32,Finisher,3000
Viktor,Johansson,Viktor Johansson,224,M35-39,Male,Skummeslövssstrand,N,Sweden,SE,1:28:24,5:09:06,5:10:42,0:05:38,0:05:46,11:59:37,5304,18546,18642,338,346,43177,1221,1053,125,1911,1556,170,739,670,78,1221,1053,125,Finisher,2581
Charlotte,Litwinenko,Charlotte Litwinenko,1325,F25-29,Female,Berlin,BE,Germany,DE,1:35:19,6:10:59,3:59:57,0:07:09,0:06:19,11:59:43,5719,22259,14397,429,379,43183,1222,169,33,2177,418,78,1792,277,48,1222,169,33,Finisher,2998
Kari,Lehtinen,Kari Lehtinen,2288,M55-59,Male,Siuntio,FI-18,Finland,FI,1:36:11,5:49:54,4:18:51,0:07:07,0:07:42,11:59:45,5771,20994,15531,427,462,43185,1223,1054,59,2200,1776,135,1528,1317,85,1223,1054,59,Finisher,3370
Sarah,Moy de Vitry,Sarah Moy de Vitry,2420,F25-29,Female,Kobenhavn,Copenhagen,Switzerland,CH,1:24:55,5:46:43,4:33:14,0:06:11,0:08:44,11:59:46,5095,20803,16394,371,524,43186,1224,170,34,1736,312,57,1295,168,29,1224,170,34,Finisher,2998
Ann-Charlotte,Bengtsson,Ann-Charlotte Bengtsson,568,F45-49,Female,Falkenberg,HALLANDS LAN [SE-13],Sweden,SE,1:24:06,5:58:36,4:21:23,0:07:36,0:08:07,11:59:47,5046,21516,15683,456,487,43187,1225,171,20,1692,297,37,1475,197,22,1225,171,20,Finisher,3357
Sebastian,Stensrud,Sebastian Stensrud,2708,M25-29,Male,Hauglandshella,Vestland,Norway,NO,1:16:33,5:48:28,4:45:30,0:04:48,0:04:35,11:59:54,4593,20908,17130,288,275,43194,1226,1055,181,1144,972,163,1163,1022,171,1226,1055,181,Finisher,2467
Rebecca,Norrbrink,Rebecca Norrbrink,1730,F25-29,Female,Göteborg,Västra Götaland,Sweden,SE,1:13:32,6:17:55,4:11:10,0:09:55,0:07:28,12:00:00,4412,22675,15070,595,448,43200,1227,172,35,903,136,25,1648,245,42,1227,172,35,Finisher,2995
Isak,Engblom,Isak Engblom,2493,M25-29,Male,Lund,Skåne,Sweden,SE,1:05:33,6:55:59,3:45:25,0:05:37,0:07:27,12:00:01,3933,24959,13525,337,447,43201,1228,1056,182,365,298,41,1968,1636,273,1228,1056,182,Finisher,2465
Karl,Öqvist,Karl Öqvist,2762,M25-29,Male,Sövde,Skåne,Sweden,SE,1:15:11,5:44:01,4:50:01,0:05:58,0:05:10,12:00:21,4511,20641,17401,358,310,43221,1229,1057,183,1035,882,145,1094,965,161,1229,1057,183,Finisher,2461
Maélyne,Josselin,Maélyne Josselin,1066,F25-29,Female,Dinan,COTES-D'ARMOR,France,FR,1:06:14,6:20:51,4:22:57,0:04:54,0:05:26,12:00:21,3974,22851,15777,294,326,43221,1230,173,36,408,71,15,1507,205,37,1230,173,36,Finisher,2991
Daniel,Muscat,Daniel Muscat,780,M25-29,Male,Birkirkara,Malta,Malta,MT,1:02:14,6:03:33,4:40:06,0:08:20,0:06:29,12:00:42,3734,21813,16806,500,389,43242,1231,1058,184,241,199,24,1231,1075,183,1231,1058,184,Finisher,2457
Benjamin,Voorhelst,Benjamin Voorhelst,2028,M25-29,Male,Antwerpen,Flemish Region,Belgium,BE,1:38:26,6:03:12,4:02:00,0:07:55,0:09:29,12:01:02,5906,21792,14520,475,569,43262,1232,1059,185,2247,1808,307,1752,1491,251,1232,1059,185,Finisher,2453
Victor,Wennroth,Victor Wennroth,2170,M25-29,Male,Halmstad,Halland,Sweden,SE,1:28:14,5:59:58,4:25:17,0:04:22,0:03:20,12:01:10,5294,21598,15917,262,200,43270,1233,1060,186,1903,1548,259,1519,1311,225,1233,1060,186,Finisher,2451
Jens,Edström,Jens Edström,2700,M30-34,Male,Kil,Värmlands Län,Sweden,SE,1:36:33,5:35:03,4:34:56,0:06:56,0:07:52,12:01:20,5793,20103,16496,416,472,43280,1234,1061,179,2209,1782,285,1303,1135,191,1234,1061,179,Finisher,2408
Tomasz,Kubasik,Tomasz Kubasik,1601,M40-44,Male,Lubliniec,śląskie,Poland,PL,1:13:41,5:44:24,4:50:16,0:05:30,0:07:37,12:01:28,4421,20664,17416,330,457,43288,1235,1062,112,915,777,72,1067,944,102,1235,1062,112,Finisher,2676
Simon,Krawe,Simon Krawe,843,M30-34,Male,Lidingö,,Sweden,SE,1:09:07,4:57:16,5:46:00,0:03:55,0:05:30,12:01:48,4147,17836,20760,235,330,43308,1236,1063,180,576,487,74,319,291,38,1236,1063,180,Finisher,2402
Sakarias,El Andaloussi,Sakarias El Andaloussi,692,M35-39,Male,Kalmar,Kalmar,Sweden,SE,1:39:28,6:03:56,4:03:20,0:07:30,0:07:35,12:01:49,5968,21836,14600,450,455,43309,1237,1064,126,2274,1828,193,1766,1498,161,1237,1064,126,Finisher,2555
Oskar,Hellqvist,Oskar Hellqvist,2731,M40-44,Male,Stockholm,,Sweden,SE,1:27:51,6:00:30,4:21:56,0:05:57,0:05:41,12:01:55,5271,21630,15716,357,341,43315,1238,1065,113,1884,1535,153,1539,1323,144,1238,1065,113,Finisher,2670
Rasmus,Ståhl,Rasmus Ståhl,298,M18-24,Male,Mörbylånga,Kalmar Län,Sweden,SE,1:09:21,5:49:57,4:49:51,0:06:53,0:06:07,12:02:09,4161,20997,17391,413,367,43329,1239,1066,122,591,500,57,1102,973,87,1239,1066,122,Finisher,2560
Szymon,Karbowiak,Szymon Karbowiak,2434,M40-44,Male,Krotoszyn,PL-Greater Poland,Poland,PL,1:08:34,5:34:43,5:09:01,0:05:04,0:05:07,12:02:28,4114,20083,18541,304,307,43348,1240,1067,114,537,453,39,827,742,81,1240,1067,114,Finisher,2664
Joakim,Gustafsson,Joakim Gustafsson,872,M40-44,Male,Färjestaden,SE-H,Sweden,SE,1:31:12,5:50:42,4:27:42,0:07:30,0:05:30,12:02:36,5472,21042,16062,450,330,43356,1241,1068,115,2036,1660,169,1461,1270,139,1241,1068,115,Finisher,2662
Victor,Forsberg,Victor Forsberg,459,M40-44,Male,Kalmar,,Sweden,SE,1:18:20,5:44:45,4:45:29,0:07:05,0:07:14,12:02:53,4700,20685,17129,425,434,43373,1242,1069,116,1295,1088,104,1168,1027,112,1242,1069,116,Finisher,2659
Manfred,Eriksson,Manfred Eriksson,397,M25-29,Male,Askersund,Örebro,Sweden,SE,1:16:14,6:14:20,4:20:00,0:06:55,0:05:28,12:02:57,4574,22460,15600,415,328,43377,1243,1070,187,1114,947,158,1595,1363,232,1243,1070,187,Finisher,2430
Hampus,Horndahl,Hampus Horndahl,718,M30-34,Male,Umeå,SE,Sweden,SE,1:05:31,5:31:47,5:15:58,0:03:58,0:05:55,12:03:10,3931,19907,18958,238,355,43390,1244,1071,181,364,297,48,716,648,107,1244,1071,181,Finisher,2386
Josefin,Englund,Josefin Englund,1196,F50-54,Female,Öckerö,,Sweden,SE,1:17:09,6:00:39,4:22:19,0:11:46,0:11:23,12:03:16,4629,21639,15739,706,683,43396,1245,174,13,1195,186,16,1465,193,16,1245,174,13,Finisher,4011
Stuart,Weaver,Stuart Weaver,1521,M50-54,Male,Rushmere St. Andrew,SFK,United Kingdom,GB,1:10:50,6:17:59,4:21:05,0:07:22,0:06:04,12:03:20,4250,22679,15665,442,364,43400,1246,1072,95,692,589,52,1567,1344,138,1246,1072,95,Finisher,2965
Barry,Logue,Barry Logue,1218,M50-54,Male,Helens Bay,GB-NIR,Ireland,IE,1:16:12,5:44:15,4:47:00,0:08:50,0:07:10,12:03:27,4572,20655,17220,530,430,43407,1247,1073,96,1112,946,93,1154,1015,96,1247,1073,96,Finisher,2964
Sebastian,Öberg,Sebastian Öberg,2120,M25-29,Male,Vendelsö,SE-AB,Sweden,SE,1:09:03,5:36:06,5:08:39,0:03:59,0:05:46,12:03:34,4143,20166,18519,239,346,43414,1248,1074,188,573,484,78,842,756,120,1248,1074,188,Finisher,2423
Katie,Ellard,Katie Ellard,345,F30-34,Female,Ringwood,Hampshire,United Kingdom,GB,1:17:20,6:11:45,4:21:25,0:06:01,0:07:05,12:03:36,4640,22305,15685,361,425,43416,1249,175,24,1212,188,28,1553,220,26,1249,175,24,Finisher,3228
Leonas,Vedeikis,Leonas Vedeikis,1648,M25-29,Male,Kaunas,Kaunas,Lithuania,LT,1:16:52,6:04:09,4:25:52,0:09:56,0:06:59,12:03:47,4612,21849,15952,596,419,43427,1250,1075,189,1173,995,167,1491,1291,221,1250,1075,189,Finisher,2420
André ,Silva,André Silva,339,M25-29,Male,Alcacovas,,Portugal,PT,1:15:39,5:53:59,4:40:32,0:07:03,0:06:36,12:03:50,4539,21239,16832,423,396,43430,1251,1076,190,1076,917,151,1277,1110,190,1251,1076,190,Finisher,2419
Paul,Roothans,Paul Roothans,2049,M30-34,Male,Alcaçovas,,Portugal,PT,1:09:03,5:12:11,5:31:26,0:06:31,0:04:40,12:03:51,4143,18731,19886,391,280,43431,1252,1077,182,572,483,72,513,467,62,1252,1077,182,Finisher,2378
Noah,Toft,Noah Toft,2203,M18-24,Male,Aarhus,MIDTJYLLAND,Denmark,DK,1:23:26,5:49:38,4:37:43,0:06:58,0:06:09,12:03:53,5006,20978,16663,418,369,43433,1253,1078,123,1644,1357,164,1331,1161,118,1253,1078,123,Finisher,2540
Matthew,Kerr,Matthew Kerr,1332,M30-34,Male,Kalmar,KALMAR LAN [SE-08],South Africa,ZA,1:13:03,5:41:40,4:59:51,0:05:01,0:04:19,12:03:55,4383,20500,17991,301,259,43435,1254,1079,183,861,729,117,1007,894,150,1254,1079,183,Finisher,2377
Jon,Stacey,Jon Stacey,1063,M60-64,Male,Aylesbury,BKM,United Kingdom,GB,1:18:07,5:40:30,4:51:40,0:07:16,0:06:45,12:04:18,4687,20430,17500,436,405,43458,1255,1080,21,1283,1077,21,1100,971,19,1255,1080,21,Finisher,3423
Stef,Post,Stef Post,695,M30-34,Male,Leeuwarden,Friesland,Netherlands,NL,1:19:19,6:01:33,4:29:38,0:06:38,0:07:11,12:04:20,4759,21693,16178,398,431,43460,1256,1081,184,1368,1145,185,1430,1244,210,1256,1081,184,Finisher,2372
Simon,Lomnitz,Simon Lomnitz,841,M30-34,Male,Sölvesborg,,Sweden,SE,1:10:57,5:32:03,5:10:05,0:05:54,0:05:29,12:04:28,4257,19923,18605,354,329,43468,1257,1082,185,701,596,89,837,751,125,1257,1082,185,Finisher,2370
Tagamasa,Ikemoto,Tagamasa Ikemoto,869,M50-54,Male,Tokyo,JP-Tokyo Prefecture,Japan,JP,1:20:26,5:53:09,4:34:01,0:06:43,0:10:11,12:04:30,4826,21189,16441,403,611,43470,1258,1083,97,1448,1211,122,1337,1166,117,1258,1083,97,Finisher,2951
Virva,Pohjolainen,Virva Pohjolainen,1550,F40-44,Female,Sastamala,PIRKANMAA,Finland,FI,1:19:45,5:39:56,4:44:54,0:09:34,0:10:22,12:04:31,4785,20396,17094,574,622,43471,1259,176,29,1402,226,32,1153,139,26,1259,176,29,Finisher,2825
James,Kelly,James Kelly,2414,M35-39,Male,Blackburn,LAN,Isle of Man,IM,1:24:35,5:57:53,4:28:04,0:05:34,0:08:32,12:04:37,5075,21473,16084,334,512,43477,1260,1084,127,1722,1415,158,1437,1251,141,1260,1084,127,Finisher,2521
José Abraham,Kanan Rentería,José Abraham Kanan Rentería,2364,M30-34,Male,Tübingen,Baden-Württemberg,Mexico,MX,1:13:28,6:12:05,4:20:51,0:11:34,0:06:44,12:04:42,4408,22325,15651,694,404,43482,1261,1085,186,895,760,124,1587,1360,223,1261,1085,186,Finisher,2368
Dominique,Kooij,Dominique Kooij,2388,F40-44,Female,Maarssen,,Netherlands,NL,1:11:21,6:07:38,4:33:39,0:06:02,0:06:03,12:04:44,4281,22058,16419,362,363,43484,1262,177,30,728,111,13,1399,180,36,1262,177,30,Finisher,2823
Gustav,Wennergren,Gustav Wennergren,1707,M18-24,Male,Gothenburg,Västra Götaland,Sweden,SE,1:27:57,6:04:42,4:22:00,0:05:59,0:04:12,12:04:49,5277,21882,15720,359,252,43489,1263,1086,124,1888,1538,188,1612,1374,154,1263,1086,124,Finisher,2528
Robbe,Martens,Robbe Martens,1099,M25-29,Male,Westerlo,Antwerpen ,Belgium,BE,1:12:13,5:35:47,4:58:47,0:09:43,0:08:23,12:04:52,4333,20147,17927,583,503,43492,1264,1087,191,787,666,103,978,870,140,1264,1087,191,Finisher,2407
Sebastian,Merz,Sebastian Merz,929,M35-39,Male,Georgsmarienhütte,Lower Saxony,Germany,DE,1:06:44,5:29:27,5:11:36,0:08:09,0:09:06,12:05:02,4004,19767,18696,489,546,43502,1265,1088,128,439,366,46,764,690,80,1265,1088,128,Finisher,2516
Emil,Nilsson,Emil Nilsson,1354,M18-24,Male,Härjedalen,SE-Z,Sweden,SE,1:19:47,6:00:43,4:37:31,0:03:06,0:03:57,12:05:03,4787,21643,16651,186,237,43503,1266,1089,125,1406,1179,144,1378,1202,124,1266,1089,125,Finisher,2526
Simon,Gottfridsson,Simon Gottfridsson,387,M35-39,Male,Kalmar,,Sweden,SE,1:06:32,5:31:18,5:17:11,0:04:46,0:05:33,12:05:20,3992,19878,19031,286,333,43520,1267,1090,129,424,353,44,732,663,77,1267,1090,129,Finisher,2513
Laith,Al-Bodier,Laith Al-Bodier,2680,M30-34,Male,Stockholm,STOCKHOLMS LAN [SE-01],United Kingdom,GB,1:21:09,5:58:05,4:34:42,0:05:57,0:05:30,12:05:22,4869,21485,16482,357,330,43522,1268,1091,187,1494,1243,210,1401,1220,205,1268,1091,187,Finisher,2360
Niklas,Bergsten,Niklas Bergsten,1405,M40-44,Male,Järnforsen,Kalmar,Sweden,SE,1:13:44,5:49:31,4:47:15,0:06:27,0:08:27,12:05:25,4424,20971,17235,387,507,43525,1269,1092,117,924,783,74,1159,1019,110,1269,1092,117,Finisher,2628
Martin,Eriksson,Martin Eriksson,2018,M30-34,Male,Malmö,Skåne,Sweden,SE,1:21:01,5:46:44,4:40:06,0:08:15,0:09:25,12:05:31,4861,20804,16806,495,565,43531,1270,1093,188,1487,1238,207,1260,1096,183,1270,1093,188,Finisher,2358
Henric,Cedeskog,Henric Cedeskog,483,M35-39,Male,Kalmar,SE-H,Sweden,SE,1:13:32,5:35:54,4:59:32,0:07:46,0:08:47,12:05:31,4412,20154,17972,466,527,43531,1271,1094,130,902,767,87,969,861,100,1271,1094,130,Finisher,2510
Denis,Imamovic ,Denis Imamovic,936,M50-54,Male,Strängnäs ,Södermanland,Sweden,SE,1:16:24,6:01:37,4:29:34,0:08:10,0:09:52,12:05:37,4584,21697,16174,490,592,43537,1272,1095,98,1131,962,95,1414,1230,122,1272,1095,98,Finisher,2938
Jan,Christensen,Jan Christensen,2519,M45-49,Male,Slagelse,,Denmark,DK,1:25:57,5:29:34,4:54:33,0:09:37,0:06:02,12:05:44,5157,19774,17673,577,362,43544,1273,1096,112,1778,1455,150,1093,964,112,1273,1096,112,Finisher,2749
Olivia,McCulla,Olivia McCulla,1549,F35-39,Female,Worcester Park,UT,United Kingdom,GB,1:10:50,6:08:41,4:33:52,0:04:49,0:07:35,12:05:47,4250,22121,16432,289,455,43547,1274,178,17,693,104,7,1390,177,14,1274,178,17,Finisher,3894
Luukas,Nevala,Luukas Nevala,2746,M18-24,Male,Laukaa,Central Finland,Finland,FI,1:30:45,5:30:19,4:48:11,0:08:04,0:08:43,12:06:01,5445,19819,17291,484,523,43561,1275,1097,126,2016,1643,201,1152,1014,95,1275,1097,126,Finisher,2514
Joakim,Solvang,Joakim Solvang,2444,M30-34,Male,örebro,Örebro,Sweden,SE,1:13:17,5:57:34,4:34:55,0:09:45,0:10:31,12:06:02,4397,21454,16495,585,631,43562,1276,1098,189,881,747,122,1340,1169,195,1276,1098,189,Finisher,2352
Philip,Sadenfors,Philip Sadenfors,508,M25-29,Male,Kalmar,SE-AB,Sweden,SE,1:15:09,5:39:16,5:01:20,0:05:34,0:04:44,12:06:03,4509,20356,18080,334,284,43563,1277,1099,192,1033,880,144,1012,899,144,1277,1099,192,Finisher,2393
Juha,Riikonen,Juha Riikonen,937,M40-44,Male,Tampere,FI-11,Finland,FI,1:19:12,5:31:43,5:03:52,0:07:29,0:03:47,12:06:04,4752,19903,18232,449,227,43564,1278,1100,118,1363,1141,113,991,880,94,1278,1100,118,Finisher,2620
Emmanuel,Drapp,Emmanuel Drapp,1327,M55-59,Male,Sarreguemines,,France,FR,1:07:05,6:05:37,4:41:09,0:07:14,0:05:12,12:06:18,4025,21937,16869,434,312,43578,1279,1101,60,457,381,18,1327,1157,75,1279,1101,60,Finisher,3291
Joni,Köykkä,Joni Köykkä,323,M50-54,Male,Julkujärvi,,Finland,FI,1:10:27,5:53:22,4:49:27,0:06:51,0:06:43,12:06:50,4227,21202,17367,411,403,43610,1280,1102,99,663,565,49,1178,1035,99,1280,1102,99,Finisher,2923
Georgia,Hyett,Georgia Hyett,1155,F25-29,Female,London,WANDSWORTH,United Kingdom,GB,1:19:46,6:00:10,4:35:12,0:05:46,0:06:07,12:07:00,4786,21610,16512,346,367,43620,1281,179,37,1405,227,40,1407,183,32,1281,179,37,Finisher,2911
Sarah,Nordin,Sarah Nordin,2555,F25-29,Female,Karlstad,SE-S,Sweden,SE,1:20:41,6:07:35,4:29:01,0:05:00,0:05:13,12:07:30,4841,22055,16141,300,313,43650,1282,180,38,1463,244,42,1530,212,39,1282,180,38,Finisher,2905
patrick,gustafsson,patrick gustafsson,386,M45-49,Male,Köping,VASTMANLANDS LAN [SE-19],Sweden,SE,1:21:40,5:21:47,5:06:11,0:09:08,0:08:47,12:07:34,4900,19307,18371,548,527,43654,1283,1103,113,1533,1269,129,892,797,90,1283,1103,113,Finisher,2727
Magnus,Dahlgren,Magnus Dahlgren,173,M55-59,Male,Kalmar,KALMAR LAN [SE-08],Sweden,SE,1:12:18,5:19:20,5:27:50,0:03:34,0:04:47,12:07:48,4338,19160,19670,214,287,43668,1284,1104,61,791,670,39,624,566,33,1284,1104,61,Finisher,3273
Carina,Parment,Carina Parment,2633,F55-59,Female,Karlstad,,Sweden,SE,1:16:41,5:41:28,5:02:42,0:03:27,0:03:43,12:08:02,4601,20488,18162,207,223,43682,1285,181,5,1158,174,5,1039,119,4,1285,181,5,Finisher,4191
Anneli,Nanji,Anneli Nanji,566,F35-39,Female,Stockholm,,Sweden,SE,1:24:21,6:12:27,4:17:45,0:07:22,0:06:23,12:08:18,5061,22347,15465,442,383,43698,1286,182,18,1711,303,35,1691,251,25,1286,182,18,Finisher,3864
Viktor,Sundgren,Viktor Sundgren,732,M25-29,Male,Kalmar,KALMAR LAN [SE-08],Sweden,SE,1:09:39,5:38:52,5:05:26,0:08:09,0:06:25,12:08:31,4179,20332,18326,489,385,43711,1287,1105,193,609,515,82,957,850,137,1287,1105,193,Finisher,2363
Stefan,Rast,Stefan Rast,1626,M30-34,Male,Garbsen,RP,Germany,DE,1:13:15,5:53:05,4:29:54,0:14:19,0:18:15,12:08:47,4395,21185,16194,859,1095,43727,1288,1106,190,878,744,120,1342,1171,196,1288,1106,190,Finisher,2319
Jacob,Norlander,Jacob Norlander,1195,M30-34,Male,Lidingö,SE-AB,Sweden,SE,1:19:45,5:32:03,5:06:23,0:05:31,0:05:10,12:08:52,4785,19923,18383,331,310,43732,1289,1107,191,1403,1177,195,973,865,145,1289,1107,191,Finisher,2318
Mie Leth Mark,Warberg,Mie Leth Mark Warberg,1943,F40-44,Female,Store Heddinge,DK-85,Denmark,DK,1:27:10,5:22:58,5:11:13,0:03:59,0:03:40,12:09:00,5230,19378,18673,239,220,43740,1290,183,31,1848,345,51,915,100,13,1290,183,31,Finisher,2772
Karel,Peuskens,Karel Peuskens,2372,M18-24,Male,Genk,Limburg,Belgium,BE,1:06:30,6:06:29,4:41:32,0:07:58,0:06:37,12:09:06,3990,21989,16892,478,397,43746,1291,1108,127,423,352,40,1346,1175,120,1291,1108,127,Finisher,2477
Rob,Dearden,Rob Dearden,1696,M40-44,Male,Darwen,GB-BBD,United Kingdom,GB,1:22:36,6:16:20,4:13:28,0:10:06,0:06:53,12:09:23,4956,22580,15208,606,413,43763,1292,1109,119,1593,1314,133,1747,1487,154,1292,1109,119,Finisher,2581
Alexander,Karlsson,Alexander Karlsson,888,M40-44,Male,Rockneby,SE-H,Sweden,SE,1:13:25,5:47:56,4:50:36,0:05:13,0:12:16,12:09:27,4405,20876,17436,313,736,43767,1293,1110,120,890,756,70,1110,980,107,1293,1110,120,Finisher,2580
Sebastian ,Andersson ,Sebastian Andersson,2212,M25-29,Male,Stockholm ,Stockholm,Sweden,SE,1:12:12,6:06:58,4:34:19,0:08:26,0:07:39,12:09:33,4332,22018,16459,506,459,43773,1294,1111,194,786,665,102,1431,1245,213,1294,1111,194,Finisher,2351
Sofie,Karlsson,Sofie Karlsson,1091,F40-44,Female,Stockholm,Stockholm,Sweden,SE,1:16:21,6:04:09,4:28:57,0:11:40,0:08:28,12:09:35,4581,21849,16137,700,508,43775,1295,184,32,1124,168,23,1514,207,40,1295,184,32,Finisher,2765
Lukas,Brehm,Lukas Brehm,1566,M35-39,Male,Göteborg ,Västra Götaland,Sweden,SE,1:22:41,5:49:56,4:44:45,0:06:21,0:06:00,12:09:43,4961,20996,17085,381,360,43783,1296,1112,131,1597,1317,142,1308,1140,127,1296,1112,131,Finisher,2460
David,Brylski,David Brylski,303,M45-49,Male,Kristianstad,SE-M,Sweden,SE,1:10:16,5:58:16,4:47:44,0:06:50,0:06:37,12:09:43,4216,21496,17264,410,397,43783,1297,1113,114,649,554,70,1248,1088,123,1297,1113,114,Finisher,2701
Malin,Gundmark,Malin Gundmark,2308,F40-44,Female,16855,STOCKHOLMS LAN [SE-01],Sweden,SE,1:21:55,5:58:14,4:32:00,0:08:55,0:08:40,12:09:44,4915,21494,16320,535,520,43784,1298,185,33,1547,268,38,1455,190,38,1298,185,33,Finisher,2763
Solveig,Granås,Solveig Granås,2318,F55-59,Female,ARENDAL,,Norway,NO,1:24:22,6:00:18,4:32:24,0:06:29,0:06:32,12:10:05,5062,21618,16344,389,392,43805,1299,186,6,1712,304,16,1494,202,11,1299,186,6,Finisher,4167
Kevin,Liljehammar,Kevin Liljehammar,1615,M30-34,Male,NYNÄSHAMN,,Sweden,SE,1:23:08,6:06:41,4:23:53,0:08:06,0:08:44,12:10:32,4988,22001,15833,486,524,43832,1300,1114,192,1624,1340,223,1604,1370,226,1300,1114,192,Finisher,2298
Ben,Stuart,Ben Stuart,1796,M40-44,Male,Crathes,GB-SCT,United Kingdom,GB,1:13:04,5:45:00,5:02:29,0:05:26,0:04:59,12:10:58,4384,20700,18149,326,299,43858,1301,1115,121,864,732,68,1065,943,101,1301,1115,121,Finisher,2562
Göta,Sörqvist,Göta Sörqvist,711,F45-49,Female,Uddevalla,,Sweden,SE,1:24:09,5:59:42,4:35:28,0:06:09,0:05:45,12:11:12,5049,21582,16528,369,345,43872,1302,187,21,1697,299,38,1472,195,21,1302,187,21,Finisher,3220
Quentin,Versichel,Quentin Versichel,1407,M25-29,Male,Le Rœulx,Hainaut ,Belgium,BE,1:08:51,5:41:17,5:02:07,0:11:30,0:07:37,12:11:22,4131,20477,18127,690,457,43882,1303,1116,195,559,471,73,1040,921,148,1303,1116,195,Finisher,2329
Jacob,Bakker,Jacob Bakker,1259,M25-29,Male,Sellingen,NL-GR,Netherlands,NL,1:20:46,5:54:16,4:44:52,0:04:56,0:06:42,12:11:32,4846,21256,17092,296,402,43892,1304,1117,196,1469,1224,211,1328,1158,196,1304,1117,196,Finisher,2327
Andrew Paul,Howard,Andrew Paul Howard,2365,M35-39,Male,Dundee,GB-SCT,United Kingdom,GB,1:17:20,5:40:27,5:01:52,0:05:06,0:06:59,12:11:44,4640,20427,18112,306,419,43904,1305,1118,132,1211,1024,112,1054,933,111,1305,1118,132,Finisher,2436
Axel,Schröder,Axel Schröder,1731,M25-29,Male,Göteborg,Västra Götaland,Sweden,SE,1:11:18,5:46:33,4:58:31,0:08:01,0:07:44,12:12:07,4278,20793,17911,481,464,43927,1306,1119,197,724,615,96,1099,970,163,1306,1119,197,Finisher,2320
Carl,Möllerstedt,Carl Möllerstedt,437,M25-29,Male,Karlskrona,,Sweden,SE,1:15:26,5:52:18,4:55:08,0:05:04,0:04:14,12:12:09,4526,21138,17708,304,254,43929,1307,1120,198,1058,900,147,1210,1058,179,1307,1120,198,Finisher,2320
Adam,Johansson-Qvick,Adam Johansson-Qvick,591,M30-34,Male,Tidaholm ,VASTRA GOTALANDS LAN [SE-14],Sweden,SE,1:39:00,5:36:28,4:42:52,0:07:41,0:06:08,12:12:10,5940,20188,16972,461,368,43930,1308,1121,193,2261,1818,294,1373,1197,200,1308,1121,193,Finisher,2278
Marko,Svetina,Marko Svetina,2204,M50-54,Male,Vienna,,Slovenia,SI,1:12:24,5:54:39,4:55:31,0:05:42,0:04:05,12:12:21,4344,21279,17731,342,245,43941,1309,1122,100,800,677,61,1208,1057,104,1309,1122,100,Finisher,2857
Enno,Sander,Enno Sander,2492,M45-49,Male,Kolding,DK-DK-83,Denmark,DK,1:18:33,5:56:34,4:41:20,0:08:35,0:07:23,12:12:26,4713,21394,16880,515,443,43946,1310,1123,115,1311,1099,116,1381,1205,132,1310,1123,115,Finisher,2668
Alexander,Schälin,Alexander Schälin,2769,M30-34,Male,Partille,,Sweden,SE,1:19:03,6:36:52,4:06:31,0:05:01,0:04:59,12:12:27,4743,23812,14791,301,299,43947,1311,1124,194,1348,1129,181,1892,1580,257,1311,1124,194,Finisher,2275
Christopher,Vonasek,Christopher Vonasek,2617,M45-49,Male,Vallda,HALLANDS LAN [SE-13],Sweden,SE,1:10:03,5:40:52,4:52:10,0:12:28,0:16:58,12:12:31,4203,20452,17530,748,1018,43951,1312,1125,116,639,544,66,1062,940,108,1312,1125,116,Finisher,2667
Quinten,Van De Vijver,Quinten Van De Vijver,954,M18-24,Male,Hawthorne,VIC,Netherlands,NL,1:05:37,6:15:23,4:35:59,0:07:52,0:07:47,12:12:38,3937,22523,16559,472,467,43958,1313,1126,128,371,304,34,1448,1260,133,1313,1126,128,Finisher,2435
Jonas,Alwin,Jonas Alwin,631,M50-54,Male,Södertälje,SE-AB,Sweden,SE,1:23:24,5:30:04,5:07:47,0:06:40,0:04:53,12:12:49,5004,19804,18467,400,293,43969,1314,1127,101,1643,1356,133,1016,902,88,1314,1127,101,Finisher,2851
Sofia,Bylow Andersen,Sofia Bylow Andersen,1552,F50-54,Female,Kungshamn,,Sweden,SE,1:37:58,6:07:50,4:12:42,0:08:41,0:05:48,12:12:57,5878,22070,15162,521,348,43977,1315,188,14,2237,437,46,1809,287,30,1315,188,14,Finisher,3895
Jennie,Ohlsson,Jennie Ohlsson,545,F50-54,Female,Hakenaset,SE-O,Sweden,SE,1:15:21,6:16:34,4:25:36,0:06:32,0:08:53,12:12:58,4521,22594,15936,392,533,43978,1316,189,15,1051,157,12,1611,238,22,1316,189,15,Finisher,3895
Krister,Fransson,Krister Fransson,853,M55-59,Male,Holmsjö,,Sweden,SE,1:31:15,5:55:26,4:28:44,0:09:21,0:08:12,12:12:58,5475,21326,16124,561,492,43978,1317,1128,62,2040,1663,122,1565,1342,89,1317,1128,62,Finisher,3211
Shinichi,Tanaka,Shinichi Tanaka,878,M50-54,Male,Kawasaki City,TOKYO,Japan,JP,1:14:57,5:31:50,5:16:07,0:04:36,0:05:52,12:13:23,4497,19910,18967,276,352,44003,1318,1129,102,1018,865,86,871,780,77,1318,1129,102,Finisher,2844
Patrik,Hermansson,Patrik Hermansson,2001,M40-44,Male,Kalmar,KALMAR LAN [SE-08],Sweden,SE,1:31:47,5:42:48,4:48:26,0:04:35,0:05:54,12:13:31,5507,20568,17306,275,354,44011,1319,1130,122,2061,1677,174,1315,1146,125,1319,1130,122,Finisher,2531
Per,Ahlstedt,Per Ahlstedt,2197,M40-44,Male,Norrköping,Östergötland,Sweden,SE,1:23:41,5:46:33,4:51:42,0:07:23,0:04:15,12:13:33,5021,20793,17502,443,255,44013,1320,1131,123,1665,1375,144,1289,1122,121,1320,1131,123,Finisher,2531
Albert,Asterhed Jarfjord,Albert Asterhed Jarfjord,1829,M30-34,Male,Sävsjö,,Sweden,SE,1:25:31,5:55:06,4:37:06,0:08:42,0:07:10,12:13:35,5131,21306,16626,522,430,44015,1321,1132,195,1758,1442,241,1460,1269,212,1321,1132,195,Finisher,2261
Paddy,Glenn,Paddy Glenn,1229,M30-34,Male,Derry,Northern Ireland,Ireland,IE,1:18:15,6:10:30,4:28:19,0:08:30,0:08:12,12:13:46,4695,22230,16099,510,492,44026,1322,1133,196,1288,1082,175,1590,1361,224,1322,1133,196,Finisher,2259
Sebastian,Lennartsson,Sebastian Lennartsson,2664,M25-29,Male,Karlsborg,SE-O,Sweden,SE,1:17:11,6:05:14,4:36:36,0:07:02,0:07:46,12:13:50,4631,21914,16596,422,466,44030,1323,1134,199,1198,1012,174,1463,1272,219,1323,1134,199,Finisher,2299
August,Rosén,August Rosén,524,M30-34,Male,Nacka,STOCKHOLMS LAN [SE-01],Sweden,SE,1:33:49,6:18:09,4:03:57,0:09:25,0:09:01,12:14:22,5629,22689,14637,565,541,44062,1324,1135,197,2136,1727,280,1898,1584,258,1324,1135,197,Finisher,2252
Gianmarco,Bernasconi,Gianmarco Bernasconi,2503,M30-34,Male,Cambridge,MA,Switzerland,CH,1:14:47,5:43:30,5:03:16,0:06:25,0:06:34,12:14:31,4487,20610,18196,385,394,44071,1325,1136,198,1003,852,140,1083,955,160,1325,1136,198,Finisher,2250
Thea,Friedrich,Thea Friedrich,2240,F25-29,Female,Borlänge,DALARNAS LAN [SE-20],Sweden,SE,1:32:43,6:18:00,4:03:10,0:11:32,0:09:06,12:14:31,5563,22680,14590,692,546,44071,1326,190,39,2104,398,74,1910,316,55,1326,190,39,Finisher,2821
Conner,Franke,Conner Franke,2529,M25-29,Male,SOMERVILLE,MA,United States,US,1:13:45,5:44:27,5:03:15,0:05:32,0:07:34,12:14:33,4425,20667,18195,332,454,44073,1327,1137,200,925,784,123,1071,946,155,1327,1137,200,Finisher,2291
Chiara Maria,Ricci,Chiara Maria Ricci,306,F35-39,Female,Luxembourg,Luxembourg,Italy,IT,1:12:39,6:17:51,4:28:23,0:07:50,0:07:50,12:14:34,4359,22671,16103,470,470,44074,1328,191,19,829,129,10,1610,237,21,1328,191,19,Finisher,3789
Dayne,Kells,Dayne Kells,2167,M50-54,Male,Foothlls,AB,New Zealand,NZ,1:20:41,5:49:31,4:47:49,0:08:26,0:08:11,12:14:39,4841,20971,17269,506,491,44079,1329,1138,103,1462,1219,123,1305,1137,114,1329,1138,103,Finisher,2829
Roni,Juutinen,Roni Juutinen,1661,M30-34,Male,Julkujärvi,Pirkanmaa,Finland,FI,1:23:26,5:31:40,4:59:53,0:08:10,0:11:41,12:14:50,5006,19900,17993,490,701,44090,1330,1139,199,1645,1358,227,1060,938,158,1330,1139,199,Finisher,2246
Gordon,Fennell,Gordon Fennell,1894,M55-59,Male,Aylesbury,Bucks,United Kingdom,GB,1:49:48,5:40:19,4:27:31,0:08:55,0:08:25,12:14:58,6588,20419,16051,535,505,44098,1331,1140,63,2386,1914,143,1621,1383,92,1331,1140,63,Finisher,3187
Malin,Lorentzon,Malin Lorentzon,830,F30-34,Female,Kalmar,,Sweden,SE,1:20:50,6:04:11,4:36:08,0:07:12,0:06:47,12:15:09,4850,21851,16568,432,407,44109,1332,192,25,1475,248,33,1515,208,24,1332,192,25,Finisher,3090
Tobias,Seiler,Tobias Seiler,877,M45-49,Male,Bad Oldesloe,SH,Germany,DE,1:10:11,5:36:33,5:15:42,0:05:09,0:07:41,12:15:16,4211,20193,18942,309,461,44116,1333,1141,117,645,550,68,877,784,87,1333,1141,117,Finisher,2634
Jørn Velle,Moldskred,Jørn Velle Moldskred,1238,M35-39,Male,Haddal,MØRE OG ROMSDAL,Norway,NO,1:15:20,6:09:24,4:35:39,0:10:00,0:05:09,12:15:32,4520,22164,16539,600,309,44132,1334,1142,133,1049,893,97,1547,1328,149,1334,1142,133,Finisher,2390
Kelly,Marchi,Kelly Marchi,1560,F45-49,Female,Lancing,GB-WSX,United Kingdom,GB,1:12:22,6:08:32,4:43:19,0:06:28,0:04:56,12:15:37,4342,22112,16999,388,296,44137,1335,193,22,796,123,12,1427,185,20,1335,193,22,Finisher,3167
Benjamin,Brycke,Benjamin Brycke,2612,M25-29,Male,Kungälv,Västra Götaland,Sweden,SE,1:27:08,5:31:11,5:04:58,0:06:47,0:05:39,12:15:44,5228,19871,18298,407,339,44144,1336,1143,201,1847,1503,254,1091,962,159,1336,1143,201,Finisher,2277
Stefan,Potzahr,Stefan Potzahr,1614,M55-59,Male,Nürnberg,DE-BY,Germany,DE,1:06:26,5:47:44,5:04:05,0:08:51,0:08:39,12:15:45,3986,20864,18245,531,519,44145,1337,1144,64,418,347,15,1056,934,63,1337,1144,64,Finisher,3178
Gustav,Ahlm,Gustav Ahlm,2191,M25-29,Male,Göteborg ,Västra Götaland,Sweden,SE,1:12:01,5:54:20,4:56:54,0:05:36,0:07:04,12:15:55,4321,21260,17814,336,424,44155,1338,1145,202,775,655,101,1196,1049,178,1338,1145,202,Finisher,2274
Victor,Mignot,Victor Mignot,1885,M25-29,Male,Stor-Göteborg,Västra Götalands Län,Sweden,SE,1:27:49,6:16:16,4:17:39,0:07:12,0:07:10,12:16:06,5269,22576,15459,432,430,44166,1339,1146,203,1882,1533,255,1771,1502,253,1339,1146,203,Finisher,2272
Lucas ,Namiotko,Lucas Namiotko,2224,M18-24,Male,Uppsala,Uppsala Län,Sweden,SE,1:14:47,6:19:30,4:26:11,0:08:47,0:07:12,12:16:26,4487,22770,15971,527,432,44186,1340,1147,129,1001,850,106,1672,1422,164,1340,1147,129,Finisher,2389
Anna ,Karlsson ,Anna Karlsson,1892,F40-44,Female,Romelanda,,Sweden,SE,1:38:56,6:08:27,4:12:38,0:06:46,0:09:47,12:16:34,5936,22107,15158,406,587,44194,1341,194,34,2259,443,64,1802,283,51,1341,194,34,Finisher,2681
Johan,Uddh,Johan Uddh,450,M45-49,Male,Kalmar,SE-H,Sweden,SE,1:23:36,5:35:21,5:00:19,0:08:40,0:08:56,12:16:53,5016,20121,18019,520,536,44213,1342,1148,118,1660,1370,142,1127,993,115,1342,1148,118,Finisher,2615
Gustav,Lahti,Gustav Lahti,978,M30-34,Male,Kiruna,Norrbotten,Sweden,SE,1:27:11,6:05:21,4:21:41,0:14:39,0:08:07,12:16:59,5231,21921,15701,879,487,44219,1343,1149,200,1849,1504,251,1730,1471,240,1343,1149,200,Finisher,2220
Thomas,Lefevre,Thomas Lefevre,2124,M30-34,Male,Kessel-Lo (Leuven),,Belgium,BE,1:21:23,5:58:44,4:40:57,0:08:59,0:06:59,12:17:02,4883,21524,16857,539,419,44222,1344,1150,201,1505,1251,212,1456,1266,211,1344,1150,201,Finisher,2220
Paulo,Lamego,Paulo Lamego,1735,M55-59,Male,Barreiro,Setúbal,Portugal,PT,1:09:33,5:12:54,5:46:39,0:04:18,0:03:40,12:17:03,4173,18774,20799,258,220,44223,1345,1151,65,600,508,29,505,459,23,1345,1151,65,Finisher,3162
Stephen,Delve,Stephen Delve,1250,M55-59,Male,Bristol,ENG,United Kingdom,GB,1:16:33,6:06:41,4:30:56,0:09:51,0:13:30,12:17:31,4593,22001,16256,591,810,44251,1346,1152,66,1145,973,63,1527,1316,84,1346,1152,66,Finisher,3157
Michael,Jantschgi,Michael Jantschgi,993,M55-59,Male,Korntal-Münchingen,BW,Germany,DE,1:20:45,5:38:02,5:06:08,0:07:34,0:05:13,12:17:42,4845,20282,18368,454,313,44262,1347,1153,67,1468,1223,80,1107,978,64,1347,1153,67,Finisher,3154
John,Åsberg Davidsson,John Åsberg Davidsson,2236,M35-39,Male,Långaryd,Halland,Sweden,SE,1:14:59,5:56:23,4:52:42,0:08:11,0:05:27,12:17:43,4499,21383,17562,491,327,44263,1348,1154,134,1022,869,96,1318,1148,128,1348,1154,134,Finisher,2364
Lewis,Johnson,Lewis Johnson,1151,M25-29,Male,Dandenong,AU-VIC,Australia,AU,1:22:28,5:49:59,4:53:15,0:06:04,0:06:44,12:18:30,4948,20999,17595,364,404,44310,1349,1155,204,1585,1309,229,1302,1134,193,1349,1155,204,Finisher,2243
Andrea,Lehmann,Andrea Lehmann,300,F40-44,Female,Ittigen,,Switzerland,CH,1:11:35,6:13:18,4:41:48,0:06:06,0:05:49,12:18:36,4295,22398,16908,366,349,44316,1350,195,35,745,115,15,1492,201,39,1350,195,35,Finisher,2656
Arjen,Van Kooten,Arjen Van Kooten,1347,M35-39,Male,Den Haag,,Netherlands,NL,1:10:16,5:34:20,5:18:35,0:07:29,0:08:03,12:18:42,4216,20060,19115,449,483,44322,1351,1156,135,646,551,64,883,790,91,1351,1156,135,Finisher,2352
Alfred,Majberger,Alfred Majberger,2022,M18-24,Male,Göteborg,,Sweden,SE,1:12:27,5:52:55,4:57:21,0:09:22,0:06:45,12:18:49,4347,21175,17841,562,405,44329,1352,1157,130,806,683,86,1240,1081,104,1352,1157,130,Finisher,2360
Felicia,Åberg,Felicia Åberg,2380,F18-24,Female,Stor-Stockholm,Stockholms Län,Sweden,SE,1:16:58,6:12:02,4:34:36,0:09:20,0:05:57,12:18:53,4618,22322,16476,560,357,44333,1353,196,10,1180,182,13,1609,236,12,1353,196,10,Finisher,2952
Jenson,Cozens,Jenson Cozens,1961,M25-29,Male,Lifton,DEV,United Kingdom,GB,1:05:33,5:10:01,5:55:30,0:04:23,0:03:51,12:19:18,3933,18601,21330,263,231,44358,1354,1158,205,366,299,42,429,395,66,1354,1158,205,Finisher,2234
Filippa,Bonorden,Filippa Bonorden,1880,F18-24,Female,GÖTEBORG,,Sweden,SE,1:05:15,6:01:49,5:04:28,0:04:26,0:03:28,12:19:26,3915,21709,18268,266,208,44366,1355,197,11,351,67,4,1190,146,7,1355,197,11,Finisher,2946
Julian,North,Julian North,165,M45-49,Male,Annandale,AU-AU-NSW,Australia,AU,0:54:11,5:41:02,5:25:16,0:06:42,0:12:16,12:19:27,3251,20462,19516,402,736,44367,1356,1159,119,64,56,2,724,656,70,1356,1159,119,Finisher,2584
Simone,Mas Casellas,Simone Mas Casellas,1032,F40-44,Female,Dischingen,BW,Germany,DE,1:36:36,6:02:22,4:30:54,0:05:31,0:04:06,12:19:27,5796,21742,16254,331,246,44367,1357,198,36,2211,428,61,1696,253,48,1357,198,36,Finisher,2646
Inga,Petersen-Lund,Inga Petersen-Lund,1159,F40-44,Female,Hamburg,HH,Germany,DE,1:26:43,6:00:54,4:41:10,0:05:54,0:05:06,12:19:48,5203,21654,16870,354,306,44388,1358,199,37,1822,336,50,1532,213,41,1358,199,37,Finisher,2642
Vilja ,Nilsson,Vilja Nilsson,1668,F25-29,Female,Trosa ,Södermanland,Sweden,SE,1:13:59,6:22:04,4:28:10,0:08:36,0:07:00,12:19:49,4439,22924,16090,516,420,44389,1359,200,40,944,144,26,1698,254,44,1359,200,40,Finisher,2757
Anton,DOMBY,Anton DOMBY,1887,M30-34,Male,Lund,SE-M,Sweden,SE,1:18:57,6:10:09,4:36:18,0:07:50,0:06:56,12:20:09,4737,22209,16578,470,416,44409,1360,1160,202,1337,1120,179,1578,1351,221,1360,1160,202,Finisher,2182
Adam,Jernström,Adam Jernström,2231,M30-34,Male,Revinge,Skåne,Sweden,SE,1:16:38,5:18:59,5:35:47,0:04:05,0:04:45,12:20:14,4598,19139,20147,245,285,44414,1361,1161,203,1153,981,157,690,624,100,1361,1161,203,Finisher,2181
Lyndon,Bradshaw,Lyndon Bradshaw,1827,M40-44,Male,Richmond,Surrey,United Kingdom,GB,1:12:56,5:51:16,5:00:32,0:10:06,0:05:32,12:20:23,4376,21076,18032,606,332,44423,1362,1162,124,850,720,67,1234,1076,118,1362,1162,124,Finisher,2449
Ida,Didriksson Ström,Ida Didriksson Ström,564,F35-39,Female,Köping,VASTMANLANDS LAN [SE-19],Sweden,SE,1:15:15,6:25:05,4:29:44,0:06:04,0:04:29,12:20:36,4515,23105,16184,364,269,44436,1363,201,20,1037,155,16,1718,259,27,1363,201,20,Finisher,3716
Adam,Hultman,Adam Hultman,710,M30-34,Male,Gävle,Gävleborgs Län,Sweden,SE,1:09:42,5:56:37,4:54:47,0:08:19,0:11:21,12:20:45,4182,21397,17687,499,681,44445,1364,1163,204,611,517,78,1238,1079,179,1364,1163,204,Finisher,2175
Gustav,Day,Gustav Day,2648,M18-24,Male,Lund,SKANE LAN [SE-12],Sweden,SE,1:18:20,6:05:12,4:38:16,0:10:47,0:08:35,12:21:09,4700,21912,16696,647,515,44469,1365,1164,131,1294,1087,135,1540,1324,144,1365,1164,131,Finisher,2332
Sebastian,Ljungblad,Sebastian Ljungblad,886,M18-24,Male,Linköping,,Sweden,SE,1:09:57,6:20:39,4:42:49,0:04:30,0:03:13,12:21:09,4197,22839,16969,270,193,44469,1366,1165,132,629,534,59,1554,1334,145,1366,1165,132,Finisher,2332
Marijn,Moerman,Marijn Moerman,1424,M45-49,Male,Rotterdam,ZUID-HOLLAND,Netherlands,NL,1:19:30,5:45:29,4:54:41,0:11:58,0:09:46,12:21:25,4770,20729,17681,718,586,44485,1367,1166,120,1383,1159,120,1279,1112,124,1367,1166,120,Finisher,2561
João,Dias,João Dias,2284,M40-44,Male,Santarém,Santarém,Portugal,PT,1:12:23,5:51:42,5:05:39,0:05:46,0:06:25,12:21:54,4343,21102,18339,346,385,44514,1368,1167,125,798,675,62,1164,1023,111,1368,1167,125,Finisher,2430
KRZYSZTOF,JANELT,KRZYSZTOF JANELT,1331,M45-49,Male,"Wiejska, Luboń",Greater Poland,Poland,PL,1:35:26,5:40:53,4:51:45,0:07:21,0:06:35,12:21:59,5726,20453,17505,441,395,44519,1369,1168,121,2183,1763,180,1379,1203,131,1369,1168,121,Finisher,2554
Sébastien,Lavallée,Sébastien Lavallée,1954,M35-39,Male,Clamart,FR-92,France,FR,1:17:54,5:38:13,5:11:27,0:08:40,0:05:47,12:22:01,4674,20293,18687,520,347,44521,1370,1169,136,1265,1064,117,1085,957,112,1370,1169,136,Finisher,2312
Laurelle,May,Laurelle May,273,F40-44,Female,Whiteley,HAM,Guernsey,GG,1:20:01,5:44:57,5:01:25,0:08:04,0:07:39,12:22:05,4801,20697,18085,484,459,44525,1371,202,38,1422,233,35,1214,153,29,1371,202,38,Finisher,2615
Thomas,Øllgaard,Thomas Øllgaard,2475,M55-59,Male,Viborg,Central Jutland,Denmark,DK,1:22:24,5:18:03,5:26:57,0:06:15,0:08:30,12:22:09,4944,19083,19617,375,510,44529,1372,1170,68,1582,1306,87,804,724,43,1372,1170,68,Finisher,3101
Jonas,Andersson,Jonas Andersson,1794,M30-34,Male,Stockholm,Danderyd,Sweden,SE,1:15:18,5:53:36,5:00:37,0:07:28,0:05:16,12:22:14,4518,21216,18037,448,316,44534,1373,1171,205,1045,890,146,1267,1103,186,1373,1171,205,Finisher,2157
Lasse ,Kaatz,Lasse Kaatz,880,M18-24,Male,Kempen ,NRW ,Germany,DE,1:14:12,6:14:43,4:40:50,0:06:50,0:05:46,12:22:20,4452,22483,16850,410,346,44540,1374,1172,133,962,814,99,1559,1337,146,1374,1172,133,Finisher,2318
Mattias,Wirén,Mattias Wirén,419,M50-54,Male,Tumba,,Sweden,SE,1:16:37,6:03:34,4:44:29,0:08:09,0:09:40,12:22:29,4597,21814,17069,489,580,44549,1375,1173,104,1151,979,98,1441,1255,124,1375,1173,104,Finisher,2735
Niclas,Martell,Niclas Martell,1607,M55-59,Male,RÅÅ,foreigner,Sweden,SE,1:13:59,6:03:36,4:50:03,0:07:26,0:07:27,12:22:31,4439,21816,17403,446,447,44551,1376,1174,69,942,799,49,1398,1219,77,1376,1174,69,Finisher,3097
Julia,Höög,Julia Höög,1257,F45-49,Female,Lidingö,Stockholm,Sweden,SE,1:16:49,6:17:23,4:26:48,0:08:28,0:13:06,12:22:34,4609,22643,16008,508,786,44554,1377,203,23,1169,177,20,1669,249,30,1377,203,23,Finisher,3084
Andreas,Strömstedt,Andreas Strömstedt,764,M25-29,Male,Uppsala,,Sweden,SE,1:12:27,5:52:10,5:04:44,0:06:06,0:07:11,12:22:38,4347,21130,18284,366,431,44558,1378,1175,206,808,685,107,1180,1037,173,1378,1175,206,Finisher,2194
kristofer,Eriksson,kristofer Eriksson,2509,M40-44,Male,stockholm,Stockholm,Sweden,SE,1:19:09,5:52:54,4:51:53,0:10:45,0:08:01,12:22:42,4749,21174,17513,645,481,44562,1379,1176,126,1359,1137,112,1365,1189,130,1379,1176,126,Finisher,2421
Marfa,Raipela,Marfa Raipela,1847,F35-39,Female,Jyväskylä,Keski-Suomi,Finland,FI,1:14:04,6:07:29,4:48:03,0:06:58,0:06:09,12:22:43,4444,22049,17283,418,369,44563,1380,204,21,948,146,14,1444,188,18,1380,204,21,Finisher,3691
Jorgen,Stenquist,Jorgen Stenquist,634,M60-64,Male,Åkersberga,STOCKHOLMS LAN [SE-01],Sweden,SE,1:19:21,5:45:51,5:05:07,0:08:07,0:04:48,12:23:14,4761,20751,18307,487,288,44594,1381,1177,22,1372,1149,23,1219,1065,22,1381,1177,22,Finisher,3196
William,Leong,William Leong,1653,M30-34,Male,Stratford Upon Avon,England,United Kingdom,GB,1:01:55,5:40:24,5:26:37,0:06:51,0:07:35,12:23:21,3715,20424,19597,411,455,44601,1382,1178,206,226,187,28,841,755,126,1382,1178,206,Finisher,2144
Louis,Caron,Louis Caron,1902,M25-29,Male,Amiens,FR-Hauts-de-France,France,FR,1:23:57,6:19:44,4:26:44,0:08:17,0:04:45,12:23:27,5037,22784,16004,497,285,44607,1383,1179,207,1682,1389,238,1774,1505,254,1383,1179,207,Finisher,2184
Anders,Bäckstrand,Anders Bäckstrand,1000,M55-59,Male,Åkersberga,STOCKHOLMS LAN [SE-01],Sweden,SE,1:17:13,6:03:34,4:48:05,0:06:18,0:08:25,12:23:34,4633,21814,17285,378,505,44614,1384,1180,70,1201,1015,67,1421,1237,81,1384,1180,70,Finisher,3084
Mathias,Steyaert,Mathias Steyaert,963,M35-39,Male,Gent,OOST-VLAANDEREN,Belgium,BE,1:21:34,5:30:13,5:21:44,0:05:27,0:04:42,12:23:41,4894,19813,19304,327,282,44621,1385,1181,137,1525,1265,133,970,862,101,1385,1181,137,Finisher,2292
Niklas ,Roos af Hjelmsäter ,Niklas Roos af Hjelmsäter,2094,M50-54,Male,Vällingby ,Stockholm,Sweden,SE,1:35:02,6:21:57,4:06:27,0:12:45,0:07:44,12:23:55,5702,22917,14787,765,464,44635,1386,1182,105,2167,1752,177,1992,1654,178,1386,1182,105,Finisher,2718
Gustav,Andersson,Gustav Andersson,1917,M25-29,Male,Stockholm,Stockholm,Sweden,SE,1:27:50,5:58:51,4:32:23,0:12:06,0:12:49,12:23:59,5270,21531,16343,726,769,44639,1387,1183,208,1883,1534,256,1616,1378,233,1387,1183,208,Finisher,2178
Susanna,Furland,Susanna Furland,2205,F35-39,Female,Linköping ,Östergötland,Sweden,SE,1:25:33,6:18:15,4:26:48,0:06:37,0:06:47,12:24:00,5133,22695,16008,397,407,44640,1388,205,22,1760,317,37,1761,266,29,1388,205,22,Finisher,3676
Patrik,Persson,Patrik Persson,606,M40-44,Male,Nyköping,SE-D,Sweden,SE,1:02:10,5:43:17,5:25:40,0:05:00,0:07:55,12:24:03,3730,20597,19540,300,475,44643,1389,1184,127,240,198,13,857,768,87,1389,1184,127,Finisher,2405
Christopher,Brickwood,Christopher Brickwood,2048,M40-44,Male,Wolverhampton ,West-Midlands ,United Kingdom,GB,1:16:40,6:17:57,4:33:19,0:08:49,0:07:32,12:24:16,4600,22677,16399,529,452,44656,1390,1185,128,1155,983,88,1679,1429,151,1390,1185,128,Finisher,2402
Külliki,Taylor,Külliki Taylor,1883,F50-54,Female,Tallinn,foreigner,Estonia,EE,1:08:34,5:34:10,5:27:11,0:07:53,0:06:35,12:24:22,4114,20050,19631,473,395,44662,1391,206,16,538,85,5,860,91,2,1391,206,16,Finisher,3758
Marion,Krecek,Marion Krecek,148,F60-64,Female,Gerlingen,DE-BW,Germany,DE,1:15:43,6:09:12,4:46:05,0:06:26,0:06:57,12:24:22,4543,22152,17165,386,417,44662,1392,207,1,1080,161,2,1496,203,2,1392,207,1,Finisher,5000
Marcus,Widner,Marcus Widner,2770,M30-34,Male,Partille,,Sweden,SE,1:39:24,5:27:55,5:05:44,0:06:19,0:05:07,12:24:29,5964,19675,18344,379,307,44669,1393,1186,207,2272,1827,297,1226,1071,176,1393,1186,207,Finisher,2130
Johan,Alm,Johan Alm,1173,M60-64,Male,Nacka Strand,SE-AB,Sweden,SE,1:00:45,5:38:12,5:32:04,0:06:08,0:07:26,12:24:35,3645,20292,19924,368,446,44675,1394,1187,23,190,155,6,775,700,13,1394,1187,23,Finisher,3179
Hannele,Väänänen,Hannele Väänänen,1578,F50-54,Female,Espoo,,Finland,FI,1:24:17,6:27:56,4:20:44,0:07:30,0:04:14,12:24:41,5057,23276,15644,450,254,44681,1395,208,17,1707,302,29,1880,309,33,1395,208,17,Finisher,3754
Volker,Siegele,Volker Siegele,1269,M45-49,Male,Bargteheide,Schleswig-Holstein,Germany,DE,1:03:58,5:47:44,5:15:26,0:09:19,0:08:15,12:24:42,3838,20864,18926,559,495,44682,1396,1188,122,303,248,28,1031,914,104,1396,1188,122,Finisher,2521
Remi Ingebrigtsen,Kaspersen,Remi Ingebrigtsen Kaspersen,2579,M35-39,Male,Sarpsborg,ØSTFOLD,Norway,NO,1:02:35,6:19:12,4:52:10,0:04:20,0:06:30,12:24:47,3755,22752,17530,260,390,44687,1397,1189,138,253,207,24,1412,1228,139,1397,1189,138,Finisher,2279
Scott,Stacey,Scott Stacey,1145,M50-54,Male,Bristol,"GB-BRISTOL, CITY OF",United Kingdom,GB,1:20:03,5:49:35,5:00:21,0:08:40,0:06:19,12:24:58,4803,20975,18021,520,379,44698,1398,1190,106,1424,1191,119,1301,1133,113,1398,1190,106,Finisher,2705
Emelie,Karlsson,Emelie Karlsson,754,F40-44,Female,Färjestaden,,Sweden,SE,1:26:30,5:39:06,5:01:31,0:07:38,0:10:21,12:25:06,5190,20346,18091,458,621,44706,1399,209,39,1810,334,49,1218,154,30,1399,209,39,Finisher,2578
adrian,grotle,adrian grotle,2089,M25-29,Male,Oslo,Oslo,Norway,NO,1:26:07,6:56:42,3:48:24,0:06:49,0:07:10,12:25:13,5167,25002,13704,409,430,44713,1400,1191,209,1787,1462,246,2189,1792,298,1400,1191,209,Finisher,2163
Anders,Björlin,Anders Björlin,519,M55-59,Male,Kalmar,KALMAR LAN [SE-08],Sweden,SE,1:25:51,5:25:30,5:21:17,0:05:59,0:06:36,12:25:14,5151,19530,19277,359,396,44714,1401,1192,71,1776,1454,96,974,866,56,1401,1192,71,Finisher,3064
Kasper,Uytterhoeven,Kasper Uytterhoeven,272,M18-24,Male,Diksmuide,WEST-VLAANDEREN,Belgium,BE,1:08:57,6:10:41,4:43:01,0:13:43,0:08:59,12:25:21,4137,22241,16981,823,539,44721,1402,1193,134,565,476,53,1531,1319,143,1402,1193,134,Finisher,2282
Oskar,Prahl,Oskar Prahl,1020,M45-49,Male,Torsås,Kalmar,Sweden,SE,1:26:06,5:44:43,5:00:24,0:07:24,0:06:44,12:25:21,5166,20683,18024,444,404,44721,1403,1194,123,1783,1458,151,1300,1132,128,1403,1194,123,Finisher,2513
Simon,Watson,Simon Watson,1217,M60-64,Male,Belfast ,GB-NIR,Ireland,IE,1:10:35,6:11:08,4:47:27,0:09:05,0:07:21,12:25:35,4235,22268,17247,545,441,44735,1404,1195,24,678,576,9,1487,1287,27,1404,1195,24,Finisher,3167
Victor,Björkheim,Victor Björkheim,2097,M30-34,Male,Stockholm ,Stockholm,Sweden,SE,1:13:26,6:22:37,4:38:24,0:05:58,0:05:11,12:25:36,4406,22957,16704,358,311,44736,1405,1196,208,893,759,123,1660,1414,232,1405,1196,208,Finisher,2117
Per-Olof,Branzell,Per-Olof Branzell,1561,M70-74,Male,Uppsala,SE-C,Sweden,SE,1:11:37,6:28:52,4:28:53,0:05:53,0:10:23,12:25:38,4297,23332,16133,353,623,44738,1406,1197,1,747,631,1,1717,1459,1,1406,1197,1,Finisher,5000
Joacim,Lindebring,Joacim Lindebring,1997,M45-49,Male,Finspång,OSTERGOTLANDS LAN [SE-05],Sweden,SE,1:15:21,5:43:44,5:07:24,0:07:10,0:12:02,12:25:40,4521,20624,18444,430,722,44740,1407,1198,124,1050,894,101,1103,974,114,1407,1198,124,Finisher,2510
Claudia,Paech,Claudia Paech,719,F60-64,Female,Kolkwitz,DE-BB,Germany,DE,1:15:40,5:49:18,5:11:07,0:05:28,0:04:14,12:25:47,4540,20958,18667,328,254,44747,1408,210,2,1077,160,1,1172,143,1,1408,210,2,Finisher,4983
Stan,Venniker,Stan Venniker,1569,M18-24,Male,Velserbroek,North Holland,Netherlands,NL,1:14:13,5:48:37,5:07:37,0:07:48,0:07:44,12:25:58,4453,20917,18457,468,464,44758,1409,1199,135,963,815,100,1176,1033,100,1409,1199,135,Finisher,2275
Correia,Manuel Maria,Correia Manuel Maria,1919,M50-54,Male,Alcabideche,Intl State,Portugal,PT,1:27:26,5:54:55,4:47:54,0:09:38,0:06:09,12:26:02,5246,21295,17274,578,369,44762,1410,1200,107,1860,1514,150,1508,1303,132,1410,1200,107,Finisher,2693
Kenneth,Vinther-Bjerg,Kenneth Vinther-Bjerg,1995,M45-49,Male,Fredericia,,Denmark,DK,1:15:33,5:02:20,5:55:52,0:06:24,0:06:14,12:26:23,4533,18140,21352,384,374,44783,1411,1201,125,1067,909,102,473,431,49,1411,1201,125,Finisher,2501
Richard,Mattsson,Richard Mattsson,1650,M25-29,Male,Bullaren,Västra Götaland,Sweden,SE,1:28:50,6:03:54,4:32:44,0:12:01,0:08:54,12:26:23,5330,21834,16364,721,534,44783,1412,1202,210,1925,1570,264,1699,1445,241,1412,1202,210,Finisher,2149
Emil,Segerlund ,Emil Segerlund,2376,M25-29,Male,Copenhagen,HOVEDSTADEN,Denmark,DK,1:32:23,5:29:11,5:16:32,0:05:01,0:03:24,12:26:31,5543,19751,18992,301,204,44791,1413,1203,211,2084,1691,286,1111,981,165,1413,1203,211,Finisher,2147
Patrik,Axelsson,Patrik Axelsson,961,M55-59,Male,Nybro,SE-H,Sweden,SE,1:26:24,5:50:36,4:56:31,0:06:07,0:06:56,12:26:33,5184,21036,17791,367,416,44793,1414,1204,72,1803,1473,97,1372,1196,76,1414,1204,72,Finisher,3048
Robin,Holmgren,Robin Holmgren,747,M40-44,Male,Färjestaden,SE-H,Sweden,SE,1:23:24,5:55:22,4:51:32,0:08:29,0:07:50,12:26:36,5004,21322,17492,509,470,44796,1415,1205,129,1642,1355,140,1423,1239,135,1415,1205,129,Finisher,2374
Jonatan,Larsson,Jonatan Larsson,2169,M25-29,Male,Stockholm,Stockholm,Sweden,SE,1:16:54,5:40:00,5:14:50,0:08:04,0:06:49,12:26:37,4614,20400,18890,484,409,44797,1416,1206,212,1176,997,169,1089,960,158,1416,1206,212,Finisher,2146
Filip,Jidne,Filip Jidne,666,M40-44,Male,Färjestaden,SE-H,Sweden,SE,1:20:43,5:38:55,5:16:04,0:06:23,0:04:37,12:26:42,4843,20335,18964,383,277,44802,1417,1207,130,1465,1221,123,1101,972,105,1417,1207,130,Finisher,2373
John,Thörling,John Thörling,803,M45-49,Male,Stor-Stockholm,Stockholms Län,Sweden,SE,1:36:34,5:56:13,4:31:41,0:11:21,0:11:04,12:26:52,5794,21373,16301,681,664,44812,1418,1208,126,2210,1783,182,1690,1440,153,1418,1208,126,Finisher,2495
Fredrik,Elfverson,Fredrik Elfverson,1120,M45-49,Male,Kalmar,,Sweden,SE,1:02:16,5:36:51,5:34:38,0:05:00,0:08:12,12:26:57,3736,20211,20078,300,492,44817,1419,1209,127,243,201,17,757,683,76,1419,1209,127,Finisher,2494
Johan,Ekbäck,Johan Ekbäck,2085,M50-54,Male,Torslanda,,Sweden,SE,1:18:49,5:49:54,5:05:25,0:04:24,0:08:32,12:27:04,4729,20994,18325,264,512,44824,1420,1210,108,1329,1112,111,1215,1062,106,1420,1210,108,Finisher,2680
Ryan,Hewett,Ryan Hewett,1301,M25-29,Male,Port Talbot,Wales,United Kingdom,GB,1:15:52,6:21:18,4:37:02,0:06:47,0:06:14,12:27:12,4552,22878,16622,407,374,44832,1421,1211,213,1088,926,153,1688,1438,240,1421,1211,213,Finisher,2139
José,Bonito,José Bonito,2381,M55-59,Male,Oeiras,,Portugal,PT,1:26:32,5:44:16,5:00:47,0:05:19,0:10:19,12:27:12,5192,20656,18047,319,619,44832,1422,1212,73,1813,1479,98,1263,1099,70,1422,1212,73,Finisher,3040
Alexander,Vestergård ,Alexander Vestergård,759,M30-34,Male,Färjestaden ,Kalmar,Sweden,SE,1:19:30,5:56:25,4:57:52,0:06:33,0:07:02,12:27:21,4770,21385,17872,393,422,44841,1423,1213,209,1382,1158,190,1358,1183,197,1423,1213,209,Finisher,2096
Benoit,Martin,Benoit Martin,2443,M45-49,Male,onex,,Switzerland,CH,1:01:50,5:46:42,5:25:29,0:06:23,0:07:02,12:27:26,3710,20802,19529,383,422,44846,1424,1214,128,222,183,14,930,828,94,1424,1214,128,Finisher,2488
Giuseppe,Pirozzi,Giuseppe Pirozzi,1498,M50-54,Male,Boscoreale ,NAPOLI,Italy,IT,1:19:17,6:31:33,4:22:37,0:08:11,0:05:54,12:27:31,4757,23493,15757,491,354,44851,1425,1215,109,1365,1143,117,1869,1564,167,1425,1215,109,Finisher,2675
Olli,Kesälä,Olli Kesälä,2669,M30-34,Male,Pori,Satakunta,Finland,FI,1:13:35,5:56:01,5:01:43,0:08:01,0:08:14,12:27:35,4415,21361,18103,481,494,44855,1426,1216,210,909,772,127,1290,1123,189,1426,1216,210,Finisher,2093
Wiktor,Elggren,Wiktor Elggren,2646,M25-29,Male,Gävle,,Sweden,SE,1:21:32,6:00:09,4:51:01,0:06:53,0:08:02,12:27:36,4892,21609,17461,413,482,44856,1427,1217,214,1520,1261,219,1445,1257,216,1427,1217,214,Finisher,2134
Johan,Granfors,Johan Granfors,392,M50-54,Male,Sävedalen,SE-O,Sweden,SE,1:09:57,5:47:34,5:19:48,0:04:40,0:05:44,12:27:44,4197,20854,19188,280,344,44864,1428,1218,110,628,533,45,1044,924,90,1428,1218,110,Finisher,2672
Mathilde,Jost,Mathilde Jost,2128,F30-34,Female,Vitry-sur-Seine,Île-de-France,France,FR,1:30:29,6:11:36,4:26:24,0:12:34,0:06:49,12:27:52,5429,22296,15984,754,409,44872,1429,211,26,2006,373,48,1812,289,32,1429,211,26,Finisher,2937
Lars,Johansson,Lars Johansson,372,M55-59,Male,Uddevalla,SE-O,Sweden,SE,1:25:14,5:12:57,5:37:21,0:05:27,0:07:03,12:28:01,5114,18777,20241,327,423,44881,1430,1219,74,1750,1436,94,748,676,41,1430,1219,74,Finisher,3031
Jeroen,Ultee,Jeroen Ultee,1473,M40-44,Male,Houten,,Netherlands,NL,1:18:01,5:54:38,5:02:45,0:06:43,0:06:01,12:28:08,4681,21278,18165,403,361,44888,1431,1220,131,1273,1069,99,1317,1147,126,1431,1220,131,Finisher,2356
Anders,Wiemo,Anders Wiemo,1028,M45-49,Male,Halmstad,,Sweden,SE,1:35:02,5:54:38,4:38:41,0:11:45,0:08:06,12:28:12,5702,21278,16721,705,486,44892,1432,1221,129,2166,1751,179,1650,1404,150,1432,1221,129,Finisher,2479
Fredrik,Anstrin,Fredrik Anstrin,1884,M25-29,Male,JOHANNESHOV,STOCKHOLMS LAN [SE-01],Sweden,SE,1:22:43,5:51:01,4:58:18,0:07:28,0:08:49,12:28:19,4963,21061,17898,448,529,44899,1433,1222,215,1602,1320,231,1349,1178,201,1433,1222,215,Finisher,2126
Jonas,Engdahl ,Jonas Engdahl,1277,M50-54,Male,Norrhult ,,Sweden,SE,1:41:48,5:40:52,4:51:29,0:07:44,0:06:31,12:28:24,6108,20452,17489,464,391,44904,1434,1223,111,2304,1853,196,1479,1282,128,1434,1223,111,Finisher,2664
Jacob,Caan mattsson,Jacob Caan mattsson,2446,M35-39,Male,Danderyd,SE-AB,Sweden,SE,1:17:02,5:50:41,5:09:01,0:06:03,0:05:42,12:28:28,4622,21041,18541,363,342,44908,1435,1224,139,1188,1004,111,1227,1072,123,1435,1224,139,Finisher,2235
Charlie,Walsh,Charlie Walsh,2222,M18-24,Male,Storvreta,SE-Uppsala,Sweden,SE,1:24:31,6:23:04,4:24:33,0:10:06,0:06:16,12:28:29,5071,22984,15873,606,376,44909,1436,1225,136,1718,1411,173,1846,1549,181,1436,1225,136,Finisher,2244
Fredrik,Marken,Fredrik Marken,1441,M55-59,Male,831 58,SE-Z,Sweden,SE,1:28:02,6:18:07,4:23:00,0:09:42,0:09:39,12:28:30,5282,22687,15780,582,579,44910,1437,1226,75,1894,1541,106,1821,1529,111,1437,1226,75,Finisher,3025
Otto,Ragnarsson,Otto Ragnarsson,922,M18-24,Male,Trekanten,Kalmar,Sweden,SE,1:17:37,6:17:42,4:38:32,0:08:09,0:06:35,12:28:34,4657,22662,16712,489,395,44914,1438,1227,137,1242,1048,129,1682,1432,166,1438,1227,137,Finisher,2243
Anne,Sybesma,Anne Sybesma,1335,M35-39,Male,DELFT,,Netherlands,NL,1:10:19,5:19:37,5:49:24,0:04:53,0:04:30,12:28:43,4219,19177,20964,293,270,44923,1439,1228,140,654,558,66,618,562,67,1439,1228,140,Finisher,2232
Anton,Karlsson,Anton Karlsson,1629,M18-24,Male,Kalmar,,Sweden,SE,1:47:29,5:21:39,5:03:36,0:08:20,0:07:47,12:28:50,6449,19299,18216,500,467,44930,1440,1229,138,2363,1899,218,1286,1119,109,1440,1229,138,Finisher,2240
Mathias,Pålsson,Mathias Pålsson,781,M50-54,Male,Kalmar,Kalmar,Sweden,SE,1:41:04,5:57:31,4:33:17,0:07:45,0:09:17,12:28:53,6064,21451,16397,465,557,44933,1441,1230,112,2294,1846,192,1716,1458,150,1441,1230,112,Finisher,2658
Katja,Hagenfeldt,Katja Hagenfeldt,1207,F30-34,Female,Stockholm,Stockholm,Sweden,SE,1:23:53,6:02:38,4:42:34,0:10:49,0:09:02,12:28:55,5033,21758,16954,649,542,44935,1442,212,27,1675,291,40,1592,231,27,1442,212,27,Finisher,2924
Katie,Szypula,Katie Szypula,2237,F30-34,Female,Toronto,ON,Canada,CA,1:03:08,6:05:16,5:03:50,0:05:48,0:10:57,12:29:00,3788,21916,18230,348,657,44940,1443,213,28,271,50,9,1233,158,20,1443,213,28,Finisher,2923
Emanuela,Felici,Emanuela Felici,1813,F50-54,Female,Woluwe Saint Lambert,BE-Brussels-Capital Region,Italy,IT,1:10:32,6:15:30,4:49:30,0:06:41,0:06:50,12:29:03,4232,22530,17370,401,410,44943,1444,214,18,669,101,7,1522,210,17,1444,214,18,Finisher,3702
Michael,Törnström,Michael Törnström,1723,M45-49,Male,Sävsjöström,Kronoberg,Sweden,SE,1:32:06,5:52:35,4:48:14,0:07:20,0:08:51,12:29:06,5526,21155,17294,440,531,44946,1445,1231,130,2074,1686,170,1510,1304,141,1445,1231,130,Finisher,2468
Gediminas,Jasinas,Gediminas Jasinas,1339,M30-34,Male,Kaunas,Kauno raj,Lithuania,LT,1:12:38,5:22:33,5:43:21,0:05:01,0:05:33,12:29:07,4358,19353,20601,301,333,44947,1446,1232,211,827,700,111,699,633,102,1446,1232,211,Finisher,2075
Anders,Hagström ,Anders Hagström,2614,M35-39,Male,Vintrosa ,Örebro,Sweden,SE,1:01:45,5:28:27,5:47:01,0:04:59,0:06:55,12:29:07,3705,19707,20821,299,415,44947,1447,1233,141,215,177,19,623,565,68,1447,1233,141,Finisher,2227
Ida,Tsokkinen,Ida Tsokkinen,933,F40-44,Female,Kokkola,FI-07,Finland,FI,1:16:07,5:55:13,5:07:22,0:05:20,0:05:09,12:29:10,4567,21313,18442,320,309,44950,1448,215,40,1108,166,22,1276,167,34,1448,215,40,Finisher,2530
Savva,Storozhenko,Savva Storozhenko,2292,M25-29,Male,London,GB-ENG,United Kingdom,GB,1:29:48,6:18:41,4:21:28,0:09:41,0:09:39,12:29:18,5388,22721,15688,581,579,44958,1449,1234,216,1973,1608,270,1854,1555,261,1449,1234,216,Finisher,2114
Roger,Ekelin,Roger Ekelin,995,M50-54,Male,Kalmar,,Sweden,SE,1:30:26,6:05:32,4:40:34,0:05:56,0:06:51,12:29:19,5426,21932,16834,356,411,44959,1450,1235,113,2004,1632,164,1658,1412,146,1450,1235,113,Finisher,2653
Jacob,Westerberg,Jacob Westerberg,2350,M40-44,Male,Vetlanda,,Sweden,SE,1:21:58,5:24:00,5:31:21,0:06:35,0:05:37,12:29:32,4918,19440,19881,395,337,44972,1451,1236,132,1552,1283,128,891,796,88,1451,1236,132,Finisher,2339
Anton,Karlsson,Anton Karlsson,1467,M30-34,Male,Järnforsen,Kalmar,Sweden,SE,1:26:18,5:38:16,5:08:26,0:09:47,0:06:55,12:29:42,5178,20296,18506,587,415,44982,1452,1237,212,1795,1467,245,1235,1077,178,1452,1237,212,Finisher,2068
Mattias,Wittenberg,Mattias Wittenberg,500,M40-44,Male,Kalmar,SE-H,Sweden,SE,1:42:25,6:25:06,4:04:37,0:07:33,0:10:11,12:29:52,6145,23106,14677,453,611,44992,1453,1238,133,2316,1863,196,2044,1696,173,1453,1238,133,Finisher,2335
Magdalena,Dahla,Magdalena Dahla,975,F35-39,Female,Upplands Väsby,,Sweden,SE,1:30:05,6:08:32,4:40:03,0:06:14,0:05:08,12:30:02,5405,22112,16803,374,308,45002,1454,216,23,1991,370,43,1700,255,26,1454,216,23,Finisher,3603
Johan,Lundin,Johan Lundin,1444,M40-44,Male,Linköping,Östergötland,Sweden,SE,1:22:34,6:04:49,4:51:26,0:06:33,0:04:39,12:30:02,4954,21889,17486,393,279,45002,1455,1239,134,1591,1313,132,1536,1321,143,1455,1239,134,Finisher,2333
Jakob ,Ronholt,Jakob Ronholt,1282,M25-29,Male,Stor-Stockholm,Stockholms Län,Sweden,SE,1:17:37,5:39:39,5:15:46,0:09:00,0:08:01,12:30:03,4657,20379,18946,540,481,45003,1456,1240,217,1240,1046,183,1104,975,164,1456,1240,217,Finisher,2105
Jonno,Hekman,Jonno Hekman,1224,M30-34,Male,Marienheem,,Netherlands,NL,1:19:30,6:03:12,4:53:11,0:07:11,0:07:12,12:30:17,4770,21792,17591,431,432,45017,1457,1241,213,1384,1160,191,1470,1276,213,1457,1241,213,Finisher,2061
Johannes,Henriksson,Johannes Henriksson,1949,M25-29,Male,Stor-Stockholm,Stockholms Län,Sweden,SE,1:22:11,6:29:01,4:14:33,0:07:41,0:16:55,12:30:21,4931,23341,15273,461,1015,45021,1458,1242,218,1563,1293,225,1866,1562,263,1458,1242,218,Finisher,2101
Michal,Felcman,Michal Felcman,261,M40-44,Male,Prague,CZ-110,Czech Republic,CZ,1:12:26,5:40:55,5:20:20,0:08:51,0:07:54,12:30:26,4346,20455,19220,531,474,45026,1459,1243,135,803,680,63,1045,925,100,1459,1243,135,Finisher,2328
Joel,Lettevall,Joel Lettevall,984,M25-29,Male,Malmö,Skåne,Sweden,SE,1:21:46,5:46:54,4:51:55,0:15:13,0:14:55,12:30:42,4906,20814,17515,913,895,45042,1460,1244,219,1538,1273,222,1383,1207,208,1460,1244,219,Finisher,2097
Peter,Welzien,Peter Welzien,2233,M50-54,Male,Uppsala,Uppsala Län,Sweden,SE,1:23:41,6:12:54,4:39:30,0:05:55,0:08:44,12:30:43,5021,22374,16770,355,524,45043,1461,1245,114,1664,1374,136,1666,1418,148,1461,1245,114,Finisher,2636
Mathias,Petersson,Mathias Petersson,2000,M30-34,Male,Kbh S ,,Denmark,DK,1:17:57,6:16:10,4:45:00,0:07:04,0:04:38,12:30:50,4677,22570,17100,424,278,45050,1462,1246,214,1268,1066,172,1646,1402,229,1462,1246,214,Finisher,2054
Sven,Natsch,Sven Natsch,797,M50-54,Male,Köln,Northrhine westfelia ,Germany,DE,1:09:19,5:58:13,4:53:59,0:13:05,0:16:30,12:31:06,4159,21493,17639,785,990,45066,1463,1247,115,590,499,39,1341,1170,118,1463,1247,115,Finisher,2632
Morten,Jensen,Morten Jensen,1062,M50-54,,Randers NV,Central Jutland,Denmark,DK,1:56:52,5:41:28,4:34:01,0:10:53,0:07:57,12:31:10,7012,20488,16441,653,477,45070,1464,1248,116,2426,1949,206,1749,1489,153,1464,1248,116,Finisher,2631
Petr,Kubin,Petr Kubin,2059,M50-54,Male,Prague,Czech Republic,Czech Republic,CZ,1:13:05,6:14:46,4:48:52,0:08:01,0:06:44,12:31:28,4385,22486,17332,481,404,45088,1465,1249,117,867,735,67,1562,1340,137,1465,1249,117,Finisher,2627
Daniel,Eklund,Daniel Eklund,750,M40-44,Male,Örebro,,Sweden,SE,1:07:45,6:25:02,4:46:48,0:05:17,0:06:52,12:31:44,4065,23102,17208,317,412,45104,1466,1250,136,493,414,35,1607,1373,148,1466,1250,136,Finisher,2312
Håkan,Lindgren,Håkan Lindgren,2064,M50-54,Male,Löddeköpinge,SE-M,Sweden,SE,1:18:16,5:44:54,5:12:25,0:07:44,0:08:25,12:31:45,4696,20694,18745,464,505,45105,1467,1251,118,1291,1085,109,1183,1040,100,1467,1251,118,Finisher,2624
Joseph,Malm,Joseph Malm,2450,M18-24,Male,Göteborg,Västra Götaland,Sweden,SE,1:23:47,6:04:42,4:42:06,0:10:42,0:10:33,12:31:51,5027,21882,16926,642,633,45111,1468,1252,139,1672,1382,166,1622,1384,156,1468,1252,139,Finisher,2204
Tobias H,Jonasson,Tobias H Jonasson,411,M40-44,Male,Jönköping,SE-F,Sweden,SE,1:11:43,6:09:10,4:59:22,0:06:32,0:05:25,12:32:11,4303,22150,17962,392,325,45131,1469,1253,137,751,634,56,1428,1243,136,1469,1253,137,Finisher,2307
Laura,Page,Laura Page,1819,F40-44,Female,Tielt,WEST-VLAANDEREN,Belgium,BE,1:32:13,6:12:43,4:30:24,0:09:31,0:07:20,12:32:11,5533,22363,16224,571,440,45131,1470,217,41,2080,391,58,1808,286,52,1470,217,41,Finisher,2493
Simon,Larsson,Simon Larsson,2476,M18-24,Male,Borås,SE-O,Sweden,SE,1:24:07,6:07:23,4:50:05,0:05:35,0:05:07,12:32:17,5047,22043,17405,335,307,45137,1471,1254,140,1694,1396,169,1585,1358,150,1471,1254,140,Finisher,2199
Fredrika,Karlsson Aggebrandt,Fredrika Karlsson Aggebrandt,1527,F18-24,Female,Lund,Skåne,Sweden,SE,1:16:32,6:05:09,4:57:03,0:08:27,0:05:27,12:32:37,4592,21909,17823,507,327,45157,1472,218,12,1140,172,12,1473,196,10,1472,218,12,Finisher,2788
Robin,Suer,Robin Suer,1592,M30-34,Male,Wermelskirchen,NRW,Germany,DE,1:24:47,6:03:20,4:49:48,0:08:18,0:06:27,12:32:40,5087,21800,17388,498,387,45160,1473,1255,215,1731,1421,236,1570,1346,220,1473,1255,215,Finisher,2032
Salim,Herbet,Salim Herbet,1826,M35-39,Male,Boves,,France,FR,1:30:14,6:22:22,4:26:00,0:06:30,0:07:43,12:32:49,5414,22942,15960,390,463,45169,1474,1256,142,1998,1627,179,1871,1565,169,1474,1256,142,Finisher,2183
Matthew,Stevens,Matthew Stevens,328,M50-54,Male,Brighton,SXE,United Kingdom,GB,1:30:40,5:56:11,4:51:51,0:06:53,0:07:22,12:32:58,5440,21371,17511,413,442,45178,1475,1257,119,2013,1640,166,1535,1320,134,1475,1257,119,Finisher,2609
Stuart,Mullen,Stuart Mullen,2034,M40-44,Male,Dublin,DUBLIN,Ireland,IE,1:13:42,6:18:52,4:40:18,0:10:54,0:09:20,12:33:05,4422,22732,16818,654,560,45185,1476,1258,138,917,778,73,1680,1430,152,1476,1258,138,Finisher,2296
Pedro,Calvario,Pedro Calvario,1950,M55-59,Male,Almada,PT-15,Portugal,PT,1:12:05,6:14:28,4:53:34,0:08:25,0:05:07,12:33:40,4325,22468,17614,505,307,45220,1477,1259,76,780,659,38,1551,1332,87,1477,1259,76,Finisher,2963
Thomas,Prieß,Thomas Prieß,660,M50-54,Male,HAMBURG,HH,Germany,DE,1:32:37,6:24:04,4:17:44,0:12:15,0:07:10,12:33:50,5557,23044,15464,735,430,45230,1478,1260,120,2098,1702,170,1984,1648,177,1478,1260,120,Finisher,2599
Rommel,Mesquita,Rommel Mesquita,1186,M50-54,Male,naas,IE-KE,Ireland,IE,1:24:18,5:46:46,5:09:37,0:06:14,0:07:06,12:34:01,5058,20806,18577,374,426,45241,1479,1261,121,1708,1406,139,1284,1117,112,1479,1261,121,Finisher,2597
Juhani,Myllynen,Juhani Myllynen,1732,M40-44,Male,Helsinki,Uusimaa,Finland,FI,1:29:11,5:36:44,5:12:58,0:08:52,0:06:35,12:34:20,5351,20204,18778,532,395,45260,1480,1262,139,1943,1582,159,1241,1082,119,1480,1262,139,Finisher,2281
Jennifer,Done,Jennifer Done,2717,F35-39,Female,Southampton,HAM,United Kingdom,GB,1:17:52,6:27:25,4:36:34,0:07:23,0:05:14,12:34:29,4672,23245,16594,443,314,45269,1481,219,24,1260,200,22,1785,275,32,1481,219,24,Finisher,3550
Mirjam,Lammers,Mirjam Lammers,794,F50-54,Female,Aalten,,Netherlands,NL,1:19:05,5:56:18,5:08:27,0:04:49,0:05:59,12:34:38,4745,21378,18507,289,359,45278,1482,220,19,1351,220,21,1335,171,14,1482,220,19,Finisher,3635
Bruno,Chinitor,Bruno Chinitor,1163,M55-59,Male,Brugge,Vlaams Gewest,Belgium,BE,1:09:55,6:00:31,5:11:16,0:06:10,0:07:08,12:35:00,4195,21631,18676,370,428,45300,1483,1263,77,626,531,31,1272,1107,71,1483,1263,77,Finisher,2947
Sebastian ,Ottosson,Sebastian Ottosson,679,M30-34,Male,Färjestaden,KALMAR LAN [SE-08],Sweden,SE,1:23:14,5:56:13,4:51:33,0:10:54,0:13:11,12:35:05,4994,21373,17493,654,791,45305,1484,1264,216,1632,1348,225,1476,1279,214,1484,1264,216,Finisher,2003
Fredrik,Luu,Fredrik Luu,1930,M30-34,Male,Malmö,Skåne,Sweden,SE,1:17:15,6:06:10,4:58:18,0:06:59,0:06:28,12:35:09,4635,21970,17898,419,388,45309,1485,1265,217,1204,1017,162,1478,1281,215,1485,1265,217,Finisher,2002
Ronja,Sörenson,Ronja Sörenson,2260,F18-24,Female,Ekerö,Stockholm,Sweden,SE,1:17:30,6:15:50,4:48:37,0:07:15,0:06:00,12:35:12,4650,22550,17317,435,360,45312,1486,221,13,1226,191,14,1638,241,13,1486,221,13,Finisher,2757
Emil,Skarnvad,Emil Skarnvad,2330,M18-24,Male,Frederiksberg,DK-84,Denmark,DK,1:15:26,6:14:56,4:41:40,0:13:33,0:09:39,12:35:13,4526,22496,16900,813,579,45313,1487,1266,141,1057,899,112,1685,1435,168,1487,1266,141,Finisher,2164
Casper,Hådell,Casper Hådell,2229,M18-24,Male,Uppsala,Uppsala Län,Sweden,SE,1:20:05,6:13:18,4:46:30,0:09:05,0:06:43,12:35:42,4805,22398,17190,545,403,45342,1488,1267,142,1426,1193,147,1665,1417,162,1488,1267,142,Finisher,2158
Anna,McArdle,Anna McArdle,2332,F35-39,Female,Katesbridge,Northern Ireland,Ireland,IE,1:17:36,6:26:03,4:34:51,0:06:58,0:10:25,12:35:52,4656,23163,16491,418,625,45352,1489,222,25,1236,193,20,1764,268,31,1489,222,25,Finisher,3533
Lasse Lund,Schjerning,Lasse Lund Schjerning,2550,M18-24,Male,Lunderskov,Southern Jutland,Denmark,DK,1:29:46,6:02:41,4:45:31,0:11:28,0:06:37,12:36:03,5386,21761,17131,688,397,45363,1490,1268,143,1970,1605,196,1686,1436,169,1490,1268,143,Finisher,2154
Ola,Ramén,Ola Ramén,1531,M55-59,Male,KARLSKRONA,SE-K,Sweden,SE,1:30:00,6:02:35,4:46:46,0:08:58,0:07:44,12:36:03,5400,21755,17206,538,464,45363,1491,1269,78,1983,1617,117,1654,1408,97,1491,1269,78,Finisher,2934
Mickael,Ben Iken,Mickael Ben Iken,1074,M30-34,Male,Paris,Île-de-France,France,FR,1:27:43,6:27:36,4:14:54,0:13:57,0:11:54,12:36:04,5263,23256,15294,837,714,45364,1492,1270,218,1871,1523,257,1988,1650,268,1492,1270,218,Finisher,1991
Cecilia ,Janvig,Cecilia Janvig,602,F45-49,Female,Göteborg ,Västra Götaland,Sweden,SE,1:38:51,5:49:11,4:55:51,0:05:41,0:06:33,12:36:08,5931,20951,17751,341,393,45368,1493,223,24,2256,442,61,1534,215,25,1493,223,24,Finisher,2921
Tommi,Elomaa,Tommi Elomaa,1704,M55-59,Male,Espoo,Uusimaa,Finland,FI,1:10:11,5:10:28,6:01:16,0:06:25,0:07:49,12:36:09,4211,18628,21676,385,469,45369,1494,1271,79,644,549,33,507,461,24,1494,1271,79,Finisher,2933
Jonny,Jackson,Jonny Jackson,1568,M50-54,Male,Pinner,GB-ENG,United Kingdom,GB,1:11:26,5:40:34,5:33:10,0:06:03,0:04:56,12:36:10,4286,20434,19990,363,296,45370,1495,1272,122,732,621,58,986,876,86,1495,1272,122,Finisher,2571
Moritz,Flachsland,Moritz Flachsland,879,M18-24,Male,Krefeld,Hüls ,Germany,DE,1:14:18,6:26:57,4:39:56,0:06:44,0:08:15,12:36:10,4458,23217,16796,404,495,45370,1496,1273,144,972,824,103,1738,1479,176,1496,1273,144,Finisher,2152
Carla ,McArdle ,Carla McArdle,2325,F35-39,Female,Banbridge ,Northern Ireland,Ireland,IE,1:18:38,6:17:21,4:47:16,0:06:29,0:06:27,12:36:11,4718,22641,17236,389,387,45371,1497,224,26,1317,214,24,1662,248,24,1497,224,26,Finisher,3529
Susanne,Åkerberg,Susanne Åkerberg,1156,F55-59,Female,Spånga,,Sweden,SE,1:20:28,5:26:42,5:37:55,0:05:43,0:05:29,12:36:17,4828,19602,20275,343,329,45377,1498,225,7,1452,239,11,897,96,3,1498,225,7,Finisher,3852
Felix,Sjölin,Felix Sjölin,2423,M30-34,Male,Kungsbacka,HALLANDS LAN [SE-13],Sweden,SE,1:12:24,6:07:43,4:56:20,0:11:01,0:09:00,12:36:28,4344,22063,17780,661,540,45388,1499,1274,219,799,676,105,1493,1292,216,1499,1274,219,Finisher,1986
Dylan,De Lange,Dylan De Lange,1993,M50-54,Male,Maarssen,NL-UT,Netherlands,NL,1:17:21,6:21:42,4:42:51,0:07:29,0:07:15,12:36:39,4641,22902,16971,449,435,45399,1500,1275,123,1215,1027,102,1721,1462,151,1500,1275,123,Finisher,2565
Petteri,Nurmi,Petteri Nurmi,1506,M40-44,Male,Tampere,Pirkanmaa,Finland,FI,1:16:02,5:22:58,5:40:56,0:06:42,0:10:03,12:36:40,4562,19378,20456,402,603,45400,1501,1276,140,1106,941,85,785,708,77,1501,1276,140,Finisher,2253
Daag,Nyman,Daag Nyman,624,M55-59,Male,Näsum,,Sweden,SE,1:28:46,5:53:32,4:58:45,0:08:37,0:07:02,12:36:42,5326,21212,17925,517,422,45402,1502,1277,80,1921,1566,110,1490,1290,82,1502,1277,80,Finisher,2926
Charlie ,Johansson ,Charlie Johansson,2666,M30-34,Male,Trensum,Blekinge,Sweden,SE,1:13:45,6:02:24,4:57:51,0:10:04,0:12:44,12:36:48,4425,21744,17871,604,764,45408,1503,1278,220,927,786,129,1415,1231,208,1503,1278,220,Finisher,1982
Robert ,Persson,Robert Persson,1913,M25-29,Male,Jönköping,Jönköping ,Sweden,SE,1:33:01,6:09:24,4:42:48,0:06:26,0:05:14,12:36:53,5581,22164,16968,386,314,45413,1504,1279,220,2111,1712,288,1746,1486,250,1504,1279,220,Finisher,2023
Ramūnas,Keliuotis,Ramūnas Keliuotis,1373,M50-54,Male,Kaunas,KAUNO MIESTAS,Lithuania,LT,1:28:45,6:01:18,4:53:45,0:07:33,0:05:38,12:37:00,5325,21678,17625,453,338,45420,1505,1280,124,1919,1564,154,1598,1366,142,1505,1280,124,Finisher,2561
Jeanna,Nylander,Jeanna Nylander,2674,F40-44,Female,Ängelholm,SE-M,Sweden,SE,1:30:25,5:37:52,5:09:31,0:11:03,0:08:13,12:37:04,5425,20272,18571,663,493,45424,1506,226,42,2003,372,54,1316,170,35,1506,226,42,Finisher,2435
Didrik,Bjurström,Didrik Bjurström,2183,M18-24,Male,Stockholm,Stockholm,Sweden,SE,1:18:49,5:41:39,5:17:25,0:07:26,0:11:51,12:37:09,4729,20499,19045,446,711,45429,1507,1281,145,1328,1111,140,1132,997,93,1507,1281,145,Finisher,2140
Daniel,Kunášek,Daniel Kunášek,1973,M30-34,Male,Horažďovic,PLZENSKY KRAJ,Czech Republic,CZ,1:24:43,6:07:42,4:51:04,0:06:58,0:06:49,12:37:16,5083,22062,17464,418,409,45436,1508,1282,221,1726,1418,235,1625,1386,227,1508,1282,221,Finisher,1977
Casper,Marcher,Casper Marcher,438,M25-29,Male,Stockholm,Stockholm,Sweden,SE,1:33:38,6:17:41,4:19:23,0:15:42,0:10:55,12:37:20,5618,22661,15563,942,655,45440,1509,1283,221,2132,1724,292,1967,1635,272,1509,1283,221,Finisher,2017
Björn ,Johansson ,Björn Johansson,1687,M50-54,Male,Lenhovda,Kronoberg,Sweden,SE,1:41:26,5:43:41,4:53:30,0:09:21,0:09:27,12:37:25,6086,20621,17610,561,567,45445,1510,1284,125,2299,1848,193,1544,1325,135,1510,1284,125,Finisher,2556
Tom,Blackmore,Tom Blackmore,1795,M30-34,Male,Yeovil,SOM,United Kingdom,GB,1:12:34,6:12:42,4:57:41,0:07:02,0:07:27,12:37:26,4354,22362,17861,422,447,45446,1511,1285,222,820,695,110,1516,1308,218,1511,1285,222,Finisher,1975
Jimmy,Borgh,Jimmy Borgh,827,M40-44,Male,Ingaro,SE-AB,Sweden,SE,1:17:21,5:07:46,6:01:28,0:05:01,0:05:59,12:37:35,4641,18466,21688,301,359,45455,1512,1286,141,1216,1028,93,546,498,56,1512,1286,141,Finisher,2242
Tom,Hoffmann,Tom Hoffmann,1635,M18-24,Male,Waldesch,RHEINLAND-PFALZ,Germany,DE,1:27:44,5:44:39,5:13:40,0:06:19,0:05:13,12:37:36,5264,20679,18820,379,313,45456,1513,1287,146,1873,1525,184,1306,1138,113,1513,1287,146,Finisher,2135
Lewis,Nuttall,Lewis Nuttall,1189,M50-54,Male,MAPLETON,US-UT,United States,US,1:37:54,5:50:06,4:54:14,0:09:33,0:05:54,12:37:41,5874,21006,17654,573,354,45461,1514,1288,126,2234,1798,185,1596,1364,140,1514,1288,126,Finisher,2553
Linus,Löfzelius,Linus Löfzelius,717,M35-39,Male,Kalmar,SE-H,Sweden,SE,1:16:20,5:46:08,5:22:41,0:04:56,0:07:38,12:37:44,4580,20768,19361,296,458,45464,1515,1289,143,1121,954,105,1124,991,115,1515,1289,143,Finisher,2124
Alp,Turan,Alp Turan,790,M55-59,Male,Sickte,foreigner,Germany,DE,1:19:39,5:57:21,5:05:30,0:09:08,0:06:11,12:37:49,4779,21441,18330,548,371,45469,1516,1290,81,1391,1167,76,1413,1229,79,1516,1290,81,Finisher,2913
Fredrik,Nyström,Fredrik Nyström,1021,M50-54,Male,Torsås,KALMAR LAN [SE-08],Sweden,SE,1:18:51,5:57:10,4:56:34,0:11:46,0:13:49,12:38:10,4731,21430,17794,706,829,45490,1517,1291,127,1334,1117,112,1433,1247,123,1517,1291,127,Finisher,2547
Mads,Dam Christensen,Mads Dam Christensen,291,M25-29,Male,Nørresundby,NORDJYLLAND,Denmark,DK,1:20:02,5:37:44,5:29:47,0:05:06,0:05:51,12:38:30,4802,20264,19787,306,351,45510,1518,1292,222,1423,1190,206,1053,932,152,1518,1292,222,Finisher,2003
Nathan,Mollett,Nathan Mollett,1982,M50-54,Male,Banstead,SRY,Ukraine,UA,1:08:57,6:21:39,4:50:43,0:08:11,0:09:06,12:38:36,4137,22899,17443,491,546,45516,1519,1293,128,563,475,36,1614,1376,143,1519,1293,128,Finisher,2542
Marie,Gustavsson,Marie Gustavsson,1023,F45-49,Female,Kalmar,SE-H,Sweden,SE,1:34:56,6:08:48,4:30:28,0:12:42,0:11:50,12:38:44,5696,22128,16228,762,710,45524,1520,227,25,2161,415,56,1833,294,40,1520,227,25,Finisher,2890
Per ,Buténas,Per Buténas,1649,M35-39,Male,Stockholm,,Sweden,SE,1:33:12,6:26:14,4:22:59,0:10:16,0:06:05,12:38:46,5592,23174,15779,616,365,45526,1521,1294,144,2121,1717,187,1991,1653,176,1521,1294,144,Finisher,2111
Keith,Fernandes,Keith Fernandes,2121,M30-34,Male,Huddinge,Stockholm,Sweden,SE,1:46:08,6:18:01,4:16:47,0:11:31,0:06:29,12:38:55,6368,22681,15407,691,389,45535,1522,1295,223,2353,1892,307,2051,1703,281,1522,1295,223,Finisher,1957
August,Gemzell,August Gemzell,824,M18-24,Male,Blekinge,Blekinge,Sweden,SE,1:11:45,6:19:39,4:50:05,0:11:14,0:06:29,12:39:12,4305,22779,17405,674,389,45552,1523,1296,147,753,636,82,1668,1420,163,1523,1296,147,Finisher,2116
Bartosz,Maniecki,Bartosz Maniecki,1223,M30-34,Male,Poznań,,Poland,PL,1:17:34,6:30:02,4:31:13,0:08:41,0:11:56,12:39:26,4654,23402,16273,521,716,45566,1524,1297,224,1233,1041,165,1830,1537,250,1524,1297,224,Finisher,1951
Peter,Wiksten,Peter Wiksten,1722,M45-49,Male,SKELLEFTEÅ,SE-AC,Sweden,SE,0:57:34,6:14:46,5:15:58,0:05:21,0:05:53,12:39:32,3454,22486,18958,321,353,45572,1525,1298,131,108,93,3,1293,1126,126,1525,1298,131,Finisher,2343
Noah,Paillon,Noah Paillon,2206,M25-29,Male,Stockholm ,Stockholm,Sweden,SE,1:16:08,6:22:45,4:44:35,0:07:44,0:08:40,12:39:51,4568,22965,17075,464,520,45591,1526,1299,223,1109,943,157,1722,1463,246,1526,1299,223,Finisher,1987
Anna,Lundgren,Anna Lundgren,448,F40-44,Female,Kalmar,KALMAR LAN [SE-08],Sweden,SE,1:15:19,5:27:43,5:45:23,0:06:18,0:05:13,12:39:56,4519,19663,20723,378,313,45596,1527,228,43,1046,156,21,845,87,9,1527,228,43,Finisher,2400
Julia,Johnsson,Julia Johnsson,2196,F25-29,Female,Ytterby,,Sweden,SE,1:08:35,6:08:19,5:04:47,0:07:43,0:10:37,12:40:01,4115,22099,18287,463,637,45601,1528,229,41,539,86,16,1394,179,31,1528,229,41,Finisher,2515
Louise,Elofsson,Louise Elofsson,2181,F30-34,Female,Mangskog,,Sweden,SE,1:10:32,6:13:35,5:02:07,0:05:25,0:08:28,12:40:08,4232,22415,18127,325,508,45608,1529,230,29,670,102,19,1464,192,22,1529,230,29,Finisher,2790
Tom,van Eijk,Tom van Eijk,1643,M25-29,Male,Woudenberg,Utrecht,Netherlands,NL,1:38:02,6:22:42,4:23:38,0:10:56,0:04:51,12:40:10,5882,22962,15818,656,291,45610,1530,1300,224,2241,1804,305,2011,1669,279,1530,1300,224,Finisher,1983
Martin,Hardtke,Martin Hardtke,948,M45-49,Male,Bergen,MV,Germany,DE,1:09:53,5:28:02,5:45:02,0:08:08,0:09:11,12:40:16,4193,19682,20702,488,551,45616,1531,1301,132,624,530,65,791,714,80,1531,1301,132,Finisher,2334
Noora,Perhiö,Noora Perhiö,1674,F35-39,Female,Helsinki,NYLAND,Finland,FI,1:09:18,6:01:57,5:18:33,0:04:28,0:06:00,12:40:16,4158,21717,19113,268,360,45616,1532,231,27,588,91,3,1252,163,11,1532,231,27,Finisher,3480
Sara,Elfving,Sara Elfving,1025,F55-59,Female,Ronneby,SE-K,Sweden,SE,1:20:26,6:01:02,5:00:01,0:07:38,0:11:13,12:40:21,4826,21662,18001,458,673,45621,1533,232,8,1449,238,10,1457,191,10,1533,232,8,Finisher,3804
Daniel,Levin,Daniel Levin,1181,M50-54,Male,Lyckeby,,Sweden,SE,1:14:05,5:49:26,5:22:56,0:06:16,0:07:42,12:40:24,4445,20966,19376,376,462,45624,1534,1302,129,950,804,78,1162,1021,97,1534,1302,129,Finisher,2520
Theresa,Cronfalk,Theresa Cronfalk,1646,F40-44,Female,Tullinge,,Sweden,SE,1:22:13,6:06:26,4:55:40,0:08:07,0:07:59,12:40:25,4933,21986,17740,487,479,45625,1535,233,44,1568,273,39,1576,227,43,1535,233,44,Finisher,2395
Sam,Mansori,Sam Mansori,1194,M40-44,Male,Sala,VASTMANLANDS LAN [SE-19],Sweden,SE,1:25:12,5:43:40,5:10:22,0:11:48,0:09:40,12:40:42,5112,20620,18622,708,580,45642,1536,1303,142,1748,1435,149,1343,1172,128,1536,1303,142,Finisher,2205
Mattias ,Evaldsson ,Mattias Evaldsson,1824,M25-29,Male,Lund,Skåne,Sweden,SE,1:05:51,6:06:25,5:04:33,0:10:56,0:12:58,12:40:43,3951,21985,18273,656,778,45643,1537,1304,225,384,317,43,1374,1198,205,1537,1304,225,Finisher,1977
Oliver,Kollecker,Oliver Kollecker,823,M55-59,Male,Wandlitz,BB,Germany,DE,1:27:47,6:06:53,4:54:59,0:05:38,0:05:34,12:40:52,5267,22013,17699,338,334,45652,1538,1305,82,1879,1531,105,1632,1392,93,1538,1305,82,Finisher,2876
Maria,Björkqvist,Maria Björkqvist,398,F40-44,Female,Veberöd,,Sweden,SE,1:21:36,6:13:59,4:48:29,0:05:30,0:11:19,12:40:53,4896,22439,17309,330,679,45653,1539,234,45,1528,263,37,1643,243,47,1539,234,45,Finisher,2389
Thomas,Steinschaden,Thomas Steinschaden,2036,M40-44,Male,Kalmar,,Austria,AT,1:47:19,5:52:58,4:40:39,0:08:49,0:11:09,12:40:54,6439,21178,16839,529,669,45654,1540,1306,143,2362,1898,200,1748,1488,155,1540,1306,143,Finisher,2202
Ann-Katrin,Kuzmenko,Ann-Katrin Kuzmenko,2271,F35-39,Female,Horgen,CH-ZH,Switzerland,CH,1:19:05,6:13:23,4:54:10,0:06:56,0:07:25,12:40:58,4745,22403,17650,416,445,45658,1541,235,28,1352,221,26,1626,240,23,1541,235,28,Finisher,3472
Niklas,Levin,Niklas Levin,970,M40-44,Male,Motala,SE-E,Sweden,SE,1:24:20,5:51:45,5:07:14,0:08:53,0:08:56,12:41:08,5060,21105,18434,533,536,45668,1542,1307,144,1710,1408,147,1397,1218,134,1542,1307,144,Finisher,2200
Fredric,Larsson,Fredric Larsson,2620,M30-34,Male,Genarp,SE-M,Sweden,SE,1:26:43,6:26:44,4:31:20,0:08:00,0:08:33,12:41:20,5203,23204,16280,480,513,45680,1543,1308,225,1821,1486,247,1901,1587,259,1543,1308,225,Finisher,1928
Max,van der Meer,Max van der Meer,1050,M18-24,Male,Tilburg,North Brabant,Netherlands,NL,1:11:07,6:17:51,4:55:54,0:07:32,0:08:59,12:41:23,4267,22671,17754,452,539,45683,1544,1309,148,716,608,75,1572,1347,147,1544,1309,148,Finisher,2090
Sunny,Parker,Sunny Parker,883,F30-34,Female,Plymouth,DEV,United Kingdom,GB,1:20:47,6:29:42,4:33:04,0:08:19,0:09:38,12:41:30,4847,23382,16384,499,578,45690,1545,236,30,1470,246,31,1864,303,34,1545,236,30,Finisher,2773
Noah Tobias,Svendsen,Noah Tobias Svendsen,2459,M25-29,Male,Bergen,Vestland,Norway,NO,1:22:33,5:40:17,5:22:17,0:08:04,0:08:47,12:41:58,4953,20417,19337,484,527,45718,1546,1310,226,1590,1312,230,1182,1039,175,1546,1310,226,Finisher,1962
Linda,Mathisen,Linda Mathisen,641,F40-44,Female,Kalmar,,Sweden,SE,1:31:51,6:10:00,4:44:36,0:07:42,0:07:49,12:41:58,5511,22200,17076,462,469,45718,1547,237,46,2065,385,56,1753,262,49,1547,237,46,Finisher,2376
Kevin,Follestad,Kevin Follestad,866,M18-24,Male,Ørsta,MØRE OG ROMSDAL,Norway,NO,1:14:16,5:27:23,5:47:20,0:06:56,0:06:14,12:42:10,4456,19643,20840,416,374,45730,1548,1311,149,969,821,102,834,749,71,1548,1311,149,Finisher,2080
Tilde,Brorsson,Tilde Brorsson,2385,F25-29,Female,Umeå,Umeå,Sweden,SE,1:16:28,6:06:45,5:00:52,0:08:47,0:09:19,12:42:10,4588,22005,18052,527,559,45730,1549,238,42,1134,170,30,1509,206,38,1549,238,42,Finisher,2489
Stef,ten Brinke,Stef ten Brinke,1143,M25-29,Male,Haaksbergen,Overijssel,Netherlands,NL,1:20:48,6:01:37,5:02:09,0:10:22,0:07:19,12:42:15,4848,21697,18129,622,439,45735,1550,1312,227,1473,1226,213,1523,1313,226,1550,1312,227,Finisher,1958
Piotr,Marchwinski,Piotr Marchwinski,1451,M45-49,Male,Łomianki,MAZOWIECKIE,Poland,PL,1:24:50,5:49:19,5:12:59,0:08:33,0:07:29,12:43:10,5090,20959,18779,513,449,45790,1551,1313,133,1733,1423,148,1363,1187,129,1551,1313,133,Finisher,2300
Jonas,Lindberg,Jonas Lindberg,2145,M50-54,Male,Bunkeflostrand,SKANE LAN [SE-12],Sweden,SE,1:32:42,6:21:19,4:28:53,0:09:58,0:10:21,12:43:12,5562,22879,16133,598,621,45792,1552,1314,130,2102,1706,172,1929,1606,171,1552,1314,130,Finisher,2487
Chloe,Simper,Chloe Simper,1431,F25-29,Female,Edinburgh,GB-SCT,United Kingdom,GB,1:11:20,6:11:57,5:07:14,0:05:41,0:07:06,12:43:17,4280,22317,18434,341,426,45797,1553,239,43,727,110,21,1451,189,33,1553,239,43,Finisher,2475
Jan,Praestholm,Jan Praestholm,214,M55-59,Male,Svendborg,DK-SYDDANMARK,Denmark,DK,1:12:02,5:07:09,6:13:51,0:05:00,0:05:42,12:43:45,4322,18429,22431,300,342,45825,1554,1315,83,777,657,37,470,428,20,1554,1315,83,Finisher,2842
Christoph,Schärf,Christoph Schärf,2703,M40-44,,Stockholm,Stockholm,Sweden,SE,1:29:34,6:40:26,4:13:25,0:12:40,0:07:51,12:43:55,5374,24026,15205,760,471,45835,1555,1316,145,1966,1602,161,2127,1755,186,1555,1316,145,Finisher,2166
Thomas,Sahlström Månsson,Thomas Sahlström Månsson,632,M35-39,Male,Öjersjö,SE-O,Sweden,SE,1:29:02,5:57:00,5:06:21,0:06:00,0:05:42,12:44:05,5342,21420,18381,360,342,45845,1556,1317,145,1936,1577,173,1511,1305,145,1556,1317,145,Finisher,2048
Jesper,van der Sterren,Jesper van der Sterren,804,M18-24,Male,The Hague,South Holland,Netherlands,NL,1:13:22,6:55:06,4:23:05,0:07:03,0:05:36,12:44:12,4402,24906,15785,423,336,45852,1557,1318,150,887,753,91,2049,1701,196,1557,1318,150,Finisher,2056
Sebastian,Mattsson,Sebastian Mattsson,1679,M35-39,Male,Uppsala,SE-C,Sweden,SE,1:22:55,6:03:12,5:04:15,0:07:57,0:06:00,12:44:20,4975,21792,18255,477,360,45860,1558,1319,146,1611,1329,143,1538,1322,147,1558,1319,146,Finisher,2045
Pierre,Baran,Pierre Baran,1168,M35-39,Male,Collombey,Valais,Switzerland,CH,1:19:06,6:28:55,4:37:09,0:08:48,0:10:26,12:44:23,4746,23335,16629,528,626,45863,1559,1320,147,1354,1133,122,1836,1542,168,1559,1320,147,Finisher,2044
Andreas,Björk,Andreas Björk,2429,M30-34,Male,Piteå,Norrbotten,Sweden,SE,1:27:46,6:23:59,4:31:58,0:10:18,0:10:43,12:44:44,5266,23039,16318,618,643,45884,1560,1321,226,1877,1529,259,1905,1590,260,1560,1321,226,Finisher,1887
Nick ,Stolzenbach,Nick Stolzenbach,1418,M25-29,Male,Utrecht,Utrecht,Netherlands,NL,1:30:53,6:06:34,4:49:07,0:09:03,0:09:17,12:44:53,5453,21994,17347,543,557,45893,1561,1322,228,2024,1649,279,1720,1461,245,1561,1322,228,Finisher,1927
Ken Are,Østlid,Ken Are Østlid,2538,M50-54,Male,Billingstad,Akershus,Norway,NO,1:49:10,5:19:03,5:24:10,0:07:45,0:04:55,12:45:02,6550,19143,19450,465,295,45902,1562,1323,131,2383,1913,202,1258,1094,109,1562,1323,131,Finisher,2465
Robert,Ervid,Robert Ervid,1689,M45-49,Male,Saltsjöbaden,STOCKHOLMS LAN [SE-01],Sweden,SE,1:27:46,6:03:39,4:58:09,0:07:29,0:08:18,12:45:22,5266,21819,17889,449,498,45922,1563,1324,134,1876,1528,163,1619,1381,147,1563,1324,134,Finisher,2273
Martijn,Miltenburg,Martijn Miltenburg,709,M25-29,Male,Tyresö,SE-AB,Sweden,SE,1:18:25,5:58:16,5:15:18,0:06:10,0:07:14,12:45:24,4705,21496,18918,370,434,45924,1564,1325,229,1300,1092,190,1367,1191,204,1564,1325,229,Finisher,1921
Lisa,Fogelström,Lisa Fogelström,752,F40-44,Female,Kalmar,,Sweden,SE,1:34:39,6:25:30,4:23:11,0:06:36,0:15:33,12:45:28,5679,23130,15791,396,933,45928,1565,240,47,2155,413,59,1964,331,58,1565,240,47,Finisher,2334
Anders,Sjöblom,Anders Sjöblom,492,M55-59,Male,Kalmar,,Sweden,SE,1:14:36,5:56:05,5:20:34,0:06:33,0:08:10,12:45:58,4476,21365,19234,393,490,45958,1566,1326,84,987,837,53,1282,1115,73,1566,1326,84,Finisher,2815
David ,Zachrisson ,David Zachrisson,1036,M30-34,Male,Vallda,HALLANDS LAN [SE-13],Sweden,SE,1:05:27,6:27:53,4:54:08,0:08:10,0:10:23,12:46:01,3927,23273,17648,490,623,45961,1567,1327,227,359,292,47,1652,1406,230,1567,1327,227,Finisher,1872
Michael,Lövtrup,Michael Lövtrup,2369,M55-59,Male,JOHANNESHOV,--Välj land--,Sweden,SE,1:39:31,6:32:05,4:10:11,0:13:29,0:10:52,12:46:09,5971,23525,15011,809,652,45969,1568,1328,85,2276,1829,138,2151,1769,129,1568,1328,85,Finisher,2813
Marcus,Kytölä,Marcus Kytölä,2734,M25-29,Male,Lahti,Villähde,Finland,FI,1:28:50,6:10:31,4:52:24,0:08:06,0:06:49,12:46:39,5330,22231,17544,486,409,45999,1569,1329,230,1924,1569,263,1734,1475,248,1569,1329,230,Finisher,1906
Alex,Pryde,Alex Pryde,1547,M30-34,Male,Worcester Park,ENG,United Kingdom,GB,1:18:50,6:13:37,4:57:11,0:07:55,0:09:07,12:46:39,4730,22417,17831,475,547,45999,1570,1330,228,1331,1114,177,1633,1393,228,1570,1330,228,Finisher,1864
Kim,Agelborn,Kim Agelborn,1750,F40-44,Female,HINDÅS,SE-O,Sweden,SE,1:19:07,6:32:51,4:38:42,0:06:32,0:09:28,12:46:40,4747,23571,16722,392,568,46000,1571,241,48,1355,222,31,1860,301,53,1571,241,48,Finisher,2320
Laszlo,Horvath,Laszlo Horvath,222,M60-64,Male,Nojorid,Bihor,Romania,RO,1:30:34,5:59:31,5:01:32,0:06:08,0:09:07,12:46:53,5434,21571,18092,368,547,46013,1572,1331,25,2007,1634,38,1568,1345,30,1572,1331,25,Finisher,2912
Emil,Blomqvist,Emil Blomqvist,1781,M30-34,Male,Västerås,VASTMANLANDS LAN [SE-19],Sweden,SE,1:14:25,6:17:37,4:51:36,0:11:29,0:11:54,12:47:00,4465,22657,17496,689,714,46020,1573,1332,229,980,831,134,1683,1433,234,1573,1332,229,Finisher,1860
Peter,Allwood,Peter Allwood,1685,M45-49,Male,Rodeby,Blekinge,United Kingdom,GB,1:07:20,5:42:27,5:44:19,0:07:05,0:05:55,12:47:07,4040,20547,20659,425,355,46027,1574,1333,135,471,394,48,963,855,99,1574,1333,135,Finisher,2252
Louis-Alexis,Reussner,Louis-Alexis Reussner,2530,M25-29,Male,Maisons-Alfort,VAL-DE-MARNE,France,FR,1:25:10,6:21:07,4:41:12,0:07:05,0:12:36,12:47:09,5110,22867,16872,425,756,46029,1575,1334,231,1744,1431,242,1790,1514,255,1575,1334,231,Finisher,1900
Hugo,Gyllensten,Hugo Gyllensten,729,M25-29,Male,Kalmar,,Sweden,SE,1:07:25,6:02:30,5:18:16,0:06:06,0:12:58,12:47:16,4045,21750,19096,366,778,46036,1576,1335,232,476,398,59,1261,1097,186,1576,1335,232,Finisher,1898
Gerard,Corominas ,Gerard Corominas,1790,M45-49,Male,Cardona,,Spain,ES,1:11:20,5:39:35,5:40:14,0:08:43,0:07:40,12:47:31,4280,20375,20414,523,460,46051,1577,1336,136,726,617,73,1006,893,101,1577,1336,136,Finisher,2247
Oscar,Arwidson,Oscar Arwidson,1587,M25-29,Male,Ystad,SE-M,Sweden,SE,1:33:10,6:09:45,4:45:57,0:11:47,0:07:07,12:47:46,5590,22185,17157,707,427,46066,1578,1337,233,2118,1715,289,1814,1525,258,1578,1337,233,Finisher,1892
Peter,Åsén,Peter Åsén,358,M55-59,Male,Örby,SE-O,Sweden,SE,1:15:53,5:55:10,5:20:39,0:08:04,0:08:00,12:47:46,4553,21310,19239,484,480,46066,1579,1338,86,1090,928,57,1312,1143,74,1579,1338,86,Finisher,2794
Anna-Leena,Nokelainen,Anna-Leena Nokelainen,1658,F50-54,Female,Kangasala,Pirkanmaa,Finland,FI,1:27:07,6:02:03,5:06:39,0:06:01,0:06:04,12:47:54,5227,21723,18399,361,364,46074,1580,242,20,1843,343,33,1555,221,19,1580,242,20,Finisher,3476
Alexander,Uggla,Alexander Uggla,1590,M35-39,Male,Bergen,Vestland,Sweden,SE,1:34:38,6:33:30,4:28:34,0:06:36,0:04:51,12:48:10,5678,23610,16114,396,291,46090,1581,1339,148,2154,1742,189,2042,1694,179,1581,1339,148,Finisher,1999
Heikki,Uusitalo,Heikki Uusitalo,1987,M50-54,Male,Kokkola,,Finland,FI,1:35:18,5:31:54,4:58:50,0:24:12,0:18:01,12:48:14,5718,19914,17930,1452,1081,46094,1582,1340,132,2174,1757,179,1497,1294,131,1582,1340,132,Finisher,2426
Ingela,STJÄRNVY,Ingela STJÄRNVY,556,F50-54,Female,Torslanda,SE-O,Sweden,SE,1:20:38,6:09:35,5:02:33,0:06:07,0:09:21,12:48:14,4838,22175,18153,367,561,46094,1583,243,21,1460,243,23,1569,224,20,1583,243,21,Finisher,3472
Pontus,Borgström,Pontus Borgström,1951,M30-34,Male,Stockholm,STOCKHOLMS LAN [SE-01],Sweden,SE,1:14:43,5:52:38,5:24:02,0:07:46,0:09:19,12:48:28,4483,21158,19442,466,559,46108,1584,1341,230,998,848,139,1246,1087,181,1584,1341,230,Finisher,1842
Nan,Li,Nan Li,1078,M45-49,Male,Abu Dhabi,Abu Dhabi,China,CN,1:19:29,6:19:08,4:52:52,0:09:57,0:07:17,12:48:43,4769,22748,17572,597,437,46123,1585,1342,137,1379,1155,118,1741,1482,161,1585,1342,137,Finisher,2233
Liam,Ilkilic,Liam Ilkilic,2140,M25-29,Male,Stockholm,Brandbergen,Sweden,SE,1:28:37,6:12:27,4:54:05,0:05:56,0:07:44,12:48:49,5317,22347,17645,356,464,46129,1586,1343,234,1915,1560,262,1726,1467,247,1586,1343,234,Finisher,1880
Katarina,Struwe,Katarina Struwe,2239,F45-49,Female,SALA,,Sweden,SE,1:17:30,6:12:32,5:06:48,0:05:29,0:06:43,12:49:02,4650,22352,18408,329,403,46142,1587,244,26,1225,190,22,1557,222,26,1587,244,26,Finisher,2766
Elina,Säynäjärvi,Elina Säynäjärvi,2071,F25-29,Female,Kuopio,North Savo,Finland,FI,1:25:39,6:16:42,4:49:40,0:10:05,0:07:18,12:49:23,5139,22602,17380,605,438,46163,1588,245,44,1765,318,58,1784,274,47,1588,245,44,Finisher,2402
Meja,Sandgren,Meja Sandgren,1458,F18-24,Female,Täby,Stockholm ,Sweden,SE,1:24:25,6:30:49,4:42:04,0:05:46,0:06:20,12:49:24,5065,23449,16924,346,380,46164,1589,246,14,1716,306,20,1894,313,18,1589,246,14,Finisher,2586
Raoul,Blomfelt,Raoul Blomfelt,1694,M55-59,Male,Helsinki,Helsinki,Finland,FI,1:29:44,6:22:47,4:44:40,0:06:45,0:05:41,12:49:38,5384,22967,17080,405,341,46178,1590,1344,87,1968,1603,116,1874,1567,113,1590,1344,87,Finisher,2771
Lina,Renström,Lina Renström,813,F40-44,Female,Sandviken,,Sweden,SE,1:26:26,6:32:58,4:37:37,0:07:02,0:05:37,12:49:41,5186,23578,16657,422,337,46181,1591,247,49,1806,332,47,1961,329,56,1591,247,49,Finisher,2283
David,Lind,David Lind,2227,M50-54,Male,Ljusne,,Sweden,SE,1:06:41,5:12:46,6:18:11,0:05:51,0:06:15,12:49:44,4001,18766,22691,351,375,46184,1592,1345,133,435,363,22,487,443,36,1592,1345,133,Finisher,2408
Andreas,Vestman,Andreas Vestman,1514,M25-29,Male,uppsala,Uppsala,Sweden,SE,1:37:29,5:34:32,5:18:55,0:11:52,0:07:09,12:49:57,5849,20072,19135,712,429,46197,1593,1346,235,2226,1793,302,1382,1206,207,1593,1346,235,Finisher,1866
Paul,Smith,Paul Smith,1211,M55-59,Male,Grantham,Lincolnshire,United Kingdom,GB,1:32:32,5:44:19,5:17:06,0:08:31,0:07:37,12:50:05,5552,20659,19026,511,457,46205,1594,1347,88,2094,1698,127,1403,1222,78,1594,1347,88,Finisher,2766
Mattias,Eriksson,Mattias Eriksson,1775,M30-34,Male,Göteborg,SE-O,Sweden,SE,1:31:49,6:23:09,4:42:18,0:07:16,0:05:35,12:50:07,5509,22989,16938,436,335,46207,1595,1348,231,2062,1678,271,1908,1593,261,1595,1348,231,Finisher,1823
Raf,Hombrockx,Raf Hombrockx,1109,M60-64,Male,Antwerpen,Vlaams Gewest,Belgium,BE,1:21:22,5:51:10,5:22:24,0:07:06,0:08:06,12:50:07,4882,21070,19344,426,486,46207,1596,1349,26,1504,1250,27,1321,1151,25,1596,1349,26,Finisher,2873
Johannes,Andreasen,Johannes Andreasen,1619,M18-24,Male,Århus,Midtjylland,Denmark,DK,1:15:46,5:49:06,5:30:47,0:09:44,0:04:47,12:50:10,4546,20946,19847,584,287,46210,1597,1350,151,1083,922,115,1237,1078,103,1597,1350,151,Finisher,1984
Magnus,Möller,Magnus Möller,1110,M50-54,Male,Kalmar,SE-H,Sweden,SE,1:38:39,5:34:11,5:23:03,0:06:58,0:07:21,12:50:12,5919,20051,19383,418,441,46212,1598,1351,134,2251,1811,186,1324,1154,116,1598,1351,134,Finisher,2403
Max,Carlbom,Max Carlbom,1833,M25-29,Male,Skövde,SE-O,Sweden,SE,1:16:24,5:53:57,5:27:41,0:06:11,0:06:01,12:50:14,4584,21237,19661,371,361,46214,1599,1352,236,1129,960,159,1271,1106,189,1599,1352,236,Finisher,1863
Åsa,Nilsson,Åsa Nilsson,544,F55-59,Female,LULEÅ,,Sweden,SE,1:23:53,5:39:28,5:30:14,0:09:25,0:07:37,12:50:37,5033,20368,19814,565,457,46237,1600,248,9,1676,292,15,1209,152,8,1600,248,9,Finisher,3680
Johan,Bartler,Johan Bartler,1574,M50-54,Male,Hålta,SE-O,Sweden,SE,1:25:35,6:15:59,4:50:22,0:10:44,0:08:01,12:50:41,5135,22559,17422,644,481,46241,1601,1353,135,1761,1444,142,1781,1508,154,1601,1353,135,Finisher,2397
Ben,Pose,Ben Pose,2504,M30-34,Male,Chorley,GB-ENG,United Kingdom,GB,1:07:14,6:09:16,5:19:10,0:08:26,0:06:41,12:50:46,4034,22156,19150,506,401,46246,1602,1354,232,462,386,56,1396,1217,204,1602,1354,232,Finisher,1815
Daniel,Andersson,Daniel Andersson,665,M40-44,Male,Kalmar,SE-H,Sweden,SE,1:35:24,6:13:08,4:46:19,0:08:16,0:07:47,12:50:56,5724,22388,17179,496,467,46256,1603,1355,146,2181,1761,186,1837,1543,157,1603,1355,146,Finisher,2082
Anders,Blomqvist,Anders Blomqvist,1594,M60-64,Male,Älvsjö,,Sweden,SE,1:39:40,6:14:34,4:43:12,0:08:01,0:05:31,12:50:58,5980,22474,16992,481,331,46258,1604,1356,27,2280,1832,51,1909,1594,39,1604,1356,27,Finisher,2863
Sophia,Maiorana,Sophia Maiorana,2105,F30-34,Female,STOCKHOLM,Stockholm,Sweden,SE,1:25:54,6:55:18,4:15:34,0:07:18,0:06:57,12:51:02,5154,24918,15334,438,417,46262,1605,249,31,1777,323,44,2175,391,49,1605,249,31,Finisher,2659
Andy,Ellis,Andy Ellis,997,M45-49,Male,Abu Dhabi,AE-AZ,Australia,AU,1:16:17,6:06:50,5:14:35,0:06:08,0:07:15,12:51:05,4577,22010,18875,368,435,46265,1606,1357,138,1117,950,107,1459,1268,138,1606,1357,138,Finisher,2205
Maja,Hammarberg,Maja Hammarberg,908,F18-24,Female,Elmhult,Kalmar,Sweden,SE,1:21:54,6:30:01,4:46:08,0:06:08,0:07:00,12:51:12,4914,23401,17168,368,420,46272,1607,250,15,1545,267,19,1851,299,15,1607,250,15,Finisher,2565
Linus,Kjellsson,Linus Kjellsson,447,M25-29,Male,Kalmar,,Sweden,SE,1:29:13,5:59:28,5:06:01,0:08:21,0:08:21,12:51:23,5353,21568,18361,501,501,46283,1608,1358,237,1948,1587,266,1579,1352,231,1608,1358,237,Finisher,1849
Alex,Dean,Alex Dean,2768,M30-34,Male,Betchworth,Surrey,United Kingdom,GB,1:23:28,6:12:48,4:54:59,0:11:46,0:08:23,12:51:24,5008,22368,17699,706,503,46284,1609,1359,233,1648,1360,229,1739,1480,242,1609,1359,233,Finisher,1807
Tomas,Baltramonaitis,Tomas Baltramonaitis,1338,M30-34,Male,Narsiečiai,Kauno rajonas,Lithuania,LT,1:25:40,6:04:31,5:07:50,0:07:38,0:05:56,12:51:35,5140,21871,18470,458,356,46295,1610,1360,234,1768,1450,243,1602,1369,225,1610,1360,234,Finisher,1805
Kim,Popp,Kim Popp,2546,M35-39,Male,Stockholm,,Sweden,SE,1:27:02,6:05:08,4:53:33,0:11:04,0:14:53,12:51:40,5222,21908,17613,664,893,46300,1611,1361,149,1838,1497,165,1674,1424,156,1611,1361,149,Finisher,1957
Jonas,Hellsten,Jonas Hellsten,669,M50-54,Male,Kalmar,KALMAR LAN [SE-08],Sweden,SE,1:27:24,6:05:52,5:04:23,0:06:20,0:07:49,12:51:48,5244,21952,18263,380,469,46308,1612,1362,136,1857,1511,149,1627,1387,145,1612,1362,136,Finisher,2383
Ludvig,Larsson,Ludvig Larsson,1454,M25-29,Male,Falkenberg,Halland,Sweden,SE,1:20:26,6:12:46,4:59:01,0:10:09,0:09:28,12:51:49,4826,22366,17941,609,568,46309,1613,1363,238,1447,1210,209,1677,1427,239,1613,1363,238,Finisher,1844
Eirik,Rishaug,Eirik Rishaug,2356,M50-54,Male,Ski,NO-02,Norway,NO,1:32:41,6:32:14,4:34:35,0:07:12,0:05:28,12:52:10,5561,23534,16475,432,328,46330,1614,1364,137,2100,1704,171,2016,1673,182,1614,1364,137,Finisher,2379
Olle,Öhlin,Olle Öhlin,1610,M18-24,Male,Kalmar,,Sweden,SE,1:16:32,6:14:34,5:08:19,0:06:39,0:06:08,12:52:12,4592,22474,18499,399,368,46332,1615,1365,152,1143,971,120,1601,1368,152,1615,1365,152,Finisher,1960
Linus ,Karlsson,Linus Karlsson,2567,M25-29,Male,Linköping ,Östergötland,Sweden,SE,1:30:36,5:59:18,5:03:46,0:10:53,0:07:43,12:52:16,5436,21558,18226,653,463,46336,1616,1366,239,2008,1635,277,1640,1398,236,1616,1366,239,Finisher,1838
Siiri,Ilo,Siiri Ilo,2454,F25-29,Female,Pori,,Finland,FI,1:32:10,6:21:45,4:45:28,0:06:00,0:06:53,12:52:16,5530,22905,17128,360,413,46336,1617,251,45,2077,390,72,1883,310,54,1617,251,45,Finisher,2368
Tone,Hildås,Tone Hildås,2255,F25-29,Female,Trollhättan,SE-O,Sweden,SE,1:32:02,6:38:42,4:30:33,0:07:05,0:03:58,12:52:20,5522,23922,16233,425,238,46340,1618,252,46,2072,388,71,2070,356,64,1618,252,46,Finisher,2367
Therese,Ålstig,Therese Ålstig,299,F40-44,Female,Umeå,SE-AC,Sweden,SE,1:31:21,6:13:28,4:53:34,0:07:21,0:06:38,12:52:21,5481,22408,17614,441,398,46341,1619,253,50,2047,380,55,1777,272,50,1619,253,50,Finisher,2251
Mikael,Elofsson,Mikael Elofsson,362,M50-54,Male,Kalmar,Kalmar Län,Sweden,SE,1:23:17,5:35:57,5:37:08,0:05:45,0:10:21,12:52:27,4997,20157,20228,345,621,46347,1620,1367,138,1636,1352,132,1090,961,94,1620,1367,138,Finisher,2376
Christoffer,Stolt,Christoffer Stolt,413,M35-39,Male,Tyresö,,Sweden,SE,1:20:53,5:56:59,5:24:35,0:06:15,0:04:12,12:52:55,4853,21419,19475,375,252,46375,1621,1368,150,1479,1231,130,1388,1212,137,1621,1368,150,Finisher,1942
Riikka,Turunen,Riikka Turunen,918,F45-49,Female,Huutjärvi,Pyhtää,Finland,FI,1:29:09,6:24:14,4:44:55,0:07:55,0:06:57,12:53:10,5349,23054,17095,475,417,46390,1622,254,27,1941,361,50,1897,314,43,1622,254,27,Finisher,2717
Damian,Beloso,Damian Beloso,2208,M25-29,Male,Stockholm,STOCKHOLMS LAN [SE-01],Sweden,SE,1:25:29,6:07:00,4:58:06,0:08:43,0:14:00,12:53:18,5129,22020,17886,523,840,46398,1623,1369,240,1755,1439,244,1647,1403,237,1623,1369,240,Finisher,1826
Charlie,Kinsey,Charlie Kinsey,2516,M25-29,Male,Montgomery,Wales,United Kingdom,GB,1:34:26,6:37:55,4:23:41,0:09:38,0:07:39,12:53:19,5666,23875,15821,578,459,46399,1624,1370,241,2149,1738,294,2116,1747,290,1624,1370,241,Finisher,1826
Angelica,Bernstig,Angelica Bernstig,1516,F40-44,Female,Vaggeryd,JONKOPINGS LAN [SE-06],Sweden,SE,1:18:36,6:11:18,5:08:37,0:07:27,0:07:36,12:53:35,4716,22278,18517,447,456,46415,1625,255,51,1316,213,28,1594,232,45,1625,255,51,Finisher,2237
Panayiotis,Leonidou,Panayiotis Leonidou,274,M25-29,Male,Nicosia,LEFKOSIA,Cyprus,CY,1:04:26,6:07:32,5:14:48,0:13:50,0:13:05,12:53:41,3866,22052,18888,830,785,46421,1626,1371,242,319,260,34,1410,1226,209,1626,1371,242,Finisher,1821
Erik,Dahlström,Erik Dahlström,1934,M25-29,Male,Kungsängen,Stockholm,Sweden,SE,1:27:03,5:31:43,5:41:17,0:08:17,0:05:40,12:53:59,5223,19903,20477,497,340,46439,1627,1372,243,1840,1498,253,1117,985,168,1627,1372,243,Finisher,1818
Ewelina,Andréasson,Ewelina Andréasson,2478,F18-24,Female,Enköping ,Uppsala Län,Sweden,SE,1:16:31,6:35:18,4:45:10,0:07:10,0:09:58,12:54:07,4591,23718,17110,430,598,46447,1628,256,16,1139,171,11,1868,305,17,1628,256,16,Finisher,2530
Martin,Wiulsrød,Martin Wiulsrød,2409,M30-34,Male,Horten,Vestfold,Norway,NO,1:09:05,5:38:36,5:50:50,0:09:37,0:06:18,12:54:26,4145,20316,21050,577,378,46466,1629,1373,235,575,486,73,972,864,144,1629,1373,235,Finisher,1771
Daniel,Schön,Daniel Schön,2281,M50-54,Male,Knivsta,,Sweden,SE,1:07:53,5:20:25,6:17:07,0:04:40,0:04:23,12:54:27,4073,19225,22627,280,263,46467,1630,1374,139,498,419,29,594,541,48,1630,1374,139,Finisher,2352
stephen,francis,stephen francis,282,M50-54,Male,Ballycallan,AE,Ireland,IE,1:24:10,6:25:28,4:47:19,0:08:40,0:08:51,12:54:28,5050,23128,17239,520,531,46468,1631,1375,140,1700,1400,138,1855,1556,163,1631,1375,140,Finisher,2351
Nina,Kähkönen,Nina Kähkönen,1540,F45-49,Female,Kauniainen / grankulla,,Finland,FI,1:17:55,6:26:16,4:53:23,0:09:38,0:07:22,12:54:33,4675,23176,17603,578,442,46473,1632,257,28,1266,202,23,1798,280,37,1632,257,28,Finisher,2700
Johann,Stadler,Johann Stadler,1507,M45-49,Male,Leiblfing,BY,Germany,DE,1:23:42,6:03:53,5:14:24,0:07:20,0:05:18,12:54:36,5022,21833,18864,440,318,46476,1633,1376,139,1668,1378,144,1550,1331,142,1633,1376,139,Finisher,2162
Lennart,Carlsson,Lennart Carlsson,686,M60-64,Male,KARLSKRONA,SE-K,Sweden,SE,1:27:15,6:20:50,4:44:21,0:08:09,0:14:06,12:54:41,5235,22850,17061,489,846,46481,1634,1377,28,1853,1508,36,1829,1536,35,1634,1377,28,Finisher,2818
Jens,Rasser,Jens Rasser,2313,M60-64,Male,Sundhagen,MV,Germany,DE,1:26:52,5:57:55,5:13:28,0:08:02,0:08:29,12:54:47,5212,21475,18808,482,509,46487,1635,1378,29,1830,1493,35,1525,1314,29,1635,1378,29,Finisher,2817
Jonas,Ekblom,Jonas Ekblom,2230,M35-39,Male,Stockholm,STOCKHOLMS LAN [SE-01],Sweden,SE,1:15:27,6:28:00,4:53:37,0:08:51,0:08:58,12:54:54,4527,23280,17617,531,538,46494,1636,1379,151,1060,902,98,1782,1509,162,1636,1379,151,Finisher,1918
Jonathan,Johansson,Jonathan Johansson,1897,M35-39,Male,Knivsta,Uppsala Län,Sweden,SE,1:24:23,6:33:43,4:41:56,0:07:33,0:07:19,12:54:54,5063,23623,16916,453,439,46494,1637,1380,152,1714,1409,155,1949,1622,174,1637,1380,152,Finisher,1918
Tony,SCHRÖDER,Tony SCHRÖDER,145,M55-59,Male,Göteborg,,Sweden,SE,1:08:08,5:39:10,5:57:06,0:03:34,0:07:05,12:55:03,4088,20350,21426,214,425,46503,1638,1381,89,517,436,26,864,773,49,1638,1381,89,Finisher,2706
Eric,Lindroth,Eric Lindroth,1842,M30-34,Male,Söderby,Stockholm,Sweden,SE,1:32:37,6:03:56,5:05:43,0:06:43,0:06:14,12:55:12,5557,21836,18343,403,374,46512,1639,1382,236,2097,1701,273,1675,1425,233,1639,1382,236,Finisher,1762
Nils,Ekstrand,Nils Ekstrand,2531,M25-29,Male,Lund,Skåne,Sweden,SE,1:30:38,6:11:09,5:00:21,0:06:51,0:06:16,12:55:15,5438,22269,18021,411,376,46515,1640,1383,244,2011,1638,278,1742,1483,249,1640,1383,244,Finisher,1802
Anna,Mirårs,Anna Mirårs,1779,F50-54,Female,Härjedalen,Jämtlands Län,Sweden,SE,1:21:33,6:17:40,4:53:29,0:10:20,0:12:33,12:55:35,4893,22660,17609,620,753,46535,1641,258,22,1521,260,26,1755,263,26,1641,258,22,Finisher,3383
Ida,Samuelsson,Ida Samuelsson,766,F25-29,Female,Kalmar,Kalmar,Sweden,SE,1:18:32,6:15:30,5:07:18,0:07:02,0:07:14,12:55:36,4712,22530,18438,422,434,46536,1642,259,47,1310,212,38,1644,244,41,1642,259,47,Finisher,2328
Daniel,Maher,Daniel Maher,2502,M25-29,Male,Stockport,GB-CHE,United Kingdom,GB,1:33:13,5:45:48,5:17:51,0:09:36,0:09:41,12:56:08,5593,20748,19071,576,581,46568,1643,1384,245,2122,1718,290,1447,1259,217,1643,1384,245,Finisher,1792
Henrik,Holm,Henrik Holm,2113,M45-49,Male,Torslanda,VASTRA GOTALANDS LAN [SE-14],Sweden,SE,1:34:19,5:58:51,5:09:29,0:06:53,0:06:36,12:56:09,5659,21531,18569,413,396,46569,1644,1385,140,2146,1735,177,1630,1390,149,1644,1385,140,Finisher,2144
Fredrik,Torwald,Fredrik Torwald,2397,M35-39,Male,Göteborg,,Sweden,SE,1:14:39,6:15:14,5:13:01,0:06:08,0:07:13,12:56:15,4479,22514,18781,368,433,46575,1645,1386,153,991,841,93,1564,1341,150,1645,1386,153,Finisher,1902
Jonatan,Schwamberg,Jonatan Schwamberg,1938,M40-44,Male,Nässjö,SE-F,Sweden,SE,1:32:15,5:42:01,5:30:23,0:05:52,0:05:46,12:56:17,5535,20521,19823,352,346,46577,1646,1387,147,2081,1690,177,1333,1163,127,1646,1387,147,Finisher,2018
Adam,Laidlaw,Adam Laidlaw,1172,M18-24,Male,Linlithgow ,WEST LOTHIAN,United Kingdom,GB,1:21:24,6:51:30,4:26:03,0:07:01,0:10:26,12:56:23,4884,24690,15963,421,626,46583,1647,1388,153,1508,1253,151,2090,1733,201,1647,1388,153,Finisher,1910
Rianne,Verhoef,Rianne Verhoef,2193,F45-49,Female,Maarssen,,Netherlands,NL,1:21:28,6:23:55,4:52:54,0:09:33,0:08:37,12:56:25,4888,23035,17574,573,517,46585,1648,260,29,1516,257,28,1816,290,38,1648,260,29,Finisher,2678
Vincent,Åhman,Vincent Åhman,734,M25-29,Male,Kalmar,Kalmar,Sweden,SE,1:18:39,5:59:56,5:19:02,0:08:37,0:10:42,12:56:55,4719,21596,19142,517,642,46615,1649,1389,246,1318,1104,193,1422,1238,212,1649,1389,246,Finisher,1782
Manoela,Silveira,Manoela Silveira,243,F40-44,Female,Taby,SE-AB,Brazil,BR,1:20:11,6:45:05,4:41:07,0:05:23,0:05:14,12:57:00,4811,24305,16867,323,314,46620,1650,261,52,1434,235,36,2002,340,60,1650,261,52,Finisher,2196
Mattias,Johansson,Mattias Johansson,2679,M35-39,Male,Åstorp,,Sweden,SE,1:23:54,5:55:31,5:13:28,0:11:27,0:12:44,12:57:04,5034,21331,18808,687,764,46624,1651,1390,154,1678,1385,148,1489,1289,143,1651,1390,154,Finisher,1892
Oscar,Kjell,Oscar Kjell,757,M30-34,Male,Kalmar,Kalmar,Sweden,SE,1:13:56,6:01:58,5:23:21,0:07:29,0:10:23,12:57:08,4436,21718,19401,449,623,46628,1652,1391,237,940,797,130,1377,1201,201,1652,1391,237,Finisher,1738
Oli,Peeke-Vout,Oli Peeke-Vout,2393,M25-29,Male,Dunnington,GB-ENG,United Kingdom,GB,1:06:02,6:44:19,4:51:55,0:08:16,0:06:39,12:57:12,3962,24259,17515,496,399,46632,1653,1392,247,397,329,44,1861,1560,262,1653,1392,247,Finisher,1779
Viggo,Erlandsson,Viggo Erlandsson,663,M18-24,Male,Kalmar,Kalmar,Sweden,SE,1:15:55,5:53:07,5:34:17,0:08:30,0:05:23,12:57:13,4555,21187,20057,510,323,46633,1654,1393,154,1097,934,117,1288,1121,110,1654,1393,154,Finisher,1900
Stefan,Håkansson,Stefan Håkansson,426,M50-54,Male,Getinge,,Sweden,SE,1:18:54,6:10:25,5:11:20,0:08:17,0:08:32,12:57:28,4734,22225,18680,497,512,46648,1655,1394,141,1336,1119,113,1597,1365,141,1655,1394,141,Finisher,2315
Anton,Petersson,Anton Petersson,1788,M40-44,Male,Jönköping,,Sweden,SE,1:23:15,5:46:50,5:23:29,0:11:51,0:12:03,12:57:29,4995,20810,19409,711,723,46649,1656,1395,148,1634,1350,139,1355,1182,129,1656,1395,148,Finisher,2003
Sofia,Bertmar,Sofia Bertmar,2341,F25-29,Female,Årsta,Stockholm,Sweden,SE,1:26:57,6:21:13,4:54:13,0:08:03,0:07:05,12:57:31,5217,22873,17653,483,425,46651,1657,262,48,1834,340,63,1828,293,51,1657,262,48,Finisher,2305
Jack,Zeng,Jack Zeng,2282,M25-29,Male,Sollentuna,Stockholm,Netherlands,NL,1:36:19,6:16:43,4:35:30,0:17:06,0:12:01,12:57:39,5779,22603,16530,1026,721,46659,1658,1396,248,2204,1779,299,1995,1657,275,1658,1396,248,Finisher,1774
Pontus,Höglind,Pontus Höglind,2489,M30-34,Male,Oskarshamn,SE-H,Sweden,SE,1:31:42,5:33:11,5:40:27,0:04:41,0:07:44,12:57:45,5502,19991,20427,281,464,46665,1659,1397,238,2055,1672,270,1157,1017,170,1659,1397,238,Finisher,1731
Henrik,Jonsson,Henrik Jonsson,561,M50-54,Male,Karlskrona,SE-K,Sweden,SE,1:21:22,6:07:06,5:06:55,0:10:23,0:12:04,12:57:49,4882,22026,18415,623,724,46669,1660,1398,142,1503,1249,124,1617,1379,144,1660,1398,142,Finisher,2311
Wouter,Jacobs,Wouter Jacobs,2296,M40-44,Male,Sint-Oedenrode,NOORD-BRABANT,Netherlands,NL,1:30:39,6:32:07,4:28:01,0:15:27,0:11:45,12:57:59,5439,23527,16081,927,705,46679,1661,1399,149,2012,1639,165,2075,1719,179,1661,1399,149,Finisher,1997
Pontus ,Cederqvist ,Pontus Cederqvist,1320,M35-39,Male,Romakloster ,Gotland,Sweden,SE,1:06:20,6:00:10,5:37:30,0:07:03,0:06:55,12:57:59,3980,21610,20250,423,415,46679,1662,1400,155,411,340,41,1224,1069,122,1662,1400,155,Finisher,1881
Fredrik,Richter,Fredrik Richter,1364,M45-49,Male,JKPG,SE-F,Sweden,SE,1:13:54,5:43:01,5:48:49,0:05:52,0:06:26,12:58:02,4434,20581,20929,352,386,46682,1663,1401,141,936,794,90,1051,930,107,1663,1401,141,Finisher,2121
Lukasz,Kurek,Lukasz Kurek,2391,M35-39,Male,Warszawa,MAZOWIECKIE,Poland,PL,1:40:42,6:38:21,4:23:09,0:09:51,0:06:05,12:58:08,6042,23901,15789,591,365,46688,1664,1402,156,2292,1844,196,2180,1787,191,1664,1402,156,Finisher,1879
Arnau ,Gol Canals,Arnau Gol Canals,2357,M30-34,Male,escaldes,ESCALDES-ENGORDANY,Andorra,AD,1:21:07,6:29:10,4:54:06,0:05:45,0:08:09,12:58:18,4867,23350,17646,345,489,46698,1665,1403,239,1490,1240,209,1823,1531,249,1665,1403,239,Finisher,1724
Tomas,Uddén,Tomas Uddén,1799,M60-64,Male,Värmdö,,Sweden,SE,1:32:00,6:18:40,4:49:43,0:09:04,0:09:05,12:58:32,5520,22720,17383,544,545,46712,1666,1404,30,2070,1683,43,1881,1572,38,1666,1404,30,Finisher,2772
Markus,Schmook,Markus Schmook,1187,M45-49,Male,Rendsburg,SCHLESWIG-HOLSTEIN,Germany,DE,1:29:16,6:19:21,4:50:09,0:08:46,0:11:06,12:58:38,5356,22761,17409,526,666,46718,1667,1405,142,1950,1589,165,1842,1546,166,1667,1405,142,Finisher,2114
Terhi,Koskela,Terhi Koskela,934,F45-49,Female,Kokkola,Keski-Pohjanmaa,Finland,FI,1:16:49,6:15:11,5:17:42,0:04:37,0:04:37,12:58:55,4609,22511,19062,277,277,46735,1668,263,30,1167,176,19,1573,226,28,1668,263,30,Finisher,2648
David,Zubel,David Zubel,2153,M45-49,Male,Mississauga ,Ontario,Canada,CA,1:24:16,5:51:28,5:18:50,0:09:29,0:14:55,12:58:58,5056,21088,19130,569,895,46738,1669,1406,143,1705,1404,145,1402,1221,134,1669,1406,143,Finisher,2110
Alexander,Mårtensson,Alexander Mårtensson,1351,M50-54,Male,Halmstad,HALLANDS LAN [SE-13],Sweden,SE,1:18:24,6:10:47,5:11:47,0:07:32,0:10:30,12:59:01,4704,22247,18707,452,630,46741,1670,1407,143,1299,1091,110,1574,1348,139,1670,1407,143,Finisher,2297
Felix,Falk,Felix Falk,2732,M18-24,Male,Stockholm,Stockholm,Sweden,SE,1:09:59,6:16:29,5:21:45,0:05:07,0:06:20,12:59:40,4199,22589,19305,307,380,46780,1671,1408,155,632,537,61,1502,1299,141,1671,1408,155,Finisher,1870
Richard,Woodside,Richard Woodside,2379,M45-49,Male,Littleborough,GTM,United Kingdom,GB,1:14:48,5:47:30,5:44:35,0:06:30,0:06:23,12:59:45,4488,20850,20675,390,383,46785,1672,1409,144,1006,855,96,1144,1007,116,1672,1409,144,Finisher,2101
Ragnar,Martinsson,Ragnar Martinsson,1103,M45-49,Male,LÄCKEBY,,Sweden,SE,1:26:55,6:01:08,5:05:51,0:15:13,0:10:39,12:59:47,5215,21668,18351,913,639,46787,1673,1410,145,1833,1494,159,1676,1426,152,1673,1410,145,Finisher,2100
Anneleen,Vanlook,Anneleen Vanlook,1377,F40-44,Female,Koersel,,Belgium,BE,1:27:21,6:24:32,4:51:48,0:10:09,0:05:59,12:59:49,5241,23072,17508,609,359,46789,1674,264,53,1856,346,52,1904,315,54,1674,264,53,Finisher,2162
Mohamed,Mansura,Mohamed Mansura,802,M35-39,Male,Eindhoven,Eastern Cape,South Africa,ZA,1:14:38,6:18:24,5:08:10,0:10:25,0:08:13,12:59:51,4478,22704,18490,625,493,46791,1675,1411,157,989,839,91,1681,1431,157,1675,1411,157,Finisher,1858
Rick,Van Den Tillard,Rick Van Den Tillard,645,M40-44,Male,Isselburg,NW,Netherlands,NL,1:12:22,5:59:22,5:37:45,0:06:23,0:04:18,13:00:09,4342,21562,20265,383,258,46809,1676,1412,150,797,674,61,1298,1130,123,1676,1412,150,Finisher,1971
Vetle,Engdahl,Vetle Engdahl,720,M35-39,Male,Brønnøysund,NORDLAND,Norway,NO,1:37:08,6:05:49,4:58:39,0:07:18,0:11:20,13:00:14,5828,21949,17919,438,680,46814,1677,1413,158,2221,1790,192,1758,1494,160,1677,1413,158,Finisher,1854
Peter,Johansson,Peter Johansson,2692,M50-54,Male,Vällingby,Stockholm,Sweden,SE,1:19:08,6:54:19,4:31:07,0:07:21,0:08:21,13:00:16,4748,24859,16267,441,501,46816,1678,1414,144,1357,1135,116,2103,1739,184,1678,1414,144,Finisher,2282
Elina,Ylitalo,Elina Ylitalo,1693,F35-39,Female,Helsinki,Helsinki,Finland,FI,1:21:27,6:30:38,4:53:00,0:07:23,0:07:56,13:00:23,4887,23438,17580,443,476,46823,1679,265,29,1515,256,29,1876,308,36,1679,265,29,Finisher,3239
Jeanette,Andersson,Jeanette Andersson,2174,F55-59,Female,Nättraby,SE-K,Sweden,SE,1:27:01,6:06:37,5:06:08,0:07:00,0:13:39,13:00:25,5221,21997,18368,420,819,46825,1680,266,10,1837,341,18,1639,242,13,1680,266,10,Finisher,3563
Axel,Östervall,Axel Östervall,1756,M18-24,Male,Åkersberga ,Stockholm,Sweden,SE,1:15:31,6:08:55,5:22:28,0:07:02,0:06:32,13:00:28,4531,22135,19348,422,392,46828,1681,1415,156,1065,907,113,1500,1297,140,1681,1415,156,Finisher,1861
Robin,Baumann,Robin Baumann,2636,M25-29,Male,Hamburg,HH,Germany,DE,1:13:41,6:21:20,5:05:14,0:11:15,0:09:03,13:00:33,4421,22880,18314,675,543,46833,1682,1416,249,914,776,121,1715,1457,244,1682,1416,249,Finisher,1739
Christopher,Fredriksson,Christopher Fredriksson,1760,M50-54,Male,Genarp,SE-M,Sweden,SE,1:35:15,6:23:03,4:47:49,0:07:26,0:07:23,13:00:56,5715,22983,17269,446,443,46856,1683,1417,145,2172,1756,178,1950,1623,172,1683,1417,145,Finisher,2274
Björn,Hallander,Björn Hallander,1697,M55-59,Male,Täby,,Sweden,SE,1:05:54,6:23:11,5:16:16,0:07:59,0:07:50,13:01:10,3954,22991,18976,479,470,46870,1684,1418,90,388,321,12,1581,1354,91,1684,1418,90,Finisher,2633
Martin,Olson,Martin Olson,501,M45-49,Male,Färjestaden,,Sweden,SE,1:21:55,6:05:02,5:12:21,0:10:07,0:12:06,13:01:32,4915,21902,18741,607,726,46892,1685,1419,146,1546,1279,130,1583,1356,143,1685,1419,146,Finisher,2079
Jessica,Mårtensson,Jessica Mårtensson,1699,F45-49,Female,Nättraby,,Sweden,SE,1:18:07,6:27:01,5:01:10,0:08:35,0:06:57,13:01:49,4687,23221,18070,515,417,46909,1686,267,31,1281,205,24,1797,279,36,1686,267,31,Finisher,2613
Lukas,Rydvall,Lukas Rydvall,885,M25-29,Male,Stockholm,Stockholm,Sweden,SE,1:35:00,6:43:39,4:26:06,0:08:59,0:08:34,13:02:18,5700,24219,15966,539,514,46938,1687,1420,250,2164,1749,296,2169,1780,295,1687,1420,250,Finisher,1718
Fredrik,Andersson,Fredrik Andersson,442,M50-54,Male,Munkedal,VASTRA GOTALANDS LAN [SE-14],Sweden,SE,1:18:04,6:26:30,4:55:44,0:11:22,0:10:52,13:02:32,4684,23190,17744,682,652,46952,1688,1421,146,1276,1072,108,1822,1530,157,1688,1421,146,Finisher,2255
Veeti,Liemola,Veeti Liemola,2073,M18-24,Male,Sastamala,Pirkanmaa,Finland,FI,1:21:58,5:49:38,5:33:53,0:06:34,0:10:37,13:02:40,4918,20978,20033,394,637,46960,1689,1422,157,1551,1282,155,1299,1131,111,1689,1422,157,Finisher,1834
Caroline,Sernsköld,Caroline Sernsköld,1248,F65-69,Female,Stockholm,,Sweden,SE,1:11:37,5:54:50,5:39:02,0:06:10,0:11:01,13:02:40,4297,21290,20342,370,661,46960,1690,268,1,746,116,1,1205,150,1,1690,268,1,Finisher,5000
Timo,Sinkkonen,Timo Sinkkonen,1742,M45-49,Male,Lempäälä,,Finland,FI,1:18:47,5:59:23,5:29:31,0:08:21,0:06:40,13:02:42,4727,21563,19771,501,400,46962,1691,1423,147,1325,1110,117,1417,1233,135,1691,1423,147,Finisher,2065
Thomas,Jansson,Thomas Jansson,2534,M55-59,Male,Halmstad,SE-N,Sweden,SE,1:30:40,6:24:29,4:50:24,0:11:00,0:06:11,13:02:44,5440,23069,17424,660,371,46964,1692,1424,91,2014,1641,120,1956,1629,121,1692,1424,91,Finisher,2614
Thomas,Hollowell,Thomas Hollowell,378,M40-44,Male,Karlstad,SE-S,Sweden,SE,1:32:24,6:41:31,4:33:23,0:08:30,0:06:59,13:02:47,5544,24091,16403,510,419,46967,1693,1425,151,2085,1692,178,2122,1752,185,1693,1425,151,Finisher,1940
Daniel,Eriksson,Daniel Eriksson,423,M50-54,Male,Nösund,,Sweden,SE,1:30:13,6:30:34,4:45:06,0:09:39,0:07:25,13:02:57,5413,23434,17106,579,445,46977,1694,1426,147,1995,1625,161,2000,1661,179,1694,1426,147,Finisher,2250
Jacob,Gustafsson,Jacob Gustafsson,480,M30-34,Male,Kalmar,SE-H,Sweden,SE,1:30:04,6:19:36,4:55:37,0:07:47,0:10:05,13:03:08,5404,22776,17737,467,605,46988,1695,1427,240,1989,1620,266,1843,1547,251,1695,1427,240,Finisher,1666
Emma,Nilsson,Emma Nilsson,479,F30-34,Female,Kalmar,SE-H,Sweden,SE,1:28:59,6:02:53,5:19:29,0:06:16,0:05:46,13:03:23,5339,21773,19169,376,346,47003,1696,269,32,1933,358,46,1608,235,28,1696,269,32,Finisher,2511
Mia,Gyllenberg,Mia Gyllenberg,1046,F55-59,Female,Karlstad,,Sweden,SE,1:20:45,5:57:26,5:24:49,0:07:13,0:13:14,13:03:27,4845,21446,19489,433,794,47007,1697,270,11,1467,245,13,1404,182,9,1697,270,11,Finisher,3526
Matthias,Hannemann,Matthias Hannemann,1538,M30-34,Male,Vienna,WIEN,Germany,DE,1:10:55,5:57:47,5:45:43,0:04:10,0:04:57,13:03:33,4255,21467,20743,250,297,47013,1698,1428,241,698,593,88,1211,1059,175,1698,1428,241,Finisher,1661
Paavo,Vuorilehto,Paavo Vuorilehto,2056,M40-44,Male,Espoo,FI-18,Finland,FI,1:19:33,6:48:58,4:36:43,0:11:03,0:07:16,13:03:34,4773,24538,16603,663,436,47014,1699,1429,152,1386,1162,114,2086,1729,182,1699,1429,152,Finisher,1930
Petra,Jong,Petra Jong,792,F40-44,Female,Schellinkhout,NH,Netherlands,NL,1:22:41,6:57:40,4:23:48,0:08:36,0:10:53,13:03:38,4961,25060,15828,516,653,47018,1700,271,54,1596,280,40,2181,394,62,1700,271,54,Finisher,2116
Joona,Suuripää,Joona Suuripää,1717,M25-29,Male,Helsinki,,Finland,FI,1:20:47,6:46:06,4:38:38,0:10:51,0:07:32,13:03:54,4847,24366,16718,651,452,47034,1701,1430,251,1471,1225,212,2069,1714,284,1701,1430,251,Finisher,1699
Kristin,Utbult,Kristin Utbult,2261,F50-54,Female,Öckerö,,Sweden,SE,1:11:00,6:12:01,5:21:22,0:10:31,0:09:00,13:03:55,4260,22321,19282,631,540,47035,1702,272,23,706,107,8,1533,214,18,1702,272,23,Finisher,3283
Benedict,Seidel,Benedict Seidel,2422,M18-24,Male,Hamburg,Hamburg,Germany,DE,1:27:13,6:32:52,4:51:32,0:05:53,0:06:30,13:04:00,5233,23572,17492,353,390,47040,1703,1431,158,1852,1507,183,1954,1627,189,1703,1431,158,Finisher,1818
Nils,Fredne,Nils Fredne,1518,M25-29,Male,Järfälla,Stockholm,Sweden,SE,1:30:07,6:32:21,4:48:10,0:07:49,0:05:35,13:04:02,5407,23541,17290,469,335,47042,1704,1432,252,1992,1622,276,1997,1659,276,1704,1432,252,Finisher,1697
elias,johansson,elias johansson,433,M30-34,Male,jönköping,Jönköping,Sweden,SE,1:23:27,6:26:26,4:54:15,0:08:30,0:11:34,13:04:13,5007,23186,17655,510,694,47053,1705,1433,242,1647,1359,228,1857,1557,254,1705,1433,242,Finisher,1653
Samuel,Gustavsson,Samuel Gustavsson,1832,M25-29,Male,Karlstad ,Värmland,Sweden,SE,1:38:07,6:21:05,4:40:37,0:11:28,0:13:05,13:04:22,5887,22865,16837,688,785,47062,1706,1434,253,2244,1806,306,2003,1663,278,1706,1434,253,Finisher,1693
Sultan,Almuhairi,Sultan Almuhairi,284,M30-34,Male,Jumeirah 3,Dubai,United Arab Emirates,AE,1:31:10,6:33:28,4:38:55,0:10:27,0:10:28,13:04:29,5470,23608,16735,627,628,47069,1707,1435,243,2035,1659,268,2045,1697,278,1707,1435,243,Finisher,1650
Hanna,Björk,Hanna Björk,2213,F25-29,Female,Kristianstad,Skåne,Sweden,SE,1:46:29,6:11:12,4:57:01,0:05:39,0:04:25,13:04:45,6389,22272,17821,339,265,47085,1708,273,49,2358,464,86,1921,322,58,1708,273,49,Finisher,2218
Torbjörn,Ådenvik,Torbjörn Ådenvik,622,M40-44,Male,Kalmar,,Sweden,SE,1:17:50,5:45:54,5:50:48,0:05:14,0:05:07,13:04:52,4670,20754,21048,314,307,47092,1709,1436,153,1254,1056,97,1149,1011,109,1709,1436,153,Finisher,1915
Tom,FORSBERG,Tom FORSBERG,2528,M25-29,Male,Motala,SE-E,Sweden,SE,1:17:34,6:03:48,5:28:45,0:06:27,0:08:51,13:05:25,4654,21828,19725,387,531,47125,1710,1437,254,1231,1039,179,1435,1249,214,1710,1437,254,Finisher,1680
Artur,Bartosik,Artur Bartosik,1724,M30-34,Male,Łódź,Łódzkie,Poland,PL,1:29:12,6:33:40,4:40:58,0:09:33,0:12:05,13:05:28,5352,23620,16858,573,725,47128,1711,1438,244,1947,1586,264,2020,1676,274,1711,1438,244,Finisher,1638
Jürgen,Reismann,Jürgen Reismann,771,M60-64,Male,Huglfing,BY,Germany,DE,1:16:52,5:40:31,5:53:47,0:07:27,0:06:53,13:05:30,4612,20431,21227,447,413,47130,1712,1439,31,1172,994,20,1086,958,18,1712,1439,31,Finisher,2688
Kerstin,Lundgren,Kerstin Lundgren,991,F45-49,Female,Skövde,,Sweden,SE,1:35:49,6:06:21,5:09:51,0:07:16,0:06:14,13:05:32,5749,21981,18591,436,374,47132,1713,274,32,2186,421,58,1751,261,33,1713,274,32,Finisher,2568
Hanna,Wikner,Hanna Wikner,1684,F50-54,Female,Tving,Blekinge,Sweden,SE,1:34:50,6:09:27,5:06:12,0:07:48,0:07:22,13:05:40,5690,22167,18372,468,442,47140,1714,275,24,2159,414,41,1776,271,27,1714,275,24,Finisher,3262
Vickie,Pullin,Vickie Pullin,1137,F40-44,Female,Tewkesbury,GB-GLS,United Kingdom,GB,1:29:24,5:32:28,5:53:45,0:05:28,0:04:41,13:05:47,5364,19948,21225,328,281,47147,1715,276,55,1957,362,53,1122,133,25,1715,276,55,Finisher,2090
Björn,Mehlberg,Björn Mehlberg,1876,M30-34,Male,Göteborg,Västra Götaland,Sweden,SE,1:21:03,6:09:51,5:15:16,0:13:39,0:06:20,13:06:08,4863,22191,18916,819,380,47168,1716,1440,245,1488,1239,208,1697,1444,235,1716,1440,245,Finisher,1630
Isak,Martinsson,Isak Martinsson,2405,M18-24,Male,Åkersberga,Stockholm,Sweden,SE,1:34:43,5:48:17,5:32:12,0:05:56,0:05:08,13:06:17,5683,20897,19932,356,308,47177,1717,1441,159,2157,1744,206,1450,1262,134,1717,1441,159,Finisher,1791
Olof,Östervall,Olof Östervall,1758,M50-54,Male,Åkersberga,Stockholm,Sweden,SE,1:25:59,6:30:10,4:44:55,0:11:23,0:13:52,13:06:18,5159,23410,17095,683,832,47178,1718,1442,148,1779,1456,146,1971,1639,174,1718,1442,148,Finisher,2209
Marcus,Luiga,Marcus Luiga,424,M25-29,Male,Stor-Stockholm,Stockholms Län,Sweden,SE,1:30:01,6:09:48,5:14:03,0:05:13,0:07:30,13:06:35,5401,22188,18843,313,450,47195,1719,1443,255,1986,1619,274,1703,1448,243,1719,1443,255,Finisher,1666
Jonas,Krooks,Jonas Krooks,535,M35-39,Male,Vörå,FI-12,Finland,FI,1:15:29,6:15:59,5:17:47,0:07:16,0:10:18,13:06:50,4529,22559,19067,436,618,47210,1720,1444,159,1062,904,99,1613,1375,152,1720,1444,159,Finisher,1775
William,Alfredsson,William Alfredsson,2234,M18-24,Male,Åkersberga,,Sweden,SE,1:24:59,6:14:10,5:13:31,0:07:54,0:06:17,13:06:51,5099,22450,18811,474,377,47211,1721,1445,160,1737,1425,175,1727,1468,173,1721,1445,160,Finisher,1784
Ville,Sintonen,Ville Sintonen,2585,M45-49,Male,Turku,VARSINAIS-SUOMI,Finland,FI,1:33:47,6:03:41,4:57:43,0:12:27,0:19:48,13:07:26,5627,21821,17863,747,1188,47246,1722,1446,148,2135,1726,176,1757,1493,162,1722,1446,148,Finisher,2008
Filip,Petersson,Filip Petersson,559,M25-29,Male,Askim,SE-O,Sweden,SE,1:37:59,6:08:12,5:05:44,0:08:06,0:07:32,13:07:32,5879,22092,18344,486,452,47252,1723,1447,256,2238,1801,304,1805,1521,256,1723,1447,256,Finisher,1655
Olle,Stolt Fors,Olle Stolt Fors,333,M35-39,Male,Linköping,Östergötland,Sweden,SE,1:30:52,6:01:43,5:20:16,0:07:03,0:07:43,13:07:38,5452,21703,19216,423,463,47258,1724,1448,160,2022,1648,182,1628,1388,153,1724,1448,160,Finisher,1765
Manuela,Eller-Matuszky,Manuela Eller-Matuszky,1278,F40-44,Female,Groß-Enzersdorf,,Austria,AT,1:19:52,6:09:30,5:22:27,0:07:49,0:08:03,13:07:41,4792,22170,19347,469,483,47261,1725,277,56,1410,228,33,1589,229,44,1725,277,56,Finisher,2067
Steffi,Barth-Cebulla,Steffi Barth-Cebulla,856,F45-49,Female,Niddatal,HE,Germany,DE,1:19:54,6:06:33,5:24:36,0:06:16,0:10:23,13:07:42,4794,21993,19476,376,623,47262,1726,278,33,1413,229,27,1521,209,24,1726,278,33,Finisher,2542
Simon,Quanborough,Simon Quanborough,1247,M55-59,Male,Grantham,LIN,United Kingdom,GB,1:31:04,6:07:21,4:58:28,0:17:53,0:12:55,13:07:42,5464,22041,17908,1073,775,47262,1727,1449,92,2033,1657,121,1831,1538,112,1727,1449,92,Finisher,2554
Thomas,Bassett,Thomas Bassett,2541,M30-34,Male,London,England,United Kingdom,GB,1:16:23,6:33:14,5:01:49,0:09:18,0:06:57,13:07:42,4583,23594,18109,558,417,47262,1728,1450,246,1127,958,155,1867,1563,255,1728,1450,246,Finisher,1612
Remco,Van Wijgerden,Remco Van Wijgerden,1235,M30-34,Male,'s-Hertogenbosch,Noord-Brabant,Netherlands,NL,1:05:24,6:33:42,5:17:40,0:05:48,0:05:15,13:07:49,3924,23622,19060,348,315,47269,1729,1451,247,358,291,46,1701,1446,236,1729,1451,247,Finisher,1610
Rebecca ,Lönn,Rebecca Lönn,511,F30-34,Female,Kalmar,,Sweden,SE,1:39:25,6:07:38,4:52:55,0:13:21,0:14:38,13:07:57,5965,22058,17575,801,878,47277,1730,279,33,2273,446,56,1888,312,35,1730,279,33,Finisher,2456
Jens,Wahlman,Jens Wahlman,1843,M50-54,Male,Limhamn,,Sweden,SE,1:21:24,5:44:10,5:46:55,0:07:22,0:08:10,13:08:01,4884,20650,20815,442,490,47281,1731,1452,149,1510,1255,125,1212,1060,105,1731,1452,149,Finisher,2189
Julia,Svahn,Julia Svahn,1603,F25-29,Female,Nybro,KALMAR LAN [SE-08],Sweden,SE,1:20:36,6:23:33,5:10:02,0:07:53,0:06:01,13:08:05,4836,23013,18602,473,361,47285,1732,280,50,1456,242,41,1775,270,45,1732,280,50,Finisher,2178
Filip,Larsson,Filip Larsson,1504,M18-24,Male,Sollentuna,Stockholm,Sweden,SE,1:18:36,6:36:29,4:52:12,0:10:52,0:10:05,13:08:15,4716,23789,17532,652,605,47295,1733,1453,161,1315,1103,138,1953,1626,188,1733,1453,161,Finisher,1767
Valter,Lidesjö,Valter Lidesjö,2226,M18-24,Male,Stockholm,Stockholm,Sweden,SE,1:21:38,6:17:06,5:14:59,0:08:21,0:06:53,13:08:57,4898,22626,18899,501,413,47337,1734,1454,162,1530,1266,154,1728,1469,174,1734,1454,162,Finisher,1759
Edwin,Blomander,Edwin Blomander,370,M25-29,Male,Kalmar ,Kalmar,Sweden,SE,1:17:06,5:44:09,5:47:26,0:09:26,0:10:49,13:08:57,4626,20649,20846,566,649,47337,1735,1455,257,1191,1007,172,1179,1036,172,1735,1455,257,Finisher,1638
Kenneth,Bouwman,Kenneth Bouwman,2114,M50-54,Male,gendt,,Netherlands,NL,1:27:27,6:17:08,5:07:29,0:08:46,0:08:20,13:09:11,5247,22628,18449,526,500,47351,1736,1456,150,1861,1515,151,1791,1515,156,1736,1456,150,Finisher,2175
Isac,Alsén,Isac Alsén,1130,M25-29,Male,Mölndal,SE-O,Sweden,SE,1:16:36,6:06:33,5:24:45,0:08:20,0:12:57,13:09:11,4596,21993,19485,500,777,47351,1737,1457,258,1148,976,165,1501,1298,222,1737,1457,258,Finisher,1635
Mantas,Barauskas,Mantas Barauskas,1448,M35-39,Male,Kaunas,NA,Lithuania,LT,1:15:41,6:01:48,5:42:06,0:05:03,0:04:52,13:09:30,4541,21708,20526,303,292,47370,1738,1458,161,1078,918,101,1359,1184,133,1738,1458,161,Finisher,1743
Carljohan,Melin,Carljohan Melin,2366,M50-54,Male,Arkelstorp,SKANE LAN [SE-12],Sweden,SE,1:27:21,6:17:30,5:04:46,0:11:16,0:08:42,13:09:36,5241,22650,18286,676,522,47376,1739,1459,151,1855,1510,148,1825,1533,159,1739,1459,151,Finisher,2170
Fredrik,Nicklasson,Fredrik Nicklasson,2200,M55-59,Male,Halmstad,,Sweden,SE,1:20:48,5:44:59,5:32:47,0:11:27,0:19:49,13:09:50,4848,20699,19967,687,1189,47390,1740,1460,93,1474,1227,81,1281,1114,72,1740,1460,93,Finisher,2529
Sjoerd,Van Uythoven,Sjoerd Van Uythoven,914,M25-29,Male,Bladel,NL-NB,Netherlands,NL,1:25:21,6:27:20,4:59:49,0:09:24,0:07:59,13:09:53,5121,23240,17989,564,479,47393,1741,1461,259,1753,1438,243,1906,1591,269,1741,1461,259,Finisher,1627
Tommy,Öjdal,Tommy Öjdal,1785,M50-54,Male,Onsala,,Sweden,SE,1:40:06,6:18:33,4:54:16,0:08:55,0:08:03,13:09:53,6006,22713,17656,535,483,47393,1742,1462,152,2285,1837,190,1972,1640,175,1742,1462,152,Finisher,2166
Hampus,Jakobsson,Hampus Jakobsson,1846,M30-34,Male,Hägersten,SE-AB,Sweden,SE,1:26:59,6:58:49,4:29:44,0:08:15,0:06:07,13:09:54,5219,25129,16184,495,367,47394,1743,1463,248,1836,1496,250,2216,1813,292,1743,1463,248,Finisher,1585
Kyra,Waterfall,Kyra Waterfall,1053,F25-29,Female,Richmond,England,Zimbabwe,ZW,1:10:18,6:51:11,4:56:43,0:06:23,0:05:24,13:10:00,4218,24671,17803,383,324,47400,1744,281,51,652,96,20,1975,333,61,1744,281,51,Finisher,2155
Linda,Cromstedt,Linda Cromstedt,2257,F45-49,Female,göteborg,,Sweden,SE,1:31:58,6:31:14,4:47:43,0:08:38,0:10:27,13:10:00,5518,23474,17263,518,627,47400,1745,282,34,2069,387,53,2014,343,49,1745,282,34,Finisher,2515
Anita,Richardson,Anita Richardson,712,F55-59,Female,Gärtringen,BADEN-WURTTEMBERG,Germany,DE,1:17:08,6:09:38,5:31:22,0:06:02,0:06:01,13:10:12,4628,22178,19882,362,361,47412,1746,283,12,1193,185,6,1524,211,12,1746,283,12,Finisher,3445
Martin,Wikestad,Martin Wikestad,1739,M25-29,Male,Hestra,,Sweden,SE,1:34:33,6:17:56,5:02:15,0:08:34,0:06:59,13:10:17,5673,22676,18135,514,419,47417,1747,1464,260,2151,1739,295,1895,1582,268,1747,1464,260,Finisher,1622
Andreas,Karlsson,Andreas Karlsson,2721,M25-29,Male,Malmö,Skåne,Sweden,SE,1:26:35,7:00:22,4:18:58,0:13:02,0:11:22,13:10:18,5195,25222,15538,782,682,47418,1748,1465,261,1814,1480,251,2248,1832,306,1748,1465,261,Finisher,1622
Melker,Sehlstedt,Melker Sehlstedt,2632,M30-34,Male,Stockholm,Stockholm,Sweden,SE,1:38:03,6:15:39,4:48:32,0:14:58,0:13:08,13:10:20,5883,22539,17312,898,788,47420,1749,1466,249,2242,1805,291,1979,1645,266,1749,1466,249,Finisher,1580
Iiris,Lahti,Iiris Lahti,2046,F40-44,Female,Espoo,Uusimaa,Finland,FI,1:24:02,6:08:54,5:27:27,0:04:57,0:05:01,13:10:21,5042,22134,19647,297,301,47421,1750,284,57,1688,295,42,1603,234,46,1750,284,57,Finisher,2035
Tarja,Pere-Druey,Tarja Pere-Druey,1492,F50-54,Female,Espoo,Uusimaa,Finland,FI,1:24:09,6:23:02,5:06:46,0:06:53,0:09:31,13:10:21,5049,22982,18406,413,571,47421,1751,285,25,1698,300,28,1800,281,28,1751,285,25,Finisher,3206
Oskar,Engman,Oskar Engman,2684,M25-29,Male,Östersund,Z,Sweden,SE,1:07:38,5:48:25,5:59:48,0:07:56,0:06:36,13:10:23,4058,20905,21588,476,396,47423,1752,1467,262,488,409,62,1073,948,157,1752,1467,262,Finisher,1621
Viktor,Hultman,Viktor Hultman,1582,M25-29,Male,Örebro,,Sweden,SE,1:21:34,5:51:12,5:46:25,0:06:23,0:04:48,13:10:23,4894,21072,20785,383,288,47423,1753,1468,263,1524,1264,220,1314,1145,195,1753,1468,263,Finisher,1621
Jake (Matthew),Elliott,Jake (Matthew) Elliott,1543,M30-34,Male,Calgary,ALBERTA,Canada,CA,1:16:45,6:36:57,4:58:03,0:09:29,0:09:12,13:10:25,4605,23817,17883,569,552,47425,1754,1469,250,1163,988,158,1919,1598,263,1754,1469,250,Finisher,1579
Mattias,Thelander,Mattias Thelander,2039,M50-54,Male,Sala,,Sweden,SE,1:19:03,5:19:37,6:16:49,0:07:07,0:08:18,13:10:56,4743,19177,22609,427,498,47456,1755,1470,153,1349,1130,115,787,710,71,1755,1470,153,Finisher,2154
Robert,Uller,Robert Uller,1452,M45-49,Male,Ålberga,Södermanland,Sweden,SE,1:31:50,6:23:25,4:58:21,0:09:24,0:08:02,13:11:01,5510,23005,17901,564,482,47461,1756,1471,149,2063,1679,169,1936,1611,172,1756,1471,149,Finisher,1965
Jacob,Olsson,Jacob Olsson,1823,M25-29,Male,Läckeby,,Sweden,SE,1:03:50,6:06:39,5:34:56,0:09:50,0:15:52,13:11:07,3830,21999,20096,590,952,47467,1757,1472,264,299,244,31,1338,1167,198,1757,1472,264,Finisher,1612
Christie,Jack,Christie Jack,1933,F30-34,Female,Southsea,Portsmouth,United Kingdom,GB,1:07:25,6:32:14,5:18:09,0:06:31,0:06:49,13:11:08,4045,23534,19089,391,409,47468,1758,286,34,477,79,15,1714,258,30,1758,286,34,Finisher,2418
John,Ledin,John Ledin,784,M18-24,Male,Örebro,OREBRO LAN [SE-18],Sweden,SE,1:24:14,6:32:12,5:01:45,0:07:14,0:05:47,13:11:11,5054,23532,18105,434,347,47471,1759,1473,163,1703,1402,171,1925,1602,186,1759,1473,163,Finisher,1732
Samuel,Verma,Samuel Verma,1469,M30-34,Male,Oslo,Oslo,Norway,NO,1:22:02,5:53:44,5:37:22,0:08:50,0:09:15,13:11:13,4922,21224,20242,530,555,47473,1760,1474,251,1556,1287,217,1392,1214,202,1760,1474,251,Finisher,1569
Jan,Wahlberg,Jan Wahlberg,2030,M60-64,Male,Stockholm,STOCKHOLMS LAN [SE-01],Sweden,SE,1:10:45,5:48:19,5:58:10,0:07:25,0:06:48,13:11:28,4245,20899,21490,445,408,47488,1761,1475,32,684,581,10,1109,979,20,1761,1475,32,Finisher,2617
John,Carlsson,John Carlsson,974,M25-29,Male,Kalmar,Kalmar,Sweden,SE,1:23:28,6:50:48,4:44:59,0:05:21,0:06:58,13:11:34,5008,24648,17099,321,418,47494,1762,1476,265,1649,1361,235,2087,1730,286,1762,1476,265,Finisher,1607
Yui Chit Daniel,Chan,Yui Chit Daniel Chan,1097,M35-39,Male,London,GB-ENG,United Kingdom,GB,1:21:40,7:05:39,4:31:05,0:07:17,0:06:02,13:11:42,4900,25539,16265,437,362,47502,1763,1477,162,1531,1267,134,2219,1814,193,1763,1477,162,Finisher,1716
Jaana,Sjöblom,Jaana Sjöblom,1508,F50-54,Female,Pirkkala,,Finland,FI,1:17:49,6:13:08,5:29:59,0:06:13,0:04:44,13:11:53,4669,22388,19799,373,284,47513,1764,287,26,1251,198,20,1588,228,21,1764,287,26,Finisher,3188
Jakob,Fransson,Jakob Fransson,406,M25-29,Male,Nora,Örebro,Sweden,SE,1:23:56,6:10:11,5:25:24,0:07:35,0:05:05,13:12:10,5036,22211,19524,455,305,47530,1765,1478,266,1681,1388,237,1655,1409,238,1765,1478,266,Finisher,1599
Gunnar ,Lindqvist ,Gunnar Lindqvist,2631,M25-29,Male,Göteborg ,Västra Götaland,Sweden,SE,1:50:38,6:31:52,4:30:39,0:08:56,0:10:10,13:12:16,6638,23512,16239,536,610,47536,1766,1479,267,2392,1920,314,2197,1799,300,1766,1479,267,Finisher,1598
Iina,Lappalainen,Iina Lappalainen,2082,F30-34,Female,Helsinki,Finland,Finland,FI,1:21:48,6:20:05,5:06:00,0:09:23,0:15:08,13:12:24,4908,22805,18360,563,908,47544,1767,288,35,1541,266,36,1770,269,31,1767,288,35,Finisher,2403
Jenny,Svensson,Jenny Svensson,650,F25-29,Female,Stockholm ,STOCKHOLMS LAN [SE-01],Sweden,SE,1:22:35,6:11:34,5:17:41,0:08:47,0:12:04,13:12:40,4955,22294,19061,527,724,47560,1768,289,52,1592,279,50,1671,250,43,1768,289,52,Finisher,2123
Linus,Franzén,Linus Franzén,470,M35-39,Male,Kalmar,SE-H,Sweden,SE,1:22:39,6:28:32,4:59:35,0:12:15,0:09:42,13:12:43,4959,23312,17975,735,582,47563,1769,1480,163,1594,1315,141,1923,1600,171,1769,1480,163,Finisher,1704
Erik,Tängemo,Erik Tängemo,2265,M35-39,Male,Huskvarna,SE-F,Sweden,SE,1:23:02,6:23:21,5:13:50,0:06:19,0:06:58,13:13:30,4982,23001,18830,379,418,47610,1770,1481,164,1616,1333,144,1786,1511,164,1770,1481,164,Finisher,1695
Olof,Malmberg,Olof Malmberg,735,M18-24,Male,Kalmar,Kalmar,Sweden,SE,1:43:08,6:09:43,5:04:31,0:07:16,0:09:00,13:13:39,6188,22183,18271,436,540,47619,1771,1482,164,2323,1870,216,1884,1574,183,1771,1482,164,Finisher,1702
Patrik,Alamäki,Patrik Alamäki,2575,M35-39,Male,Turku,Southwest Finland,Finland,FI,1:26:09,6:17:05,5:06:34,0:09:04,0:15:17,13:14:10,5169,22625,18394,544,917,47650,1772,1483,165,1790,1464,162,1783,1510,163,1772,1483,165,Finisher,1687
Vic,Esselink,Vic Esselink,1051,M18-24,Male,Tilburg,NOORD-BRABANT,Netherlands,NL,1:39:20,5:37:17,5:37:50,0:10:41,0:09:02,13:14:10,5960,20237,20270,641,542,47650,1773,1484,165,2270,1825,212,1425,1241,128,1773,1484,165,Finisher,1696
Åsa,Larson,Åsa Larson,1085,F50-54,Female,Svartsjö,STOCKHOLMS LAN [SE-01],Sweden,SE,1:11:13,6:29:14,5:21:18,0:05:10,0:07:34,13:14:29,4273,23354,19278,310,454,47669,1774,290,27,719,109,9,1708,256,25,1774,290,27,Finisher,3157
Hannes,Slöjdare,Hannes Slöjdare,317,M18-24,Male,Färjestaden,Kalmar,Sweden,SE,1:17:15,6:10:25,5:24:06,0:10:02,0:12:51,13:14:39,4635,22225,19446,602,771,47679,1775,1485,166,1206,1019,126,1599,1367,151,1775,1485,166,Finisher,1690
Jose Luis,Monteagudo Merino,Jose Luis Monteagudo Merino,840,M60-64,Male,elche,Community of Valencia,Spain,ES,1:38:44,6:21:53,4:56:58,0:10:47,0:06:25,13:14:47,5924,22913,17818,647,385,47687,1776,1486,33,2253,1812,49,2009,1667,42,1776,1486,33,Finisher,2577
Ludwig,Lundquist,Ludwig Lundquist,2574,M25-29,Male,Linköping,Östergötlands län,Sweden,SE,1:18:22,6:26:44,5:08:27,0:10:29,0:11:04,13:15:06,4702,23204,18507,629,664,47706,1777,1487,268,1296,1089,189,1819,1527,259,1777,1487,268,Finisher,1564
Patrik,Tasavuori,Patrik Tasavuori,1633,M18-24,Male,Helsinki,Helsinki,Finland,FI,1:31:46,6:28:53,5:00:00,0:08:10,0:06:20,13:15:08,5506,23333,18000,490,380,47708,1778,1488,167,2060,1676,204,1982,1647,192,1778,1488,167,Finisher,1685
Dan,Williams,Dan Williams,809,M50-54,Male,Leven,GB-FIF,United Kingdom,GB,1:12:54,6:25:39,5:05:27,0:14:44,0:16:40,13:15:24,4374,23139,18327,884,1000,47724,1779,1489,154,848,718,66,1789,1513,155,1779,1489,154,Finisher,2100
Vidar,Lindquist ,Vidar Lindquist,1486,M18-24,Male,Kungsängen ,Stockholm,Sweden,SE,1:17:20,6:41:37,5:02:23,0:05:44,0:08:26,13:15:30,4640,24097,18143,344,506,47730,1780,1490,168,1210,1023,127,1937,1612,187,1780,1490,168,Finisher,1680
Samuel,Karlsson,Samuel Karlsson,1055,M25-29,Male,Gothenburg,SE-O,Sweden,SE,1:14:09,6:16:56,5:30:25,0:07:53,0:06:10,13:15:33,4449,22616,19825,473,370,47733,1781,1491,269,960,812,130,1620,1382,234,1781,1491,269,Finisher,1559
David,Ord,David Ord,981,M40-44,Male,Exeter,DEVON,United Kingdom,GB,1:34:40,5:55:32,5:26:39,0:10:16,0:08:29,13:15:35,5680,21332,19599,616,509,47735,1782,1492,154,2156,1743,181,1635,1395,149,1782,1492,154,Finisher,1786
ALVA,TRANE,ALVA TRANE,2359,F25-29,Female,Hudiksvall,SE-X,Sweden,SE,1:18:48,6:51:50,4:43:41,0:10:05,0:11:13,13:15:37,4728,24710,17021,605,673,47737,1783,291,53,1327,217,39,2100,363,65,1783,291,53,Finisher,2087
Malin,Rappe,Malin Rappe,2127,F45-49,Female,Täby,,Sweden,SE,1:17:23,6:30:48,5:12:23,0:06:47,0:08:18,13:15:40,4643,23448,18743,407,498,47740,1784,292,35,1217,189,21,1817,291,39,1784,292,35,Finisher,2447
Tobias,Lundgren,Tobias Lundgren,773,M45-49,Male,kalmar,Kalmar,Sweden,SE,1:39:03,6:24:35,5:00:11,0:06:07,0:05:47,13:15:44,5943,23075,18011,367,347,47744,1785,1493,150,2262,1819,185,1993,1655,175,1785,1493,150,Finisher,1909
Julia,Augsutsson,Julia Augsutsson,1776,F25-29,Female,Hässelby,Stockholm,Sweden,SE,1:01:48,6:44:36,5:12:52,0:07:43,0:08:47,13:15:46,3708,24276,18772,463,527,47746,1786,293,54,221,39,8,1801,282,49,1786,293,54,Finisher,2086
Linda,Jättner,Linda Jättner,550,F45-49,Female,Södertälje,SE-AB,Sweden,SE,1:36:19,6:32:09,4:41:50,0:10:52,0:14:58,13:16:07,5779,23529,16910,652,898,47767,1787,294,36,2203,425,59,2084,357,52,1787,294,36,Finisher,2441
Ellen,Blegen Ween,Ellen Blegen Ween,2676,F35-39,Female,Oslo,Oslo,Norway,NO,1:29:25,6:32:35,4:58:10,0:07:14,0:08:46,13:16:10,5365,23555,17890,434,526,47770,1788,295,30,1959,364,42,1987,338,37,1788,295,30,Finisher,3050
Rasmus,Leilander,Rasmus Leilander,2242,M25-29,Male,Skövde,Västra Götaland,Sweden,SE,1:26:31,5:56:39,5:30:20,0:11:36,0:11:08,13:16:14,5191,21399,19820,696,668,47774,1789,1494,270,1812,1478,250,1548,1329,229,1789,1494,270,Finisher,1551
Pontus,Andersson,Pontus Andersson,348,HC,Male,Kalmar,SE-H,Sweden,SE,1:34:16,7:54:36,3:25:04,0:12:27,0:09:59,13:16:23,5656,28476,12304,747,599,47783,1790,1495,2,2144,1733,2,2439,1960,2,1790,1495,2,Finisher,3630
Jyrki,Kinnunen,Jyrki Kinnunen,1027,M45-49,Male,Älvsjö Stockholm,SE-AB,Finland,FI,1:29:22,6:19:56,5:08:55,0:11:24,0:06:57,13:16:35,5362,22796,18535,684,417,47795,1791,1496,151,1953,1592,166,1891,1579,169,1791,1496,151,Finisher,1899
Linnea ,Fredne,Linnea Fredne,1517,F25-29,Female,Järfälla,Stockholm,Sweden,SE,1:06:07,6:46:29,5:09:59,0:06:26,0:07:52,13:16:54,3967,24389,18599,386,472,47814,1792,296,55,399,69,13,1870,306,53,1792,296,55,Finisher,2072
Susanne,Martell,Susanne Martell,1618,F55-59,Female,RÅÅ,foreigner,Sweden,SE,1:10:24,5:52:47,5:55:47,0:07:48,0:10:08,13:16:54,4224,21167,21347,468,608,47814,1793,297,13,660,98,1,1184,144,7,1793,297,13,Finisher,3365
Paula,Akkanen,Paula Akkanen,1580,F45-49,Female,Espoo,,Finland,FI,1:28:09,6:18:36,5:16:05,0:06:51,0:07:20,13:17:02,5289,22716,18965,411,440,47822,1794,298,37,1897,355,48,1794,278,35,1794,298,37,Finisher,2430
Hannes ,Hadevik,Hannes Hadevik,369,M18-24,Male,Kalmar,Kalmar,Sweden,SE,1:30:49,6:00:51,5:25:03,0:10:06,0:10:24,13:17:13,5449,21651,19503,606,624,47833,1795,1497,169,2020,1646,202,1657,1411,160,1795,1497,169,Finisher,1660
Anna,Klingberg,Anna Klingberg,2252,F18-24,Female,Borlänge,Dalarna,Sweden,SE,1:24:25,6:56:48,4:36:14,0:12:47,0:07:04,13:17:19,5065,25008,16574,767,424,47839,1796,299,17,1717,307,21,2215,403,28,1796,299,17,Finisher,2251
Michael,Ryan,Michael Ryan,1348,M40-44,Male,Glasgow,GLASGOW CITY,Ireland,IE,1:39:39,6:22:46,4:48:12,0:16:22,0:10:34,13:17:32,5979,22966,17292,982,634,47852,1797,1498,155,2279,1831,192,2080,1724,181,1797,1498,155,Finisher,1763
Ella,Seger,Ella Seger,2471,F25-29,Female,Stockholm,,Sweden,SE,1:28:07,6:54:02,4:26:28,0:13:20,0:15:41,13:17:37,5287,24842,15988,800,941,47857,1798,300,56,1896,354,64,2228,408,71,1798,300,56,Finisher,2063
Måns,Hagenfeldt,Måns Hagenfeldt,1225,M30-34,Male,Stockholm,Stockholm,Sweden,SE,1:15:39,5:52:00,5:51:59,0:08:39,0:09:23,13:17:41,4539,21120,21119,519,563,47861,1799,1499,252,1074,915,150,1266,1102,185,1799,1499,252,Finisher,1492
Anders,Hagestam,Anders Hagestam,1744,M65-69,Male,Solna,,Sweden,SE,1:43:36,6:08:55,5:06:48,0:09:22,0:09:22,13:18:03,6216,22135,18408,562,562,47883,1800,1500,2,2336,1879,10,1903,1589,2,1800,1500,2,Finisher,3636
Joe,Gengler,Joe Gengler,1093,M30-34,Male,Diekirch,,Luxembourg,LU,1:19:25,6:22:00,5:22:50,0:09:02,0:04:53,13:18:09,4765,22920,19370,542,293,47889,1801,1501,253,1375,1152,189,1762,1496,243,1801,1501,253,Finisher,1486
Gustav,Larsson,Gustav Larsson,1059,M18-24,Male,Kalmar,Kalmar Län,Sweden,SE,1:15:16,6:26:30,5:22:42,0:05:59,0:07:43,13:18:10,4516,23190,19362,359,463,47890,1802,1502,170,1041,886,110,1736,1477,175,1802,1502,170,Finisher,1648
Tobias,Johansson,Tobias Johansson,431,M50-54,Male,Vänersborg,,Sweden,SE,1:17:50,6:06:48,5:41:48,0:06:00,0:05:46,13:18:11,4670,22008,20508,360,346,47891,1803,1503,155,1255,1057,105,1485,1286,130,1803,1503,155,Finisher,2067
Jonas,Larsson,Jonas Larsson,1273,M30-34,Male,Kalmar,Kalmar län,Sweden,SE,1:31:02,6:07:24,5:13:17,0:14:51,0:11:53,13:18:26,5462,22044,18797,891,713,47906,1804,1504,254,2031,1655,267,1788,1512,248,1804,1504,254,Finisher,1483
Jimmy,Berlin,Jimmy Berlin,972,M40-44,Male,Munkedal,VASTRA GOTALANDS LAN [SE-14],Sweden,SE,1:20:19,5:59:20,5:37:57,0:11:13,0:09:58,13:18:47,4819,21560,20277,673,598,47927,1805,1505,156,1443,1207,120,1488,1288,142,1805,1505,156,Finisher,1748
Felix,Bernhardsson,Felix Bernhardsson,2264,M25-29,Male,Stockholm,STOCKHOLMS LAN [SE-01],Sweden,SE,1:51:34,6:33:09,4:37:10,0:08:11,0:08:48,13:18:51,6694,23589,16630,491,528,47931,1806,1506,271,2400,1926,315,2207,1807,302,1806,1506,271,Finisher,1519
Mohammed,Almalki,Mohammed Almalki,990,M40-44,Male,Doha,QA-DA,Qatar,QA,1:08:42,5:49:34,6:07:01,0:06:23,0:07:15,13:18:54,4122,20974,22021,383,435,47934,1807,1507,157,547,460,41,1082,954,104,1807,1507,157,Finisher,1746
Henrik,Feltendahl,Henrik Feltendahl,538,M35-39,Male,Växjö,SE-G,Sweden,SE,1:39:57,6:19:03,4:52:29,0:13:19,0:14:07,13:18:55,5997,22743,17549,799,847,47935,1808,1508,166,2284,1836,195,2018,1675,178,1808,1508,166,Finisher,1630
Daniel,Carlsson,Daniel Carlsson,2312,M40-44,Male,Bålsta,Uppsala Län,Sweden,SE,1:32:11,6:22:32,5:05:35,0:08:46,0:09:58,13:19:01,5531,22952,18335,526,598,47941,1809,1509,158,2079,1689,176,1924,1601,161,1809,1509,158,Finisher,1745
Jonas,Andersson,Jonas Andersson,741,M25-29,Male,Kalmar,SE-H,Sweden,SE,1:12:34,5:40:52,6:15:02,0:04:08,0:06:27,13:19:02,4354,20452,22502,248,387,47942,1810,1510,272,819,694,109,975,867,139,1810,1510,272,Finisher,1517
Lina,Forsman,Lina Forsman,1719,F35-39,Female,Helsinki,Uusimaa,Finland,FI,1:33:10,6:47:08,4:38:19,0:09:19,0:11:23,13:19:19,5590,24428,16699,559,683,47959,1811,301,31,2119,404,46,2188,397,46,1811,301,31,Finisher,3012
Patrik,Rydasp,Patrik Rydasp,609,M35-39,Male,Kalmar,,Sweden,SE,1:16:21,6:10:45,5:38:34,0:07:27,0:06:29,13:19:35,4581,22245,20314,447,389,47975,1812,1511,167,1123,956,106,1545,1326,148,1812,1511,167,Finisher,1622
Abdulaziz,Ashkanani,Abdulaziz Ashkanani,737,M30-34,Male,Doha,QA-DA,Qatar,QA,1:33:07,6:08:59,5:19:35,0:09:03,0:08:52,13:19:36,5587,22139,19175,543,532,47976,1813,1512,255,2113,1713,276,1768,1500,245,1813,1512,255,Finisher,1469
Emre ,Yilmaz ,Emre Yilmaz,2228,M35-39,Male,Stockholm ,Stockholm,Sweden,SE,1:24:10,6:47:32,4:46:20,0:12:19,0:09:25,13:19:45,5050,24452,17180,739,565,47985,1814,1513,168,1699,1399,153,2139,1763,188,1814,1513,168,Finisher,1620
Denny,Stanojevic,Denny Stanojevic,432,M30-34,Male,Järfälla,SE-AB,Sweden,SE,1:47:36,6:38:07,4:27:55,0:12:00,0:14:10,13:19:48,6456,23887,16075,720,850,47988,1815,1514,256,2365,1901,310,2238,1826,296,1815,1514,256,Finisher,1466
Oliver,smith,Oliver smith,332,M18-24,Male,plymouth,cornwall,United Kingdom,GB,1:10:01,6:35:52,5:17:48,0:08:03,0:08:25,13:20:09,4201,23752,19068,483,505,48009,1816,1515,171,634,539,62,1799,1519,178,1816,1515,171,Finisher,1624
Daniil,Dukat,Daniil Dukat,900,M45-49,Male,Sofia,Sofia-GradSofia,Bulgaria,BG,1:16:00,6:25:59,5:21:16,0:08:24,0:08:32,13:20:10,4560,23159,19276,504,512,48010,1817,1516,152,1103,938,105,1760,1495,163,1817,1516,152,Finisher,1856
Daniel,Hamberg,Daniel Hamberg,1115,M40-44,Male,kalmar,,Sweden,SE,1:38:47,5:48:22,5:35:48,0:08:35,0:08:39,13:20:11,5927,20902,20148,515,519,48011,1818,1517,159,2254,1813,191,1560,1338,146,1818,1517,159,Finisher,1731
Marios,Liasides,Marios Liasides,724,M30-34,Male,Limassol,CY-02,Cyprus,CY,1:27:26,5:45:31,5:53:42,0:07:08,0:06:46,13:20:33,5246,20731,21222,428,406,48033,1819,1518,257,1859,1513,252,1332,1162,193,1819,1518,257,Finisher,1457
Isabel,Fogelström,Isabel Fogelström,271,F50-54,Female,Ystad,Skåne,Sweden,SE,1:21:23,6:39:28,4:48:25,0:16:02,0:15:18,13:20:35,4883,23968,17305,962,918,48035,1820,302,28,1506,255,25,2064,354,36,1820,302,28,Finisher,3083
Tai,LA,Tai LA,1627,M40-44,Male,Kristianstad,,Sweden,SE,1:42:06,6:23:43,4:56:21,0:12:03,0:06:32,13:20:46,6126,23023,17781,723,392,48046,1821,1519,160,2314,1861,195,2071,1715,176,1821,1519,160,Finisher,1724
Pär,Mattsson,Pär Mattsson,745,M55-59,Male,NYBRO,Kalmar,Sweden,SE,1:12:33,6:20:15,5:34:43,0:07:42,0:05:40,13:20:53,4353,22815,20083,462,340,48053,1822,1520,94,815,690,41,1636,1396,95,1822,1520,94,Finisher,2396
Emil,BRANDT,Emil BRANDT,1478,M18-24,Male,Västerås,SE-U,Sweden,SE,1:26:52,5:59:53,5:44:28,0:04:41,0:05:10,13:21:04,5212,21593,20668,281,310,48064,1823,1521,172,1829,1492,180,1499,1296,139,1823,1521,172,Finisher,1613
Lee,York,Lee York,2331,M55-59,Male,Enniskillen,GB-NIR,Ireland,IE,1:05:10,6:26:01,5:27:11,0:09:14,0:13:28,13:21:04,3910,23161,19631,554,808,48064,1824,1522,95,347,283,7,1634,1394,94,1824,1522,95,Finisher,2394
Elisabeth,Hjortswang,Elisabeth Hjortswang,1859,F30-34,Female,Lund,SE-M,Sweden,SE,1:33:06,5:57:41,5:26:10,0:11:15,0:12:58,13:21:10,5586,21461,19570,675,778,48070,1825,303,36,2112,400,54,1661,247,29,1825,303,36,Finisher,2297
Mikael,Miller,Mikael Miller,455,M45-49,Male,Kalmar,KALMAR LAN [SE-08],Sweden,SE,1:15:15,6:01:45,5:39:22,0:12:42,0:12:13,13:21:18,4515,21705,20362,762,733,48078,1826,1523,153,1039,884,99,1466,1273,139,1826,1523,153,Finisher,1842
Alexandra,Ålund,Alexandra Ålund,2686,F18-24,Female,Lund,SKANE LAN [SE-12],Sweden,SE,1:27:54,6:44:50,4:43:02,0:10:19,0:15:14,13:21:19,5274,24290,16982,619,914,48079,1827,304,18,1886,350,25,2130,373,23,1827,304,18,Finisher,2203
Malou,Hallström,Malou Hallström,1319,F25-29,Female,Färjestaden,SE-H,Sweden,SE,1:26:52,5:57:18,5:37:58,0:09:48,0:09:24,13:21:20,5212,21438,20278,588,564,48080,1828,305,57,1828,337,61,1537,216,40,1828,305,57,Finisher,2019
Fitz,Manfred,Fitz Manfred,2557,M55-59,Male,22846 Norderstedt,Schleswig-Holstein,Germany,DE,1:06:13,6:14:43,5:49:26,0:05:36,0:05:33,13:21:31,3973,22483,20966,336,333,48091,1829,1524,96,406,336,13,1418,1234,80,1829,1524,96,Finisher,2389
Louise,Derrick,Louise Derrick,1251,F40-44,Female,Bristol,GB-ENG,United Kingdom,GB,1:17:53,6:09:59,5:38:11,0:06:33,0:08:58,13:21:33,4673,22199,20291,393,538,48093,1830,306,58,1262,201,27,1542,218,42,1830,306,58,Finisher,1901
Anette,Magnusson,Anette Magnusson,375,F60-64,Female,Göteborg,,Sweden,SE,1:21:37,6:25:54,5:13:42,0:11:38,0:08:57,13:21:47,4897,23154,18822,698,537,48107,1831,307,3,1529,264,3,1873,307,3,1831,307,3,Finisher,4311
Daniel,Crow,Daniel Crow,2334,M45-49,Male,Slough,BRK,United Kingdom,GB,1:06:58,6:33:20,5:20:11,0:07:17,0:14:02,13:21:48,4018,23600,19211,437,842,48108,1832,1525,154,453,378,47,1735,1476,159,1832,1525,154,Finisher,1836
Antonia,Seidel,Antonia Seidel,2421,F25-29,Female,København,Copenhagen,Germany,DE,1:22:13,6:25:08,5:17:08,0:07:08,0:10:34,13:22:10,4933,23108,19028,428,634,48130,1833,308,58,1566,272,49,1810,288,50,1833,308,58,Finisher,2009
Anna,Olsson,Anna Olsson,756,F50-54,Female,Kalmar,,Sweden,SE,1:33:08,6:16:27,5:21:42,0:04:47,0:06:08,13:22:12,5588,22587,19302,287,368,48132,1834,309,29,2114,401,38,1807,285,29,1834,309,29,Finisher,3064
Tove,Karlsson,Tove Karlsson,1443,F18-24,Female,Solna,SE-AB,Sweden,SE,1:36:22,6:44:56,4:51:00,0:04:47,0:05:32,13:22:38,5782,24296,17460,287,332,48158,1835,310,19,2206,426,30,2158,385,26,1835,310,19,Finisher,2187
Magnus,Ahlsen,Magnus Ahlsen,889,M50-54,Male,Linköping,SE-E,Sweden,SE,1:22:27,6:01:27,5:44:37,0:05:07,0:09:24,13:23:02,4947,21687,20677,307,564,48182,1836,1526,156,1584,1308,127,1454,1265,125,1836,1526,156,Finisher,2009
Gabriel,Bassula,Gabriel Bassula,1992,M40-44,Male,Huddinge,Stockholm,Sweden,SE,1:22:54,6:36:29,5:12:36,0:06:45,0:04:42,13:23:25,4974,23789,18756,405,282,48205,1837,1527,161,1608,1326,135,1955,1628,167,1837,1527,161,Finisher,1692
Jimmy,Hemmingsson,Jimmy Hemmingsson,2437,M45-49,Male,Spekeröd,VASTRA GOTALANDS LAN [SE-14],Sweden,SE,1:27:16,6:06:27,5:38:53,0:05:09,0:05:40,13:23:26,5236,21987,20333,309,340,48206,1838,1528,155,1854,1509,161,1618,1380,146,1838,1528,155,Finisher,1816
David,Freedeke ,David Freedeke,805,M50-54,Male,Kalmar,Kalmar,Sweden,SE,1:31:43,5:49:09,5:41:47,0:09:41,0:11:20,13:23:41,5503,20949,20507,581,680,48221,1839,1529,157,2057,1674,167,1481,1284,129,1839,1529,157,Finisher,2001
Johanna,Lidholm,Johanna Lidholm,1692,F25-29,Female,Lund,Skåne,Sweden,SE,1:22:12,6:37:04,5:06:06,0:09:30,0:08:53,13:23:46,4932,23824,18366,570,533,48226,1840,311,59,1565,271,48,1981,335,62,1840,311,59,Finisher,1990
Mikael,Bäckström,Mikael Bäckström,989,M55-59,Male,Skövde,,Sweden,SE,1:32:27,6:09:55,5:28:08,0:07:11,0:06:08,13:23:49,5547,22195,19688,431,368,48229,1841,1530,97,2087,1694,125,1754,1492,107,1841,1530,97,Finisher,2361
Patrik,Lennartsson,Patrik Lennartsson,2712,M40-44,Male,Gävle,GAVLEBORGS LAN [SE-21],Sweden,SE,1:36:49,6:14:16,5:17:21,0:08:33,0:06:52,13:23:52,5809,22456,19041,513,412,48232,1842,1531,162,2216,1787,188,1878,1570,158,1842,1531,162,Finisher,1687
David,Karlsson,David Karlsson,1022,M18-24,Male,NYBRO,KALMAR LAN [SE-08],Sweden,SE,1:17:39,6:20:45,5:35:18,0:05:14,0:05:33,13:24:28,4659,22845,20118,314,333,48268,1843,1532,173,1244,1050,130,1684,1434,167,1843,1532,173,Finisher,1573
Tamie,Wofford,Tamie Wofford,1311,F50-54,Female,Ventura,CA,United States,US,0:57:47,6:39:42,5:31:55,0:06:52,0:08:21,13:24:37,3467,23982,19915,412,501,48277,1844,312,30,111,17,1,1693,252,24,1844,312,30,Finisher,3035
Pär,Lundqvist,Pär Lundqvist,1124,M45-49,Male,Nybro,,Sweden,SE,1:23:03,6:13:18,5:36:01,0:06:26,0:05:49,13:24:38,4983,22398,20161,386,349,48278,1845,1533,156,1617,1334,138,1670,1421,151,1845,1533,156,Finisher,1802
Simon,Lindholm,Simon Lindholm,1575,M25-29,Male,Stockholm,Stockholm,Sweden,SE,1:23:09,6:41:21,5:07:05,0:08:15,0:05:14,13:25:04,4989,24081,18425,495,314,48304,1846,1534,273,1627,1343,233,2024,1679,280,1846,1534,273,Finisher,1445
Anna,MOOD,Anna MOOD,2360,F25-29,Female,Forsa,SE-X,Sweden,SE,1:36:06,6:58:46,4:29:56,0:11:38,0:08:42,13:25:09,5766,25126,16196,698,522,48309,1847,313,60,2198,424,80,2290,425,77,1847,313,60,Finisher,1973
Martin,Salomonsson,Martin Salomonsson,1584,M25-29,Male,Växjö,KRONOBERGS LAN [SE-07],Sweden,SE,1:30:05,6:19:18,5:16:02,0:11:10,0:08:46,13:25:20,5405,22758,18962,670,526,48320,1848,1535,274,1990,1621,275,1890,1578,267,1848,1535,274,Finisher,1441
Victor Manuel,Urbina Garcia,Victor Manuel Urbina Garcia,2402,M45-49,Male,mexico,MX-CMX,Mexico,MX,1:26:06,6:12:08,5:28:20,0:12:34,0:06:31,13:25:40,5166,22328,19700,754,391,48340,1849,1536,157,1786,1461,153,1765,1497,164,1849,1536,157,Finisher,1790
Per,Fagerström,Per Fagerström,1713,M35-39,Male,Asarum,Blekinge,Sweden,SE,1:25:05,6:19:29,5:21:31,0:11:13,0:08:39,13:25:57,5105,22769,19291,673,519,48357,1850,1537,169,1740,1428,160,1820,1528,166,1850,1537,169,Finisher,1545
Timothy,Smith,Timothy Smith,2304,M35-39,Male,Antwerpen,BE-VAN,Belgium,BE,1:12:59,6:25:57,5:32:37,0:06:22,0:08:03,13:25:57,4379,23157,19957,382,483,48357,1851,1538,170,855,724,80,1707,1452,158,1851,1538,170,Finisher,1545
Alexandr,Bekauov,Alexandr Bekauov,1284,M40-44,Male,Almaty,Алматы,Kazakhstan,KZ,1:31:13,6:20:52,5:10:35,0:12:01,0:11:33,13:26:15,5473,22852,18635,721,693,48375,1852,1539,163,2038,1662,171,1930,1607,162,1852,1539,163,Finisher,1658
Kentaro,Sohara,Kentaro Sohara,998,M40-44,Male,Setagayaku,JP-13,Japan,JP,1:23:38,6:47:38,4:52:10,0:10:26,0:12:26,13:26:18,5018,24458,17530,626,746,48378,1853,1540,164,1662,1372,143,2110,1742,183,1853,1540,164,Finisher,1658
Mattias,Persson,Mattias Persson,2086,M50-54,Male,Bohus,Västra Götaland,Sweden,SE,1:14:57,6:38:38,5:09:08,0:14:55,0:08:45,13:26:22,4497,23918,18548,895,525,48382,1854,1541,158,1017,864,85,1977,1643,176,1854,1541,158,Finisher,1969
Matthew,Crimes,Matthew Crimes,1983,M45-49,Male,Alderley Edge,CHS,United Kingdom,GB,1:30:14,6:40:03,5:04:11,0:05:42,0:06:20,13:26:29,5414,24003,18251,342,380,48389,1855,1542,158,1997,1626,167,2056,1707,180,1855,1542,158,Finisher,1780
Felix,Berggren,Felix Berggren,2148,M25-29,Male,Kungälv,Västra Götaland,Sweden,SE,1:28:11,6:46:43,4:50:54,0:11:11,0:09:42,13:26:41,5291,24403,17454,671,582,48401,1856,1543,275,1901,1546,258,2156,1773,293,1856,1543,275,Finisher,1425
Emma,Hildingsson,Emma Hildingsson,504,F35-39,Female,Kalmar ,,Sweden,SE,1:22:21,6:19:21,5:27:08,0:08:46,0:09:13,13:26:48,4941,22761,19628,526,553,48408,1857,314,32,1577,274,31,1763,267,30,1857,314,32,Finisher,2922
Ellie,Evans,Ellie Evans,2345,F45-49,Female,London,SRY,United Kingdom,GB,1:10:30,7:01:02,4:56:16,0:10:00,0:09:00,13:26:49,4230,25262,17776,600,540,48409,1858,315,38,666,99,10,2109,368,54,1858,315,38,Finisher,2313
Mikael,Ranhagen,Mikael Ranhagen,1654,M45-49,Male,Stockholm,Stockholm,Sweden,SE,1:26:35,6:47:35,4:54:51,0:08:14,0:09:37,13:26:52,5195,24455,17691,494,577,48412,1859,1544,159,1815,1481,157,2121,1751,184,1859,1544,159,Finisher,1775
Natalie,Richwald,Natalie Richwald,762,F35-39,Female,knivsta,SE-C,Sweden,SE,2:11:47,6:04:06,4:57:27,0:05:07,0:08:31,13:26:58,7907,21846,17847,307,511,48418,1860,316,33,2447,482,58,2105,366,40,1860,316,33,Finisher,2920
Christofer,Teske,Christofer Teske,2198,M35-39,Male,Norrköping,Östergötland,Sweden,SE,1:31:17,6:52:50,4:45:50,0:09:52,0:07:17,13:27:05,5477,24770,17150,592,437,48425,1861,1545,171,2044,1665,183,2212,1811,192,1861,1545,171,Finisher,1532
Carl,Annerberg,Carl Annerberg,1768,M30-34,Male,Göteborg,,Sweden,SE,1:20:45,6:31:34,5:24:56,0:05:39,0:04:12,13:27:06,4845,23494,19496,339,252,48426,1862,1546,258,1466,1222,204,1848,1550,252,1862,1546,258,Finisher,1379
Lucas,Wendle,Lucas Wendle,1461,M18-24,Male,Alnö,,Sweden,SE,1:13:34,5:28:57,6:33:38,0:05:56,0:05:06,13:27:11,4414,19737,23618,356,306,48431,1863,1547,174,905,769,94,830,745,69,1863,1547,174,Finisher,1540
François,DESJARDINS,François DESJARDINS,2286,M60-64,Male,Quevauvillers,Hauts-de-France,France,FR,1:41:50,6:53:53,4:21:16,0:13:53,0:16:59,13:27:52,6110,24833,15676,833,1019,48472,1864,1548,34,2306,1855,52,2303,1872,52,1864,1548,34,Finisher,2420
Catharina,Eklund,Catharina Eklund,1150,F25-29,Female,Hässelby,Stockholm,Sweden,SE,1:14:21,6:39:04,5:18:55,0:05:27,0:10:18,13:28:06,4461,23944,19135,327,618,48486,1865,317,61,976,149,27,1865,304,52,1865,317,61,Finisher,1938
Hampus,Ståhl,Hampus Ståhl,1682,M18-24,Male,Eslöv,Skåne,Sweden,SE,1:19:56,6:12:14,5:39:16,0:08:44,0:08:00,13:28:09,4796,22334,20356,524,480,48489,1866,1549,175,1415,1186,146,1642,1400,159,1866,1549,175,Finisher,1528
Arkadiusz,Jankowski,Arkadiusz Jankowski,2283,M45-49,Male,Katowice,Śląskie,Poland,PL,1:32:33,6:07:38,5:31:37,0:07:13,0:09:11,13:28:12,5553,22058,19897,433,551,48492,1867,1550,160,2095,1699,171,1733,1474,158,1867,1550,160,Finisher,1759
Thibaud,Jaumotte,Thibaud Jaumotte,2098,M18-24,Male,thiaumont,,Belgium,BE,1:14:25,5:53:49,6:05:10,0:07:56,0:07:04,13:28:23,4465,21229,21910,476,424,48503,1868,1551,176,981,832,104,1264,1100,107,1868,1551,176,Finisher,1526
Tobias,Berntsson,Tobias Berntsson,2349,M35-39,Male,Vetlanda,JONKOPINGS LAN [SE-06],Sweden,SE,1:07:16,6:11:40,6:02:17,0:03:36,0:03:34,13:28:24,4036,22300,21737,216,214,48504,1869,1552,172,467,391,51,1360,1185,134,1869,1552,172,Finisher,1516
Camilla,Jarleskog,Camilla Jarleskog,532,F45-49,Female,Karlskoga,SE-T,Sweden,SE,1:21:35,6:21:46,5:31:14,0:05:20,0:08:44,13:28:40,4895,22906,19874,320,524,48520,1870,318,39,1527,262,29,1744,260,32,1870,318,39,Finisher,2291
Jasper,Hellwig,Jasper Hellwig,1309,M45-49,Male,Stichtse Vecht,Utrecht,Netherlands,NL,1:22:22,5:42:50,6:04:18,0:09:45,0:09:38,13:28:53,4942,20570,21858,585,578,48533,1871,1553,161,1579,1304,135,1244,1085,122,1871,1553,161,Finisher,1751
Dimitri,Brink,Dimitri Brink,1733,M50-54,Male,Maarssen,UTRECHT,Netherlands,NL,1:14:54,6:07:11,5:51:39,0:07:40,0:07:32,13:28:56,4494,22031,21099,460,452,48536,1872,1554,159,1015,862,84,1468,1275,127,1872,1554,159,Finisher,1938
Clara,Gosebrink,Clara Gosebrink,1008,F40-44,Female,Wesel,NORDRHEIN-WESTFALEN,Germany,DE,1:26:20,6:28:12,5:14:59,0:12:03,0:07:30,13:29:04,5180,23292,18899,723,450,48544,1873,319,59,1798,330,46,1963,330,57,1873,319,59,Finisher,1811
Patrick,Nordahl,Patrick Nordahl,1974,M30-34,Male,Malmö,SKANE LAN [SE-12],Sweden,SE,1:17:27,6:25:00,5:19:31,0:15:36,0:11:31,13:29:06,4647,23100,19171,936,691,48546,1874,1555,259,1220,1031,164,1850,1552,253,1874,1555,259,Finisher,1355
Mikel,Onatibia,Mikel Onatibia,1977,M30-34,Male,Madrid,foreigner,Spain,ES,1:10:44,6:31:13,5:35:36,0:04:07,0:07:29,13:29:09,4244,23473,20136,247,449,48549,1875,1556,260,683,580,84,1711,1454,238,1875,1556,260,Finisher,1354
Linda,Ripa,Linda Ripa,1825,F45-49,Female,Glumslöv,SE-M,Sweden,SE,1:27:41,6:03:11,5:44:23,0:06:50,0:07:14,13:29:20,5261,21791,20663,410,434,48560,1876,320,40,1869,348,45,1600,233,29,1876,320,40,Finisher,2283
Mikael,Trieb,Mikael Trieb,1755,M45-49,Male,Motala,SE-E,Sweden,SE,1:02:19,5:51:20,6:22:31,0:06:56,0:06:26,13:29:32,3739,21080,22951,416,386,48572,1877,1557,162,245,202,18,1023,908,102,1877,1557,162,Finisher,1743
Trace,Lund,Trace Lund,1188,M55-59,Male,Mapleton,US-UT,United States,US,1:32:27,6:18:34,5:17:52,0:11:05,0:09:35,13:29:33,5547,22714,19072,665,575,48573,1878,1558,98,2086,1693,124,1907,1592,115,1878,1558,98,Finisher,2292
Jonathan ,Nylander,Jonathan Nylander,1956,M25-29,Male,Göteborg,Västra Götaland,Sweden,SE,1:10:52,6:41:08,5:09:46,0:12:08,0:15:40,13:29:34,4252,24068,18586,728,940,48574,1879,1559,276,696,592,92,1931,1608,270,1879,1559,276,Finisher,1391
Matz,Helmersson,Matz Helmersson,1542,M40-44,Male,Höör,SE-M,Sweden,SE,1:35:19,5:58:09,5:43:08,0:07:58,0:05:04,13:29:37,5719,21489,20588,478,304,48577,1880,1560,165,2175,1758,184,1651,1405,150,1880,1560,165,Finisher,1618
Ali,Alkubaisi,Ali Alkubaisi,772,M30-34,Male,Doha,QA-DA,Qatar,QA,1:36:05,6:09:04,5:29:31,0:06:16,0:08:50,13:29:46,5765,22144,19771,376,530,48586,1881,1561,261,2196,1773,284,1772,1503,246,1881,1561,261,Finisher,1347
Jonatan,Tinnert,Jonatan Tinnert,923,M18-24,Male,Färjestaden,KALMAR LAN [SE-08],Sweden,SE,1:19:01,6:52:39,5:08:40,0:05:15,0:04:26,13:30:02,4741,24759,18520,315,266,48602,1882,1562,177,1344,1126,143,2066,1711,198,1882,1562,177,Finisher,1506
Jonas,Karlqvist,Jonas Karlqvist,2249,M45-49,Male,Lidköping,,Sweden,SE,1:09:44,6:15:51,5:55:00,0:05:00,0:04:31,13:30:06,4184,22551,21300,300,271,48606,1883,1563,163,615,521,62,1484,1285,140,1883,1563,163,Finisher,1736
Annamari,Kotka,Annamari Kotka,1599,F35-39,Female,ESPOO,FI-18,Finland,FI,1:12:39,6:33:55,5:27:53,0:08:29,0:07:11,13:30:06,4359,23635,19673,509,431,48606,1884,321,34,828,128,9,1818,292,34,1884,321,34,Finisher,2882
Hannah,Gamble,Hannah Gamble,1069,F30-34,Female,cheltenham ,GLS,United Kingdom,GB,1:03:48,6:57:26,5:13:28,0:09:09,0:06:39,13:30:29,3828,25046,18808,549,399,48629,1885,322,37,296,55,12,1998,339,38,1885,322,37,Finisher,2186
Alexej,Filinau,Alexej Filinau,2525,M25-29,Male,Stockholm,Stockholm,Sweden,SE,1:01:57,6:33:08,5:35:52,0:09:54,0:09:56,13:30:47,3717,23588,20152,594,596,48647,1886,1564,277,230,190,22,1702,1447,242,1886,1564,277,Finisher,1376
Oscar,Berg,Oscar Berg,2202,M25-29,Male,Stockholm,Stockholm,Sweden,SE,1:07:09,5:41:40,6:29:16,0:06:44,0:06:17,13:31:08,4029,20500,23356,404,377,48668,1887,1565,278,460,384,54,942,838,134,1887,1565,278,Finisher,1372
Elsa,Öhman,Elsa Öhman,495,F18-24,Female,Kalmar,Kalmar,Sweden,SE,1:18:23,6:26:36,5:29:01,0:07:46,0:09:23,13:31:09,4703,23196,19741,466,563,48669,1888,323,20,1297,208,16,1787,276,14,1888,323,20,Finisher,2085
Julia,Andersson,Julia Andersson,2655,F25-29,Female,Stockholm,Stockholm,Sweden,SE,1:26:19,7:00:10,4:44:51,0:12:30,0:07:43,13:31:34,5179,25210,17091,750,463,48694,1889,324,62,1797,329,60,2242,414,74,1889,324,62,Finisher,1896
Samuel,Bodén,Samuel Bodén,1123,M30-34,Male,Nybro,SE-H,Sweden,SE,1:51:42,6:09:36,5:14:17,0:09:51,0:06:33,13:31:59,6702,22176,18857,591,393,48719,1890,1566,262,2402,1928,315,2008,1666,271,1890,1566,262,Finisher,1320
William,BLOMQVIST,William BLOMQVIST,2667,M30-34,Male,Ronneby,SE-K,Sweden,SE,1:26:44,6:16:57,5:33:11,0:07:20,0:08:00,13:32:12,5204,22617,19991,440,480,48732,1891,1567,263,1823,1487,248,1767,1499,244,1891,1567,263,Finisher,1318
Frans,Wahlström,Frans Wahlström,774,M18-24,Male,Kalmar,Kalmar,Sweden,SE,1:13:52,6:24:10,5:32:26,0:08:05,0:13:59,13:32:32,4432,23050,19946,485,839,48752,1892,1568,178,933,791,98,1712,1455,172,1892,1568,178,Finisher,1476
Rayane,Temsamani,Rayane Temsamani,846,M30-34,Male,Steenokkerzeel,BE-VBR,Belgium,BE,1:29:50,6:25:38,5:17:59,0:10:17,0:08:55,13:32:40,5390,23138,19079,617,535,48760,1893,1569,264,1974,1609,265,1951,1624,265,1893,1569,264,Finisher,1312
Joshua,Entis,Joshua Entis,1800,M35-39,Male,Agoura Hills,CA,United States,US,1:09:18,6:24:18,5:42:31,0:07:55,0:08:39,13:32:42,4158,23058,20551,475,519,48762,1894,1570,173,589,498,59,1653,1407,155,1894,1570,173,Finisher,1464
Daniel,DALERHULT,Daniel DALERHULT,355,M30-34,Male,Kristinehamn,SE-S,Sweden,SE,1:37:30,6:50:07,4:46:49,0:10:06,0:08:14,13:32:45,5850,24607,17209,606,494,48765,1895,1571,265,2227,1794,288,2237,1825,295,1895,1571,265,Finisher,1311
Amei,Chu,Amei Chu,2480,F25-29,Female,Umeå,Västerbotten,Sweden,SE,1:43:20,6:12:53,5:22:51,0:06:39,0:07:12,13:32:55,6200,22373,19371,399,432,48775,1896,325,63,2329,455,83,1914,319,56,1896,325,63,Finisher,1880
Paul,Hübenbecker,Paul Hübenbecker,1557,M50-54,Male,Helsingborg,SE-M,Sweden,SE,1:11:46,6:40:51,5:30:19,0:05:48,0:04:33,13:33:17,4306,24051,19819,348,273,48797,1897,1572,160,755,638,59,1858,1558,164,1897,1572,160,Finisher,1886
Rasmus,Berg Larsson,Rasmus Berg Larsson,2401,M30-34,Male,Eskilstuna,Södermanland,Sweden,SE,1:47:10,6:25:22,5:03:25,0:07:36,0:10:00,13:33:33,6430,23122,18205,456,600,48813,1898,1573,266,2360,1896,308,2091,1734,286,1898,1573,266,Finisher,1301
Sofia,Öhman,Sofia Öhman,405,F30-34,Female,Stockholm,Stockholm,Sweden,SE,1:41:52,6:29:05,5:05:52,0:09:39,0:07:08,13:33:36,6112,23345,18352,579,428,48816,1899,326,38,2308,452,60,2096,360,43,1899,326,38,Finisher,2148
Ann,Larsson,Ann Larsson,454,F50-54,Female,Kalmar,,Sweden,SE,1:25:46,6:33:03,5:16:06,0:09:39,0:10:10,13:34:44,5146,23583,18966,579,610,48884,1900,327,31,1773,322,31,1976,334,34,1900,327,31,Finisher,2914
fredrik,Karnström,fredrik Karnström,1588,M35-39,Male,Bullaren,Västra Götaland,Sweden,SE,1:24:19,6:33:17,5:25:08,0:06:47,0:05:24,13:34:54,5059,23597,19508,407,324,48894,1901,1574,174,1709,1407,154,1933,1610,173,1901,1574,174,Finisher,1438
Roger,Seeck,Roger Seeck,1191,M60-64,Male,Nienburg (Weser),DE-NI,Germany,DE,1:16:20,6:14:48,5:51:29,0:05:56,0:06:25,13:34:59,4580,22488,21089,356,385,48899,1902,1575,35,1122,955,17,1582,1355,31,1902,1575,35,Finisher,2335
Jacob,Larsen,Jacob Larsen,849,M18-24,Male,Aalborg,NORDJYLLAND,Denmark,DK,1:29:18,6:04:28,5:47:23,0:09:21,0:04:43,13:35:12,5358,21868,20843,561,283,48912,1903,1576,179,1951,1590,194,1673,1423,165,1903,1576,179,Finisher,1444
Thomas,Parklund,Thomas Parklund,1341,M55-59,Male,Skoghall,,Sweden,SE,1:23:17,6:05:01,5:50:46,0:08:44,0:07:29,13:35:18,4997,21901,21046,524,449,48918,1904,1577,99,1637,1353,90,1580,1353,90,1904,1577,99,Finisher,2223
Henrik,Moreau,Henrik Moreau,2158,M55-59,Male,Täby,SE-AB,Sweden,SE,1:30:08,6:10:50,5:41:52,0:05:53,0:07:00,13:35:43,5408,22250,20512,353,420,48943,1905,1578,100,1993,1623,118,1724,1465,103,1905,1578,100,Finisher,2218
Anton,Bender Skölfman,Anton Bender Skölfman,1873,M25-29,Male,Stockholm,Stockholm,Sweden,SE,1:24:03,6:42:39,5:04:02,0:09:05,0:16:08,13:35:56,5043,24159,18242,545,968,48956,1906,1579,279,1689,1394,240,2054,1705,283,1906,1579,279,Finisher,1314
Melvin,Folkesson,Melvin Folkesson,1118,M18-24,Male,Oskarshamn,Kalmar,Sweden,SE,1:42:24,6:07:55,5:25:16,0:09:56,0:10:45,13:36:16,6144,22075,19516,596,645,48976,1907,1580,180,2315,1862,214,1886,1575,184,1907,1580,180,Finisher,1431
Charlotte,Boye,Charlotte Boye,2274,F50-54,Female,SydjyllandFredericia,,Denmark,DK,1:14:08,6:02:05,6:11:09,0:05:24,0:03:36,13:36:23,4448,21725,22269,324,216,48983,1908,328,32,959,148,11,1351,172,15,1908,328,32,Finisher,2894
Jesper,Ylinen,Jesper Ylinen,389,M50-54,Male,Lund,Skåne,Sweden,SE,1:23:14,6:21:35,5:29:23,0:13:37,0:08:36,13:36:26,4994,22895,19763,817,516,48986,1909,1581,161,1633,1349,131,1859,1559,165,1909,1581,161,Finisher,1848
Christoffer,Ekström,Christoffer Ekström,575,M45-49,Male,Ekerö,Ekerö,Sweden,SE,1:30:45,6:41:50,5:02:02,0:10:44,0:11:04,13:36:26,5445,24110,18122,644,664,48986,1910,1582,164,2018,1644,168,2133,1759,185,1910,1582,164,Finisher,1660
Niklas,Sviden,Niklas Sviden,1174,M50-54,Male,Stockholm,SE-AB,Sweden,SE,1:29:46,6:33:53,5:19:35,0:06:52,0:06:29,13:36:36,5386,23633,19175,412,389,48996,1911,1583,162,1969,1604,160,2001,1662,180,1911,1583,162,Finisher,1846
Isabelle,Apetroaie,Isabelle Apetroaie,2225,F25-29,Female,London,England,United Kingdom,GB,1:26:52,6:49:37,5:02:25,0:08:22,0:09:30,13:36:46,5212,24577,18145,502,570,49006,1912,329,64,1831,338,62,2148,382,68,1912,329,64,Finisher,1834
Oscar ,Ljusell,Oscar Ljusell,728,M25-29,Male,Kalmar,Kalmar,Sweden,SE,1:23:11,6:08:57,5:48:26,0:07:57,0:08:22,13:36:53,4991,22137,20906,477,502,49013,1913,1584,280,1630,1346,234,1631,1391,235,1913,1584,280,Finisher,1303
Mathias,Holmertz,Mathias Holmertz,2622,M40-44,Male,Motala,OSTERGOTLANDS LAN [SE-05],Sweden,SE,1:22:07,6:39:05,5:16:55,0:09:05,0:09:47,13:36:59,4927,23945,19015,545,587,49019,1914,1585,166,1561,1291,129,1996,1658,171,1914,1585,166,Finisher,1529
Mikaela,Wickström,Mikaela Wickström,1928,F40-44,Female,Vårgårda,SE-O,Sweden,SE,1:36:25,6:17:25,5:23:19,0:08:26,0:11:25,13:37:00,5785,22645,19399,506,685,49020,1915,330,60,2207,427,60,1911,317,55,1915,330,60,Finisher,1716
Niklas,Hagberg,Niklas Hagberg,2314,M50-54,Male,Norrköping,,Sweden,SE,1:32:31,5:55:39,5:52:10,0:07:14,0:09:39,13:37:13,5551,21339,21130,434,579,49033,1916,1586,163,2092,1697,169,1556,1335,136,1916,1586,163,Finisher,1838
Ben,Atkins,Ben Atkins,2439,M18-24,Male,Farnham,England,United Kingdom,GB,1:16:05,6:53:05,5:13:28,0:07:29,0:07:20,13:37:28,4565,24785,18808,449,440,49048,1917,1587,181,1107,942,118,2061,1709,197,1917,1587,181,Finisher,1417
Mark,Maansson,Mark Maansson,2051,M35-39,Male,Fredericia,DK-83,Denmark,DK,1:20:00,5:32:10,6:28:22,0:08:15,0:08:54,13:37:41,4800,19930,23302,495,534,49061,1918,1588,175,1420,1188,125,1021,906,105,1918,1588,175,Finisher,1404
CRISTIAN TRAIAN,GUIA,CRISTIAN TRAIAN GUIA,2040,M50-54,Male,Bucharest,BUCURESTI,Romania,RO,1:28:45,6:41:58,5:08:55,0:11:40,0:06:25,13:37:43,5325,24118,18535,700,385,49063,1919,1589,164,1920,1565,155,2120,1750,186,1919,1589,164,Finisher,1832
Fredrik,Lundgren,Fredrik Lundgren,1772,M35-39,Male,Mjölby,OSTERGOTLANDS LAN [SE-05],Sweden,SE,1:29:07,6:25:30,5:27:47,0:09:18,0:06:22,13:38:03,5347,23130,19667,558,382,49083,1920,1590,176,1938,1578,174,1927,1604,172,1920,1590,176,Finisher,1400
Jan,Holecek,Jan Holecek,708,M50-54,Male,Bad Hönnigen,DE-RP,Germany,DE,1:15:45,6:10:12,6:00:43,0:06:09,0:05:22,13:38:11,4545,22212,21643,369,322,49091,1921,1591,165,1081,920,92,1512,1306,133,1921,1591,165,Finisher,1827
Yvonne,Holecek,Yvonne Holecek,167,F45-49,Female,Bad HönningenBad Hönningen,DE-RP,Germany,DE,1:22:05,6:08:23,5:57:14,0:05:28,0:05:02,13:38:12,4925,22103,21434,328,302,49092,1922,331,41,1559,270,30,1563,223,27,1922,331,41,Finisher,2176
Anton,Brask,Anton Brask,1475,M30-34,Male,Åmotfors,Värmland,Sweden,SE,1:47:13,6:44:44,4:47:43,0:08:16,0:10:25,13:38:21,6433,24284,17263,496,625,49101,1923,1592,267,2361,1897,309,2252,1836,298,1923,1592,267,Finisher,1244
Pierre Yves,Prima,Pierre Yves Prima,1358,M55-59,Male,Nantes,,France,FR,1:28:57,6:17:53,5:27:36,0:16:54,0:07:05,13:38:25,5337,22673,19656,1014,425,49105,1924,1593,101,1931,1574,111,1926,1603,116,1924,1593,101,Finisher,2186
Annukka,Kauppi,Annukka Kauppi,2079,F35-39,Female,Lahti,Päijät-Häme,Finland,FI,1:21:35,6:59:16,4:53:28,0:13:08,0:11:03,13:38:29,4895,25156,17608,788,663,49109,1925,332,35,1526,261,30,2213,402,47,1925,332,35,Finisher,2782
Edvin,Ahlgren,Edvin Ahlgren,925,M18-24,Male,BODEN,Norrbotten,Sweden,SE,1:21:00,7:51:08,4:19:00,0:04:39,0:02:47,13:38:34,4860,28268,15540,279,167,49114,1926,1594,182,1485,1236,150,2399,1933,220,1926,1594,182,Finisher,1403
Christian,Johansson,Christian Johansson,1604,M45-49,Male,Mölndal,Västra Götaland,Sweden,SE,1:41:46,6:34:12,5:03:48,0:12:07,0:07:04,13:38:56,6106,23652,18228,727,424,49136,1927,1595,165,2303,1852,188,2174,1784,187,1927,1595,165,Finisher,1630
Jimmie,Bengtsson,Jimmie Bengtsson,534,M40-44,Male,Gunnarn,SE-AC,Sweden,SE,1:30:49,5:51:01,6:04:11,0:06:13,0:06:49,13:39:03,5449,21061,21851,373,409,49143,1928,1596,167,2019,1645,166,1440,1254,137,1928,1596,167,Finisher,1505
Julia,Wendelius,Julia Wendelius,548,F25-29,Female,Jönköping,SE-F,Sweden,SE,1:17:32,6:44:39,5:22:46,0:06:43,0:07:25,13:39:06,4652,24279,19366,403,445,49146,1929,333,65,1229,192,33,1983,336,63,1929,333,65,Finisher,1806
Mikael,Thorildsson,Mikael Thorildsson,2069,M35-39,Male,Tågarp,SKANE LAN [SE-12],Sweden,SE,1:29:56,6:48:18,5:03:44,0:08:21,0:08:56,13:39:15,5396,24498,18224,501,536,49155,1930,1597,177,1980,1614,178,2163,1776,190,1930,1597,177,Finisher,1386
Wictor,Brage,Wictor Brage,2479,M35-39,Male,Lidingö,,Sweden,SE,1:31:37,6:46:47,4:56:01,0:16:29,0:08:23,13:39:18,5497,24407,17761,989,503,49158,1931,1598,178,2053,1671,184,2221,1815,194,1931,1598,178,Finisher,1385
David,Glombícek,David Glombícek,2189,M18-24,Male,Brno-Komín,South Moravian Region,Czech Republic,CZ,1:24:36,6:24:42,5:30:45,0:10:13,0:09:27,13:39:43,5076,23082,19845,613,567,49183,1932,1599,183,1723,1416,174,1877,1569,182,1932,1599,183,Finisher,1390
Joshua,Toms,Joshua Toms,1893,M30-34,Male,Witham,ESSEX,United Kingdom,GB,1:10:33,6:23:42,5:39:36,0:12:52,0:13:00,13:39:43,4233,23022,20376,772,780,49183,1933,1600,268,671,569,83,1729,1470,239,1933,1600,268,Finisher,1227
Astrid,Arstad,Astrid Arstad,2677,F45-49,Female,Lillehammer,,Norway,NO,1:24:12,6:30:50,5:24:48,0:10:28,0:09:34,13:39:53,5052,23450,19488,628,574,49193,1934,334,42,1701,301,39,1946,327,46,1934,334,42,Finisher,2156
Andrew,Larkin,Andrew Larkin,263,M40-44,Male,Medfield,MASSACHUSETTS,United States,US,1:35:21,6:19:05,5:32:20,0:07:00,0:06:31,13:40:16,5721,22745,19940,420,391,49216,1935,1601,168,2179,1760,185,1899,1585,159,1935,1601,168,Finisher,1490
Magnus,Toompuu,Magnus Toompuu,573,M45-49,Male,Bredared,,Sweden,SE,1:22:02,6:00:15,6:05:03,0:04:59,0:08:02,13:40:21,4922,21615,21903,299,482,49221,1936,1602,166,1554,1285,132,1424,1240,136,1936,1602,166,Finisher,1613
Johanna,Aronniemi,Johanna Aronniemi,592,F45-49,Female,Vantaa,,Finland,FI,1:23:19,5:59:26,6:05:33,0:07:49,0:04:42,13:40:49,4999,21566,21933,469,282,49249,1937,335,43,1639,285,32,1482,198,23,1937,335,43,Finisher,2145
Fabian,Stumpe,Fabian Stumpe,2134,M35-39,Male,Marburg,HE,Germany,DE,1:24:07,6:45:05,5:05:57,0:11:27,0:14:12,13:40:49,5047,24305,18357,687,852,49249,1938,1603,179,1695,1397,151,2098,1737,183,1938,1603,179,Finisher,1367
Gabriel,Andersson,Gabriel Andersson,2542,M30-34,,Mölndal ,Västra Götaland,Sweden,SE,1:19:17,6:20:50,5:44:19,0:07:15,0:09:19,13:40:59,4757,22850,20659,435,559,49259,1939,1604,269,1366,1144,184,1732,1473,241,1939,1604,269,Finisher,1212
Albin,Lind,Albin Lind,1406,M18-24,Male,Färjestaden,Kalmar,Sweden,SE,1:29:12,6:14:51,5:41:57,0:10:27,0:04:46,13:41:14,5352,22491,20517,627,286,49274,1940,1605,184,1946,1585,193,1811,1523,179,1940,1605,184,Finisher,1371
Henna-Riikka,Kivioja,Henna-Riikka Kivioja,1854,F35-39,Female,Jyväskylä,MELLERSTA FINLAND,Finland,FI,1:17:46,6:32:34,5:37:38,0:07:29,0:05:50,13:41:17,4666,23554,20258,449,350,49277,1941,336,36,1250,197,21,1847,298,35,1941,336,36,Finisher,2748
Daniel,Walldin,Daniel Walldin,567,M40-44,Male,Täby,SE-AB,Sweden,SE,1:42:00,6:47:54,4:48:19,0:11:41,0:11:32,13:41:26,6120,24474,17299,701,692,49286,1942,1606,169,2311,1858,194,2262,1845,195,1942,1606,169,Finisher,1476
Fredrik,Larsson,Fredrik Larsson,1728,M55-59,Male,Lerum,VASTRA GOTALANDS LAN [SE-14],Sweden,SE,1:27:30,6:32:57,5:18:39,0:12:33,0:10:00,13:41:39,5250,23577,19119,753,600,49299,1943,1607,102,1865,1519,103,2028,1683,127,1943,1607,102,Finisher,2147
Otto,Hauguth ,Otto Hauguth,1105,M18-24,,Färjestaden,Kalmar,Sweden,SE,1:21:24,6:26:56,5:40:10,0:08:27,0:04:57,13:41:54,4884,23216,20410,507,297,49314,1944,1608,185,1509,1254,152,1835,1541,180,1944,1608,185,Finisher,1363
Lawrence,Shum,Lawrence Shum,1183,M55-59,Male,NEW YORK,NY,United States,US,1:33:50,6:31:18,5:18:59,0:09:22,0:08:56,13:42:24,5630,23478,19139,562,536,49344,1945,1609,103,2137,1728,129,2039,1691,128,1945,1609,103,Finisher,2138
Martin,Amarelle,Martin Amarelle,1625,M50-54,Male,Lund,SKANE LAN [SE-12],Sweden,SE,1:26:23,5:46:01,6:10:56,0:06:42,0:12:29,13:42:31,5183,20761,22256,402,749,49351,1946,1610,166,1801,1471,147,1311,1142,115,1946,1610,166,Finisher,1775
Stijn,De Klerk,Stijn De Klerk,1146,M55-59,Male,Eindhoven,,Netherlands,NL,1:36:06,6:06:02,5:40:00,0:10:10,0:10:23,13:42:41,5766,21962,20400,610,623,49361,1947,1611,104,2197,1774,134,1780,1507,108,1947,1611,104,Finisher,2135
Lars,Wallerstedt,Lars Wallerstedt,2168,M60-64,Male,Vallda,,Sweden,SE,1:25:40,6:19:09,5:41:08,0:08:49,0:07:56,13:42:41,5140,22749,20468,529,476,49361,1948,1612,36,1767,1449,31,1795,1517,34,1948,1612,36,Finisher,2242
Erik,Florell,Erik Florell,373,M40-44,Male,Fjälkinge,SKANE LAN [SE-12],Sweden,SE,1:24:14,6:33:40,5:30:06,0:07:00,0:07:49,13:42:48,5054,23620,19806,420,469,49368,1949,1613,170,1704,1403,146,1941,1616,164,1949,1613,170,Finisher,1460
Lars,van Santen,Lars van Santen,941,M18-24,Male,Scharmer,Groningen,Netherlands,NL,1:23:08,6:06:28,5:52:39,0:09:11,0:11:31,13:42:57,4988,21988,21159,551,691,49377,1950,1614,186,1625,1341,162,1615,1377,155,1950,1614,186,Finisher,1351
Volker,Stadler,Volker Stadler,1716,M55-59,Male,Fulda,DE-HE,Germany,DE,1:19:00,5:26:04,6:38:49,0:11:39,0:07:35,13:43:07,4740,19564,23929,699,455,49387,1951,1615,105,1343,1125,71,960,853,54,1951,1615,105,Finisher,2129
Ove,Sunnervall,Ove Sunnervall,415,M55-59,Male,Säve,,Sweden,SE,1:21:47,5:42:22,6:23:02,0:07:26,0:08:42,13:43:21,4907,20542,22982,446,522,49401,1952,1616,106,1539,1274,84,1192,1046,69,1952,1616,106,Finisher,2127
Martin,Blivik,Martin Blivik,2748,M30-34,Male,Stockholm,SE-AB,Sweden,SE,0:51:49,6:31:58,6:02:37,0:09:12,0:07:48,13:43:24,3109,23518,21757,552,468,49404,1953,1617,270,42,41,1,1526,1315,219,1953,1617,270,Finisher,1183
Jens,Apelgren,Jens Apelgren,2310,M55-59,Male,Lidingö,,Sweden,SE,1:12:27,6:05:09,5:56:23,0:14:04,0:15:36,13:43:39,4347,21909,21383,844,936,49419,1954,1618,107,807,684,40,1503,1300,83,1954,1618,107,Finisher,2123
Stefanie,Vanlook,Stefanie Vanlook,1378,F35-39,Female,Peer,Limburg,Belgium,BE,1:29:05,6:45:57,5:02:11,0:12:45,0:13:54,13:43:51,5345,24357,18131,765,834,49431,1955,337,37,1937,360,41,2170,390,44,1955,337,37,Finisher,2717
claudio,cruz,claudio cruz,2678,M35-39,Male,stockholm,Stockholm,Portugal,PT,1:44:14,6:47:00,4:56:21,0:08:46,0:07:42,13:44:03,6254,24420,17781,526,462,49443,1956,1619,180,2343,1885,201,2249,1833,196,1956,1619,180,Finisher,1328
Aaron,Wood,Aaron Wood,2309,M45-49,Male,Redditch,WOR,United Kingdom,GB,1:34:33,6:52:49,5:01:54,0:07:41,0:07:25,13:44:22,5673,24769,18114,461,445,49462,1957,1620,167,2152,1740,178,2223,1817,191,1957,1620,167,Finisher,1565
Nikolai,Kähkönen,Nikolai Kähkönen,1541,M50-54,Male,Kauniainen,,Finland,FI,1:15:09,5:59:34,6:12:29,0:08:20,0:09:05,13:44:37,4509,21574,22349,500,545,49477,1958,1621,167,1032,879,88,1369,1193,121,1958,1621,167,Finisher,1750
Henrik,Ahlqvist,Henrik Ahlqvist,471,M50-54,Male,Kalmar,,Sweden,SE,1:20:07,5:47:04,6:23:51,0:05:28,0:08:17,13:44:47,4807,20824,23031,328,497,49487,1959,1622,168,1430,1197,120,1206,1056,103,1959,1622,168,Finisher,1748
Blair,Cooper,Blair Cooper,1111,M45-49,Male,Delta,BC,Canada,CA,1:14:19,6:21:26,5:54:05,0:10:21,0:04:39,13:44:51,4459,22886,21245,621,279,49491,1960,1623,168,974,826,92,1713,1456,156,1960,1623,168,Finisher,1559
Matthew,Jackson,Matthew Jackson,2532,M30-34,Male,Missoula,MT,United States,US,1:17:01,6:12:05,5:53:50,0:12:39,0:09:37,13:45:13,4621,22325,21230,759,577,49513,1961,1624,271,1187,1003,161,1656,1410,231,1961,1624,271,Finisher,1161
Emil,Andersson,Emil Andersson,1169,M45-49,Male,Ockelbo,SE-X,Sweden,SE,1:19:45,6:39:48,5:33:18,0:05:29,0:07:04,13:45:24,4785,23988,19998,329,424,49524,1962,1625,169,1404,1178,123,1943,1617,173,1962,1625,169,Finisher,1553
Mindra,Lindblom,Mindra Lindblom,1167,F18-24,Female,Ockelbo,SE-X,Sweden,SE,1:19:44,6:39:49,5:33:18,0:05:29,0:07:04,13:45:24,4784,23989,19998,329,424,49524,1963,338,21,1400,225,17,1942,326,19,1963,338,21,Finisher,1914
Emil,Semrén,Emil Semrén,1822,M18-24,Male,Norrköping,Östergötland,Sweden,SE,1:13:28,6:22:22,5:52:47,0:09:13,0:07:43,13:45:34,4408,22942,21167,553,463,49534,1964,1626,187,896,761,92,1704,1449,171,1964,1626,187,Finisher,1319
Lisa,Nilsson,Lisa Nilsson,1851,F50-54,Female,Ransta,,Sweden,SE,1:28:54,6:19:45,5:40:49,0:08:16,0:07:54,13:45:39,5334,22785,20449,496,474,49539,1965,339,33,1929,357,35,1838,295,31,1965,339,33,Finisher,2783
Francesca,Venner,Francesca Venner,1095,F30-34,Female,Chippenham,GB-WIL,United Kingdom,GB,1:27:07,6:40:15,5:20:55,0:09:12,0:08:16,13:45:45,5227,24015,19255,552,496,49545,1966,340,39,1845,344,45,2060,352,41,1966,340,39,Finisher,2002
Jessica,Jansson,Jessica Jansson,1088,F45-49,Female,Storvreta,,Sweden,SE,1:36:56,6:37:55,5:12:04,0:08:18,0:10:51,13:46:03,5816,23875,18724,498,651,49563,1967,341,44,2217,430,60,2131,374,55,1967,341,44,Finisher,2082
Gemma,Standen,Gemma Standen,1298,F45-49,Female,Fareham,ENG,United Kingdom,GB,1:30:45,6:23:18,5:36:24,0:09:23,0:06:15,13:46:05,5445,22998,20184,563,375,49565,1968,342,45,2017,374,52,1922,323,45,1968,342,45,Finisher,2082
Oskar,Paulin,Oskar Paulin,364,M35-39,Male,Kalmar,,Sweden,SE,1:14:50,6:33:43,5:38:52,0:07:34,0:11:23,13:46:23,4490,23623,20332,454,683,49583,1969,1627,181,1012,860,95,1826,1534,167,1969,1627,181,Finisher,1300
Hanna,Latanik,Hanna Latanik,867,F25-29,Female,Aleksandria Druga,śląskie,Poland,PL,1:30:53,6:22:05,5:33:49,0:10:04,0:09:33,13:46:23,5453,22925,20029,604,573,49583,1970,343,66,2023,375,66,1915,320,57,1970,343,66,Finisher,1718
Nina,Myhre,Nina Myhre,551,F60-64,Female,Göteborg,,Sweden,SE,1:36:05,6:36:14,5:14:51,0:10:21,0:08:57,13:46:27,5765,23774,18891,621,537,49587,1971,344,4,2195,423,6,2126,372,5,1971,344,4,Finisher,4015
Ronald,Van Santen,Ronald Van Santen,942,M55-59,Male,Scharmer,Groningen,Netherlands,NL,1:06:41,6:24:14,6:07:46,0:04:00,0:04:00,13:46:40,4001,23054,22066,240,240,49600,1972,1628,108,434,362,17,1549,1330,86,1972,1628,108,Finisher,2087
Jesper,Popiel,Jesper Popiel,2190,M18-24,Male,Gothenburg,SE-O,Sweden,SE,1:43:59,6:04:32,5:29:02,0:13:09,0:16:01,13:46:43,6239,21872,19742,789,961,49603,1973,1629,188,2341,1883,217,1902,1588,185,1973,1629,188,Finisher,1306
Fabian,Pettersson,Fabian Pettersson,2449,M30-34,Male,Stockholm,STOCKHOLMS LAN [SE-01],Sweden,SE,1:27:36,6:31:13,5:23:46,0:14:15,0:09:57,13:46:47,5256,23473,19426,855,597,49607,1974,1630,272,1866,1520,255,2029,1684,275,1974,1630,272,Finisher,1143
Fräs Saga,Jonsson,Fräs Saga Jonsson,1831,F18-24,Female,Knivsta,Uppsala Län,Sweden,SE,1:26:37,6:43:51,5:25:41,0:05:35,0:05:16,13:47:00,5197,24231,19541,335,316,49620,1975,345,22,1817,335,24,2057,350,20,1975,345,22,Finisher,1895
Fanny,Franzén,Fanny Franzén,1255,F30-34,Female,Kävlinge,SE-M,Sweden,SE,1:31:39,6:44:43,5:13:52,0:08:03,0:09:04,13:47:21,5499,24283,18832,483,544,49641,1976,346,40,2054,383,51,2144,379,47,1976,346,40,Finisher,1983
Adam,Martinsson,Adam Martinsson,851,M30-34,Male,Oskarshamn,KALMAR LAN [SE-08],Sweden,SE,1:35:39,6:31:38,5:25:03,0:07:39,0:07:24,13:47:22,5739,23498,19503,459,444,49642,1977,1631,273,2185,1765,281,2043,1695,277,1977,1631,273,Finisher,1136
Konny,Frölander,Konny Frölander,462,M40-44,Male,Ljungbyholm,SE-H,Sweden,SE,1:28:23,6:27:02,5:39:28,0:07:52,0:05:02,13:47:48,5303,23222,20368,472,302,49668,1978,1632,171,1909,1554,155,1920,1599,160,1978,1632,171,Finisher,1400
Simon,Löfgren,Simon Löfgren,464,M40-44,Male,Kalmar,SE-H,Sweden,SE,1:22:46,6:25:43,5:47:29,0:06:21,0:05:29,13:47:48,4966,23143,20849,381,329,49668,1979,1633,172,1605,1323,134,1815,1526,156,1979,1633,172,Finisher,1400
Pär,Samuelsson,Pär Samuelsson,2253,M45-49,Male,Stockholm,,Sweden,SE,1:57:19,6:36:10,4:55:35,0:09:31,0:09:22,13:47:58,7039,23770,17735,571,562,49678,1980,1634,170,2428,1951,198,2269,1849,192,1980,1634,170,Finisher,1522
Jenny,Elliott York,Jenny Elliott York,2362,F50-54,Female,ENNISKILLEN,GB-NIR,United Kingdom,GB,1:39:31,6:45:12,4:50:55,0:18:10,0:14:19,13:48:08,5971,24312,17455,1090,859,49688,1981,347,34,2275,447,48,2267,420,40,1981,347,34,Finisher,2753
Simon,Wetterstrand,Simon Wetterstrand,2041,M25-29,Male,Karlstad,VARMLANDS LAN [SE-17],Sweden,SE,1:31:08,6:16:19,5:41:34,0:10:01,0:09:36,13:48:38,5468,22579,20494,601,576,49718,1982,1635,281,2034,1658,283,1844,1548,260,1982,1635,281,Finisher,1162
Christian,Allmin,Christian Allmin,2556,M18-24,Male,Väddö ,,Sweden,SE,1:53:04,6:57:35,4:44:39,0:06:02,0:07:30,13:48:50,6784,25055,17079,362,450,49730,1983,1636,189,2411,1937,225,2340,1895,215,1983,1636,189,Finisher,1280
Michael,Jaeger,Michael Jaeger,329,M30-34,Male,Großbeeren,Brandenburg,Germany,DE,1:33:14,6:30:34,5:25:49,0:11:21,0:08:06,13:49:04,5594,23434,19549,681,486,49744,1984,1637,274,2123,1719,278,2046,1698,279,1984,1637,274,Finisher,1115
Sara,Kiessling,Sara Kiessling,469,F35-39,Female,Kalmar,KALMAR LAN [SE-08],Sweden,SE,1:24:23,6:04:57,6:00:56,0:09:54,0:08:58,13:49:07,5063,21897,21656,594,538,49747,1985,348,38,1713,305,36,1623,239,22,1985,348,38,Finisher,2654
Marcin ,Sipurzyński,Marcin Sipurzyński,2722,M45-49,Male,Wroclaw,AB,Poland,PL,1:37:19,6:40:47,5:13:39,0:08:58,0:08:33,13:49:16,5839,24047,18819,538,513,49756,1986,1638,171,2223,1791,183,2166,1778,186,1986,1638,171,Finisher,1506
Karl,Owen,Karl Owen,2101,M45-49,Male,Peterborough ,England,United Kingdom,GB,1:10:58,6:27:08,5:58:45,0:06:18,0:06:12,13:49:22,4258,23228,21525,378,372,49762,1987,1639,172,703,598,71,1695,1443,155,1987,1639,172,Finisher,1505
Bernhard,Hirschauer,Bernhard Hirschauer,610,M60-64,Male,Sollentuna,SE-AB,Sweden,SE,1:26:18,6:24:34,5:45:49,0:06:20,0:06:23,13:49:25,5178,23074,20749,380,383,49765,1988,1640,37,1796,1468,33,1840,1545,36,1988,1640,37,Finisher,2161
Julius,WIkllund,Julius WIkllund,1261,M25-29,Male,Linköping,Östergötland,Sweden,SE,1:26:30,6:47:29,5:15:54,0:10:57,0:08:45,13:49:34,5190,24449,18954,657,525,49774,1989,1641,282,1811,1477,249,2150,1768,292,1989,1641,282,Finisher,1151
Andre Vinje,Mek,Andre Vinje Mek,2287,M25-29,Male,Trondheim,SØR-TRØNDELAG,Norway,NO,1:17:57,7:14:44,4:58:45,0:09:33,0:08:47,13:49:46,4677,26084,17925,573,527,49786,1990,1642,283,1269,1067,187,2265,1846,308,1990,1642,283,Finisher,1148
Henrik,Karlsson,Henrik Karlsson,2706,M40-44,Male,Furulund,,Sweden,SE,1:18:10,6:38:41,5:36:03,0:07:57,0:09:00,13:49:51,4690,23921,20163,477,540,49791,1991,1643,173,1287,1081,101,1939,1614,163,1991,1643,173,Finisher,1375
Ilkka,Jyrkinen,Ilkka Jyrkinen,1673,M35-39,Male,Helsinki,NYLAND,Finland,FI,1:10:34,6:08:28,6:15:38,0:06:39,0:08:36,13:49:55,4234,22108,22538,399,516,49795,1992,1644,182,675,573,68,1406,1224,138,1992,1644,182,Finisher,1258
Saria,Eriksson,Saria Eriksson,2451,F30-34,Female,Charlottenberg,SE-S,Sweden,SE,1:49:35,6:29:26,5:11:44,0:09:38,0:09:52,13:50:15,6575,23366,18704,578,592,49815,1993,349,41,2385,472,62,2177,392,50,1993,349,41,Finisher,1948
Tobias,Hultman,Tobias Hultman,1695,M55-59,Male,Gustavsberg,,Sweden,SE,1:16:29,6:19:49,5:56:54,0:09:21,0:08:00,13:50:32,4589,22789,21414,561,480,49832,1994,1645,109,1135,965,62,1709,1453,102,1994,1645,109,Finisher,2040
Daniel,Williams,Daniel Williams,1975,M30-34,Male,THAME,GB-OXF,United Kingdom,GB,1:53:17,6:02:01,5:45:07,0:04:37,0:05:50,13:50:52,6797,21721,20707,277,350,49852,1995,1646,275,2413,1939,318,1882,1573,256,1995,1646,275,Finisher,1094
Petra,Baastad,Petra Baastad,2570,F25-29,Female,Örebro,SE-T,Sweden,SE,1:24:07,6:19:26,5:48:02,0:08:38,0:11:02,13:51:15,5047,22766,20882,518,662,49875,1996,350,67,1693,298,55,1778,273,46,1996,350,67,Finisher,1660
Karsten,Pinno,Karsten Pinno,1449,M40-44,Male,Schermen,ST,Germany,DE,1:50:41,6:16:06,5:26:53,0:10:23,0:07:19,13:51:22,6641,22566,19613,623,439,49882,1997,1647,174,2393,1921,203,2067,1712,175,1997,1647,174,Finisher,1357
Simon,Wallman,Simon Wallman,1783,M30-34,Male,Vårgårda,VASTRA GOTALANDS LAN [SE-14],Sweden,SE,1:25:39,5:51:31,6:18:56,0:07:27,0:07:51,13:51:24,5139,21091,22736,447,471,49884,1998,1648,276,1766,1448,242,1393,1215,203,1998,1648,276,Finisher,1087
Austin,Walters,Austin Walters,2133,M40-44,Male,Buffalo,WY,United States,US,1:25:31,6:42:39,5:20:31,0:10:00,0:12:58,13:51:39,5131,24159,19231,600,778,49899,1999,1649,175,1756,1440,150,2074,1718,178,1999,1649,175,Finisher,1353
Anne,Grosse,Anne Grosse,1323,F50-54,Female,BERTHELMING,,France,FR,1:21:13,7:12:01,5:06:28,0:07:22,0:04:42,13:51:46,4873,25921,18388,442,282,49906,2000,351,35,1498,253,24,2254,417,39,2000,351,35,Finisher,2709
Peter,CARREFORS,Peter CARREFORS,577,M50-54,Male,Falkenberg,SE-N,Sweden,SE,1:29:12,6:33:08,5:26:55,0:12:00,0:10:41,13:51:55,5352,23588,19615,720,641,49915,2001,1650,169,1945,1584,158,2038,1690,183,2001,1650,169,Finisher,1662
Natascha,Trost,Natascha Trost,1471,F45-49,Female,Fehmarn,SCHLESWIG-HOLSTEIN,Germany,DE,1:27:58,6:24:35,5:40:32,0:10:03,0:08:49,13:51:57,5278,23075,20432,603,529,49917,2002,352,46,1889,351,47,1912,318,44,2002,352,46,Finisher,2011
Wilhelm ,Forsman ,Wilhelm Forsman,1536,M18-24,Male,Visby,Gotland,Sweden,SE,1:30:01,6:52:22,5:15:28,0:08:10,0:06:19,13:52:20,5401,24742,18928,490,379,49940,2003,1651,190,1984,1618,199,2194,1797,207,2003,1651,190,Finisher,1238
Ulf,Rickardsson,Ulf Rickardsson,675,M50-54,Male,Vassmolösa,SE-H,Sweden,SE,1:36:01,6:19:07,5:40:56,0:07:36,0:08:47,13:52:27,5761,22747,20456,456,527,49947,2004,1652,170,2193,1771,181,1913,1595,169,2004,1652,170,Finisher,1656
Stefan,Andersson,Stefan Andersson,953,M35-39,Male,Uppsala,SE-C,Sweden,SE,1:56:37,6:14:58,5:25:11,0:07:03,0:09:07,13:52:57,6997,22498,19511,423,547,49977,2005,1653,183,2425,1948,207,2078,1722,181,2005,1653,183,Finisher,1221
Lauri,Salonen,Lauri Salonen,2363,M25-29,Male,Orivesi,Pirkanmaa,Finland,FI,1:25:37,6:42:14,5:25:27,0:12:29,0:07:34,13:53:21,5137,24134,19527,749,454,50001,2006,1654,284,1764,1447,245,2093,1735,287,2006,1654,284,Finisher,1105
Dawid,Stanek ,Dawid Stanek,1413,M40-44,Male,Kąty Wrocławskie,,Poland,PL,1:27:53,6:30:09,5:39:54,0:07:54,0:07:39,13:53:29,5273,23409,20394,474,459,50009,2007,1655,176,1885,1536,154,1952,1625,166,2007,1655,176,Finisher,1331
Christoffer,Vasveen,Christoffer Vasveen,2163,M18-24,Male,Sandvika,AKERSHUS,Norway,NO,1:42:39,6:31:34,5:14:08,0:13:48,0:11:41,13:53:50,6159,23494,18848,828,701,50030,2008,1656,191,2320,1867,215,2173,1783,206,2008,1656,191,Finisher,1220
Albrecht,Degering,Albrecht Degering,2413,M40-44,Male,Heidelberg,Baden-Württemberg,Germany,DE,1:29:07,6:38:19,5:30:48,0:08:09,0:07:32,13:53:54,5347,23899,19848,489,452,50034,2009,1657,177,1939,1579,158,2050,1702,174,2009,1657,177,Finisher,1326
Anton,Jakupi,Anton Jakupi,1952,M55-59,Male,karlskrona,,Albania,AL,1:18:59,6:15:04,6:03:05,0:07:07,0:09:57,13:54:12,4739,22504,21785,427,597,50052,2010,1658,110,1341,1123,70,1645,1401,96,2010,1658,110,Finisher,1996
Mikael,Petersson,Mikael Petersson,1720,M45-49,Male,MYRESJÖ,,Sweden,SE,1:22:58,6:15:54,5:59:01,0:09:03,0:07:26,13:54:23,4978,22554,21541,543,446,50063,2011,1659,173,1614,1332,137,1737,1478,160,2011,1659,173,Finisher,1445
Jens Henrik,Ringsbo,Jens Henrik Ringsbo,2482,M45-49,Male,Ljungbyhed,Skåne,Sweden,SE,1:13:53,6:49:32,5:31:44,0:09:05,0:10:15,13:54:28,4433,24572,19904,545,615,50068,2012,1660,174,934,792,89,2022,1678,176,2012,1660,174,Finisher,1444
Kylian,Jung,Kylian Jung,1419,M30-34,Male,Drachten,,Netherlands,NL,1:20:37,6:45:23,5:34:35,0:05:54,0:08:20,13:54:47,4837,24323,20075,354,500,50087,2013,1661,277,1457,1215,203,2015,1672,272,2013,1661,277,Finisher,1047
Svante,Janefrid,Svante Janefrid,838,M18-24,Male,KALMAR,Kalmar,Sweden,SE,1:16:29,6:46:13,5:16:30,0:17:08,0:18:33,13:54:53,4589,24373,18990,1028,1113,50093,2014,1662,192,1136,966,119,2088,1731,200,2014,1662,192,Finisher,1208
Rory,Brennan,Rory Brennan,1199,M55-59,Male,Galway,Galway,Ireland,IE,1:08:03,6:27:49,5:58:25,0:07:31,0:13:05,13:54:54,4083,23269,21505,451,785,50094,2015,1663,111,511,430,23,1678,1428,99,2015,1663,111,Finisher,1988
Martin,Nåhls,Martin Nåhls,832,M18-24,Male,Göteborg,Göteborg,Sweden,SE,1:30:18,6:41:44,5:23:51,0:09:49,0:09:15,13:54:57,5418,24104,19431,589,555,50097,2016,1664,193,2001,1630,200,2113,1744,203,2016,1664,193,Finisher,1207
Jessica,Bronge,Jessica Bronge,876,F30-34,Female,Kalmar,KALMAR LAN [SE-08],Sweden,SE,1:41:22,6:42:48,5:11:55,0:10:07,0:08:57,13:55:10,6082,24168,18715,607,537,50110,2017,353,42,2296,450,58,2217,404,53,2017,353,42,Finisher,1889
David,Landén,David Landén,294,M45-49,Male,Skövde,,Sweden,SE,1:40:32,6:00:25,5:51:59,0:13:42,0:08:31,13:55:10,6032,21625,21119,822,511,50110,2018,1665,175,2288,1840,187,1813,1524,165,2018,1665,175,Finisher,1436
Charlotte,Olsson,Charlotte Olsson,1221,F50-54,Female,Åhus,SE-M,Sweden,SE,1:32:15,6:17:57,5:51:46,0:07:10,0:06:10,13:55:18,5535,22677,21106,430,370,50118,2019,354,36,2082,392,37,1841,296,32,2019,354,36,Finisher,2667
Joakim,Rosdahl,Joakim Rosdahl,1537,M35-39,Male,Arboga,Västmanland,Sweden,SE,1:28:24,6:39:11,5:28:42,0:10:24,0:08:39,13:55:20,5304,23951,19722,624,519,50120,2020,1666,184,1910,1555,169,2073,1717,180,2020,1666,184,Finisher,1193
Henrik,Svensson,Henrik Svensson,446,M45-49,Male,Kalmar,Kalmar län,Sweden,SE,1:26:27,6:10:26,5:58:34,0:07:29,0:12:30,13:55:26,5187,22226,21514,449,750,50126,2021,1667,176,1809,1476,156,1694,1442,154,2021,1667,176,Finisher,1432
Aarne,Ollila,Aarne Ollila,2074,M18-24,Male,Turku,Varsinais-Suomi,Finland,FI,1:23:47,6:35:07,5:31:26,0:07:57,0:17:10,13:55:27,5027,23707,19886,477,1030,50127,2022,1668,194,1671,1381,165,1966,1634,191,2022,1668,194,Finisher,1201
Johan,Tullare,Johan Tullare,726,M55-59,Male,Märsta,SE-AB,Sweden,SE,1:26:58,6:31:53,5:42:19,0:06:47,0:07:39,13:55:36,5218,23513,20539,407,459,50136,2023,1669,112,1835,1495,100,1948,1621,120,2023,1669,112,Finisher,1980
Tony,Dyrsmeds,Tony Dyrsmeds,1232,M40-44,Male,Djurmo,Dalarna,Sweden,SE,1:31:42,5:50:26,6:19:36,0:06:27,0:07:31,13:55:42,5502,21026,22776,387,451,50142,2024,1670,178,2056,1673,172,1446,1258,138,2024,1670,178,Finisher,1305
Katariina,Koskinen,Katariina Koskinen,324,F35-39,Female,SALO,,Finland,FI,1:23:53,6:19:23,5:51:49,0:10:53,0:09:56,13:55:54,5033,22763,21109,653,596,50154,2025,355,39,1677,293,33,1803,284,33,2025,355,39,Finisher,2573
Jakub,Wójcik,Jakub Wójcik,1403,M40-44,Male,Gliwice,śląskie,Poland,PL,1:22:19,6:51:49,5:21:46,0:10:22,0:09:41,13:55:57,4939,24709,19306,622,581,50157,2026,1671,179,1576,1303,131,2146,1766,189,2026,1671,179,Finisher,1302
Lykke Louise,Berg,Lykke Louise Berg,2474,F25-29,Female,Oslo,,Norway,NO,1:18:30,7:01:53,5:21:31,0:05:41,0:08:21,13:55:57,4710,25313,19291,341,501,50157,2027,356,68,1308,211,37,2157,384,69,2027,356,68,Finisher,1603
Matthew,Smith,Matthew Smith,2246,M30-34,Male,London,foreigner,United Kingdom,GB,1:48:36,6:35:42,5:13:45,0:09:27,0:08:30,13:56:01,6516,23742,18825,567,510,50161,2028,1672,278,2379,1910,311,2209,1809,290,2028,1672,278,Finisher,1032
Jonathan,Söderquist,Jonathan Söderquist,1179,M18-24,Male,Karlskrona,SE-K,Sweden,SE,1:29:58,6:30:00,5:43:44,0:06:19,0:06:01,13:56:03,5398,23400,20624,379,361,50163,2029,1673,195,1981,1615,198,1959,1631,190,2029,1673,195,Finisher,1194
Oskari,Harjuoja,Oskari Harjuoja,2735,M25-29,Male,Jyväskylä,Central Finland,Finland,FI,1:33:20,6:20:34,5:51:03,0:05:31,0:05:39,13:56:07,5600,22834,21063,331,339,50167,2030,1674,285,2125,1721,291,1875,1568,264,2030,1674,285,Finisher,1072
Magdalena,Sjödin Larsson,Magdalena Sjödin Larsson,540,F45-49,Female,Nacka,,Sweden,SE,1:23:33,6:37:38,5:35:04,0:09:51,0:10:03,13:56:09,5013,23858,20104,591,603,50169,2031,357,47,1655,289,35,2007,342,48,2031,357,47,Finisher,1961
Lotta,Weberg,Lotta Weberg,2144,F45-49,Female,Söderköping,,Sweden,SE,1:25:43,6:25:52,5:53:05,0:05:58,0:05:44,13:56:22,5143,23152,21185,358,344,50182,2032,358,48,1771,320,41,1845,297,41,2032,358,48,Finisher,1958
Elias,Stenbäck,Elias Stenbäck,1808,M18-24,Male,Söderköping,,Sweden,SE,1:18:34,7:00:32,5:24:37,0:05:46,0:07:09,13:56:38,4714,25232,19477,346,429,50198,2033,1675,196,1313,1101,137,2149,1767,205,2033,1675,196,Finisher,1187
Sarah,Bredby,Sarah Bredby,1368,F30-34,Female,Årsta,Stockholm,Sweden,SE,1:31:16,6:46:09,5:25:04,0:08:47,0:05:30,13:56:45,5476,24369,19504,527,330,50205,2034,359,43,2042,378,49,2160,387,48,2034,359,43,Finisher,1870
Jacob,Ryttare,Jacob Ryttare,1379,M25-29,Male,Borlänge,DALARNAS LAN [SE-20],Sweden,SE,1:15:00,6:29:55,6:01:06,0:06:17,0:04:29,13:56:47,4500,23395,21666,377,269,50207,2035,1676,286,1023,870,141,1769,1501,252,2035,1676,286,Finisher,1064
Matilda,Ådenvik,Matilda Ådenvik,621,F35-39,Female,Kalmar,Kalmar,Sweden,SE,1:48:01,6:53:59,4:57:57,0:07:20,0:09:34,13:56:51,6481,24839,17877,440,574,50211,2036,360,40,2370,466,53,2300,430,51,2036,360,40,Finisher,2561
Stefanie ,Koch,Stefanie Koch,875,F40-44,Female,Endorf,Saxony-Anhalt,Germany,DE,1:25:08,6:38:29,5:34:49,0:09:41,0:08:47,13:56:54,5108,23909,20089,581,527,50214,2037,361,61,1742,313,44,2032,346,61,2037,361,61,Finisher,1477
Elin,Dahl,Elin Dahl,2716,F35-39,Female,Visby,Gotland,Sweden,SE,1:10:22,6:33:45,6:01:13,0:06:14,0:05:28,13:57:03,4222,23625,21673,374,328,50223,2038,362,41,659,97,5,1759,265,28,2038,362,41,Finisher,2559
Adam,Bardh,Adam Bardh,441,M25-29,Male,Ljungby,SE-G,Sweden,SE,2:00:36,6:19:09,5:19:39,0:08:58,0:09:04,13:57:27,7236,22749,19179,538,544,50247,2039,1677,287,2436,1957,317,2178,1786,296,2039,1677,287,Finisher,1056
Håkan,Andersson,Håkan Andersson,2176,M60-64,Male,Nättraby,SE-K,Sweden,SE,1:22:18,6:01:36,6:17:11,0:08:28,0:07:57,13:57:30,4938,21696,22631,508,477,50250,2040,1678,38,1574,1301,29,1517,1309,28,2040,1678,38,Finisher,2064
Chiel,Zoer,Chiel Zoer,1525,M18-24,Male,Dedemsvaart,,Netherlands,NL,1:05:23,6:07:39,6:23:15,0:07:09,0:14:05,13:57:31,3923,22059,22995,429,845,50251,2041,1679,197,357,290,31,1334,1164,119,2041,1679,197,Finisher,1176
Carl-Adam,Torbjörnsson,Carl-Adam Torbjörnsson,529,M50-54,Male,Linköping,SE-E,Sweden,SE,1:51:43,5:24:47,6:27:48,0:06:07,0:07:08,13:57:34,6703,19487,23268,367,428,50254,2042,1680,171,2404,1930,204,1361,1186,120,2042,1680,171,Finisher,1594
Arturo,Vega,Arturo Vega,2767,M30-34,Male,Rotterdam,Zuid-Holland,Mexico,MX,1:33:08,6:38:00,5:30:59,0:08:06,0:08:05,13:58:18,5588,23880,19859,486,485,50298,2043,1681,279,2115,1714,277,2083,1727,285,2043,1681,279,Finisher,1004
Lars-Göran,Håkansson,Lars-Göran Håkansson,1962,M60-64,Male,torsås,SE-H,Sweden,SE,1:42:05,6:16:28,5:44:22,0:06:48,0:08:43,13:58:28,6125,22588,20662,408,523,50308,2044,1682,39,2313,1860,54,1945,1619,40,2044,1682,39,Finisher,2053
Fredrik,Vilhelmsson,Fredrik Vilhelmsson,2733,M40-44,Male,KNISLINGE,Sverige,Sweden,SE,1:43:27,6:12:16,5:30:50,0:09:49,0:22:16,13:58:37,6207,22336,19850,589,1336,50317,2045,1683,180,2330,1875,197,1947,1620,165,2045,1683,180,Finisher,1270
Roger,Culmsee,Roger Culmsee,1914,M55-59,Male,Katrineholm,SE-D,Sweden,SE,1:23:03,6:34:01,5:50:04,0:06:52,0:04:48,13:58:48,4983,23641,21004,412,288,50328,2046,1684,113,1619,1336,89,1928,1605,117,2046,1684,113,Finisher,1941
Albin,Hägglund Björklund,Albin Hägglund Björklund,2564,M18-24,Male,Hörnefors,Västerbotten,Sweden,SE,1:26:25,6:44:21,5:28:02,0:08:05,0:11:59,13:58:52,5185,24261,19682,485,719,50332,2047,1685,198,1804,1474,178,2082,1726,199,2047,1685,198,Finisher,1160
Tom,Marcusson,Tom Marcusson,1815,M18-24,Male,Älvsjö,Stockholm,Sweden,SE,1:39:49,6:55:22,5:01:15,0:10:32,0:12:01,13:58:58,5989,24922,18075,632,721,50338,2048,1686,199,2282,1834,213,2282,1859,211,2048,1686,199,Finisher,1159
Finlay,Mathias,Finlay Mathias,275,M25-29,Male,Pasadena,CA,United Kingdom,GB,1:14:55,6:43:17,5:46:56,0:08:06,0:05:46,13:59:01,4495,24197,20816,486,346,50341,2049,1687,288,1016,863,139,1960,1632,271,2049,1687,288,Finisher,1037
Ned,Blackman,Ned Blackman,1438,M18-24,Male,Kingsdown,WILTSHIRE,United Kingdom,GB,1:29:47,7:29:06,4:44:30,0:09:11,0:06:28,13:59:03,5387,26946,17070,551,388,50343,2050,1688,200,1971,1606,197,2376,1916,217,2050,1688,200,Finisher,1158
Esko,Parikka,Esko Parikka,1314,M65-69,Male,Rovaniemi,Lapland,Finland,FI,1:34:12,6:44:27,5:20:27,0:09:09,0:11:03,13:59:19,5652,24267,19227,549,663,50359,2051,1689,3,2143,1732,7,2171,1781,5,2051,1689,3,Finisher,3141
Jan,Nilsson,Jan Nilsson,2370,M65-69,Male,Johanneshov,Stockholm,Sweden,SE,1:28:10,6:36:03,5:38:14,0:07:34,0:09:22,13:59:23,5290,23763,20294,454,562,50363,2052,1690,4,1898,1543,3,2012,1670,3,2052,1690,4,Finisher,3140
Oliver,Ryösä,Oliver Ryösä,2543,M18-24,Male,21380,Southwest Finland,Finland,FI,1:35:14,6:30:16,5:37:55,0:08:08,0:07:54,13:59:26,5714,23416,20275,488,474,50366,2053,1691,201,2171,1755,208,2035,1688,194,2053,1691,201,Finisher,1153
Nick,Gohblit,Nick Gohblit,2591,M35-39,Male,Lindome,Västra Götaland,Sweden,SE,1:33:57,6:38:04,5:20:33,0:10:33,0:16:18,13:59:26,5637,23884,19233,633,978,50366,2054,1692,185,2140,1730,188,2123,1753,185,2054,1692,185,Finisher,1143
Oskari,Wärri,Oskari Wärri,2539,M25-29,Male,Turku,VARSINAIS-SUOMI,Finland,FI,2:01:07,6:25:40,5:17:32,0:08:40,0:06:28,13:59:28,7267,23140,19052,520,388,50368,2055,1693,289,2438,1958,318,2226,1820,303,2055,1693,289,Finisher,1032
Kathleen,Mccormack,Kathleen Mccormack,740,F55-59,Female,NEW YORK,NY,United States,US,1:26:09,6:56:46,5:13:14,0:09:26,0:13:57,13:59:32,5169,25006,18794,566,837,50372,2056,363,14,1791,327,17,2203,400,18,2056,363,14,Finisher,2853
Dale,Robson,Dale Robson,1228,M40-44,Male,Derry,NORTHERN IRELAND,Ireland,IE,1:31:12,6:48:36,5:21:28,0:11:07,0:07:16,13:59:39,5472,24516,19288,667,436,50379,2057,1694,181,2037,1661,170,2196,1798,191,2057,1694,181,Finisher,1257
Hedda,Strandberg,Hedda Strandberg,601,F18-24,Female,Kalmar,,Sweden,SE,1:20:29,6:31:35,5:55:14,0:06:35,0:05:51,13:59:44,4829,23495,21314,395,351,50384,2058,364,23,1453,240,18,1862,302,16,2058,364,23,Finisher,1742
Mehmet,Yilmaz,Mehmet Yilmaz,571,M40-44,Male,Stockholm,Stockholm,Sweden,SE,1:21:40,7:07:50,5:13:00,0:09:36,0:07:52,13:59:57,4900,25670,18780,576,472,50397,2059,1695,182,1532,1268,125,2245,1830,193,2059,1695,182,Finisher,1254
Anders ,Karström,Anders Karström,1947,M30-34,Male,Svärdsjö ,DALARNAS LAN [SE-20],Sweden,SE,1:37:55,6:35:02,5:30:17,0:09:09,0:08:00,14:00:23,5875,23702,19817,549,480,50423,2060,1696,280,2236,1800,289,2118,1748,288,2060,1696,280,Finisher,1000
Robin,Karlsson,Robin Karlsson,478,M35-39,Male,Kalmar,KALMAR LAN [SE-08],Sweden,SE,1:29:28,6:09:32,6:01:52,0:10:25,0:09:47,14:01:04,5368,22172,21712,625,587,50464,2061,1697,186,1964,1600,177,1750,1490,159,2061,1697,186,Finisher,1124
Håkan,Lustig,Håkan Lustig,2455,M50-54,Male,Skara,Västra Götaland,Sweden,SE,1:24:51,6:23:22,5:48:10,0:10:55,0:13:48,14:01:06,5091,23002,20890,655,828,50466,2062,1698,172,1734,1424,141,1872,1566,168,2062,1698,172,Finisher,1552
Emelie,Håkansson,Emelie Håkansson,2606,F25-29,Female,Helsingborg,Skåne,Sweden,SE,1:58:13,7:10:09,4:30:53,0:07:32,0:14:23,14:01:10,7093,25809,16253,452,863,50470,2063,365,69,2431,478,89,2397,466,84,2063,365,69,Finisher,1541
Joonas,Kilpinen,Joonas Kilpinen,1678,M40-44,Male,Tampere,Pirkanmaa,Finland,FI,1:31:44,6:45:44,5:23:29,0:10:03,0:10:12,14:01:13,5504,24344,19409,603,612,50473,2064,1699,183,2058,1675,173,2167,1779,190,2064,1699,183,Finisher,1239
Elisa Emma Maria,Helava,Elisa Emma Maria Helava,1680,F35-39,Female,Tampere,Pirkanmaa,Finland,FI,1:31:45,6:45:46,5:23:29,0:10:04,0:10:10,14:01:14,5505,24346,19409,604,610,50474,2065,366,42,2059,384,45,2168,389,43,2065,366,42,Finisher,2509
Heléne,Hörberg,Heléne Hörberg,2327,F60-64,Female,Kvicksund,SE-D,Sweden,SE,1:33:23,6:41:45,5:28:15,0:10:06,0:07:49,14:01:18,5603,24105,19695,606,469,50478,2066,367,5,2127,405,5,2152,383,6,2066,367,5,Finisher,3836
Hampus,Barth,Hampus Barth,2501,M25-29,Male,Täby,Stockholm,Sweden,SE,1:17:51,6:11:30,6:17:27,0:05:21,0:09:12,14:01:22,4671,22290,22647,321,552,50482,2067,1700,290,1257,1059,185,1546,1327,228,2067,1700,290,Finisher,1009
Robbert,Vermeulen,Robbert Vermeulen,1263,M25-29,Male,Dordrecht,Zuid-Holland,Netherlands,NL,1:30:57,6:33:18,5:41:45,0:08:53,0:06:47,14:01:41,5457,23598,20505,533,407,50501,2068,1701,291,2029,1653,282,2030,1685,281,2068,1701,291,Finisher,1005
Fredrik,Bergvik,Fredrik Bergvik,2759,M30-34,Male,Göteborg,Västra Götaland,Sweden,SE,1:22:44,6:44:09,5:37:45,0:09:02,0:08:20,14:02:01,4964,24249,20265,542,500,50521,2069,1702,281,1603,1321,219,2055,1706,282,2069,1702,281,Finisher,1000
Sandra,Stark,Sandra Stark,897,F30-34,Female,Kalmar,SE-H,Sweden,SE,1:15:58,6:32:15,5:56:16,0:10:06,0:07:26,14:02:01,4558,23535,21376,606,446,50521,2070,368,44,1100,164,27,1856,300,33,2070,368,44,Finisher,1807
Sergio,Loffredo,Sergio Loffredo,2524,M55-59,Male,PELLEZZANO,CAMPANIA,Italy,IT,1:33:41,7:03:01,4:55:22,0:17:08,0:13:05,14:02:17,5621,25381,17722,1028,785,50537,2071,1703,114,2133,1725,128,2324,1884,137,2071,1703,114,Finisher,1899
jamie,lymark,jamie lymark,1970,M18-24,Male,Karise,Zealand,Denmark,DK,1:34:54,6:30:02,5:39:24,0:07:53,0:10:06,14:02:19,5694,23402,20364,473,606,50539,2072,1704,202,2160,1746,207,2026,1681,193,2072,1704,202,Finisher,1118
Josefin,Lyderstedt,Josefin Lyderstedt,928,F30-34,Female,Solna,STOCKHOLMS LAN [SE-01],Sweden,SE,1:21:05,6:53:15,5:31:57,0:06:15,0:10:02,14:02:34,4865,24795,19917,375,602,50554,2073,369,45,1489,250,34,2094,359,42,2073,369,45,Finisher,1801
Clara,Lindström ,Clara Lindström,472,F25-29,Female,Lund,SKANE LAN [SE-12],Sweden,SE,1:24:41,6:34:26,5:51:37,0:05:26,0:06:27,14:02:38,5081,23666,21097,326,387,50558,2074,370,70,1725,308,56,1934,324,59,2074,370,70,Finisher,1523
Lisa,Mesch,Lisa Mesch,815,F30-34,Female,Langweid,BY,Germany,DE,1:25:13,6:28:54,5:51:19,0:08:56,0:08:31,14:02:53,5113,23334,21079,536,511,50573,2075,371,46,1749,314,41,1917,321,36,2075,371,46,Finisher,1797
Jim,Jansson,Jim Jansson,2347,M45-49,Male,Lørenskog,Akershus,Sweden,SE,1:26:21,6:41:28,5:36:12,0:08:40,0:10:14,14:02:55,5181,24088,20172,520,614,50575,2076,1705,177,1799,1469,155,2059,1708,181,2076,1705,177,Finisher,1343
Erkki,Anunti,Erkki Anunti,604,M75-79,Male,Rovaniemi,FI-10,Finland,FI,1:24:34,6:24:50,5:59:41,0:07:20,0:06:33,14:02:58,5074,23090,21581,440,393,50578,2077,1706,1,1720,1413,1,1834,1540,1,2077,1706,1,Finisher,5000
Arttu,Haapamäki,Arttu Haapamäki,1387,M30-34,Male,Tampere,Pirkanmaa,Finland,FI,1:25:03,6:36:40,5:45:24,0:07:38,0:08:30,14:03:15,5103,23800,20724,458,510,50595,2078,1707,282,1739,1427,237,1989,1651,269,2078,1707,282,Finisher,1000
Max,Thompson,Max Thompson,1955,M25-29,Male,Weedon,BKM,United Kingdom,GB,1:22:15,7:04:29,5:17:46,0:10:03,0:08:55,14:03:28,4935,25469,19066,603,535,50608,2079,1708,292,1571,1298,226,2234,1823,304,2079,1708,292,Finisher,1000
Stefan,Andersson,Stefan Andersson,468,M55-59,Male,Kalmar,SE-H,Sweden,SE,1:32:11,6:06:03,6:01:15,0:10:35,0:13:26,14:03:29,5531,21963,21675,635,806,50609,2080,1709,115,2078,1688,123,1745,1485,106,2080,1709,115,Finisher,1885
Thony ,Ragnarsson ,Thony Ragnarsson,371,M55-59,Male,Trekanten,Kalmar,Sweden,SE,1:28:40,6:33:27,5:41:39,0:08:40,0:11:04,14:03:30,5320,23607,20499,520,664,50610,2081,1710,116,1916,1561,109,2005,1664,124,2081,1710,116,Finisher,1885
Sara,Enge,Sara Enge,390,F50-54,Female,Kalmar,,Sweden,SE,1:21:41,7:19:11,5:05:01,0:11:57,0:05:44,14:03:35,4901,26351,18301,717,344,50615,2082,372,37,1534,265,27,2315,435,42,2082,372,37,Finisher,2567
THANAPON,NAPAWAN,THANAPON NAPAWAN,2217,M30-34,Male,BANGKOK,Bangkok,Thailand,TH,1:27:44,6:55:49,5:15:34,0:12:25,0:12:32,14:04:04,5264,24949,18934,745,752,50644,2083,1711,283,1872,1524,258,2230,1821,293,2083,1711,283,Finisher,1000
Lars-Åke,Johansson,Lars-Åke Johansson,1305,M55-59,Male,Halmstad,HALLANDS LAN [SE-13],Sweden,SE,1:28:58,6:28:16,5:50:27,0:07:58,0:09:07,14:04:45,5338,23296,21027,478,547,50685,2084,1712,117,1932,1575,112,1944,1618,119,2084,1712,117,Finisher,1870
Ross,Pulman,Ross Pulman,1434,M35-39,Male,Douglas,Isle of Man,Isle of Man,IM,1:24:07,6:20:19,6:02:20,0:09:16,0:08:48,14:04:50,5047,22819,21740,556,528,50690,2085,1713,187,1696,1398,152,1796,1518,165,2085,1713,187,Finisher,1079
ulf,rossäng,ulf rossäng,1641,M60-64,Male,huddinge,STOCKHOLMS LAN [SE-01],Sweden,SE,1:19:10,6:42:42,5:42:21,0:07:56,0:12:59,14:05:10,4750,24162,20541,476,779,50710,2086,1714,40,1360,1138,22,1994,1656,41,2086,1714,40,Finisher,1972
Carl,Ohlsson,Carl Ohlsson,1203,M35-39,Male,Färjestaden,Kalmar,Sweden,SE,1:21:34,6:55:28,5:34:17,0:06:55,0:07:15,14:05:29,4894,24928,20057,415,435,50729,2087,1715,188,1522,1262,132,2136,1761,186,2087,1715,188,Finisher,1071
Tim,Tingström,Tim Tingström,1057,M30-34,Male,Oskarshamn,H,Sweden,SE,1:28:11,6:31:22,5:45:17,0:09:37,0:11:03,14:05:29,5291,23482,20717,577,663,50729,2088,1716,284,1900,1545,260,1985,1649,267,2088,1716,284,Finisher,1000
Sebastian,Andersson,Sebastian Andersson,1672,M40-44,Male,Helsingborg,SKANE LAN [SE-12],Sweden,SE,1:18:50,6:40:52,5:50:07,0:07:55,0:07:57,14:05:42,4730,24052,21007,475,477,50742,2089,1717,184,1333,1116,109,1973,1641,170,2089,1717,184,Finisher,1185
Magnus,Josephson,Magnus Josephson,444,M45-49,Male,Läckeby,SE-H,Sweden,SE,1:33:21,6:07:38,6:14:37,0:05:52,0:04:34,14:06:02,5601,22058,22477,352,274,50762,2090,1718,178,2126,1722,175,1725,1466,157,2090,1718,178,Finisher,1305
Joel,Klasson Bröttgårdh,Joel Klasson Bröttgårdh,402,M25-29,Male,Luleå,Norrbotten,Sweden,SE,2:10:43,6:35:05,5:02:40,0:08:11,0:09:48,14:06:25,7843,23705,18160,491,588,50785,2091,1719,293,2446,1965,319,2326,1886,312,2091,1719,293,Finisher,1000
Sam,Adhami,Sam Adhami,2728,M25-29,Male,Norrköping,OSTERGOTLANDS LAN [SE-05],Sweden,SE,1:51:56,6:54:01,5:04:38,0:10:05,0:06:17,14:06:56,6716,24841,18278,605,377,50816,2092,1720,294,2406,1932,316,2339,1894,313,2092,1720,294,Finisher,1000
Sebouh,Alexandrian,Sebouh Alexandrian,1804,M35-39,Male,"tumbak bayuh
mengwi","bali
badung",Lebanon,LB,1:24:45,6:44:46,5:32:13,0:14:29,0:10:50,14:07:02,5085,24286,19933,869,650,50822,2093,1721,189,1727,1419,159,2138,1762,187,2093,1721,189,Finisher,1052
Kristoffer,Axelsson,Kristoffer Axelsson,796,M50-54,Male,Mönsterås,,Sweden,SE,1:40:07,5:59:56,6:09:34,0:08:10,0:09:39,14:07:27,6007,21596,22174,490,579,50847,2094,1722,173,2286,1838,191,1740,1481,152,2094,1722,173,Finisher,1476
Mikkel,Palmelund,Mikkel Palmelund,1935,M18-24,Male,Hedensted,Central Jutland,Denmark,DK,1:22:55,6:00:10,6:34:47,0:04:40,0:05:09,14:07:42,4975,21610,23687,280,309,50862,2095,1723,203,1612,1330,161,1432,1246,130,2095,1723,203,Finisher,1054
Natthaphol,Patamapongse,Natthaphol Patamapongse,330,M50-54,Male,Suanlung,Suanluang,Thailand,TH,1:09:48,5:55:10,6:41:53,0:11:40,0:09:13,14:07:44,4188,21310,24113,700,553,50864,2096,1724,174,621,527,43,1274,1108,110,2096,1724,174,Finisher,1472
Emma Bjerre,Sørensen,Emma Bjerre Sørensen,1734,F25-29,Female,Holstebro,Central Jutland,Denmark,DK,1:38:43,6:34:18,5:36:18,0:09:35,0:09:06,14:08:01,5923,23658,20178,575,546,50881,2097,373,71,2252,441,82,2124,371,66,2097,373,71,Finisher,1459
Michael,TARATTE,Michael TARATTE,1274,M45-49,Male,TISSEY,FR-89,France,FR,1:25:12,6:27:10,5:57:10,0:08:38,0:09:52,14:08:02,5112,23230,21430,518,592,50882,2098,1725,179,1747,1434,149,1893,1581,170,2098,1725,179,Finisher,1281
Christine,Gaasö,Christine Gaasö,643,F18-24,Female,22474,Skåne,Sweden,SE,1:15:49,6:59:20,5:39:31,0:05:35,0:08:14,14:08:29,4549,25160,20371,335,494,50909,2099,374,24,1086,162,9,2101,364,21,2099,374,24,Finisher,1637
Valentina,De Pascale,Valentina De Pascale,1840,F35-39,Female,Fleet,Hampshire,Italy,IT,1:20:26,6:41:47,5:45:04,0:08:34,0:13:03,14:08:54,4826,24107,20704,514,783,50934,2100,375,43,1446,237,28,2004,341,38,2100,375,43,Finisher,2417
Mads-André,Andersen,Mads-André Andersen,2352,M45-49,Male,Hakadal,NO-02,Norway,NO,1:00:14,6:50:16,6:04:43,0:07:37,0:06:11,14:09:01,3614,24616,21883,457,371,50941,2101,1726,180,168,138,7,1852,1553,167,2101,1726,180,Finisher,1269
Björn,Ahlin,Björn Ahlin,2396,M45-49,Male,Lerum,SE-O,Sweden,SE,1:27:25,6:41:58,5:38:01,0:12:25,0:09:15,14:09:04,5245,24118,20281,745,555,50944,2102,1727,181,1858,1512,162,2112,1743,183,2102,1727,181,Finisher,1269
Andrea,Edin,Andrea Edin,576,F40-44,Female,Stabekk,Akershus,Norway,NO,1:46:00,6:46:42,5:19:00,0:09:05,0:08:19,14:09:06,6360,24402,19140,545,499,50946,2103,376,62,2352,461,67,2263,418,65,2103,376,62,Finisher,1330
Jakob,Högström,Jakob Högström,1128,M18-24,Male,Färjestaden,,Sweden,SE,1:18:50,6:25:19,6:09:49,0:07:47,0:07:28,14:09:13,4730,23119,22189,467,448,50953,2104,1728,204,1332,1115,141,1773,1504,177,2104,1728,204,Finisher,1036
Benedikte,Mølgaard,Benedikte Mølgaard,2162,F30-34,Female,Oksbøl,SYDDANMARK,Denmark,DK,1:31:31,6:59:47,5:24:45,0:07:53,0:05:34,14:09:30,5491,25187,19485,473,334,50970,2105,377,47,2050,382,50,2247,416,54,2105,377,47,Finisher,1717
Anna,Stenquist,Anna Stenquist,549,F35-39,Female,Österbybruk,,Sweden,SE,1:30:55,6:35:13,5:47:35,0:06:11,0:09:47,14:09:41,5455,23713,20855,371,587,50981,2106,378,44,2026,376,44,2019,344,39,2106,378,44,Finisher,2407
Reuben,Fon-Lowe,Reuben Fon-Lowe,1054,M30-34,Male,Bardon,QLD,New Zealand,NZ,1:32:09,6:47:58,5:27:43,0:13:49,0:08:02,14:09:41,5529,24478,19663,829,482,50981,2107,1729,285,2076,1687,272,2211,1810,291,2107,1729,285,Finisher,1000
Ivan,Yakushev,Ivan Yakushev,2498,M30-34,Male,Paris,,France,FR,1:37:20,6:32:18,5:40:32,0:09:11,0:10:34,14:09:56,5840,23538,20432,551,634,50996,2108,1730,286,2225,1792,287,2081,1725,284,2108,1730,286,Finisher,1000
Emmi,Soinisalo,Emmi Soinisalo,919,F40-44,Female,Hamina,Hamina,Finland,FI,1:37:11,6:24:52,5:55:12,0:04:43,0:08:17,14:10:15,5831,23092,21312,283,497,51015,2109,379,63,2222,432,62,1965,332,59,2109,379,63,Finisher,1317
Norbert,Stengel,Norbert Stengel,560,M55-59,Male,Östhammar,Uppsala Län,Sweden,SE,1:15:10,6:26:03,6:08:25,0:07:28,0:13:44,14:10:49,4510,23163,22105,448,824,51049,2110,1731,118,1034,881,54,1743,1484,105,2110,1731,118,Finisher,1797
Andreas,Ring,Andreas Ring,1107,M50-54,Male,Kalmar,,Sweden,SE,1:29:24,6:20:12,6:05:47,0:08:33,0:07:22,14:11:19,5364,22812,21947,513,442,51079,2111,1732,175,1956,1595,159,1853,1554,162,2111,1732,175,Finisher,1429
Tilda,Ek,Tilda Ek,2584,F25-29,Female,Romakloster,Gotland,Sweden,SE,1:46:12,6:44:31,5:24:50,0:08:21,0:07:47,14:11:41,6372,24271,19490,501,467,51101,2112,380,72,2355,463,85,2243,415,75,2112,380,72,Finisher,1415
Jonas,Svensson,Jonas Svensson,2764,M40-44,Male,Lenhovda,,Sweden,SE,1:51:48,6:42:13,5:25:15,0:06:14,0:06:26,14:11:55,6708,24133,19515,374,386,51115,2113,1733,185,2405,1931,204,2253,1837,194,2113,1733,185,Finisher,1110
Goshia,Weber,Goshia Weber,2275,F45-49,Female,Halmstad,,Sweden,SE,1:24:02,6:37:59,5:43:02,0:14:53,0:12:12,14:12:08,5042,23879,20582,893,732,51128,2114,381,49,1687,294,36,2065,355,51,2114,381,49,Finisher,1769
Frank,Mensink,Frank Mensink,1330,M35-39,Male,almelo,,Netherlands,NL,1:29:00,6:20:31,6:05:09,0:11:55,0:05:53,14:12:28,5340,22831,21909,715,353,51148,2115,1734,190,1935,1576,172,1900,1586,170,2115,1734,190,Finisher,1000
Tommy,Nevers,Tommy Nevers,1976,M50-54,Male,Rønnede,SJÆLLAND,Denmark,DK,1:34:23,6:13:42,6:09:43,0:08:01,0:07:03,14:12:52,5663,22422,22183,481,423,51172,2116,1735,176,2147,1736,174,1824,1532,158,2116,1735,176,Finisher,1411
Isac,Zettergren,Isac Zettergren,417,M18-24,Male,Borås,VASTRA GOTALANDS LAN [SE-14],Sweden,SE,1:22:28,6:12:49,6:14:29,0:09:03,0:14:10,14:12:58,4948,22369,22469,543,850,51178,2117,1736,205,1586,1310,159,1692,1441,170,2117,1736,205,Finisher,1000
Esben,Garlie,Esben Garlie,1215,M55-59,Male,Hagan,Akershus,Norway,NO,1:35:19,6:16:37,6:00:01,0:09:18,0:12:22,14:13:37,5719,22597,21601,558,742,51217,2118,1737,119,2176,1759,132,1896,1583,114,2118,1737,119,Finisher,1763
Ross,Hammond,Ross Hammond,1355,M35-39,Male,London,GB-ENG,United Kingdom,GB,1:20:52,7:44:51,4:48:50,0:12:13,0:06:54,14:13:40,4852,27891,17330,733,414,51220,2119,1738,191,1477,1229,129,2403,1935,206,2119,1738,191,Finisher,1000
Niklas,Hammarström,Niklas Hammarström,1712,M55-59,Male,Kalmar,,Sweden,SE,1:50:16,6:31:58,5:32:24,0:09:50,0:09:23,14:13:52,6616,23518,19944,590,563,51232,2120,1739,120,2390,1918,144,2199,1800,132,2120,1739,120,Finisher,1760
Patrizia,Scarfone,Patrizia Scarfone,1984,F50-54,Female,ROZZANO,LOMBARDIA,Italy,IT,1:34:31,7:14:07,5:11:19,0:07:23,0:06:42,14:14:01,5671,26047,18679,443,402,51241,2121,382,38,2150,412,40,2338,445,45,2121,382,38,Finisher,2442
Henrik,Rosenqvist,Henrik Rosenqvist,318,M45-49,Male,Gråbo,,Sweden,SE,1:56:21,6:26:00,5:34:03,0:09:59,0:08:11,14:14:34,6981,23160,20043,599,491,51274,2122,1740,182,2424,1947,197,2201,1802,190,2122,1740,182,Finisher,1203
Torbjörn,Georgsson,Torbjörn Georgsson,1412,M50-54,Male,Kungsgården,GAVLEBORGS LAN [SE-21],Sweden,SE,1:30:38,6:32:23,5:55:09,0:08:49,0:07:48,14:14:47,5438,23543,21309,529,468,51287,2123,1741,177,2010,1637,165,2013,1671,181,2123,1741,177,Finisher,1388
Aleksejs,Udalcovs,Aleksejs Udalcovs,2092,M35-39,Male,Stockholm,STOCKHOLMS LAN [SE-01],Sweden,SE,1:13:31,6:58:39,5:38:52,0:10:05,0:13:56,14:15:02,4411,25119,20332,605,836,51302,2124,1742,192,900,765,86,2119,1749,184,2124,1742,192,Finisher,1000
Lars,Tingvall,Lars Tingvall,1964,M55-59,Male,Täby,STOCKHOLMS LAN [SE-01],Sweden,SE,1:16:47,6:17:05,6:24:18,0:10:08,0:07:15,14:15:32,4607,22625,23058,608,435,51332,2125,1743,121,1166,991,64,1689,1439,100,2125,1743,121,Finisher,1740
Fredrik,Hammarström,Fredrik Hammarström,1711,M30-34,Male,Mönsterås,Kalmar,Sweden,SE,1:19:52,6:43:44,5:54:59,0:07:24,0:09:39,14:15:38,4792,24224,21299,444,579,51338,2126,1744,287,1409,1182,196,2006,1665,270,2126,1744,287,Finisher,1000
Sandra,Vesterling,Sandra Vesterling,2468,F25-29,Female,Linköping,,Sweden,SE,1:33:26,6:51:57,5:24:28,0:10:14,0:15:33,14:15:38,5606,24717,19468,614,933,51338,2127,383,73,2128,406,76,2229,409,72,2127,383,73,Finisher,1367
Robin,Ekström,Robin Ekström,461,M35-39,Male,Kalmar ,Kalmar,Sweden,SE,1:40:49,6:16:20,5:56:02,0:11:24,0:11:05,14:15:40,6049,22580,21362,684,665,51340,2128,1745,193,2293,1845,197,1978,1644,175,2128,1745,193,Finisher,1000
Elin,Gunnarsson,Elin Gunnarsson,1031,F18-24,Female,Ljungbyholm,Kalmar,Sweden,SE,1:48:16,6:49:04,5:19:21,0:08:53,0:10:21,14:15:55,6496,24544,19161,533,621,51355,2129,384,25,2372,467,31,2286,424,30,2129,384,25,Finisher,1548
Bartlomiej,Kornaszewski,Bartlomiej Kornaszewski,2055,M40-44,Male,Wiry,wielkopolskie,Poland,PL,1:30:18,6:38:56,5:49:40,0:09:26,0:08:01,14:16:20,5418,23936,20980,566,481,51380,2130,1746,186,2000,1629,164,2079,1723,180,2130,1746,186,Finisher,1057
Julius,Kuzmin,Julius Kuzmin,2601,M30-34,Male,STOCKHOLM,Stockholm,Sweden,SE,1:43:32,6:47:56,5:27:30,0:09:16,0:08:07,14:16:21,6212,24476,19650,556,487,51381,2131,1747,288,2333,1877,303,2256,1839,299,2131,1747,288,Finisher,1000
Susanne,Mahlstedt,Susanne Mahlstedt,599,F60-64,Female,Lübeck,SH,Germany,DE,1:41:56,6:30:06,5:47:44,0:08:07,0:08:42,14:16:36,6116,23406,20864,487,522,51396,2132,385,6,2309,453,7,2092,358,4,2132,385,6,Finisher,3653
Henrik,Niedieck,Henrik Niedieck,1160,M50-54,Male,Norderstedt,SCHLESWIG-HOLSTEIN,Germany,DE,1:04:51,5:56:23,6:56:36,0:08:44,0:10:08,14:16:43,3891,21383,24996,524,608,51403,2133,1748,178,332,270,16,1166,1025,98,2133,1748,178,Finisher,1364
Kayoko,Shibata,Kayoko Shibata,911,F55-59,Female,Tokyo,JP-OH,Japan,JP,1:20:17,7:14:02,5:17:10,0:16:39,0:08:35,14:16:44,4817,26042,19030,999,515,51404,2134,386,15,1441,236,9,2309,433,20,2134,386,15,Finisher,2647
Carsten,Busch,Carsten Busch,943,M60-64,Male,Marburg,DE-DE-foreigner,Germany,DE,1:41:58,6:50:02,5:20:47,0:15:43,0:08:21,14:16:50,6118,24602,19247,943,501,51410,2135,1749,41,2310,1857,53,2294,1868,50,2135,1749,41,Finisher,1832
Joakim,Videll,Joakim Videll,1761,M30-34,Male,Norrtälje,Stockholm,Sweden,SE,1:32:43,6:41:02,5:47:32,0:06:51,0:08:56,14:17:03,5563,24062,20852,411,536,51423,2136,1750,289,2105,1707,274,2095,1736,287,2136,1750,289,Finisher,1000
Emil,Persson,Emil Persson,2219,M25-29,Male,Årsta,SE-AB,Sweden,SE,1:18:45,6:40:10,5:56:04,0:11:31,0:10:44,14:17:14,4725,24010,21364,691,644,51434,2137,1751,295,1323,1109,194,1999,1660,277,2137,1751,295,Finisher,1000
Daniel,Höglin,Daniel Höglin,2740,M55-59,Male,Linköping,OSTERGOTLANDS LAN [SE-05],Sweden,SE,1:19:12,6:29:17,6:18:51,0:05:03,0:05:18,14:17:42,4752,23357,22731,303,318,51462,2138,1752,122,1362,1140,72,1793,1516,109,2138,1752,122,Finisher,1714
Emil,Carlsson,Emil Carlsson,1979,M40-44,Male,Halmstad,SE-N,Sweden,SE,1:24:45,6:39:53,5:56:30,0:08:07,0:08:35,14:17:51,5085,23993,21390,487,515,51471,2139,1753,187,1728,1420,148,2025,1680,172,2139,1753,187,Finisher,1039
Harri,Orko,Harri Orko,1703,M50-54,Male,Espoo,02230,Finland,FI,1:41:41,6:32:41,5:49:07,0:08:23,0:06:30,14:18:23,6101,23561,20947,503,390,51503,2140,1754,179,2302,1851,195,2128,1756,188,2140,1754,179,Finisher,1344
Fanny,Lampert,Fanny Lampert,789,F35-39,Female,Silverdalen ,Kalmar,Sweden,SE,1:26:00,7:27:00,4:58:18,0:13:50,0:13:19,14:18:27,5160,26820,17898,830,799,51507,2141,387,45,1780,324,38,2372,459,56,2141,387,45,Finisher,2302
Sofie,Christiansen,Sofie Christiansen,1037,F25-29,Female,Ski,Akershus,Norway,NO,1:31:14,6:54:54,5:36:04,0:10:03,0:06:29,14:18:44,5474,24894,20164,603,389,51524,2142,388,74,2039,377,67,2233,411,73,2142,388,74,Finisher,1330
Nico,Herzberg,Nico Herzberg,1306,M40-44,Male,Dresden,SACHSEN,Germany,DE,1:38:00,6:35:06,5:47:45,0:09:40,0:08:17,14:18:49,5880,23706,20865,580,497,51529,2143,1755,188,2239,1802,190,2129,1757,187,2143,1755,188,Finisher,1027
Malin,Runberg,Malin Runberg,496,F35-39,Female,Kalmar,Kalmar Län,Sweden,SE,1:16:54,6:09:31,6:29:42,0:10:53,0:12:08,14:19:08,4614,22171,23382,653,728,51548,2144,389,46,1177,180,18,1591,230,20,2144,389,46,Finisher,2294
Linda,Eglund,Linda Eglund,1369,F50-54,Female,Linköping,Östergötland,Sweden,SE,1:43:32,7:06:42,5:11:06,0:10:20,0:07:35,14:19:16,6212,25602,18666,620,455,51556,2145,390,39,2335,457,49,2352,448,47,2145,390,39,Finisher,2379
Mathias,Bergmark,Mathias Bergmark,2390,M30-34,Male,Skellefteå,Västerbotten,Sweden,SE,1:58:20,6:46:01,5:16:57,0:09:49,0:08:20,14:19:27,7100,24361,19017,589,500,51567,2146,1756,290,2432,1954,321,2330,1888,309,2146,1756,290,Finisher,1000
Alexander,Arvidsson,Alexander Arvidsson,2651,M18-24,Male,Kävlinge,Skåne,Sweden,SE,1:32:31,7:45:41,4:40:26,0:09:18,0:11:44,14:19:40,5551,27941,16826,558,704,51580,2147,1757,206,2091,1696,205,2416,1946,222,2147,1757,206,Finisher,1000
Edvin,Karlsson,Edvin Karlsson,670,M25-29,Male,Kalmar,Kalmar Län,Sweden,SE,1:19:56,6:58:25,5:28:13,0:11:05,0:22:07,14:19:46,4796,25105,19693,665,1327,51586,2148,1758,296,1414,1185,205,2186,1791,297,2148,1758,296,Finisher,1000
Thomas,Höög,Thomas Höög,489,M45-49,Male,Läckeby,KALMAR LAN [SE-08],Sweden,SE,1:12:51,6:40:16,6:13:54,0:07:16,0:06:09,14:20:25,4371,24016,22434,436,369,51625,2149,1759,183,844,714,84,1887,1576,168,2149,1759,183,Finisher,1133
Mike,Schawohl,Mike Schawohl,760,M40-44,Male,Dortmund,NW,Germany,DE,1:32:46,6:24:31,6:06:10,0:08:59,0:08:22,14:20:48,5566,23071,21970,539,502,51648,2150,1760,189,2106,1708,179,1958,1630,168,2150,1760,189,Finisher,1004
Birhan,Akdag,Birhan Akdag,304,M45-49,,Sweden,Stockholm,Sweden,SE,2:10:22,6:29:15,5:21:05,0:11:09,0:08:58,14:20:49,7822,23355,19265,669,538,51649,2151,1761,184,2445,1964,199,2308,1876,195,2151,1761,184,Finisher,1128
Anne,Sadza,Anne Sadza,857,F35-39,Female,Nijmegen,Gelderland,Netherlands,NL,1:33:38,6:51:21,5:34:30,0:09:54,0:11:28,14:20:51,5618,24681,20070,594,688,51651,2152,391,47,2131,408,47,2220,406,48,2152,391,47,Finisher,2273
Johan,Wieslander,Johan Wieslander,2146,M50-54,Male,Lund,,Sweden,SE,1:39:54,6:37:16,5:46:17,0:08:46,0:08:40,14:20:53,5994,23836,20777,526,520,51653,2153,1762,180,2283,1835,189,2155,1772,190,2153,1762,180,Finisher,1314
Agnes,Svensson,Agnes Svensson,1113,F18-24,Female,Högsby,Kalmar,Sweden,SE,1:25:44,6:48:56,5:45:52,0:09:30,0:10:58,14:20:59,5144,24536,20752,570,658,51659,2154,392,26,1772,321,23,2142,378,24,2154,392,26,Finisher,1487
Johan,Arvidsson,Johan Arvidsson,2280,M60-64,Male,VÄRNAMO,,Sweden,SE,1:29:59,6:17:08,6:14:12,0:10:54,0:09:11,14:21:23,5399,22628,22452,654,551,51683,2155,1763,42,1982,1616,37,1849,1551,37,2155,1763,42,Finisher,1778
Edgar,Segura Guevara,Edgar Segura Guevara,1299,M40-44,Male,Mexico,Intl State,Mexico,MX,1:30:54,7:11:02,5:18:35,0:10:54,0:10:19,14:21:43,5454,25862,19115,654,619,51703,2156,1764,190,2025,1650,167,2316,1881,200,2156,1764,190,Finisher,1000
Johan,Ahlbäck,Johan Ahlbäck,1940,M30-34,Male,Växjö,Kronoberg,Sweden,SE,1:19:20,6:45:07,5:58:30,0:10:04,0:08:54,14:21:55,4760,24307,21510,604,534,51715,2157,1765,291,1371,1148,187,2040,1692,276,2157,1765,291,Finisher,1000
Cathy,Verbruggen,Cathy Verbruggen,733,F55-59,Female,Stabroek,BE-VLG,Belgium,BE,1:22:22,6:41:27,5:57:39,0:09:31,0:10:58,14:21:58,4942,24087,21459,571,658,51718,2158,393,16,1580,276,14,2034,347,14,2158,393,16,Finisher,2584
Nivette,Chester,Nivette Chester,2150,F50-54,Female,Atherstone,WAR,United Kingdom,GB,1:35:15,7:12:06,5:02:19,0:15:07,0:17:32,14:22:20,5715,25926,18139,907,1052,51740,2159,394,40,2173,417,42,2357,450,48,2159,394,40,Finisher,2342
Anke,Götze,Anke Götze,636,F45-49,Female,Berlin,DE-BE,Germany,DE,1:11:38,6:42:03,6:11:39,0:06:28,0:10:33,14:22:21,4298,24123,22299,388,633,51741,2160,395,50,748,117,11,1885,311,42,2160,395,50,Finisher,1647
Maja,Kriivel,Maja Kriivel,603,F18-24,Female,Kalmar,Kalmar Län,Sweden,SE,1:33:46,6:39:36,5:51:50,0:08:43,0:08:28,14:22:22,5626,23976,21110,523,508,51742,2161,396,27,2134,409,29,2117,370,22,2161,396,27,Finisher,1471
André,DU RIETZ,André DU RIETZ,1359,M30-34,Male,Göteborg,SE-O,Sweden,SE,0:56:37,7:46:59,5:17:41,0:02:45,0:18:29,14:22:31,3397,28019,19061,165,1109,51751,2162,1766,292,95,82,7,2288,1864,305,2162,1766,292,Finisher,1000
Martin,EKSTRÖM,Martin EKSTRÖM,2691,M50-54,Male,Degerfors,,Sweden,SE,1:43:45,6:56:21,5:22:49,0:09:30,0:10:12,14:22:36,6225,24981,19369,570,612,51756,2163,1767,181,2338,1881,199,2302,1871,200,2163,1767,181,Finisher,1294
Annika,Antonsson,Annika Antonsson,1026,F45-49,Female,KARLSKRONA,SE-K,Sweden,SE,1:27:41,6:11:39,6:29:47,0:06:42,0:06:58,14:22:46,5261,22299,23387,402,418,51766,2164,397,51,1868,347,44,1710,257,31,2164,397,51,Finisher,1642
Sirima,Jantasri,Sirima Jantasri,1494,F35-39,Female,เขตสายไหม,,Thailand,TH,1:53:26,6:20:29,5:41:18,0:15:12,0:12:34,14:22:59,6806,22829,20478,912,754,51779,2165,398,48,2414,475,56,2185,395,45,2165,398,48,Finisher,2248
Hubert,Näsman,Hubert Näsman,1365,M25-29,Male,Tyresö,Stockholm,Sweden,SE,1:26:24,6:42:46,5:56:26,0:10:24,0:07:05,14:23:04,5184,24166,21386,624,425,51784,2166,1768,297,1802,1472,248,2085,1728,285,2166,1768,297,Finisher,1000
Matt,Parkes,Matt Parkes,1890,M55-59,Male,Rugby,ENG,United Kingdom,GB,1:41:25,6:40:27,5:43:24,0:08:03,0:09:54,14:23:13,6085,24027,20604,483,594,51793,2167,1769,123,2298,1847,139,2192,1795,131,2167,1769,123,Finisher,1648
Aditya,Mhatre,Aditya Mhatre,1048,M35-39,Male,Mumbai,Maharashtra,India,IN,1:30:38,7:40:09,4:55:10,0:10:28,0:07:01,14:23:25,5438,27609,17710,628,421,51805,2168,1770,194,2009,1636,180,2404,1936,207,2168,1770,194,Finisher,1000
Wictoria,Grahn,Wictoria Grahn,2185,F35-39,Female,Stockholm,,Sweden,SE,1:41:08,7:19:06,5:04:04,0:10:07,0:09:10,14:23:35,6068,26346,18244,607,550,51815,2169,399,49,2295,449,52,2382,462,57,2169,399,49,Finisher,2241
Paja,Svoboda,Paja Svoboda,376,F45-49,Female,Svanesund,foreigner,Sweden,SE,1:25:42,6:56:05,5:43:56,0:07:44,0:10:29,14:23:55,5142,24965,20636,464,629,51835,2170,400,52,1770,319,40,2187,396,56,2170,400,52,Finisher,1628
Hanna,Land,Hanna Land,909,F30-34,Female,Kalmar,,Sweden,SE,1:32:19,6:32:36,6:02:00,0:07:46,0:09:20,14:24:00,5539,23556,21720,466,560,51840,2171,401,48,2083,393,52,2023,345,39,2171,401,48,Finisher,1543
Liss Kerstin,Sylvén,Liss Kerstin Sylvén,1751,F70-74,Female,Uddevalla,SE-O,Sweden,SE,1:30:01,6:46:11,5:48:05,0:07:44,0:12:08,14:24:08,5401,24371,20885,464,728,51848,2172,402,1,1985,367,1,2135,375,1,2172,402,1,Finisher,5000
Jacob,Fransén,Jacob Fransén,494,M18-24,Male,Borlänge,SE-W,Sweden,SE,1:08:05,6:16:52,6:42:49,0:06:27,0:09:56,14:24:09,4085,22612,24169,387,596,51849,2173,1771,207,514,433,47,1498,1295,138,2173,1771,207,Finisher,1000
Liviu Florin,Ilie,Liviu Florin Ilie,473,M40-44,Male,Kalmar,KALMAR LAN [SE-08],Romania,RO,1:24:00,6:58:06,5:43:44,0:10:15,0:08:12,14:24:17,5040,25086,20624,615,492,51857,2174,1772,191,1684,1391,145,2202,1803,192,2174,1772,191,Finisher,1000
William,Hanna,William Hanna,1304,M25-29,Male,Järna,Stockholm,Sweden,SE,1:43:43,6:45:41,5:35:33,0:09:45,0:09:50,14:24:32,6223,24341,20133,585,590,51872,2175,1773,298,2337,1880,311,2246,1831,305,2175,1773,298,Finisher,1000
IDA,ABERG,IDA ABERG,926,F45-49,Female,Stor-Malmö,SE-M,Sweden,SE,1:33:10,7:02:10,5:35:58,0:06:47,0:06:34,14:24:38,5590,25330,20158,407,394,51878,2176,403,53,2117,403,55,2264,419,57,2176,403,53,Finisher,1619
Fredrik,Dahlin,Fredrik Dahlin,678,M50-54,Male,Kalmar,,Sweden,SE,1:30:16,6:19:31,6:23:32,0:06:37,0:05:03,14:24:58,5416,22771,23012,397,303,51898,2177,1774,182,1999,1628,162,1832,1539,160,2177,1774,182,Finisher,1265
Marcus,Karlsson,Marcus Karlsson,2456,M50-54,Male,Sjömarken,,Sweden,SE,1:15:25,6:19:49,6:33:28,0:07:19,0:09:26,14:25:27,4525,22789,23608,439,566,51927,2178,1775,183,1055,897,89,1667,1419,149,2178,1775,183,Finisher,1260
Niklas,Torlind,Niklas Torlind,2714,M30-34,Male,Örebro,,Sweden,SE,1:35:54,6:45:21,5:44:32,0:10:59,0:08:47,14:25:32,5754,24321,20672,659,527,51932,2179,1776,293,2188,1767,282,2200,1801,289,2179,1776,293,Finisher,1000
Martin,Schabbauer,Martin Schabbauer,1219,M60-64,Male,Norrköping,SE-E,Sweden,SE,1:20:36,7:05:44,5:34:23,0:14:44,0:10:13,14:25:41,4836,25544,20063,884,613,51941,2180,1777,43,1455,1214,26,2259,1842,46,2180,1777,43,Finisher,1726
Jonas,Sørensen,Jonas Sørensen,2005,M25-29,Male,Næstved,,Denmark,DK,1:36:44,6:37:32,5:54:45,0:09:07,0:07:34,14:25:43,5804,23852,21285,547,454,51943,2181,1778,299,2212,1784,300,2134,1760,291,2181,1778,299,Finisher,1000
AnnaKarin,Kihl,AnnaKarin Kihl,1510,F45-49,Female,Trelleborg ,Skåne,Sweden,SE,1:51:06,7:01:59,5:10:57,0:13:09,0:08:43,14:25:54,6666,25319,18657,789,523,51954,2182,404,54,2397,474,65,2369,456,63,2182,404,54,Finisher,1604
Richard,Blyckert,Richard Blyckert,416,M30-34,Male,Uppsala,UPPSALA LAN [SE-03],Sweden,SE,1:50:47,7:14:12,5:04:26,0:07:51,0:08:38,14:25:54,6647,26052,18266,471,518,51954,2183,1779,294,2396,1923,313,2390,1927,315,2183,1779,294,Finisher,1000
Sven,Rouwmaat,Sven Rouwmaat,1729,M35-39,Male,Lichtenvoorde,NL-GE,Netherlands,NL,1:58:36,6:05:13,6:06:33,0:07:37,0:08:04,14:26:04,7116,21913,21993,457,484,51964,2184,1780,195,2433,1955,208,2010,1668,177,2184,1780,195,Finisher,1000
Anja,Mölleborg,Anja Mölleborg,458,F35-39,Female,Kalmar,SE-H,Sweden,SE,1:26:13,6:51:58,5:48:53,0:07:57,0:11:16,14:26:17,5173,24718,20933,477,676,51977,2185,405,50,1792,328,39,2159,386,42,2185,405,50,Finisher,2208
Fanny,Millom,Fanny Millom,1034,F35-39,Female,Karlstad,SE-S,Sweden,SE,1:49:06,6:55:47,5:21:23,0:08:17,0:11:53,14:26:25,6546,24947,19283,497,713,51985,2186,406,51,2382,470,54,2317,436,53,2186,406,51,Finisher,2207
Max,Cobben,Max Cobben,2278,M25-29,Male,Stavanger,Rogaland,Norway,NO,1:33:51,6:46:47,5:48:45,0:09:28,0:07:42,14:26:33,5631,24407,20925,568,462,51993,2187,1781,300,2138,1729,293,2193,1796,299,2187,1781,300,Finisher,1000
Emilia,Andersson,Emilia Andersson,738,F25-29,Female,Stockholm,SE-AB,Sweden,SE,1:31:56,6:46:02,5:54:39,0:06:11,0:07:58,14:26:46,5516,24362,21279,371,478,52006,2188,407,75,2068,386,70,2141,377,67,2188,407,75,Finisher,1234
Frank,Goertz,Frank Goertz,690,M65-69,Male,Sternenfels,BW,Germany,DE,1:25:21,6:40:31,6:05:29,0:09:19,0:06:26,14:27:06,5121,24031,21929,559,386,52026,2189,1782,5,1752,1437,2,2047,1699,4,2189,1782,5,Finisher,2808
Sanni,Nevala,Sanni Nevala,1483,F30-34,Female,Helsinki,,Finland,FI,1:15:34,7:04:57,5:42:35,0:11:01,0:13:06,14:27:14,4534,25497,20555,661,786,52034,2190,408,49,1068,159,26,2198,399,52,2190,408,49,Finisher,1505
Eric,Lane,Eric Lane,1382,M60-64,Male,Oracle,US-AZ,United States,US,1:48:30,6:44:14,5:37:50,0:11:12,0:05:37,14:27:22,6510,24254,20270,672,337,52042,2191,1783,44,2377,1908,58,2274,1853,47,2191,1783,44,Finisher,1706
Per,Schutz,Per Schutz,2661,M55-59,Male,Klagshamn,,Sweden,SE,1:23:29,6:14:44,6:35:30,0:07:05,0:06:41,14:27:30,5009,22484,23730,425,401,52050,2192,1784,124,1651,1363,91,1706,1451,101,2192,1784,124,Finisher,1597
Lauri,Tonteri,Lauri Tonteri,2742,M40-44,Male,KOUVOLA,Kymenlaakso,Finland,FI,1:20:37,6:48:25,6:03:58,0:08:51,0:05:49,14:27:39,4837,24505,21838,531,349,52059,2193,1785,192,1458,1216,121,2072,1716,177,2193,1785,192,Finisher,1000
Abdalrahman,Qarabash,Abdalrahman Qarabash,262,M18-24,Male,kalmar,Kalmar,Sweden,SE,1:38:50,6:47:26,5:42:34,0:07:04,0:12:17,14:28:11,5930,24446,20554,424,737,52091,2194,1786,208,2255,1814,211,2208,1808,208,2194,1786,208,Finisher,1000
Johan,Dahm,Johan Dahm,2178,M55-59,Male,Norrköping,Östergötland,Sweden,SE,1:36:32,6:50:25,5:48:47,0:05:36,0:06:59,14:28:20,5792,24625,20927,336,419,52100,2195,1787,125,2208,1781,136,2205,1805,133,2195,1787,125,Finisher,1587
Jens,Lindgren,Jens Lindgren,2430,M30-34,Male,Sundbyberg ,Stockholms län,Sweden,SE,1:39:21,6:51:01,5:31:20,0:10:32,0:16:13,14:28:26,5961,24661,19880,632,973,52106,2196,1788,295,2271,1826,296,2258,1841,300,2196,1788,295,Finisher,1000
Oda,Sivertsen,Oda Sivertsen,1855,F25-29,Female,Oslo,Oslo,Norway,NO,1:37:02,7:03:59,5:32:25,0:08:07,0:07:04,14:28:36,5822,25439,19945,487,424,52116,2197,409,76,2219,431,81,2299,429,78,2197,409,76,Finisher,1212
Dennie,Deiroff,Dennie Deiroff,755,M35-39,Male,Lidingö,,Sweden,SE,1:53:15,6:51:32,5:23:21,0:10:51,0:09:53,14:28:51,6795,24692,19401,651,593,52131,2198,1789,196,2412,1938,205,2337,1893,202,2198,1789,196,Finisher,1000
Lisa,Tobin,Lisa Tobin,825,F45-49,Female,New York,NY,United States,US,1:14:30,6:53:17,5:57:11,0:13:13,0:11:00,14:29:11,4470,24797,21431,793,660,52151,2199,410,55,986,150,18,2106,367,53,2199,410,55,Finisher,1565
Michal,Zyborowicz,Michal Zyborowicz,1161,M35-39,Male,Tomter,ØSTFOLD,Poland,PL,1:41:28,6:56:30,5:29:33,0:12:46,0:08:56,14:29:12,6088,24990,19773,766,536,52152,2200,1790,197,2300,1849,198,2307,1875,200,2200,1790,197,Finisher,1000
Thomas,Fehrm,Thomas Fehrm,1562,M65-69,Male,MALUNG,,Sweden,SE,1:30:12,7:16:47,5:22:55,0:11:16,0:08:29,14:29:39,5412,26207,19375,676,509,52179,2201,1791,6,1994,1624,5,2345,1900,9,2201,1791,6,Finisher,2777
Julia,Voet,Julia Voet,2262,F25-29,Female,Utrecht,UT,Netherlands,NL,1:34:01,6:54:17,5:19:06,0:23:07,0:19:13,14:29:44,5641,24857,19146,1387,1153,52184,2202,411,77,2141,411,77,2311,434,79,2202,411,77,Finisher,1198
Rick,Voet,Rick Voet,2263,M55-59,Male,Heerjansdam,,Netherlands,NL,1:29:14,6:54:24,5:19:06,0:27:52,0:19:08,14:29:44,5354,24864,19146,1672,1148,52184,2203,1792,126,1949,1588,114,2313,1879,136,2203,1792,126,Finisher,1570
Tina,Damsgaard,Tina Damsgaard,1736,F50-54,Female,Brøndby Strand,,Denmark,DK,1:38:07,7:23:55,5:11:58,0:08:37,0:07:25,14:30:02,5887,26635,18718,517,445,52202,2204,412,41,2243,438,47,2384,463,50,2204,412,41,Finisher,2250
Savanna,Jenkins,Savanna Jenkins,321,F30-34,Female,Spokane,WA,United States,US,1:37:20,7:31:15,5:02:50,0:08:37,0:10:21,14:30:22,5840,27075,18170,517,621,52222,2205,413,50,2224,433,55,2400,467,59,2205,413,50,Finisher,1467
Frans,Berggren,Frans Berggren,2147,M18-24,Male,Kalmar,KALMAR LAN [SE-08],Sweden,SE,1:29:33,6:34:53,6:05:43,0:09:48,0:10:35,14:30:32,5373,23693,21943,588,635,52232,2206,1793,209,1965,1601,195,2037,1689,195,2206,1793,209,Finisher,1000
Adam,Leopoldson,Adam Leopoldson,1675,M18-24,Male,Stockholm,Stockholm,Sweden,SE,1:51:40,7:06:36,5:06:11,0:12:34,0:13:40,14:30:41,6700,25596,18371,754,820,52241,2207,1794,210,2401,1927,222,2385,1922,218,2207,1794,210,Finisher,1000
Klara ,Åkesson ,Klara Åkesson,1102,F30-34,Female,Kalmar,Kalmar Län,Sweden,SE,1:32:28,7:11:18,5:16:33,0:09:54,0:20:29,14:30:42,5548,25878,18993,594,1229,52242,2208,414,51,2088,394,53,2323,440,56,2208,414,51,Finisher,1463
Ben,Borman,Ben Borman,1177,M30-34,Male,Plymouth,DEVON,United Kingdom,GB,1:20:04,6:38:16,6:09:53,0:06:32,0:16:14,14:31:00,4804,23896,22193,392,974,52260,2209,1795,296,1425,1192,200,1940,1615,264,2209,1795,296,Finisher,1000
Sofie,Ståhl,Sofie Ståhl,474,F35-39,Female,Kalmar,,Sweden,SE,1:38:11,7:05:03,5:27:34,0:09:58,0:10:26,14:31:12,5891,25503,19654,598,626,52272,2210,415,52,2245,439,50,2318,437,54,2210,415,52,Finisher,2149
Anders,Adler,Anders Adler,1968,M40-44,Male,Tullinge,STOCKHOLMS LAN [SE-01],Sweden,SE,1:50:03,6:43:16,5:38:42,0:10:22,0:09:02,14:31:25,6603,24196,20322,622,542,52285,2211,1796,193,2388,1916,202,2272,1852,198,2211,1796,193,Finisher,1000
Nils,Holmstrom,Nils Holmstrom,1468,M70-74,Male,JÄRFÄLLA,SE-AB,Sweden,SE,1:40:35,6:28:24,6:06:04,0:08:38,0:07:48,14:31:28,6035,23304,21964,518,468,52288,2212,1797,2,2291,1843,3,2068,1713,3,2212,1797,2,Finisher,3490
Jonna,Jensen,Jonna Jensen,1012,F50-54,Female,Randers SØ,,Denmark,DK,1:37:47,6:51:42,5:50:29,0:05:59,0:05:47,14:31:43,5867,24702,21029,359,347,52303,2213,416,42,2231,434,45,2227,407,38,2213,416,42,Finisher,2230
Maria,Haraldsson ,Maria Haraldsson,1089,F45-49,Female,Alunda,Uppsala Län,Sweden,SE,1:28:53,6:29:38,6:11:35,0:10:42,0:11:01,14:31:49,5333,23378,22295,642,661,52309,2214,417,56,1927,356,49,1986,337,47,2214,417,56,Finisher,1533
Martin,Ahlgren,Martin Ahlgren,2220,M55-59,Male,Hjarup,,Sweden,SE,1:16:27,6:27:46,6:23:10,0:09:57,0:14:33,14:31:53,4587,23266,22990,597,873,52313,2215,1798,127,1133,964,61,1804,1520,110,2215,1798,127,Finisher,1544
Cecilia,Lindmark,Cecilia Lindmark,2649,F25-29,Female,Västerhaninge,,Sweden,SE,1:31:16,7:11:24,5:28:51,0:10:34,0:09:57,14:32:02,5476,25884,19731,634,597,52322,2216,418,78,2043,379,68,2320,439,81,2216,418,78,Finisher,1170
Daniel,Johannisson,Daniel Johannisson,467,M45-49,Male,Kalmar,SE-H,Sweden,SE,1:54:11,6:05:32,6:13:37,0:09:49,0:09:06,14:32:16,6851,21932,22417,589,546,52336,2217,1799,185,2418,1942,196,1990,1652,174,2217,1799,185,Finisher,1000
Linda,Sahlin,Linda Sahlin,1313,F45-49,Female,Enköping,SE-C,Sweden,SE,1:12:46,6:54:16,6:07:19,0:08:39,0:09:45,14:32:45,4366,24856,22039,519,585,52365,2218,419,57,839,130,15,2052,349,50,2218,419,57,Finisher,1522
Max,Nyberg,Max Nyberg,2104,M30-34,Male,Tygelsjö,Skåne,Sweden,SE,1:19:33,6:07:39,6:41:35,0:09:54,0:14:11,14:32:52,4773,22059,24095,594,851,52372,2219,1800,297,1385,1161,192,1586,1359,222,2219,1800,297,Finisher,1000
Erik,Jacobsson,Erik Jacobsson,2576,M25-29,Male,Bankeryd,Jönköping,Sweden,SE,1:22:17,6:52:33,6:00:38,0:07:05,0:10:38,14:33:12,4937,24753,21638,425,638,52392,2220,1801,301,1573,1300,227,2115,1746,289,2220,1801,301,Finisher,1000
Mari,Seppä,Mari Seppä,1662,F55-59,Female,Sastamala,,Finland,FI,1:33:34,6:45:05,6:04:12,0:05:20,0:05:08,14:33:18,5614,24305,21852,320,308,52398,2221,420,17,2130,407,20,2137,376,16,2221,420,17,Finisher,2448
Edvin,Persson,Edvin Persson,1821,M18-24,Male,um,Västerbotten,Sudan,SD,1:51:43,6:52:22,5:25:25,0:10:35,0:13:20,14:33:24,6703,24742,19525,635,800,52404,2222,1802,211,2403,1929,223,2333,1890,214,2222,1802,211,Finisher,1000
Nupur,Shikhare,Nupur Shikhare,1029,M40-44,Male,Mumbai,,India,IN,1:29:22,6:30:04,6:18:12,0:07:04,0:08:44,14:33:27,5362,23404,22692,424,524,52407,2223,1803,194,1954,1593,160,1962,1633,169,2223,1803,194,Finisher,1000
Oskar,Pieńkowski,Oskar Pieńkowski,2558,M25-29,Male,Zawonia,Lower Silesia,Poland,PL,1:18:49,6:45:37,6:04:50,0:08:48,0:15:33,14:33:37,4729,24337,21890,528,933,52417,2224,1804,302,1330,1113,195,2031,1686,282,2224,1804,302,Finisher,1000
Jonas,Noureddine,Jonas Noureddine,1915,M25-29,Male,Berlin,Berlin,Germany,DE,1:31:54,6:20:04,6:22:54,0:08:28,0:10:19,14:33:39,5514,22804,22974,508,619,52419,2225,1805,303,2066,1681,285,1889,1577,266,2225,1805,303,Finisher,1000
Caroline,Gahne,Caroline Gahne,2251,F45-49,Female,Årsta,,Sweden,SE,1:35:11,6:00:39,6:33:58,0:13:53,0:10:28,14:34:09,5711,21639,23638,833,628,52449,2226,421,58,2169,416,57,1756,264,34,2226,421,58,Finisher,1505
Julian,Brady,Julian Brady,2112,M25-29,Male,Manly West,AU-QLD,Australia,AU,1:28:14,7:08:08,5:41:33,0:10:04,0:06:12,14:34:11,5294,25688,20493,604,372,52451,2227,1806,304,1904,1549,260,2289,1865,310,2227,1806,304,Finisher,1000
Vilgot,Löfgren,Vilgot Löfgren,1064,M18-24,Male,Kalmar,Kalmar,Sweden,SE,1:19:00,7:25:51,5:34:13,0:08:47,0:06:30,14:34:20,4740,26751,20053,527,390,52460,2228,1807,212,1342,1124,142,2322,1883,213,2228,1807,212,Finisher,1000
Jesper,Olsson,Jesper Olsson,356,M30-34,Male,Färjestaden,KALMAR LAN [SE-08],Sweden,SE,1:39:13,7:10:29,5:20:01,0:13:30,0:11:14,14:34:27,5953,25829,19201,810,674,52467,2229,1808,298,2267,1823,295,2360,1910,313,2229,1808,298,Finisher,1000
Veronica,Kurzbaum Dahlberg,Veronica Kurzbaum Dahlberg,574,F50-54,Female,Nyköping,SE-D,Sweden,SE,1:33:53,7:09:36,5:32:56,0:11:05,0:06:58,14:34:29,5633,25776,19976,665,418,52469,2230,422,43,2139,410,39,2332,443,43,2230,422,43,Finisher,2197
Simon,Stark,Simon Stark,391,M40-44,Male,Göteborg,,Sweden,SE,1:54:12,7:24:38,5:03:34,0:05:38,0:06:37,14:34:39,6852,26678,18214,338,397,52479,2231,1809,195,2419,1943,205,2413,1943,205,2231,1809,195,Finisher,1000
Louis,Burgi,Louis Burgi,2438,M30-34,Male,KOPPARBERG,Örebro,Sweden,SE,1:35:54,6:54:01,5:43:25,0:09:11,0:12:10,14:34:40,5754,24841,20605,551,730,52480,2232,1810,299,2189,1768,283,2244,1829,297,2232,1810,299,Finisher,1000
Hanna,Johansson,Hanna Johansson,2216,F30-34,Female,Sala,,Sweden,SE,1:39:34,6:34:14,6:01:29,0:07:57,0:11:30,14:34:44,5974,23654,21689,477,690,52484,2233,423,52,2278,448,57,2111,369,46,2233,423,52,Finisher,1415
Sabrina,Tigges,Sabrina Tigges,1659,F45-49,Female,Sundern,NW,Germany,DE,1:39:08,6:57:06,5:42:02,0:08:15,0:08:33,14:35:03,5948,25026,20522,495,513,52503,2234,424,59,2265,444,62,2277,422,58,2234,424,59,Finisher,1494
Måns,Möller,Måns Möller,2008,M50-54,Male,STOCKHOLM,,Sweden,SE,1:48:17,6:43:03,5:49:56,0:07:01,0:06:51,14:35:08,6497,24183,20996,421,411,52508,2235,1811,184,2373,1906,201,2239,1827,198,2235,1811,184,Finisher,1143
Tilde,Stenquist,Tilde Stenquist,633,F18-24,Female,Åkersberga,SE-AB,Sweden,SE,1:15:53,7:04:31,6:03:51,0:04:17,0:06:41,14:35:12,4553,25471,21831,257,401,52512,2236,425,28,1092,163,10,2147,381,25,2236,425,28,Finisher,1317
Julia,Madejska,Julia Madejska,924,F25-29,Female,Kalmar,Kalmar,Sweden,SE,1:31:29,6:25:27,5:55:44,0:07:42,0:35:08,14:35:30,5489,23127,21344,462,2108,52530,2237,426,79,2048,381,69,1935,325,60,2237,426,79,Finisher,1129
Peerapong,Peerachotiwatra,Peerapong Peerachotiwatra,782,M45-49,Male,Jomthong Jomthong,,Thailand,TH,1:50:28,6:26:54,5:57:47,0:11:39,0:08:48,14:35:36,6628,23214,21467,699,528,52536,2238,1812,186,2391,1919,193,2182,1788,188,2238,1812,186,Finisher,1000
Nikolaos,Georgiadis,Nikolaos Georgiadis,1509,M45-49,Male,Espoo,,Finland,FI,1:32:42,6:33:47,6:15:04,0:08:13,0:06:12,14:35:57,5562,23627,22504,493,372,52557,2239,1813,187,2101,1705,173,2041,1693,178,2239,1813,187,Finisher,1000
Karl Johan,Nilunger,Karl Johan Nilunger,1640,M18-24,Male,Malmö,Skåne,Sweden,SE,1:51:58,7:35:01,4:50:24,0:12:28,0:06:54,14:36:45,6718,27301,17424,748,414,52605,2240,1814,213,2407,1933,224,2436,1957,225,2240,1814,213,Finisher,1000
Vanessa,Bernitt,Vanessa Bernitt,812,F30-34,Female,Schöningen,DE-NI,Germany,DE,1:08:14,7:11:06,5:53:36,0:11:27,0:12:27,14:36:50,4094,25866,21216,687,747,52610,2241,427,53,522,82,17,2195,398,51,2241,427,53,Finisher,1389
Abdulrahman,Alyafei,Abdulrahman Alyafei,896,M30-34,Male,Home 60,warmińsko-mazurskie,Qatar,QA,1:38:54,6:28:22,6:10:28,0:05:01,0:14:20,14:37:05,5934,23302,22228,301,860,52625,2242,1815,300,2257,1815,293,2017,1674,273,2242,1815,300,Finisher,1000
Alexander,Westerlund,Alexander Westerlund,1878,M30-34,Male,Göteborg,Västra Götaland,Sweden,SE,1:42:35,6:58:26,5:24:09,0:13:46,0:18:25,14:37:21,6155,25106,19449,826,1105,52641,2243,1816,301,2319,1866,301,2335,1892,310,2243,1816,301,Finisher,1000
Tomp,Ostgardh,Tomp Ostgardh,2753,M35-39,Male,Mölnlycke,,Sweden,SE,1:43:13,6:27:28,6:00:50,0:15:03,0:11:02,14:37:37,6193,23248,21650,903,662,52657,2244,1817,198,2325,1871,199,2154,1771,189,2244,1817,198,Finisher,1000
Malin ,Conde ,Malin Conde,1702,F50-54,Female,Knivsta ,Uppsala Län,Sweden,SE,1:35:24,7:16:53,5:22:28,0:07:14,0:16:13,14:38:11,5724,26213,19348,434,973,52691,2245,428,44,2180,420,43,2351,447,46,2245,428,44,Finisher,2152
Anders,Karlsson,Anders Karlsson,1094,M55-59,Male,Borgholm ,,Sweden,SE,1:34:19,6:24:03,6:00:53,0:14:28,0:24:31,14:38:14,5659,23043,21653,868,1471,52694,2246,1818,128,2145,1734,130,2027,1682,126,2246,1818,128,Finisher,1468
James,Mcdiarmid,James Mcdiarmid,2324,M60-64,Male,Callington,GB-CON,United Kingdom,GB,1:35:03,6:01:38,6:37:55,0:10:03,0:14:02,14:38:41,5703,21698,23875,603,842,52721,2247,1819,45,2168,1753,46,1723,1464,33,2247,1819,45,Finisher,1570
Johan,Liedberg,Johan Liedberg,1164,M50-54,Male,Svedala,Skåne,Sweden,SE,1:34:23,6:10:37,6:30:51,0:13:45,0:09:25,14:39:00,5663,22237,23451,825,565,52740,2248,1820,185,2148,1737,175,1863,1561,166,2248,1820,185,Finisher,1097
Johan,Brandsten,Johan Brandsten,1762,M50-54,Male,Veberöd,,Sweden,SE,1:32:56,6:51:39,5:51:51,0:11:35,0:11:21,14:39:22,5576,24699,21111,695,681,52762,2249,1821,186,2108,1709,173,2232,1822,197,2249,1821,186,Finisher,1093
Rasmus,Svärd Wennergren ,Rasmus Svärd Wennergren,2613,M30-34,Male,Lindome,,Sweden,SE,1:42:58,6:46:07,5:41:44,0:13:29,0:15:07,14:39:25,6178,24367,20504,809,907,52765,2250,1822,302,2322,1869,302,2266,1847,303,2250,1822,302,Finisher,1000
Elof ,Fager,Elof Fager,811,M18-24,Male,39244,Kalmar,Sweden,SE,1:29:12,6:43:14,6:05:11,0:08:19,0:13:41,14:39:36,5352,24194,21911,499,821,52776,2251,1823,214,1944,1583,192,2102,1738,202,2251,1823,214,Finisher,1000
Freddy,Burenby,Freddy Burenby,1474,M30-34,Male,Rockneby,KALMAR LAN [SE-08],Sweden,SE,1:31:29,6:23:24,6:24:11,0:08:13,0:12:36,14:39:53,5489,23004,23051,493,756,52793,2252,1824,303,2049,1668,269,1918,1597,262,2252,1824,303,Finisher,1000
Henrik,Hallenberg,Henrik Hallenberg,2433,M55-59,Male,Lindome,SE-O,Sweden,SE,1:25:31,6:12:44,6:39:19,0:09:02,0:13:54,14:40:30,5131,22364,23959,542,834,52830,2253,1825,129,1757,1441,95,1731,1472,104,2253,1825,129,Finisher,1441
Kores,Luykx,Kores Luykx,2027,M25-29,Male,Keerbergen,Flemish Region,Belgium,BE,1:31:34,6:18:43,6:31:18,0:09:22,0:09:44,14:40:42,5494,22723,23478,562,584,52842,2254,1826,305,2052,1670,284,1879,1571,265,2254,1826,305,Finisher,1000
Erik,Pärleborn,Erik Pärleborn,1117,M25-29,Male,Ytterby,,Sweden,SE,1:29:27,6:50:52,5:59:43,0:12:06,0:08:45,14:40:54,5367,24652,21583,726,525,52854,2255,1827,306,1962,1598,269,2204,1804,301,2255,1827,306,Finisher,1000
WIlliam,Lindblom,WIlliam Lindblom,1534,M18-24,Male,Varberg,HALLANDS LAN [SE-13],Sweden,SE,1:47:59,6:36:56,5:59:27,0:10:09,0:06:40,14:41:11,6479,23816,21567,609,400,52871,2256,1828,215,2368,1904,219,2224,1818,209,2256,1828,215,Finisher,1000
Olivier,Bechi,Olivier Bechi,2594,M50-54,Male,PARIS,FR-IDF,France,FR,1:39:10,6:14:51,6:29:55,0:09:00,0:09:47,14:42:43,5950,22491,23395,540,587,52963,2257,1829,187,2266,1822,188,1916,1596,170,2257,1829,187,Finisher,1052
Maria,Nilsson,Maria Nilsson,2739,F40-44,Female,Sundsvall,,Sweden,SE,2:01:42,6:58:10,5:18:54,0:14:05,0:10:21,14:43:11,7302,25090,19134,845,621,52991,2258,429,64,2439,481,69,2392,464,66,2258,429,64,Finisher,1000
Tobias,Guldstrand,Tobias Guldstrand,407,M35-39,Male,Borås,VASTRA GOTALANDS LAN [SE-14],Sweden,SE,1:35:25,6:36:03,6:12:32,0:08:25,0:11:15,14:43:40,5725,23763,22352,505,675,53020,2259,1830,199,2182,1762,191,2089,1732,182,2259,1830,199,Finisher,1000
Darren,Nice,Darren Nice,1988,M50-54,Male,Southampton,GB-HAM,United Kingdom,GB,1:57:20,6:16:00,6:10:47,0:07:58,0:11:55,14:44:00,7040,22560,22247,478,715,53040,2260,1831,188,2430,1953,207,2107,1740,185,2260,1831,188,Finisher,1037
Matt,Morten,Matt Morten,1766,M45-49,Male,Saint-Remy-de-Provence,WIL,United Kingdom,GB,1:19:44,7:16:53,5:50:55,0:09:39,0:07:18,14:44:29,4784,26213,21055,579,438,53069,2261,1832,188,1401,1176,122,2287,1863,194,2261,1832,188,Finisher,1000
Jörgen,Wimmer,Jörgen Wimmer,481,M50-54,Male,Läckeby,SE-H,Sweden,SE,1:23:55,6:47:42,6:11:04,0:11:03,0:11:29,14:45:12,5035,24462,22264,663,689,53112,2262,1833,189,1680,1387,137,2125,1754,187,2262,1833,189,Finisher,1023
Viktor,Johnrén,Viktor Johnrén,713,M25-29,Male,Kalmar,,Sweden,SE,1:20:17,5:46:53,7:17:04,0:10:51,0:10:12,14:45:16,4817,20813,26224,651,612,53116,2263,1834,307,1440,1205,208,1296,1128,192,2263,1834,307,Finisher,1000
Pilvi,Mäntylä,Pilvi Mäntylä,1435,F40-44,Female,Parkano,Parkano,Finland,FI,1:37:52,6:48:07,6:02:59,0:07:56,0:09:10,14:46:05,5872,24487,21779,476,550,53165,2264,430,65,2233,436,63,2210,401,63,2264,430,65,Finisher,1000
Jonathan ,Lundin,Jonathan Lundin,1447,M30-34,Male,Stockholm ,Stockholm,Sweden,SE,1:48:59,6:50:14,5:54:24,0:06:35,0:06:06,14:46:17,6539,24614,21264,395,366,53177,2265,1835,304,2381,1912,312,2283,1860,304,2265,1835,304,Finisher,1000
Fredrik,Nilert,Fredrik Nilert,2002,M65-69,Male,Stockholm,SE-AB,Sweden,SE,1:29:08,7:01:22,5:52:31,0:14:05,0:09:34,14:46:40,5348,25282,21151,845,574,53200,2266,1836,7,1940,1580,4,2278,1856,8,2266,1836,7,Finisher,2573
Ewen,Quistrebert,Ewen Quistrebert,2378,M25-29,Male,Sulniac,Morbihan,France,FR,1:39:44,7:17:48,5:25:48,0:11:52,0:11:33,14:46:44,5984,26268,19548,712,693,53204,2267,1837,308,2281,1833,309,2380,1919,315,2267,1837,308,Finisher,1000
Ann,Korzonek,Ann Korzonek,748,F40-44,Female,Rockneby,Kalmar,Sweden,SE,1:26:03,7:04:43,5:59:44,0:08:01,0:08:32,14:47:04,5163,25483,21584,481,512,53224,2268,431,66,1781,325,45,2241,413,64,2268,431,66,Finisher,1000
Annie,Jonsson,Annie Jonsson,499,F25-29,Female,Kalmar,KALMAR LAN [SE-08],Sweden,SE,1:16:53,7:07:23,6:03:23,0:10:11,0:09:57,14:47:47,4613,25643,21803,611,597,53267,2269,432,80,1175,179,32,2218,405,70,2269,432,80,Finisher,1000
Roger,Nilsson,Roger Nilsson,543,M55-59,Male,Luleå,,Sweden,SE,1:28:17,6:02:48,6:56:18,0:10:50,0:09:35,14:47:48,5297,21768,24978,650,575,53268,2270,1838,130,1906,1551,107,1659,1413,98,2270,1838,130,Finisher,1353
Toyomi,Takeda,Toyomi Takeda,847,M60-64,Male,sendai aobaku dainohara,JP-JP-04,Japan,JP,1:36:20,7:48:26,4:56:36,0:14:59,0:11:31,14:47:51,5780,28106,17796,899,691,53271,2271,1839,46,2205,1780,47,2437,1958,59,2271,1839,46,Finisher,1460
Sara,Strand,Sara Strand,476,F50-54,Female,Kalmar,,Sweden,SE,1:16:13,6:15:01,6:58:08,0:10:10,0:08:30,14:48:03,4573,22501,25088,610,510,53283,2272,433,45,1113,167,13,1649,246,23,2272,433,45,Finisher,2034
Jonas,Rydhage,Jonas Rydhage,2103,M45-49,Male,oskarshamn,,Sweden,SE,1:33:17,6:24:45,6:35:39,0:06:18,0:08:39,14:48:38,5597,23085,23739,378,519,53318,2273,1840,189,2124,1720,174,1932,1609,171,2273,1840,189,Finisher,1000
Jenny,Bengtsson,Jenny Bengtsson,536,F35-39,Female,Gunnarn,SE-AC,Sweden,SE,1:38:38,6:39:06,6:20:19,0:06:44,0:04:27,14:49:13,5918,23946,22819,404,267,53353,2274,434,53,2249,440,51,2145,380,41,2274,434,53,Finisher,1933
Björn,Relefors,Björn Relefors,829,M70-74,Male,Hudiksvall,SE-X,Sweden,SE,1:34:58,6:11:50,6:45:19,0:09:22,0:07:52,14:49:21,5698,22310,24319,562,472,53361,2275,1841,3,2162,1747,2,1827,1535,2,2275,1841,3,Finisher,3275
Helge,Seeck,Helge Seeck,1193,F60-64,Female,Nienburg,DE-NI,Germany,DE,1:30:02,7:16:07,5:50:38,0:07:52,0:05:43,14:50:22,5402,26167,21038,472,343,53422,2276,435,7,1988,369,4,2327,441,7,2276,435,7,Finisher,3248
Filip,Särnehed,Filip Särnehed,2258,M30-34,Male,Örebro,Örebro,Sweden,SE,2:16:49,6:30:19,5:49:40,0:06:08,0:07:27,14:50:23,8209,23419,20980,368,447,53423,2277,1842,305,2448,1966,324,2321,1882,307,2277,1842,305,Finisher,1000
Allison,Pastewka,Allison Pastewka,788,F30-34,Female,Denver,CO,Canada,CA,1:25:24,6:49:20,6:17:03,0:06:10,0:12:33,14:50:31,5124,24560,22623,370,753,53431,2278,436,54,1754,316,43,2104,365,45,2278,436,54,Finisher,1225
Mikael,Front,Mikael Front,1119,M60-64,Male,Kalmar,Kalmar,Sweden,SE,1:44:53,6:46:49,5:47:26,0:14:14,0:17:28,14:50:50,6293,24409,20846,854,1048,53450,2279,1843,47,2347,1888,57,2284,1861,49,2279,1843,47,Finisher,1424
Klas,Svensson,Klas Svensson,930,M60-64,Male,Solna,STOCKHOLMS LAN [SE-01],Sweden,SE,1:44:17,7:35:16,5:12:26,0:09:24,0:09:40,14:51:03,6257,27316,18746,564,580,53463,2280,1844,48,2345,1886,56,2420,1949,58,2280,1844,48,Finisher,1422
Anton,Eriksson,Anton Eriksson,775,M30-34,Male,Arvika,Värmland,Sweden,SE,2:02:50,6:48:43,5:33:49,0:10:53,0:15:22,14:51:37,7370,24523,20029,653,922,53497,2281,1845,306,2444,1963,323,2356,1907,312,2281,1845,306,Finisher,1000
Martin,Bertilsson,Martin Bertilsson,463,M40-44,Male,Ljungbyholm,Kalmar,Sweden,SE,1:23:03,7:05:10,6:01:32,0:15:52,0:06:02,14:51:38,4983,25510,21692,952,362,53498,2282,1846,196,1618,1335,136,2276,1855,199,2282,1846,196,Finisher,1000
Maja-Stina,Sundin,Maja-Stina Sundin,2704,F18-24,Female,Uppsala,Uppsala Län,Sweden,SE,1:49:22,7:34:01,5:16:34,0:05:27,0:06:15,14:51:39,6562,27241,18994,327,375,53499,2283,437,29,2384,471,32,2419,471,32,2283,437,29,Finisher,1119
Simon,Cederblad,Simon Cederblad,1839,M30-34,Male,Vega,STOCKHOLMS LAN [SE-01],Sweden,SE,1:20:54,7:11:43,6:03:46,0:08:34,0:06:55,14:51:51,4854,25903,21826,514,415,53511,2284,1847,307,1480,1232,206,2260,1843,301,2284,1847,307,Finisher,1000
Abbie,Wilson,Abbie Wilson,2428,F30-34,Female,Bolton,GB-GB-GREAT BRITAIN,United Kingdom,GB,1:21:57,6:46:27,6:29:22,0:05:42,0:08:26,14:51:54,4917,24387,23362,342,506,53514,2285,438,55,1550,269,37,2036,348,40,2285,438,55,Finisher,1209
Alex,Persechino,Alex Persechino,2320,F30-34,Female,Clitheroe,England,United Kingdom,GB,1:19:57,6:52:27,6:20:50,0:08:19,0:10:27,14:51:59,4797,24747,22850,499,627,53519,2286,439,56,1417,230,30,2099,362,44,2286,439,56,Finisher,1208
Oskar,Scholander,Oskar Scholander,1810,M25-29,Male,Stockholm,Stockholm,Sweden,SE,1:24:00,6:34:21,6:31:41,0:09:19,0:12:45,14:52:06,5040,23661,23501,559,765,53526,2287,1848,309,1685,1392,239,1974,1642,274,2287,1848,309,Finisher,1000
Torbjörn,WINGÅRDH,Torbjörn WINGÅRDH,2545,M60-64,Male,Bromma,,Sweden,SE,1:31:15,6:54:26,6:11:11,0:07:12,0:08:08,14:52:11,5475,24866,22271,432,488,53531,2288,1849,49,2041,1664,40,2206,1806,45,2288,1849,49,Finisher,1408
Thorsten,Rath,Thorsten Rath,661,M40-44,Male,Much,NRW,Germany,DE,1:37:55,6:37:42,6:22:14,0:08:39,0:07:01,14:53:31,5875,23862,22934,519,421,53611,2289,1850,197,2235,1799,189,2143,1765,188,2289,1850,197,Finisher,1000
Måns,Tigerberg,Måns Tigerberg,350,M18-24,Male,Lidköping,Västra Götaland,Sweden,SE,1:10:16,7:17:51,6:09:58,0:07:02,0:08:28,14:53:35,4216,26271,22198,422,508,53615,2290,1851,216,648,553,65,2225,1819,210,2290,1851,216,Finisher,1000
Per ,Sundgren ,Per Sundgren,452,M55-59,Male,Hässleholm ,,Sweden,SE,1:47:52,7:05:26,5:35:29,0:09:29,0:15:28,14:53:44,6472,25526,20129,569,928,53624,2291,1852,131,2366,1902,142,2359,1909,139,2291,1852,131,Finisher,1282
Anders,Tollerød,Anders Tollerød,2581,M25-29,Male,Sandefjord,Vestfold,Norway,NO,1:30:55,7:04:57,6:00:45,0:10:13,0:07:29,14:54:19,5455,25497,21645,613,449,53659,2292,1853,310,2027,1651,280,2285,1862,309,2292,1853,310,Finisher,1000
Rickard,Karlsson,Rickard Karlsson,1862,M25-29,Male,Karlstad,Värmland,Sweden,SE,1:48:38,7:25:13,5:20:31,0:09:48,0:10:35,14:54:45,6518,26713,19231,588,635,53685,2293,1854,311,2380,1911,313,2411,1941,318,2293,1854,311,Finisher,1000
Elias,Lindqvist ,Elias Lindqvist,2599,M18-24,Male,Kalmar ,Kalmar,Sweden,SE,1:48:23,7:24:35,5:24:16,0:10:06,0:07:45,14:55:04,6503,26675,19456,606,465,53704,2294,1855,217,2375,1907,220,2409,1939,221,2294,1855,217,Finisher,1000
Patrik,Johansson,Patrik Johansson,1948,M55-59,Male,Värnamo,SE-F,Sweden,SE,1:38:55,6:09:57,6:38:28,0:15:51,0:12:40,14:55:52,5935,22197,23908,951,760,53752,2295,1856,132,2258,1816,137,1938,1613,118,2295,1856,132,Finisher,1256
Joakim,Warming,Joakim Warming,1276,M30-34,Male,Helsingborg,Skåne Län,Sweden,SE,1:40:33,6:43:35,6:09:24,0:13:22,0:09:48,14:56:41,6033,24215,22164,802,588,53801,2296,1857,308,2290,1842,298,2236,1824,294,2296,1857,308,Finisher,1000
Lovisa,Åsén,Lovisa Åsén,359,F50-54,Female,Örby,SE-O,Sweden,SE,1:28:02,7:12:00,6:02:18,0:06:58,0:07:44,14:57:01,5282,25920,21738,418,464,53821,2297,440,46,1893,353,34,2292,426,41,2297,440,46,Finisher,1926
Steffen,Rettig,Steffen Rettig,994,M55-59,Male,Leipzig,SN,Germany,DE,1:25:11,6:35:03,6:38:23,0:08:29,0:10:11,14:57:17,5111,23703,23903,509,611,53837,2298,1858,133,1746,1433,93,1980,1646,123,2298,1858,133,Finisher,1239
Seppo,Lahtinen,Seppo Lahtinen,1656,M50-54,Male,Pirkkala,,Finland,FI,1:37:39,7:09:54,5:52:12,0:09:21,0:08:26,14:57:33,5859,25794,21132,561,506,53853,2299,1859,190,2230,1797,184,2341,1896,202,2299,1859,190,Finisher,1000
Maja,Persson,Maja Persson,2453,F25-29,Female,Lund,Skåne,Sweden,SE,1:32:32,7:22:16,5:41:09,0:09:57,0:11:40,14:57:34,5552,26536,20469,597,700,53854,2300,441,81,2093,396,73,2364,454,82,2300,441,81,Finisher,1000
Emil,Berglund,Emil Berglund,2295,M35-39,Male,Huddinge,Stockholm,Sweden,SE,1:35:13,7:09:12,5:41:11,0:17:37,0:14:38,14:57:50,5713,25752,20471,1057,878,53870,2301,1860,200,2170,1754,190,2354,1905,203,2301,1860,200,Finisher,1000
Malin,Svensson ,Malin Svensson,2460,F18-24,Female,Rånäs ,Stockholm,Sweden,SE,1:18:07,7:38:09,5:44:47,0:07:02,0:10:16,14:58:21,4687,27489,20687,422,616,53901,2302,442,30,1282,206,15,2361,451,31,2302,442,30,Finisher,1039
Marcus,Källström,Marcus Källström,1757,M25-29,Male,Täby,Stockholm,Sweden,SE,1:23:51,6:52:02,6:29:02,0:05:34,0:08:05,14:58:33,5031,24722,23342,334,485,53913,2303,1861,312,1673,1383,236,2108,1741,288,2303,1861,312,Finisher,1000
Linn,Gustafsson,Linn Gustafsson,1363,F18-24,Female,Kalmar,Kalmar,Sweden,SE,1:32:30,6:59:51,6:06:44,0:11:28,0:08:04,14:58:37,5550,25191,22004,688,484,53917,2304,443,31,2089,395,27,2273,421,29,2304,443,31,Finisher,1036
Sofus,Brahde Nørager,Sofus Brahde Nørager,341,M25-29,Male,Aarhus c,Central Jutland,Denmark,DK,1:36:48,6:39:19,6:25:54,0:10:23,0:06:25,14:58:49,5808,23959,23154,623,385,53929,2305,1862,313,2215,1786,301,2162,1775,294,2305,1862,313,Finisher,1000
Angelica,Sundberg,Angelica Sundberg,1959,F35-39,Female,Gävle,,Sweden,SE,1:50:45,6:50:00,5:59:21,0:08:40,0:11:20,15:00:06,6645,24600,21561,520,680,54006,2306,444,54,2395,473,55,2301,431,52,2306,444,54,Finisher,1802
David,Mccarthy,David Mccarthy,1153,M55-59,Male,cork,Cork,Ireland,IE,1:22:30,6:34:52,6:47:26,0:09:55,0:05:54,15:00:37,4950,23692,24446,595,354,54037,2307,1863,134,1589,1311,88,1970,1638,122,2307,1863,134,Finisher,1199
Mattias,Bertilson,Mattias Bertilson,2448,M30-34,Male,Handen,Stockholm,Sweden,SE,1:55:22,7:35:37,5:04:01,0:12:51,0:12:59,15:00:50,6922,27337,18241,771,779,54050,2308,1864,309,2421,1945,319,2442,1963,323,2308,1864,309,Finisher,1000
Emmie,Caine,Emmie Caine,1428,F25-29,Female,Ramsey,Isle of Man,Isle of Man,IM,1:23:07,7:21:03,5:59:45,0:09:03,0:09:04,15:02:01,4987,26463,21585,543,544,54121,2309,445,82,1623,284,52,2319,438,80,2309,445,82,Finisher,1000
Nuttanun,Pumsa-Ard,Nuttanun Pumsa-Ard,795,M50-54,Male,Tumbon pribang Ampher bangure,Nontaburi,Thailand,TH,1:28:49,6:59:02,6:12:48,0:12:14,0:09:15,15:02:09,5329,25142,22368,734,555,54129,2310,1865,191,1922,1567,156,2250,1834,199,2310,1865,191,Finisher,1000
Felicia,Andersson,Felicia Andersson,2513,F30-34,Female,Ystad ,Skåne,Sweden,SE,1:41:24,6:58:44,6:07:43,0:07:36,0:07:12,15:02:38,6084,25124,22063,456,432,54158,2311,446,57,2297,451,59,2295,427,55,2311,446,57,Finisher,1080
Sanna,Jokela,Sanna Jokela,988,F55-59,Female,Kannus,Kannus,Finland,FI,1:20:31,6:47:55,6:39:28,0:08:16,0:06:49,15:02:59,4831,24475,23968,496,409,54179,2312,447,18,1454,241,12,2062,353,15,2312,447,18,Finisher,2092
Andrea,Roberts,Andrea Roberts,292,F65-69,Female,Preston,LAN,United Kingdom,GB,1:48:25,7:05:29,5:52:29,0:07:32,0:09:13,15:03:08,6505,25529,21149,452,553,54188,2313,448,2,2376,469,2,2353,449,2,2313,448,2,Finisher,3554
Paulius,Vitonis,Paulius Vitonis,1396,M30-34,Male,Uzliedziai,foreigner,Lithuania,LT,1:44:41,7:31:07,5:34:14,0:06:24,0:06:51,15:03:17,6281,27067,20054,384,411,54197,2314,1866,310,2346,1887,305,2407,1938,318,2314,1866,310,Finisher,1000
Anna,Bäckman,Anna Bäckman,687,F50-54,Female,Mönsterås,,Sweden,SE,1:30:14,6:35:42,6:34:53,0:10:08,0:12:54,15:03:50,5414,23742,23693,608,774,54230,2315,449,47,1996,371,36,2058,351,35,2315,449,47,Finisher,1844
Rasmus,Barth,Rasmus Barth,1577,M18-24,Male,Torslanda,Västra Götaland,Sweden,SE,1:27:45,6:47:41,5:55:09,0:08:41,0:44:35,15:03:51,5265,24461,21309,521,2675,54231,2316,1867,218,1874,1526,185,2140,1764,204,2316,1867,218,Finisher,1000
Christopher,Claesson,Christopher Claesson,1344,M18-24,Male,Linköping,,Sweden,SE,1:17:03,7:24:47,6:05:57,0:09:30,0:06:50,15:04:07,4623,26687,21957,570,410,54247,2317,1868,219,1189,1005,123,2310,1877,212,2317,1868,219,Finisher,1000
Eevi,Rytkölä,Eevi Rytkölä,1683,F30-34,Female,Helsinki,Uusimaa,Finland,FI,1:13:50,7:43:44,5:40:57,0:11:23,0:14:18,15:04:12,4430,27824,20457,683,858,54252,2318,450,58,932,142,24,2378,461,58,2318,450,58,Finisher,1061
Kristofer,Bodén,Kristofer Bodén,677,M30-34,Male,Lenhovda,SE-G,Sweden,SE,1:36:56,6:35:37,6:37:05,0:05:58,0:08:40,15:04:17,5816,23737,23825,358,520,54257,2319,1869,311,2218,1788,286,2077,1721,283,2319,1869,311,Finisher,1000
Martin,Eriksson,Martin Eriksson,2068,M30-34,Male,Oslo,Oslo,Norway,NO,1:22:47,6:19:11,6:59:55,0:10:18,0:12:11,15:04:21,4967,22751,25195,618,731,54261,2320,1870,312,1606,1324,221,1779,1506,247,2320,1870,312,Finisher,1000
Mia,Jonsson,Mia Jonsson,562,F50-54,Female,Karlskrona,SE-K,Sweden,SE,1:27:03,6:43:51,6:31:41,0:09:45,0:12:04,15:04:23,5223,24231,23501,585,724,54263,2321,451,48,1839,342,32,2097,361,37,2321,451,48,Finisher,1838
Dan,Sundström,Dan Sundström,938,M50-54,Male,Kalmar,,Sweden,SE,1:32:04,7:01:39,5:53:54,0:20:37,0:16:53,15:05:07,5524,25299,21234,1237,1013,54307,2322,1871,192,2073,1685,168,2331,1889,201,2322,1871,192,Finisher,1000
Ross,Belhomme,Ross Belhomme,1322,M40-44,Male,Zürich,ZH,United Kingdom,GB,1:28:54,7:19:39,6:01:47,0:09:43,0:05:23,15:05:26,5334,26379,21707,583,323,54326,2323,1872,198,1928,1572,157,2346,1901,201,2323,1872,198,Finisher,1000
Li,Persson,Li Persson,453,F18-24,Female,Kalmar,KALMAR LAN [SE-08],Sweden,SE,1:32:50,6:46:03,6:28:42,0:08:09,0:09:46,15:05:30,5570,24363,23322,489,586,54330,2324,452,32,2107,399,28,2165,388,27,2324,452,32,Finisher,1000
Claudia,Beck Lidén,Claudia Beck Lidén,2221,F45-49,Female,Hudiksvall,GAVLEBORGS LAN [SE-21],Sweden,SE,1:29:42,7:28:05,5:55:03,0:07:25,0:05:27,15:05:41,5382,26885,21303,445,327,54341,2325,453,60,1967,365,51,2365,455,62,2325,453,60,Finisher,1127
Michelle,Trochez,Michelle Trochez,845,F30-34,Female,Bålsta,SE-C,Sweden,SE,1:29:24,7:27:04,5:54:35,0:07:45,0:06:59,15:05:47,5364,26824,21275,465,419,54347,2326,454,59,1958,363,47,2362,452,57,2326,454,59,Finisher,1042
Frank,Shipley,Frank Shipley,1342,M55-59,Male,PELISSANNE,BOUCHES-DU-RHONE,United Kingdom,GB,1:43:46,6:36:26,6:12:36,0:23:24,0:10:18,15:06:30,6226,23786,22356,1404,618,54390,2327,1873,135,2340,1882,141,2271,1851,135,2327,1873,135,Finisher,1129
Carl,Shipley,Carl Shipley,1343,M60-64,Male,Lambley,NOTTINGHAMSHIRE,United Kingdom,GB,1:57:19,6:35:19,6:12:37,0:12:22,0:08:53,15:06:31,7039,23719,22357,742,533,54391,2328,1874,50,2429,1952,59,2280,1857,48,2328,1874,50,Finisher,1236
Ian,Zambrell,Ian Zambrell,509,M25-29,Male,Kalmar,KALMAR LAN [SE-08],Sweden,SE,1:39:07,6:50:00,6:14:46,0:11:38,0:11:40,15:07:11,5947,24600,22486,698,700,54431,2329,1875,314,2264,1821,308,2257,1840,307,2329,1875,314,Finisher,1000
Dennis,Nyman,Dennis Nyman,2737,M45-49,Male,Kristianstad ,Skåne,Sweden,SE,1:53:35,6:16:03,6:39:26,0:08:42,0:09:29,15:07:15,6815,22563,23966,522,569,54435,2330,1876,190,2415,1940,195,2076,1720,182,2330,1876,190,Finisher,1000
Gino Domani,den Breejen,Gino Domani den Breejen,2301,M18-24,Male,Hardinxveld-Giessendam,ZUID-HOLLAND,Netherlands,NL,1:14:58,6:13:33,7:16:51,0:08:12,0:13:53,15:07:27,4498,22413,26211,492,833,54447,2331,1877,220,1020,867,108,1575,1349,148,2331,1877,220,Finisher,1000
Richard,Cooke,Richard Cooke,2119,M50-54,Male,ILKLEY,LEEDS,United Kingdom,GB,1:34:45,6:23:01,6:49:41,0:09:23,0:10:48,15:07:37,5685,22981,24581,563,648,54457,2332,1878,193,2158,1745,176,1969,1637,173,2332,1878,193,Finisher,1000
Tracey,Dyer,Tracey Dyer,1254,F55-59,Female,Weston-super-Mare,NORTH SOMERSET,United Kingdom,GB,1:12:05,7:11:23,6:21:30,0:12:40,0:10:29,15:08:08,4325,25883,22890,760,629,54488,2333,455,19,779,121,2,2231,410,19,2333,455,19,Finisher,2030
Lisanne,Jung-Zijlstra,Lisanne Jung-Zijlstra,1415,F30-34,Female,De Wilp,GRONINGEN,Netherlands,NL,1:20:47,6:39:51,6:56:40,0:05:38,0:05:32,15:08:28,4847,23991,25000,338,332,54508,2334,456,60,1472,247,32,1957,328,37,2334,456,60,Finisher,1010
Ella,Sundlöf,Ella Sundlöf,2488,F25-29,Female,Älta,Stockholm,Sweden,SE,1:33:09,7:24:57,5:53:56,0:08:26,0:08:06,15:08:34,5589,26697,21236,506,486,54514,2335,457,83,2116,402,75,2371,458,83,2335,457,83,Finisher,1000
Anton,Rydholm,Anton Rydholm,2507,M18-24,Male,Karlstad,VARMLANDS LAN [SE-17],Sweden,SE,1:31:34,7:18:58,6:00:30,0:08:03,0:10:17,15:09:23,5494,26338,21630,483,617,54563,2336,1879,221,2051,1669,203,2347,1902,216,2336,1879,221,Finisher,1000
Marius,Vanaswegen,Marius Vanaswegen,1122,M50-54,Male,Morpeth,NBL,United Kingdom,GB,1:13:42,7:08:37,6:33:53,0:06:45,0:06:38,15:09:35,4422,25717,23633,405,398,54575,2337,1880,194,919,779,73,2184,1790,194,2337,1880,194,Finisher,1000
Fredrik,Wiklund,Fredrik Wiklund,2665,M35-39,Male,Linköping,,Sweden,SE,1:45:33,6:54:26,6:09:40,0:10:02,0:10:04,15:09:44,6333,24866,22180,602,604,54584,2338,1881,201,2350,1890,202,2305,1874,199,2338,1881,201,Finisher,1000
Anish,Kulkarni,Anish Kulkarni,1316,M30-34,Male,Hampton Hill,Surrey,United Kingdom,GB,1:41:49,7:18:18,5:55:50,0:07:21,0:06:36,15:09:55,6109,26298,21350,441,396,54595,2339,1882,313,2305,1854,299,2374,1914,314,2339,1882,313,Finisher,1000
Emma,Åhrman,Emma Åhrman,563,F45-49,Female,Hjärup,,Sweden,SE,1:48:00,6:58:38,6:07:40,0:07:27,0:08:33,15:10:18,6480,25118,22060,447,513,54618,2340,458,61,2369,465,64,2329,442,60,2340,458,61,Finisher,1071
Christian,Grubhofer,Christian Grubhofer,1421,M50-54,Male,Kolsass,,Austria,AT,1:08:36,6:42:51,7:06:41,0:05:33,0:06:38,15:10:19,4116,24171,25601,333,398,54619,2341,1883,195,541,455,33,1839,1544,161,2341,1883,195,Finisher,1000
Augustin,Huvet,Augustin Huvet,1073,M30-34,Female,Paris,,France,FR,1:27:43,6:59:47,6:16:50,0:13:58,0:12:22,15:10:40,5263,25187,22610,838,742,54640,2342,1884,314,1870,1522,256,2261,1844,302,2342,1884,314,Finisher,1000
Martin,Gärdeman,Martin Gärdeman,379,M45-49,Male,Rockneby,SE-H,Sweden,SE,1:22:40,6:43:06,6:49:15,0:07:33,0:08:52,15:11:27,4960,24186,24555,453,532,54687,2343,1885,191,1595,1316,136,2033,1687,177,2343,1885,191,Finisher,1000
Luke,Hutchinson,Luke Hutchinson,831,M30-34,Male,Staithes,North Yorkshire ,United Kingdom,GB,1:28:50,7:59:00,5:29:38,0:09:22,0:04:47,15:11:36,5330,28740,19778,562,287,54696,2344,1886,315,1923,1568,263,2430,1953,321,2344,1886,315,Finisher,1000
Anna,Siggelin,Anna Siggelin,2129,F55-59,Female,Västerås,,Sweden,SE,1:19:29,7:02:40,6:32:38,0:06:45,0:10:41,15:12:12,4769,25360,23558,405,641,54732,2345,459,20,1378,224,8,2179,393,17,2345,459,20,Finisher,1981
Johannes,Zifle,Johannes Zifle,1621,M40-44,Male,Pulheim,NW,Germany,DE,1:48:30,7:04:35,6:03:33,0:09:19,0:06:33,15:12:31,6510,25475,21813,559,393,54751,2346,1887,199,2378,1909,201,2355,1906,202,2346,1887,199,Finisher,1000
Jan,Müller,Jan Müller,1440,M55-59,Male,Kassel,DE-HESSEN,Germany,DE,1:36:03,7:18:30,5:52:42,0:14:33,0:10:49,15:12:38,5763,26310,21162,873,649,54758,2347,1888,136,2194,1772,133,2379,1918,141,2347,1888,136,Finisher,1055
Carl,Barbäck,Carl Barbäck,2298,M45-49,Male,Hässelby,,Sweden,SE,1:51:24,6:39:49,6:17:13,0:12:48,0:11:55,15:13:08,6684,23989,22633,768,715,54788,2348,1889,192,2399,1925,194,2275,1854,193,2348,1889,192,Finisher,1000
Isak,Lothe,Isak Lothe,746,M18-24,Male,Gothenburg,SE-O,Norway,NO,1:10:33,6:13:12,7:33:50,0:06:38,0:09:08,15:13:20,4233,22392,27230,398,548,54800,2349,1890,222,673,571,68,1477,1280,137,2349,1890,222,Finisher,1000
Moegi,Shirakawa,Moegi Shirakawa,912,F45-49,Female,Tokyo,JP-13,Japan,JP,1:23:27,7:23:57,5:58:10,0:17:13,0:11:08,15:13:55,5007,26637,21490,1033,668,54835,2350,460,62,1646,288,34,2363,453,61,2350,460,62,Finisher,1028
Yvonne,Kishna,Yvonne Kishna,2100,F25-29,Female,Stockholm,,Netherlands,NL,1:23:34,8:09:36,5:30:22,0:06:15,0:04:22,15:14:09,5014,29376,19822,375,262,54849,2351,461,84,1657,290,54,2434,478,87,2351,461,84,Finisher,1000
Steven,Dahl,Steven Dahl,283,M40-44,Male,Nederland,US-TX,United States,US,1:44:06,6:50:10,6:24:35,0:09:00,0:06:34,15:14:26,6246,24610,23075,540,394,54866,2352,1891,200,2342,1884,198,2270,1850,197,2352,1891,200,Finisher,1000
Mazen,Jaroudi,Mazen Jaroudi,278,M40-44,Male,Riyadh,Al Olaya District,Saudi Arabia,SA,1:26:26,7:08:15,6:27:22,0:08:17,0:05:49,15:16:09,5186,25695,23242,497,349,54969,2353,1892,201,1808,1475,151,2268,1848,196,2353,1892,201,Finisher,1000
Sandra,Aigmüller,Sandra Aigmüller,654,F50-54,Female,Feldkirchen an der Donau,,Austria,AT,1:36:46,7:12:24,6:10:38,0:06:15,0:11:01,15:17:04,5806,25944,22238,375,661,55024,2354,462,49,2213,429,44,2336,444,44,2354,462,49,Finisher,1686
Lisa,Mellström,Lisa Mellström,640,F40-44,Female,Kalmar ,KALMAR LAN [SE-08],Sweden,SE,2:00:37,7:13:35,5:34:09,0:18:18,0:10:45,15:17:25,7237,26015,20049,1098,645,55045,2355,463,67,2437,480,68,2423,473,68,2355,463,67,Finisher,1000
Gustav,Johansson,Gustav Johansson,2752,M18-24,Male,Ronneby,Blekinge,Sweden,SE,1:49:54,7:26:07,5:39:06,0:12:12,0:10:22,15:17:40,6594,26767,20346,732,622,55060,2356,1893,223,2387,1915,221,2417,1947,223,2356,1893,223,Finisher,1000
Janne,Poikela,Janne Poikela,611,M45-49,Male,Färjesteden,SE,Sweden,SE,1:45:14,6:21:49,6:50:46,0:08:41,0:11:32,15:18:02,6314,22909,24646,521,692,55082,2357,1894,193,2348,1889,191,2053,1704,179,2357,1894,193,Finisher,1000
Sven,Klöppner,Sven Klöppner,1296,M45-49,Male,Köln,DE-NW,Germany,DE,1:22:15,6:59:45,6:29:10,0:07:40,0:19:15,15:18:05,4935,25185,23350,460,1155,55085,2358,1895,194,1572,1299,134,2191,1794,189,2358,1895,194,Finisher,1000
Christopher,Jeansson,Christopher Jeansson,2587,M35-39,Male,BÅSTAD,Skåne,Sweden,SE,1:53:58,7:22:56,5:45:39,0:07:46,0:07:51,15:18:09,6838,26576,20739,466,471,55089,2359,1896,202,2417,1941,206,2414,1944,209,2359,1896,202,Finisher,1000
Giulia,Salierno,Giulia Salierno,2424,F25-29,Female,Bagsværd,Copenhagen,Italy,IT,1:35:20,7:57:25,5:19:27,0:13:29,0:12:31,15:18:12,5720,28645,19167,809,751,55092,2360,464,85,2178,419,79,2444,480,88,2360,464,85,Finisher,1000
Kristoffer,Karlsson,Kristoffer Karlsson,503,M60-64,Male,Kalmar,SE-H,Sweden,SE,1:31:19,6:08:28,7:30:10,0:06:39,0:01:51,15:18:27,5479,22108,27010,399,111,55107,2361,1897,51,2046,1667,42,1719,1460,32,2361,1897,51,Finisher,1093
Lukas,Svärd,Lukas Svärd,2650,M45-49,Male,Katrineholm,foreigner,Sweden,SE,1:12:07,6:17:45,7:33:04,0:07:13,0:08:24,15:18:33,4327,22665,27184,433,504,55113,2362,1898,195,782,661,80,1584,1357,144,2362,1898,195,Finisher,1000
Mika,Ala-Koukkari,Mika Ala-Koukkari,2435,M55-59,Male,Helsinki,Uusimaa,Finland,FI,1:30:28,7:12:02,6:14:34,0:11:31,0:10:05,15:18:40,5428,25922,22474,691,605,55120,2363,1899,137,2005,1633,119,2328,1887,138,2363,1899,137,Finisher,1000
Elin,Kålbäck,Elin Kålbäck,2317,F45-49,Female,Flen,SE-D,Sweden,SE,1:32:42,7:13:43,6:23:22,0:04:00,0:05:00,15:18:46,5562,26023,23002,240,300,55126,2364,465,63,2103,397,54,2306,432,59,2364,465,63,Finisher,1000
Alfred,Åkesson,Alfred Åkesson,2209,M25-29,Male,Stockholm,Stockholm,Sweden,SE,1:21:26,7:38:59,5:51:45,0:15:23,0:11:29,15:19:02,4886,27539,21105,923,689,55142,2365,1900,315,1513,1258,218,2395,1930,316,2365,1900,315,Finisher,1000
Michaela,Janerfelt,Michaela Janerfelt,1267,F35-39,Female,Göteborg,VASTRA GOTALANDS LAN [SE-14],Sweden,SE,1:55:49,7:06:57,5:55:06,0:11:26,0:10:02,15:19:19,6949,25617,21306,686,602,55159,2366,466,55,2422,477,57,2393,465,58,2366,466,55,Finisher,1572
Gerald,Aigmüller,Gerald Aigmüller,655,M50-54,Male,Feldkirchen an der Donau,,Austria,AT,1:25:36,6:11:34,7:29:20,0:05:18,0:07:52,15:19:40,5136,22294,26960,318,472,55180,2367,1901,196,1762,1445,143,1663,1415,147,2367,1901,196,Finisher,1000
Charlie,Noakes,Charlie Noakes,1279,M40-44,Male,Surrey,England,United Kingdom,GB,1:27:11,6:47:22,6:52:54,0:07:19,0:05:19,15:20:05,5231,24442,24774,439,319,55205,2368,1902,202,1850,1505,152,2114,1745,184,2368,1902,202,Finisher,1000
Dean,Townsend,Dean Townsend,2506,M60-64,Male,Blackburn,LAN,United Kingdom,GB,1:32:00,7:02:08,6:12:24,0:13:53,0:20:06,15:20:32,5520,25328,22344,833,1206,55232,2369,1903,52,2071,1684,44,2298,1870,51,2369,1903,52,Finisher,1068
Roger,Lindholm,Roger Lindholm,1039,M50-54,Male,Trekanten,KALMAR LAN [SE-08],Sweden,SE,1:52:24,7:05:44,5:59:30,0:11:29,0:12:03,15:21:09,6744,25544,21570,689,723,55269,2370,1904,197,2409,1935,205,2381,1920,206,2370,1904,197,Finisher,1000
Peter,Hellqvist,Peter Hellqvist,2268,M50-54,Male,HÄRNÖSAND,,Sweden,SE,1:43:20,6:37:35,6:43:44,0:08:43,0:08:25,15:21:47,6200,23855,24224,523,505,55307,2371,1905,198,2328,1874,198,2190,1793,195,2371,1905,198,Finisher,1000
Jonas Carlo,Skov,Jonas Carlo Skov,1923,M40-44,Male,Silkeborg,DK-82,Denmark,DK,1:18:28,7:35:06,6:07:23,0:09:06,0:11:45,15:21:47,4708,27306,22043,546,705,55307,2372,1906,203,1304,1095,106,2358,1908,203,2372,1906,203,Finisher,1000
Lewis,Marriott,Lewis Marriott,1681,M60-64,Male,Whitley Bay,TWR,United Kingdom,GB,1:19:37,7:42:06,6:02:17,0:09:10,0:08:42,15:21:52,4777,27726,21737,550,522,55312,2373,1907,53,1388,1164,24,2386,1923,57,2373,1907,53,Finisher,1052
Jimmy,Johansson,Jimmy Johansson,1002,M45-49,Male,Färjestaden,SE-H,Sweden,SE,1:47:31,7:08:52,6:05:23,0:09:25,0:10:53,15:22:04,6451,25732,21923,565,653,55324,2374,1908,196,2364,1900,192,2368,1913,197,2374,1908,196,Finisher,1000
Gulliver,Sommarbris,Gulliver Sommarbris,1905,M30-34,Male,Stockholm,Stockholm,Sweden,SE,1:22:44,6:40:49,6:58:54,0:11:57,0:07:43,15:22:07,4964,24049,25134,717,463,55327,2375,1909,316,1604,1322,220,2048,1700,280,2375,1909,316,Finisher,1000
Hadrien,Deconinck,Hadrien Deconinck,1072,M30-34,Female,Paris,,France,FR,1:04:51,7:39:19,6:16:47,0:09:42,0:12:18,15:22:57,3891,27559,22607,582,738,55377,2376,1910,317,333,271,40,2325,1885,308,2376,1910,317,Finisher,1000
Nutchaphon,Kittichaiwong,Nutchaphon Kittichaiwong,322,M30-34,Male,Lumpini,Bangkok,Thailand,TH,1:19:24,7:19:11,6:20:22,0:09:10,0:15:05,15:23:12,4764,26351,22822,550,905,55392,2377,1911,318,1374,1151,188,2297,1869,306,2377,1911,318,Finisher,1000
Henrik,Barth,Henrik Barth,1579,M55-59,Male,Skottorp,,Sweden,SE,1:27:29,6:48:11,6:12:32,0:10:59,0:44:07,15:23:18,5249,24491,22352,659,2647,55398,2378,1912,138,1864,1518,102,2164,1777,130,2378,1912,138,Finisher,1000
Markus,Magnusson,Markus Magnusson,955,M55-59,Male,Ålem,Kalmar,Sweden,SE,1:54:55,7:32:08,5:28:13,0:17:10,0:11:06,15:23:33,6895,27128,19693,1030,666,55413,2379,1913,139,2420,1944,145,2443,1964,145,2379,1913,139,Finisher,1000
Nick,Mckeown,Nick Mckeown,2771,M35-39,,Dublin,Dublin,Ireland,IE,1:31:56,7:34:07,5:56:33,0:08:17,0:13:00,15:23:53,5516,27247,21393,497,780,55433,2380,1914,203,2067,1682,185,2394,1929,204,2380,1914,203,Finisher,1000
Kieran,O'Driscoll,Kieran O'Driscoll,1236,M55-59,Male,Co Cork,Cork,Ireland,IE,1:29:26,7:23:39,5:57:33,0:18:02,0:15:46,15:24:26,5366,26619,21453,1082,946,55466,2381,1915,140,1960,1596,115,2387,1924,143,2381,1915,140,Finisher,1000
Evan ,O DRiscoll,Evan O DRiscoll,1242,M18-24,Male,Rathard,Cork,Ireland,IE,1:24:13,7:24:03,5:57:35,0:23:05,0:15:32,15:24:28,5053,26643,21455,1385,932,55468,2382,1916,224,1702,1401,170,2388,1925,219,2382,1916,224,Finisher,1000
Karolina,Pedersen,Karolina Pedersen,1850,F35-39,Female,Västra Frölunda,,Sweden,SE,1:19:57,7:20:38,6:32:03,0:07:09,0:06:12,15:25:58,4797,26438,23523,429,372,55558,2383,467,56,1418,231,27,2296,428,50,2383,467,56,Finisher,1492
Lovisa,Langerak,Lovisa Langerak,2569,F25-29,Female,Norrköping,Östergötland,Sweden,SE,1:48:19,7:37:16,5:44:36,0:08:10,0:07:42,15:26:03,6499,27436,20676,490,462,55563,2384,468,86,2374,468,87,2426,476,86,2384,468,86,Finisher,1000
Vítezslav,Novák,Vítezslav Novák,2192,M50-54,Male,Praha 8,CZ-108,Czech Republic,CZ,1:47:56,7:03:04,6:19:31,0:07:51,0:08:00,15:26:21,6476,25384,22771,471,480,55581,2385,1917,199,2367,1903,200,2348,1903,203,2385,1917,199,Finisher,1000
Hardik,Patil,Hardik Patil,808,M35-39,Male,Virar,IN-MH,India,IN,1:46:19,6:50:03,6:34:53,0:09:19,0:07:05,15:27:39,6379,24603,23693,559,425,55659,2386,1918,204,2357,1894,203,2281,1858,197,2386,1918,204,Finisher,1000
Genri,Goto,Genri Goto,913,M55-59,Male,Minatoku,JP-13,Japan,JP,1:21:09,6:40:12,7:01:10,0:11:08,0:14:12,15:27:51,4869,24012,25270,668,852,55671,2387,1919,141,1495,1244,82,2021,1677,125,2387,1919,141,Finisher,1000
Tobias,Rønn,Tobias Rønn,2511,M25-29,Male,Aarhus,Aarhus C,Denmark,DK,1:36:18,7:31:31,5:55:14,0:15:32,0:09:26,15:28:03,5778,27091,21314,932,566,55683,2388,1920,316,2202,1778,298,2410,1940,317,2388,1920,316,Finisher,1000
Jan,Blunár,Jan Blunár,2353,M30-34,Male,Praha,Prague,Czech Republic,CZ,1:52:24,7:08:57,5:43:50,0:22:58,0:20:02,15:28:12,6744,25737,20630,1378,1202,55692,2389,1921,319,2410,1936,317,2412,1942,319,2389,1921,319,Finisher,1000
Leif,Eriksson,Leif Eriksson,2696,M60-64,Male,Kullavik,,Sweden,SE,1:42:32,7:10:08,6:05:06,0:15:02,0:15:34,15:28:22,6152,25808,21906,902,934,55702,2390,1922,54,2318,1865,55,2375,1915,56,2390,1922,54,Finisher,1000
Pål,Jensen,Pål Jensen,1241,M50-54,Male,stavanger,ROGALAND,Norway,NO,1:50:15,7:08:39,6:13:27,0:09:44,0:06:18,15:28:23,6615,25719,22407,584,378,55703,2391,1923,200,2389,1917,203,2377,1917,205,2391,1923,200,Finisher,1000
Henrik,Nordström,Henrik Nordström,2643,M30-34,Male,Göteborg,Västra Götaland,Sweden,SE,2:02:21,7:13:18,5:36:55,0:18:24,0:17:34,15:28:32,7341,25998,20215,1104,1054,55712,2392,1924,320,2442,1961,322,2428,1952,320,2392,1924,320,Finisher,1000
Santiago,Gambín Candel,Santiago Gambín Candel,839,M55-59,Male,Elx,,Spain,ES,1:21:54,7:03:56,6:46:08,0:08:09,0:08:52,15:29:00,4914,25436,24368,489,532,55740,2393,1925,142,1544,1278,85,2214,1812,134,2393,1925,142,Finisher,1000
David,Isaksson,David Isaksson,2672,M45-49,Male,Katrineholm,,Sweden,SE,1:38:38,7:06:31,6:19:59,0:11:52,0:12:28,15:29:28,5918,25591,22799,712,748,55768,2394,1926,197,2250,1810,184,2342,1897,196,2394,1926,197,Finisher,1000
Holger,Mueller,Holger Mueller,860,M50-54,Male,Walldorf,DE-BW,Germany,DE,2:00:24,6:54:17,5:52:19,0:17:19,0:25:26,15:29:46,7224,24857,21139,1039,1526,55786,2395,1927,201,2435,1956,208,2389,1926,207,2395,1927,201,Finisher,1000
Fabio,Angeli,Fabio Angeli,1147,M55-59,Male,Frascati,,Italy,IT,1:32:30,7:20:42,6:15:20,0:12:36,0:08:46,15:29:53,5550,26442,22520,756,526,55793,2396,1928,143,2090,1695,126,2367,1912,140,2396,1928,143,Finisher,1000
Ole,Svenningsen,Ole Svenningsen,2403,M65-69,Male,Rønde,DK-82,Denmark,DK,1:56:11,7:20:58,5:51:09,0:12:33,0:09:19,15:30:10,6971,26458,21069,753,559,55810,2397,1929,8,2423,1946,11,2421,1950,10,2397,1929,8,Finisher,2051
Dennis,Wokke,Dennis Wokke,806,M50-54,Male,Pelt,LIMBURG,Netherlands,NL,1:22:41,6:45:32,6:56:31,0:14:58,0:11:34,15:31:16,4961,24332,24991,898,694,55876,2398,1930,202,1598,1318,128,2132,1758,189,2398,1930,202,Finisher,1000
Pontus ,Nisstany,Pontus Nisstany,721,M30-34,Male,Örebro,Örebro,Sweden,SE,1:52:22,7:35:19,5:42:00,0:10:10,0:11:28,15:31:19,6742,27319,20520,610,688,55879,2399,1931,321,2408,1934,316,2431,1954,322,2399,1931,321,Finisher,1000
Naobumi,karita,Naobumi karita,858,M60-64,Male,Akasaka Minato-ku,JP-13,Japan,JP,1:25:47,6:43:45,6:50:01,0:15:58,0:16:09,15:31:40,5147,24225,24601,958,969,55900,2400,1932,55,1774,1452,32,2153,1770,43,2400,1932,55,Finisher,1000
Mikaela,Landeström,Mikaela Landeström,1171,F30-34,Female,HÄGERSTEN,,Sweden,SE,1:46:11,7:37:58,5:50:01,0:09:14,0:08:31,15:31:55,6371,27478,21001,554,511,55915,2401,469,61,2354,462,61,2425,475,62,2401,469,61,Finisher,1000
Kishor,Ghumare,Kishor Ghumare,1477,M40-44,Male,Tranås,JONKOPINGS LAN [SE-06],India,IN,2:01:46,7:02:10,6:09:30,0:11:54,0:06:35,15:31:55,7306,25330,22170,714,395,55915,2402,1933,204,2440,1959,206,2396,1931,204,2402,1933,204,Finisher,1000
Cecilia,Rodriguez-Gomez,Cecilia Rodriguez-Gomez,2400,F35-39,Female,Ciudad de Mexico,MX-CMX,Mexico,MX,1:18:01,7:11:29,6:47:30,0:07:27,0:07:37,15:32:04,4681,25889,24450,447,457,55924,2403,470,57,1272,204,23,2235,412,49,2403,470,57,Finisher,1419
David,Edwards,David Edwards,1558,M65-69,Male,Northop,GB-WLS,United Kingdom,GB,1:36:01,6:53:48,6:40:53,0:10:20,0:11:38,15:32:40,5761,24828,24053,620,698,55960,2404,1934,9,2192,1770,8,2251,1835,6,2404,1934,9,Finisher,2021
Fredrik,Bredmar,Fredrik Bredmar,1535,M35-39,Male,Stockholm,Stockholm,Sweden,SE,1:48:13,6:32:08,6:29:42,0:26:27,0:16:12,15:32:41,6493,23528,23382,1587,972,55961,2405,1935,205,2371,1905,204,2291,1866,198,2405,1935,205,Finisher,1000
Victoria,Chandler,Victoria Chandler,1710,F45-49,Female,Tadley,HAMPSHIRE,United Kingdom,GB,1:26:54,7:28:58,6:13:13,0:10:32,0:13:06,15:32:43,5214,26938,22393,632,786,55963,2406,471,64,1832,339,43,2370,457,64,2406,471,64,Finisher,1000
Logan,Gyberg,Logan Gyberg,2715,M40-44,Male,Stockholm,,Sweden,SE,1:47:00,7:39:03,5:38:40,0:16:07,0:11:58,15:32:48,6420,27543,20320,967,718,55968,2407,1936,205,2359,1895,199,2441,1962,207,2407,1936,205,Finisher,1000
Sandra,Westerberg,Sandra Westerberg,2377,F25-29,Female,Sundbyberg,,Sweden,SE,1:53:53,7:48:33,5:35:48,0:09:42,0:05:07,15:33:03,6833,28113,20148,582,307,55983,2408,472,87,2416,476,88,2446,481,89,2408,472,87,Finisher,1000
Lucas,Davidsson,Lucas Davidsson,1479,M25-29,Male,Alfta,Gävleborg,Sweden,SE,1:46:14,7:43:26,5:44:22,0:11:49,0:07:34,15:33:26,6374,27806,20662,709,454,56006,2409,1937,317,2356,1893,312,2440,1961,319,2409,1937,317,Finisher,1000
Daniel,Edenholm,Daniel Edenholm,2214,M50-54,Male,Arboga,,Sweden,SE,1:41:28,7:14:34,6:17:22,0:09:25,0:10:57,15:33:46,6088,26074,22642,565,657,56026,2410,1938,203,2301,1850,194,2366,1911,204,2410,1938,203,Finisher,1000
Giedre,Baneviciute,Giedre Baneviciute,2548,F30-34,Female,Kaunas,foreigner,Lithuania,LT,1:25:19,7:56:56,5:54:10,0:08:24,0:09:45,15:34:33,5119,28616,21250,504,585,56073,2411,473,62,1751,315,42,2422,472,60,2411,473,62,Finisher,1000
moa,johansson,moa johansson,1598,F25-29,Female,59931,Ödeshög,Sweden,SE,1:21:29,7:10:30,6:43:12,0:12:44,0:09:49,15:37:44,4889,25830,24192,764,589,56264,2412,474,88,1518,259,47,2279,423,76,2412,474,88,Finisher,1000
Maria,Pettersson (TIF),Maria Pettersson (TIF),1903,F50-54,Female,Kvissleby,Västernorrland,Sweden,SE,1:44:16,7:16:25,6:20:20,0:06:14,0:10:35,15:37:49,6256,26185,22820,374,635,56269,2413,475,50,2344,459,50,2373,460,49,2413,475,50,Finisher,1437
Olof,Paulsson,Olof Paulsson,2671,M60-64,Male,Storvreta,,Sweden,SE,1:34:09,7:00:10,6:26:28,0:15:28,0:21:35,15:37:50,5649,25210,23188,928,1295,56270,2414,1939,56,2142,1731,45,2304,1873,53,2414,1939,56,Finisher,1000
Marion,Musiol,Marion Musiol,1765,F40-44,Female,Bonn,DE-NW,Germany,DE,1:43:45,7:28:52,6:10:17,0:08:58,0:06:51,15:38:43,6225,26932,22217,538,411,56323,2415,476,68,2339,458,65,2406,469,67,2415,476,68,Finisher,1000
Aurkarn,Mongkonrat,Aurkarn Mongkonrat,873,M35-39,Male,Bangkok,,Thailand,TH,1:43:13,7:18:39,6:11:22,0:15:41,0:10:18,15:39:13,6193,26319,22282,941,618,56353,2416,1940,206,2326,1872,200,2401,1934,205,2416,1940,206,Finisher,1000
Fred,Wennerblom,Fred Wennerblom,2755,M35-39,Male,Mörarp,Skåne,Sweden,SE,1:28:29,7:02:08,6:53:02,0:08:03,0:07:53,15:39:35,5309,25328,24782,483,473,56375,2417,1941,207,1913,1558,171,2240,1828,195,2417,1941,207,Finisher,1000
Jarl,Uggla,Jarl Uggla,1613,M70-74,Male,kalmar,,Sweden,SE,1:50:43,6:49:53,6:31:54,0:14:06,0:13:10,15:39:46,6643,24593,23514,846,790,56386,2418,1942,4,2394,1922,4,2334,1891,4,2418,1942,4,Finisher,2670
Anders,Karlsson,Anders Karlsson,1801,M60-64,Male,Karlstad,,Sweden,SE,1:30:43,7:08:21,6:39:02,0:13:08,0:09:04,15:40:18,5443,25701,23942,788,544,56418,2419,1943,57,2015,1642,39,2314,1880,54,2419,1943,57,Finisher,1000
Christoffer,Cullberg,Christoffer Cullberg,1797,M25-29,Male,Linköping,Östergötland,Sweden,SE,1:36:12,7:06:14,6:32:32,0:15:49,0:09:41,15:40:27,5772,25574,23552,949,581,56427,2420,1944,318,2201,1777,297,2344,1899,314,2420,1944,318,Finisher,1000
Juan,Martinez,Juan Martinez,2462,M50-54,Male,Stockholm,SE-AB,Brazil,BR,1:22:55,7:02:23,7:00:17,0:09:43,0:05:21,15:40:39,4975,25343,25217,583,321,56439,2421,1945,204,1609,1327,129,2222,1816,196,2421,1945,204,Finisher,1000
Christian,Strömberg,Christian Strömberg,2195,M65-69,Male,Lekeryd,JONKOPINGS LAN [SE-06],Sweden,SE,1:39:18,6:49:36,6:50:21,0:11:48,0:09:46,15:40:50,5958,24576,24621,708,586,56450,2422,1946,10,2269,1824,9,2255,1838,7,2422,1946,10,Finisher,1923
Peter,Curlow,Peter Curlow,2518,M50-54,Male,Falkenberg,,Sweden,SE,1:17:30,6:57:26,6:55:35,0:13:42,0:16:44,15:40:58,4650,25046,24935,822,1004,56458,2423,1947,205,1224,1035,103,2176,1785,192,2423,1947,205,Finisher,1000
Emma,Andersson,Emma Andersson,2247,F30-34,Female,Stockholm,SE-AB,Sweden,SE,2:00:15,7:25:51,5:59:16,0:06:32,0:09:41,15:41:34,7215,26751,21556,392,581,56494,2424,477,63,2434,479,63,2424,474,61,2424,477,63,Finisher,1000
Victor,Jonsson,Victor Jonsson,1778,M30-34,Male,Kalmar,Kalmar,Sweden,SE,1:43:32,7:06:41,6:28:54,0:09:16,0:13:12,15:41:35,6212,25601,23334,556,792,56495,2425,1948,322,2334,1878,304,2350,1904,311,2425,1948,322,Finisher,1000
John,Gardella,John Gardella,1198,M45-49,Male,Quincy,MA,United States,US,1:18:02,7:54:07,6:08:57,0:13:17,0:07:32,15:41:55,4682,28447,22137,797,452,56515,2426,1949,198,1274,1070,113,2415,1945,198,2426,1949,198,Finisher,1000
Francesca,McDiarmid,Francesca McDiarmid,2323,F35-39,Female,Callington,GB-CON,United Kingdom,GB,1:37:50,7:14:21,6:35:05,0:07:04,0:07:45,15:42:05,5870,26061,23705,424,465,56525,2427,478,58,2232,435,49,2349,446,55,2427,478,58,Finisher,1299
Elin,Tinnert,Elin Tinnert,1007,F25-29,Female,Huddinge ,,Sweden,SE,1:43:29,7:31:01,6:07:43,0:08:29,0:12:04,15:42:46,6209,27061,22063,509,724,56566,2428,479,89,2332,456,84,2408,470,85,2428,479,89,Finisher,1000
Gustav,Emanuelsson,Gustav Emanuelsson,2772,M30-34,Male,KARLSTAD,VARMLANDS LAN [SE-17],Sweden,SE,1:51:21,7:14:49,6:22:22,0:07:21,0:08:02,15:43:56,6681,26089,22942,441,482,56636,2429,1950,323,2398,1924,314,2391,1928,316,2429,1950,323,Finisher,1000
Peter,Nilsson,Peter Nilsson,1533,M35-39,Male,Färjestaden,,Sweden,SE,1:39:33,7:01:06,6:39:02,0:10:49,0:13:36,15:44:07,5973,25266,23942,649,816,56647,2430,1951,208,2277,1830,194,2312,1878,201,2430,1951,208,Finisher,1000
Jens,Aleljung,Jens Aleljung,1837,M35-39,Male,Stockholm,,Sweden,SE,2:02:12,7:06:39,6:15:03,0:12:27,0:08:57,15:45:18,7332,25599,22503,747,537,56718,2431,1952,209,2441,1960,209,2405,1937,208,2431,1952,209,Finisher,1000
Johanna,Nygårdh,Johanna Nygårdh,569,F45-49,Female,Sundsvall,SE-Y,Sweden,SE,1:39:18,7:27:48,6:18:45,0:10:49,0:08:48,15:45:29,5958,26868,22725,649,528,56729,2432,480,65,2268,445,63,2402,468,65,2432,480,65,Finisher,1000
Peter,Sundlöf,Peter Sundlöf,537,M50-54,Male,Grycksbo,SE-W,Sweden,SE,1:35:52,6:40:04,7:11:23,0:12:01,0:06:38,15:45:59,5752,24004,25883,721,398,56759,2433,1953,206,2187,1766,180,2172,1782,191,2433,1953,206,Finisher,1000
Simon,Alveskär Lundfeldt,Simon Alveskär Lundfeldt,834,M18-24,Male,Ekerö,STOCKHOLMS LAN [SE-01],Sweden,SE,1:08:57,8:07:46,6:07:19,0:11:41,0:10:37,15:46:20,4137,29266,22039,701,637,56780,2434,1954,225,567,478,54,2418,1948,224,2434,1954,225,Finisher,1000
Tadashi,Ogino,Tadashi Ogino,798,M65-69,Male,kamakura,JP-14,Japan,JP,1:31:02,8:03:33,5:43:27,0:16:38,0:12:36,15:47:16,5462,29013,20607,998,756,56836,2435,1955,11,2032,1656,6,2445,1965,11,2435,1955,11,Finisher,1846
Bettina,Zarth,Bettina Zarth,920,F60-64,Female,Hamm,NW,Germany,DE,1:43:11,7:43:10,6:05:52,0:07:59,0:07:33,15:47:45,6191,27790,21952,479,453,56865,2436,481,8,2324,454,8,2429,477,8,2436,481,8,Finisher,2559
Michael,Zarth,Michael Zarth,917,M55-59,Male,Hamm,NW,Germany,DE,1:28:23,7:36:12,6:05:57,0:29:22,0:07:54,15:47:48,5303,27372,21957,1762,474,56868,2437,1956,144,1908,1553,108,2427,1951,144,2437,1956,144,Finisher,1000
Jens,Bergzén,Jens Bergzén,921,M60-64,Male,Kalmar,,Sweden,SE,1:39:07,6:38:39,7:15:39,0:08:34,0:06:38,15:48:37,5947,23919,26139,514,398,56917,2438,1957,58,2263,1820,50,2161,1774,44,2438,1957,58,Finisher,1000
Jim,Palamar,Jim Palamar,1317,M60-64,Male,WEBSTER,NY,United States,US,1:37:30,7:11:51,6:44:50,0:08:39,0:06:38,15:49:28,5850,25911,24290,519,398,56968,2439,1958,59,2228,1795,48,2343,1898,55,2439,1958,59,Finisher,1000
Harry,Gray,Harry Gray,1482,M30-34,Male,Dundee,GB-SCT,United Kingdom,GB,1:27:27,7:40:00,6:20:44,0:09:07,0:12:14,15:49:32,5247,27600,22844,547,734,56972,2440,1959,324,1862,1516,253,2398,1932,317,2440,1959,324,Finisher,1000
Sophie,Freij,Sophie Freij,418,F40-44,Female,Stockholm,STOCKHOLMS LAN [SE-01],Sweden,SE,1:45:26,7:45:34,6:05:56,0:08:25,0:04:21,15:49:43,6326,27934,21956,505,261,56983,2441,482,69,2349,460,66,2435,479,69,2441,482,69,Finisher,1000
Melvin,Akkanen,Melvin Akkanen,653,M25-29,Male,Kalmar,,Sweden,SE,1:19:41,7:17:47,6:50:55,0:09:42,0:11:55,15:50:02,4781,26267,24655,582,715,57002,2442,1960,319,1395,1171,202,2293,1867,311,2442,1960,319,Finisher,1000
Justin,Watkins,Justin Watkins,2276,M55-59,Male,Reading,GB-ENG,United Kingdom,GB,1:42:42,7:19:16,6:33:46,0:08:41,0:08:26,15:52:51,6162,26356,23626,521,506,57171,2443,1961,145,2321,1868,140,2383,1921,142,2443,1961,145,Finisher,1000
John,Skogman,John Skogman,1798,M45-49,Male,Stockholm,Stockholm,Sweden,SE,1:35:55,7:47:53,5:59:10,0:14:17,0:15:52,15:53:07,5755,28073,21550,857,952,57187,2444,1962,199,2190,1769,181,2432,1955,199,2444,1962,199,Finisher,1000
Arianit ,Desku ,Arianit Desku,2425,M40-44,Male,Haninge,Stockholm,Sweden,SE,2:02:28,7:29:00,6:03:42,0:09:36,0:08:25,15:53:11,7348,26940,21822,576,505,57191,2445,1963,206,2443,1962,207,2438,1959,206,2445,1963,206,Finisher,1000
Filip,Rosenberg,Filip Rosenberg,676,M40-44,Male,Malmö,,Sweden,SE,1:18:15,5:57:41,8:07:52,0:14:31,0:15:05,15:53:25,4695,21461,29272,871,905,57205,2446,1964,207,1289,1083,102,1480,1283,141,2446,1964,207,Finisher,1000
Ola,Hasselbom,Ola Hasselbom,1532,M50-54,Male,Färjestaden,SE-H,Sweden,SE,1:36:47,7:48:36,6:03:05,0:12:53,0:12:20,15:53:41,5807,28116,21785,773,740,57221,2447,1965,207,2214,1785,183,2433,1956,208,2447,1965,207,Finisher,1000
Joakim,Oknefjell,Joakim Oknefjell,2522,M50-54,Male,IGGESUND,SE-X,Sweden,SE,1:38:59,6:41:48,7:18:16,0:08:17,0:12:23,15:59:43,5939,24108,26296,497,743,57583,2448,1966,208,2260,1817,187,2183,1789,193,2448,1966,208,Finisher,1000
Tina,Chiarasiri,Tina Chiarasiri,288,F55-59,Female,Bangkok,Bangkok,Thailand,TH,1:34:17,,,0:13:41,0:00:00,,5657,0,0,821,0,0,99999,99999,99999,99999,99999,99999,99999,99999,99999,99999,99999,99999,DNF,0
Odd,Larson,Odd Larson,903,M55-59,Male,Upplands Väsby ,,Sweden,SE,1:07:18,4:43:57,,0:03:39,0:17:05,,4038,17037,0,219,1025,0,99999,99999,99999,99999,99999,99999,99999,99999,99999,99999,99999,99999,DNF,0
Cameron,Wurf,Cameron Wurf,12,MPRO,Male,Mas de Ribafeta,,Australia,AU,,,,0:00:00,0:00:00,,0,0,0,0,0,0,99999,99999,99999,99999,99999,99999,99999,99999,99999,99999,99999,99999,DNS,0
Robert,Frandsen,Robert Frandsen,2697,M60-64,Male,Kongens Lyngby,,Denmark,DK,1:25:03,6:20:47,,0:08:07,0:06:34,,5103,22847,0,487,394,0,99999,99999,99999,99999,99999,99999,99999,99999,99999,99999,99999,99999,DNF,0
Peter,Hjalmarsson,Peter Hjalmarsson,2744,M40-44,Male,Kalmar,KALMAR LAN [SE-08],Sweden,SE,,,,0:00:00,0:00:00,,0,0,0,0,0,0,99999,99999,99999,99999,99999,99999,99999,99999,99999,99999,99999,99999,DNS,0
Jonas,Lans,Jonas Lans,420,M40-44,Male,Kalmar,Kalmar Län,Sweden,SE,,,,0:00:00,0:00:00,,0,0,0,0,0,0,99999,99999,99999,99999,99999,99999,99999,99999,99999,99999,99999,99999,DNF,0
Johan,Lindberg,Johan Lindberg,2426,M40-44,Male,Vendelsö,,Sweden,SE,1:59:50,7:32:42,,0:11:25,0:00:00,,7190,27162,0,685,0,0,99999,99999,99999,99999,99999,99999,99999,99999,99999,99999,99999,99999,DNF,0
Violeta,Johansson,Violeta Johansson,2156,F50-54,Female,Stockholm,,Sweden,SE,2:01:22,7:35:13,,0:12:51,0:07:57,,7282,27313,0,771,477,0,99999,99999,99999,99999,99999,99999,99999,99999,99999,99999,99999,99999,DNF,0
Ian,Whitefoot,Ian Whitefoot,1436,M40-44,Male,Balcombe,,Ireland,IE,1:18:34,6:16:51,,0:09:48,0:08:21,,4714,22611,0,588,501,0,99999,99999,99999,99999,99999,99999,99999,99999,99999,99999,99999,99999,DNF,0
Sarah,Mackenzie,Sarah Mackenzie,346,F40-44,Female,London,EALING,United Kingdom,GB,,,,0:00:00,0:00:00,,0,0,0,0,0,0,99999,99999,99999,99999,99999,99999,99999,99999,99999,99999,99999,99999,DNF,0
Pontus,Forsberg,Pontus Forsberg,1784,M30-34,Male,Alingsås,VASTRA GOTALANDS LAN [SE-14],Sweden,SE,2:01:29,6:26:43,,0:07:56,0:07:10,,7289,23203,0,476,430,0,99999,99999,99999,99999,99999,99999,99999,99999,99999,99999,99999,99999,DNF,0
Matt,Kerr,Matt Kerr,26,MPRO,Male,Tauranga,,New Zealand,NZ,0:50:40,4:13:35,,0:01:47,0:02:52,,3040,15215,0,107,172,0,99999,99999,99999,99999,99999,99999,99999,99999,99999,99999,99999,99999,DNF,0
Louis-Alexandre,Tachon,Louis-Alexandre Tachon,2223,M40-44,Male,Lamorlaye,,France,FR,1:30:11,6:50:28,,0:06:13,0:00:00,,5411,24628,0,373,0,0,99999,99999,99999,99999,99999,99999,99999,99999,99999,99999,99999,99999,DNF,0
Christoffer,Melin,Christoffer Melin,1430,M40-44,Male,Falun,Dalarna,Sweden,SE,1:11:03,5:46:14,,0:07:36,0:08:37,,4263,20774,0,456,517,0,99999,99999,99999,99999,99999,99999,99999,99999,99999,99999,99999,99999,DNF,0
Maaikel,Bontekoning,Maaikel Bontekoning,2626,M35-39,Male,Purmerend,North Holland,Netherlands,NL,1:53:24,7:42:48,,0:10:04,0:08:08,,6804,27768,0,604,488,0,99999,99999,99999,99999,99999,99999,99999,99999,99999,99999,99999,99999,DNF,0
Simo,Hillo,Simo Hillo,932,M50-54,Male,Ruutana,,Finland,FI,1:12:08,,,0:04:42,0:00:00,,4328,0,0,282,0,0,99999,99999,99999,99999,99999,99999,99999,99999,99999,99999,99999,99999,DNF,0
David ,Wetherill,David Wetherill,347,PC/ID,Male,Plymouth,England,United Kingdom,GB,1:17:38,8:57:16,,0:10:40,0:00:00,,4658,32236,0,640,0,0,99999,99999,99999,99999,99999,99999,99999,99999,99999,99999,99999,99999,DNF,0
Philipp,Stock,Philipp Stock,2442,M30-34,Male,Köln,DE-NW,Germany,DE,1:00:52,4:37:11,,0:03:56,0:02:50,,3652,16631,0,236,170,0,99999,99999,99999,99999,99999,99999,99999,99999,99999,99999,99999,99999,DNF,0
Mia,Erlandsson,Mia Erlandsson,861,F45-49,Female,Oskarshamn,,Sweden,SE,,,,0:00:00,0:00:00,,0,0,0,0,0,0,99999,99999,99999,99999,99999,99999,99999,99999,99999,99999,99999,99999,DNS,0
Hartmut,Stein,Hartmut Stein,293,M65-69,Male,Oldenburg,DE-NI,Germany,DE,1:36:38,6:11:36,,0:08:35,0:05:58,,5798,22296,0,515,358,0,99999,99999,99999,99999,99999,99999,99999,99999,99999,99999,99999,99999,DNF,0
Rui,Nunes,Rui Nunes,1929,M45-49,Male,Parede,PT-11,Portugal,PT,,,,0:00:00,0:00:00,,0,0,0,0,0,0,99999,99999,99999,99999,99999,99999,99999,99999,99999,99999,99999,99999,DNS,0
Pieter,Heemeryck,Pieter Heemeryck,31,MPRO,Male,Winksele,,Belgium,BE,,,,0:00:00,0:00:00,,0,0,0,0,0,0,99999,99999,99999,99999,99999,99999,99999,99999,99999,99999,99999,99999,DNS,0
Joakim,Anrep-Nordin,Joakim Anrep-Nordin,533,M35-39,Male,Kalmar,,Sweden,SE,1:25:30,,,0:05:55,0:00:00,,5130,0,0,355,0,0,99999,99999,99999,99999,99999,99999,99999,99999,99999,99999,99999,99999,DNF,0
Nicolai,Bertelsen,Nicolai Bertelsen,195,M25-29,Male,Aalborg,DK-81,Denmark,DK,0:57:03,4:35:22,,0:03:01,0:03:59,,3423,16522,0,181,239,0,99999,99999,99999,99999,99999,99999,99999,99999,99999,99999,99999,99999,DNF,0
Camilla,Sundgren,Camilla Sundgren,628,F55-59,Female,Hässleholm,SE-M,Sweden,SE,,,,0:00:00,0:00:00,,0,0,0,0,0,0,99999,99999,99999,99999,99999,99999,99999,99999,99999,99999,99999,99999,DNF,0
Reidar,Skrunes,Reidar Skrunes,337,M60-64,Male,Kragerø,NO-08,Norway,NO,,,,0:00:00,0:00:00,,0,0,0,0,0,0,99999,99999,99999,99999,99999,99999,99999,99999,99999,99999,99999,99999,DNS,0
Kerstin,Bannwolf,Kerstin Bannwolf,639,F40-44,Female,Malsch,DE-BW,Germany,DE,1:14:53,5:54:03,,0:04:09,0:09:33,,4493,21243,0,249,573,0,99999,99999,99999,99999,99999,99999,99999,99999,99999,99999,99999,99999,DNF,0
Mikael,Martin,Mikael Martin,1106,M50-54,Male,Västerås,VASTMANLANDS LAN [SE-19],Sweden,SE,1:18:56,6:12:08,,0:08:09,0:09:30,,4736,22328,0,489,570,0,99999,99999,99999,99999,99999,99999,99999,99999,99999,99999,99999,99999,DNF,0
Bente,Lobach,Bente Lobach,1838,F45-49,Female,Hamburg,HH,Germany,DE,1:06:24,,,0:06:39,0:00:00,,3984,0,0,399,0,0,99999,99999,99999,99999,99999,99999,99999,99999,99999,99999,99999,99999,DNF,0
Neil,Jones,Neil Jones,1544,M50-54,Male,London,GB-ENG,United Kingdom,GB,1:15:41,6:23:47,,0:11:05,0:09:03,,4541,23027,0,665,543,0,99999,99999,99999,99999,99999,99999,99999,99999,99999,99999,99999,99999,DNF,0
Magnus,Hellekant,Magnus Hellekant,2374,M65-69,Male,Göteborg,,Sweden,SE,1:46:25,7:24:57,,0:11:30,0:15:02,,6385,26697,0,690,902,0,99999,99999,99999,99999,99999,99999,99999,99999,99999,99999,99999,99999,DNF,0
Elisabeth,Edlund,Elisabeth Edlund,2515,F45-49,Female,Gothenburg,Västra Götaland,Sweden,SE,1:26:43,7:28:44,,0:10:51,0:11:10,,5203,26924,0,651,670,0,99999,99999,99999,99999,99999,99999,99999,99999,99999,99999,99999,99999,DNF,0
Santeri,Qvickström,Santeri Qvickström,1470,M30-34,Male,Espoo,Uusimaa,Finland,FI,1:10:28,5:03:13,,0:03:06,0:04:57,,4228,18193,0,186,297,0,99999,99999,99999,99999,99999,99999,99999,99999,99999,99999,99999,99999,DNF,0
Simon,Grøndal Hansen,Simon Grøndal Hansen,234,M25-29,Male,København Ø,DK-84,Denmark,DK,1:09:48,,,0:03:51,0:00:00,,4188,0,0,231,0,0,99999,99999,99999,99999,99999,99999,99999,99999,99999,99999,99999,99999,DNF,0
Thomas,Andersson,Thomas Andersson,1567,M60-64,Male,Helsingborg,,Sweden,SE,1:31:27,6:41:32,,0:09:50,0:08:15,,5487,24092,0,590,495,0,99999,99999,99999,99999,99999,99999,99999,99999,99999,99999,99999,99999,DNF,0
Anna,Lennartsson,Anna Lennartsson,1024,F25-29,Female,Kalmar,,Sweden,SE,1:19:11,6:04:48,,0:04:45,0:06:48,,4751,21888,0,285,408,0,99999,99999,99999,99999,99999,99999,99999,99999,99999,99999,99999,99999,DNF,0
Kristina,Landeström,Kristina Landeström,547,F60-64,Female,Löderup,,Sweden,SE,,,,0:00:00,0:00:00,,0,0,0,0,0,0,99999,99999,99999,99999,99999,99999,99999,99999,99999,99999,99999,99999,DNF,0
Oscar,Ögren,Oscar Ögren,1852,M30-34,Male,Örebro,Örebro,Sweden,SE,,,,0:00:00,0:00:00,,0,0,0,0,0,0,99999,99999,99999,99999,99999,99999,99999,99999,99999,99999,99999,99999,DNS,0
Jocke,Henningsson,Jocke Henningsson,516,M55-59,Male,Kalmar,,Sweden,SE,1:19:22,6:04:32,,0:07:18,0:00:00,,4762,21872,0,438,0,0,99999,99999,99999,99999,99999,99999,99999,99999,99999,99999,99999,99999,DNF,0
Carina,Widlund,Carina Widlund,1249,F55-59,Female,Lidingö,,Sweden,SE,1:15:27,5:57:03,,0:05:34,0:05:51,,4527,21423,0,334,351,0,99999,99999,99999,99999,99999,99999,99999,99999,99999,99999,99999,99999,DNF,0
Christian ,Olsson,Christian Olsson,776,M25-29,Male,Växjö,,Sweden,SE,1:45:26,6:42:37,,0:14:41,0:11:33,,6326,24157,0,881,693,0,99999,99999,99999,99999,99999,99999,99999,99999,99999,99999,99999,99999,DNF,0
Göran,Olsson,Göran Olsson,742,M60-64,Male,Mörbylånga,,Sweden,SE,1:34:23,6:22:32,,0:07:50,0:06:46,,5663,22952,0,470,406,0,99999,99999,99999,99999,99999,99999,99999,99999,99999,99999,99999,99999,DNF,0
Daniel,Tagesson,Daniel Tagesson,1644,M50-54,Male,Lidköping,VASTRA GOTALANDS LAN [SE-14],Sweden,SE,,,,0:00:00,0:00:00,,0,0,0,0,0,0,99999,99999,99999,99999,99999,99999,99999,99999,99999,99999,99999,99999,DNF,0
Nanna,Espensen,Nanna Espensen,2660,F25-29,Female,København S,,Denmark,DK,,,,0:00:00,0:00:00,,0,0,0,0,0,0,99999,99999,99999,99999,99999,99999,99999,99999,99999,99999,99999,99999,DNS,0
Mark,VAN DER WEEGEN,Mark VAN DER WEEGEN,2118,M60-64,Male,Hjo,SE-O,Zimbabwe,ZW,,,,0:00:00,0:00:00,,0,0,0,0,0,0,99999,99999,99999,99999,99999,99999,99999,99999,99999,99999,99999,99999,DNF,0
Fredrik,Andersson,Fredrik Andersson,408,M50-54,Male,Skara,SE-O,Sweden,SE,1:36:13,6:29:14,,0:12:07,0:14:16,,5773,23354,0,727,856,0,99999,99999,99999,99999,99999,99999,99999,99999,99999,99999,99999,99999,DNF,0
Anton,Yngvesson,Anton Yngvesson,1098,M25-29,Male,kalmar,,Sweden,SE,,,,0:00:00,0:00:00,,0,0,0,0,0,0,99999,99999,99999,99999,99999,99999,99999,99999,99999,99999,99999,99999,DNS,0
Vanessa,Pereira,Vanessa Pereira,5028,FPRO,Female,"Murganhal, Caxias",LISBOA,Portugal,PT,1:01:34,4:55:33,,0:02:05,0:02:07,,3694,17733,0,125,127,0,99999,99999,99999,99999,99999,99999,99999,99999,99999,99999,99999,99999,DNF,0
Camilla,Elofsson,Camilla Elofsson,5016,FPRO,Female,Älta,STOCKHOLMS LAN [SE-01],Sweden,SE,1:07:06,4:54:40,,0:02:17,0:03:05,,4026,17680,0,137,185,0,99999,99999,99999,99999,99999,99999,99999,99999,99999,99999,99999,99999,DNF,0
Colin,Bradley,Colin Bradley,2032,M50-54,Male,Hersham,SRY,Ireland,IE,1:08:26,,,0:07:49,0:00:00,,4106,0,0,469,0,0,99999,99999,99999,99999,99999,99999,99999,99999,99999,99999,99999,99999,DNF,0
Jonathan,Lind,Jonathan Lind,1671,M25-29,Male,Uppsala,Uppland,Sweden,SE,,,,0:00:00,0:00:00,,0,0,0,0,0,0,99999,99999,99999,99999,99999,99999,99999,99999,99999,99999,99999,99999,DNF,0
Oliver,Brandl,Oliver Brandl,2043,M45-49,Male,Hausmening ,NIEDEROSTERREICH,Austria,AT,1:00:08,,,0:03:27,0:00:00,,3608,0,0,207,0,0,99999,99999,99999,99999,99999,99999,99999,99999,99999,99999,99999,99999,DNF,0
Joakim,Planmo,Joakim Planmo,572,M55-59,Male,Saltsjö-Boo,STOCKHOLMS LAN [SE-01],Sweden,SE,1:32:30,,,0:06:27,0:00:00,,5550,0,0,387,0,0,99999,99999,99999,99999,99999,99999,99999,99999,99999,99999,99999,99999,DNF,0
Philip,Näslund,Philip Näslund,427,M30-34,Male,Öjersjö,,Sweden,SE,1:12:24,4:30:40,,0:03:57,0:03:43,,4344,16240,0,237,223,0,99999,99999,99999,99999,99999,99999,99999,99999,99999,99999,99999,99999,DNF,0
Amos,Hedberg,Amos Hedberg,2273,M50-54,Male,Härnösand,,Sweden,SE,1:51:22,7:31:24,,0:11:23,0:09:34,,6682,27084,0,683,574,0,99999,99999,99999,99999,99999,99999,99999,99999,99999,99999,99999,99999,DNF,0
Robin,Ljungar,Robin Ljungar,523,M30-34,Male,Kalmar,,Sweden,SE,1:05:11,4:50:23,,0:03:14,0:04:21,,3911,17423,0,194,261,0,99999,99999,99999,99999,99999,99999,99999,99999,99999,99999,99999,99999,DNF,0
Henning,Christiansson,Henning Christiansson,2279,M75-79,Male,Vallda,SE-N,Sweden,SE,,,,0:00:00,0:00:00,,0,0,0,0,0,0,99999,99999,99999,99999,99999,99999,99999,99999,99999,99999,99999,99999,DNS,0
Andreas,Spak,Andreas Spak,893,M50-54,Male,Atrå,NO-08,Norway,NO,1:13:22,6:36:37,,0:06:06,0:08:34,,4402,23797,0,366,514,0,99999,99999,99999,99999,99999,99999,99999,99999,99999,99999,99999,99999,DNF,0
Johan,Verkruyssen,Johan Verkruyssen,2307,M50-54,Male,Enskede,,Belgium,BE,1:22:35,6:43:41,,0:10:40,0:13:45,,4955,24221,0,640,825,0,99999,99999,99999,99999,99999,99999,99999,99999,99999,99999,99999,99999,DNF,0
Håkan,Siikavaara,Håkan Siikavaara,394,M55-59,Male,Kalix,NORRBOTTENS LAN [SE-25],Sweden,SE,1:32:43,7:16:23,6:54:41,0:08:02,0:09:27,16:01:16,5563,26183,24881,482,567,57676,99999,99999,99999,99999,99999,99999,99999,99999,99999,99999,99999,99999,Unofficial,0
Denisa,Vacek,Denisa Vacek,2077,F35-39,Female,Bobnice - Kovansko,Central Bohemian Region,Czech Republic,CZ,1:38:09,8:11:41,,0:10:48,0:00:00,,5889,29501,0,648,0,0,99999,99999,99999,99999,99999,99999,99999,99999,99999,99999,99999,99999,DNF,0
Henrik,Felldin,Henrik Felldin,410,M25-29,Male,Göteborg,VASTRA GOTALANDS LAN [SE-14],Sweden,SE,1:52:05,,,0:09:43,0:00:00,,6725,0,0,583,0,0,99999,99999,99999,99999,99999,99999,99999,99999,99999,99999,99999,99999,DNF,0
gene,fang,gene fang,1226,M45-49,Male,albertson,NY,United States,US,1:27:01,6:36:19,,0:13:24,0:08:39,,5221,23779,0,804,519,0,99999,99999,99999,99999,99999,99999,99999,99999,99999,99999,99999,99999,DNF,0
Albin,Carlsson,Albin Carlsson,904,M25-29,Male,Linköping,foreigner,Sweden,SE,0:54:16,4:38:41,,0:02:08,0:03:30,,3256,16721,0,128,210,0,99999,99999,99999,99999,99999,99999,99999,99999,99999,99999,99999,99999,DNF,0
Joakim,Hassini,Joakim Hassini,515,M40-44,Male,Sölvesborg,SE-K,Sweden,SE,1:33:47,5:44:25,,0:08:34,0:07:07,,5627,20665,0,514,427,0,99999,99999,99999,99999,99999,99999,99999,99999,99999,99999,99999,99999,DNF,0
Kacper,Stepniak,Kacper Stepniak,7,MPRO,Male,Niemcz,PL-KP,Poland,PL,0:45:01,4:01:58,,0:01:27,0:01:32,,2701,14518,0,87,92,0,99999,99999,99999,99999,99999,99999,99999,99999,99999,99999,99999,99999,DNF,0
Pia,Höiom,Pia Höiom,2761,F60-64,Female,Åsa,,Sweden,SE,1:40:30,,,0:00:00,0:00:00,,6030,0,0,0,0,0,99999,99999,99999,99999,99999,99999,99999,99999,99999,99999,99999,99999,DNF,0
Carolin,Graw,Carolin Graw,707,F35-39,Female,Rochlitz,DE-Saxony,Germany,DE,1:36:59,,,0:14:43,0:00:00,,5819,0,0,883,0,0,99999,99999,99999,99999,99999,99999,99999,99999,99999,99999,99999,99999,DNF,0
David,Lindahl,David Lindahl,1515,M45-49,Male,Nässjö,SE-F,Sweden,SE,1:37:09,,,0:09:50,0:00:00,,5829,0,0,590,0,0,99999,99999,99999,99999,99999,99999,99999,99999,99999,99999,99999,99999,DNF,0
Ilker,Karaca,Ilker Karaca,1563,M40-44,Male,Köln,NORDRHEIN-WESTFALEN,Germany,DE,1:21:16,6:25:53,,0:10:43,0:08:31,,4876,23153,0,643,511,0,99999,99999,99999,99999,99999,99999,99999,99999,99999,99999,99999,99999,DNF,0
Göran,Andersson,Göran Andersson,2624,M50-54,Male,Enskede,,Sweden,SE,1:54:12,6:49:26,,0:16:35,0:18:37,,6852,24566,0,995,1117,0,99999,99999,99999,99999,99999,99999,99999,99999,99999,99999,99999,99999,DNF,0
Lars,Käll,Lars Käll,510,M55-59,Male,Kalmar,,Sweden,SE,,,,0:00:00,0:00:00,,0,0,0,0,0,0,99999,99999,99999,99999,99999,99999,99999,99999,99999,99999,99999,99999,DNS,0
Behnam,Borghey,Behnam Borghey,449,M30-34,Male,Kalmar,,Sweden,SE,1:36:32,7:08:06,,0:08:29,0:00:00,,5792,25686,0,509,0,0,99999,99999,99999,99999,99999,99999,99999,99999,99999,99999,99999,99999,DNF,0
Ross,Adams,Ross Adams,1981,M25-29,Male,Glasgow,GB-NLK,United Kingdom,GB,,,,0:00:00,0:00:00,,0,0,0,0,0,0,99999,99999,99999,99999,99999,99999,99999,99999,99999,99999,99999,99999,DNF,0
Nora,Lind,Nora Lind,331,F18-24,,Stockholm,Stockholm,Sweden,SE,,,,0:00:00,0:00:00,,0,0,0,0,0,0,99999,99999,99999,99999,99999,99999,99999,99999,99999,99999,99999,99999,DNS,0
Yvan,Jarrige,Yvan Jarrige,22,MPRO,Male,Lyon,,France,FR,0:47:57,4:27:13,,0:01:32,0:00:00,,2877,16033,0,92,0,0,99999,99999,99999,99999,99999,99999,99999,99999,99999,99999,99999,99999,DNF,0
Frederic,De Bie,Frederic De Bie,818,M50-54,Male,Antwerpen,,Belgium,BE,1:27:11,5:52:41,,0:05:16,0:06:40,,5231,21161,0,316,400,0,99999,99999,99999,99999,99999,99999,99999,99999,99999,99999,99999,99999,DNF,0
Sebastian,Aschenbrenner,Sebastian Aschenbrenner,30,MPRO,Male,Brunn am Gebirge,,Austria,AT,0:50:42,4:22:30,,0:01:33,0:02:47,,3042,15750,0,93,167,0,99999,99999,99999,99999,99999,99999,99999,99999,99999,99999,99999,99999,DNF,0
Carl Johan,Nilsson,Carl Johan Nilsson,2705,M50-54,Male,Rydebäck,,Sweden,SE,1:19:19,6:02:07,,0:06:44,0:04:27,,4759,21727,0,404,267,0,99999,99999,99999,99999,99999,99999,99999,99999,99999,99999,99999,99999,DNF,0
Benjamin,Namini,Benjamin Namini,1090,M35-39,Male,Bromma,STOCKHOLMS LAN [SE-01],Sweden,SE,,,,0:00:00,0:00:00,,0,0,0,0,0,0,99999,99999,99999,99999,99999,99999,99999,99999,99999,99999,99999,99999,DNF,0
Robin,Sandelin,Robin Sandelin,2590,M30-34,Male,Romakloster,Gotland,Sweden,SE,1:45:36,7:26:42,6:32:27,0:08:58,0:09:16,16:03:00,6336,26802,23547,538,556,57780,99999,99999,99999,99999,99999,99999,99999,99999,99999,99999,99999,99999,Unofficial,0
Laura,Dennis,Laura Dennis,5032,FPRO,Female,Currumbin,AU-QLD,Australia,AU,1:00:50,,,0:01:48,0:00:00,,3650,0,0,108,0,0,99999,99999,99999,99999,99999,99999,99999,99999,99999,99999,99999,99999,DNF,0
Ian,Boshier,Ian Boshier,967,M60-64,Male,Chandler's Ford,HAM,United Kingdom,GB,,,,0:00:00,0:00:00,,0,0,0,0,0,0,99999,99999,99999,99999,99999,99999,99999,99999,99999,99999,99999,99999,DNS,0
Stefan,Nilsson,Stefan Nilsson,1738,M60-64,Male,Tomelilla,SKANE LAN [SE-12],Sweden,SE,,,,0:00:00,0:00:00,,0,0,0,0,0,0,99999,99999,99999,99999,99999,99999,99999,99999,99999,99999,99999,99999,DNF,0
Mattias,Olsson,Mattias Olsson,2354,M50-54,Male,Varberg,,Sweden,SE,1:26:17,5:51:31,,0:06:23,0:06:54,,5177,21091,0,383,414,0,99999,99999,99999,99999,99999,99999,99999,99999,99999,99999,99999,99999,DNF,0
Lukáš,Kocar,Lukáš Kocar,64,MPRO,Male,Praha,Prague,Czech Republic,CZ,0:48:03,4:15:59,,0:01:30,0:02:17,,2883,15359,0,90,137,0,99999,99999,99999,99999,99999,99999,99999,99999,99999,99999,99999,99999,DNF,0
Emelie,Weckström,Emelie Weckström,1154,F40-44,Female,Nykvarn,SE-AB,Sweden,SE,1:24:42,7:30:57,6:42:22,0:16:37,0:10:22,16:05:00,5082,27057,24142,997,622,57900,99999,99999,99999,99999,99999,99999,99999,99999,99999,99999,99999,99999,Unofficial,0
Lars-Åke,Åberg,Lars-Åke Åberg,1108,M60-64,Male,HEDEMORA,,Sweden,SE,2:09:50,,,0:15:53,0:00:00,,7790,0,0,953,0,0,99999,99999,99999,99999,99999,99999,99999,99999,99999,99999,99999,99999,DNF,0
Thomas,Espensen,Thomas Espensen,2653,M55-59,Male,"Aalborg
Aalborg",,Denmark,DK,,,,0:00:00,0:00:00,,0,0,0,0,0,0,99999,99999,99999,99999,99999,99999,99999,99999,99999,99999,99999,99999,DNS,0
Noora,Ranta,Noora Ranta,2598,F45-49,Female,Huittinen,Satakunta,Finland,FI,1:19:31,6:27:32,,0:06:48,0:08:39,,4771,23252,0,408,519,0,99999,99999,99999,99999,99999,99999,99999,99999,99999,99999,99999,99999,DNF,0
Yukari,Horiguchi,Yukari Horiguchi,892,F60-64,Female,Harumi Chuoku,JP-13,Japan,JP,1:23:20,7:49:24,,0:11:15,0:10:25,,5000,28164,0,675,625,0,99999,99999,99999,99999,99999,99999,99999,99999,99999,99999,99999,99999,DNF,0
Mark,Garrett,Mark Garrett,2595,M60-64,Male,Linköping,Östergötland,United Kingdom,GB,1:20:44,7:41:40,,0:08:00,0:12:06,,4844,27700,0,480,726,0,99999,99999,99999,99999,99999,99999,99999,99999,99999,99999,99999,99999,DNF,0
Isabella,Björksell,Isabella Björksell,884,F25-29,Female,Bromma ,Stockholms län,Sweden,SE,,,,0:00:00,0:00:00,,0,0,0,0,0,0,99999,99999,99999,99999,99999,99999,99999,99999,99999,99999,99999,99999,DNS,0
Joachim,Rønaas,Joachim Rønaas,1349,M50-54,Male,Bjørkelangen,,Norway,NO,1:17:16,,,0:05:45,0:00:00,,4636,0,0,345,0,0,99999,99999,99999,99999,99999,99999,99999,99999,99999,99999,99999,99999,DNF,0
Maarit,Kaskela,Maarit Kaskela,360,F50-54,Female,Gävle,SE-X,Sweden,SE,1:42:22,,,0:12:13,0:00:00,,6142,0,0,733,0,0,99999,99999,99999,99999,99999,99999,99999,99999,99999,99999,99999,99999,DNF,0
Alexandros,Zander,Alexandros Zander,357,M35-39,Male,Kalmar,Kalmar Län,Sweden,SE,,,,0:00:00,0:00:00,,0,0,0,0,0,0,99999,99999,99999,99999,99999,99999,99999,99999,99999,99999,99999,99999,DNF,0
Josephine,Winther,Josephine Winther,1901,F25-29,Female,"Musicon
4000",SJÆLLAND,Denmark,DK,1:34:44,7:03:07,,0:06:28,0:07:21,,5684,25387,0,388,441,0,99999,99999,99999,99999,99999,99999,99999,99999,99999,99999,99999,99999,DNF,0
Axel,Bjuström,Axel Bjuström,2211,M25-29,Male,Västerås,Västmanland,Sweden,SE,2:09:56,7:43:09,,0:08:36,0:00:00,,7796,27789,0,516,0,0,99999,99999,99999,99999,99999,99999,99999,99999,99999,99999,99999,99999,DNF,0
Charlotta,Tano,Charlotta Tano,2045,F60-64,Female,Njutånger,GAVLEBORGS LAN [SE-21],Sweden,SE,,,,0:00:00,0:00:00,,0,0,0,0,0,0,99999,99999,99999,99999,99999,99999,99999,99999,99999,99999,99999,99999,DNF,0
Sunil,Manazhy,Sunil Manazhy,1546,M50-54,Male,MUSCAT,MUSCAT,United Kingdom,GB,,,,0:00:00,0:00:00,,0,0,0,0,0,0,99999,99999,99999,99999,99999,99999,99999,99999,99999,99999,99999,99999,DNF,0
Rhys,Van Der Helm,Rhys Van Der Helm,118,M30-34,Male,Eastleigh,GB-HAM,United Kingdom,GB,,,,0:00:00,0:00:00,,0,0,0,0,0,0,99999,99999,99999,99999,99999,99999,99999,99999,99999,99999,99999,99999,DNS,0
Adam,Kaluzny,Adam Kaluzny,2773,M40-44,Male,Poznań,,Poland,PL,,,,0:00:00,0:00:00,,0,0,0,0,0,0,99999,99999,99999,99999,99999,99999,99999,99999,99999,99999,99999,99999,DNS,0
Georg,Matscheko,Georg Matscheko,457,M80-84,Male,Kalmar,,Sweden,SE,1:19:43,7:27:18,,0:13:20,0:00:00,,4783,26838,0,800,0,0,99999,99999,99999,99999,99999,99999,99999,99999,99999,99999,99999,99999,DNF,0
Andrius,Kirklys,Andrius Kirklys,302,M45-49,Male,Kaunas,,Lithuania,LT,,,,0:00:00,0:00:00,,0,0,0,0,0,0,99999,99999,99999,99999,99999,99999,99999,99999,99999,99999,99999,99999,DNS,0
Stéphane,Bigras,Stéphane Bigras,701,M55-59,Male,Sainte Anne Des Plaines,QC,Canada,CA,1:26:58,,,0:07:57,0:00:00,,5218,0,0,477,0,0,99999,99999,99999,99999,99999,99999,99999,99999,99999,99999,99999,99999,DNF,0
Anders,Gikling,Anders Gikling,891,M55-59,Male,Täby,,Norway,NO,,,,0:00:00,0:00:00,,0,0,0,0,0,0,99999,99999,99999,99999,99999,99999,99999,99999,99999,99999,99999,99999,DNS,0
Jari ,Ylilehto,Jari Ylilehto,2707,M60-64,Male,Heinola Kk,,Finland,FI,,,,0:00:00,0:00:00,,0,0,0,0,0,0,99999,99999,99999,99999,99999,99999,99999,99999,99999,99999,99999,99999,DNS,0
Janiela,Ullner,Janiela Ullner,1998,F25-29,Female,Pflugerville,US-TX,United States,US,,,,0:00:00,0:00:00,,0,0,0,0,0,0,99999,99999,99999,99999,99999,99999,99999,99999,99999,99999,99999,99999,DNF,0
Charlotte,Perry,Charlotte Perry,1202,F30-34,,Stafford ,England,United Kingdom,GB,2:04:10,,,0:08:18,0:00:00,,7450,0,0,498,0,0,99999,99999,99999,99999,99999,99999,99999,99999,99999,99999,99999,99999,DNF,0
Peter,Palmedal,Peter Palmedal,848,M50-54,,Huddinge,Stockholm,Sweden,SE,1:52:20,,,0:11:46,0:00:00,,6740,0,0,706,0,0,99999,99999,99999,99999,99999,99999,99999,99999,99999,99999,99999,99999,DNF,0
Anna,Hallberg,Anna Hallberg,2031,F50-54,Female,Örsundsbro,,Sweden,SE,1:56:13,,,0:05:47,0:00:00,,6973,0,0,347,0,0,99999,99999,99999,99999,99999,99999,99999,99999,99999,99999,99999,99999,DNF,0
Oscar,Senniksen,Oscar Senniksen,2411,M35-39,Male,Båstad,M,Sweden,SE,1:20:46,6:26:18,,0:06:37,0:00:00,,4846,23178,0,397,0,0,99999,99999,99999,99999,99999,99999,99999,99999,99999,99999,99999,99999,DNF,0
Louise,Tuvesson ,Louise Tuvesson,498,F35-39,Female,Ljungbyholm,AE,Sweden,SE,1:15:54,5:27:26,,0:04:44,0:06:28,,4554,19646,0,284,388,0,99999,99999,99999,99999,99999,99999,99999,99999,99999,99999,99999,99999,DNF,0
Fredrik,Cederblad,Fredrik Cederblad,217,M30-34,Male,Kalmar,,Sweden,SE,1:01:04,4:37:02,,0:03:41,0:03:15,,3664,16622,0,221,195,0,99999,99999,99999,99999,99999,99999,99999,99999,99999,99999,99999,99999,DNF,0
Jeanne,Collonge,Jeanne Collonge,5009,FPRO,Female,Saint-Étienne,,France,FR,,,,0:00:00,0:00:00,,0,0,0,0,0,0,99999,99999,99999,99999,99999,99999,99999,99999,99999,99999,99999,99999,DNS,0
Daniel,Olsson,Daniel Olsson,651,M30-34,Male,Kristianstad,SKANE LAN [SE-12],Sweden,SE,1:31:48,6:46:16,,0:13:14,2:01:34,,5508,24376,0,794,7294,0,99999,99999,99999,99999,99999,99999,99999,99999,99999,99999,99999,99999,DNF,0
Peter,Forsgård,Peter Forsgård,2337,M55-59,Male,Solna,,Finland,FI,1:35:03,6:53:51,7:03:18,0:11:16,0:17:13,16:00:41,5703,24831,25398,676,1033,57641,99999,99999,99999,99999,99999,99999,99999,99999,99999,99999,99999,99999,Unofficial,0
Fabrice,Manon,Fabrice Manon,1867,M55-59,Male,Quévert,22,France,FR,1:29:12,5:54:47,,0:06:25,0:10:31,,5352,21287,0,385,631,0,99999,99999,99999,99999,99999,99999,99999,99999,99999,99999,99999,99999,DNF,0
Daniel,Lindblad,Daniel Lindblad,2658,M50-54,Male,Västerås,,Sweden,SE,1:15:51,6:02:44,,0:11:38,0:09:55,,4551,21764,0,698,595,0,99999,99999,99999,99999,99999,99999,99999,99999,99999,99999,99999,99999,DNF,0
Martin,BØGESKOV,Martin BØGESKOV,2766,M35-39,Male,Odense,DK-83,Denmark,DK,,,,0:00:00,0:00:00,,0,0,0,0,0,0,99999,99999,99999,99999,99999,99999,99999,99999,99999,99999,99999,99999,DNS,0
Mihai,Lengiu,Mihai Lengiu,1989,M40-44,Male,Utrecht,Utrecht,Romania,RO,,,,0:00:00,0:00:00,,0,0,0,0,0,0,99999,99999,99999,99999,99999,99999,99999,99999,99999,99999,99999,99999,DNS,0
Jenny,Skiöld,Jenny Skiöld,2431,F45-49,Female,Undersåker,SE-Z,Sweden,SE,2:31:34,,,0:00:00,0:00:00,,9094,0,0,0,0,0,99999,99999,99999,99999,99999,99999,99999,99999,99999,99999,99999,99999,DNF,0
Renan,Silva,Renan Silva,2346,M35-39,Male,Barueri,BR-SP,Brazil,BR,,,,0:00:00,0:00:00,,0,0,0,0,0,0,99999,99999,99999,99999,99999,99999,99999,99999,99999,99999,99999,99999,DNF,0
Lo,Ranta,Lo Ranta,1133,F40-44,Female,Göteborg,VASTRA GOTALANDS LAN [SE-14],Sweden,SE,1:57:06,7:56:23,,0:16:24,0:00:00,,7026,28583,0,984,0,0,99999,99999,99999,99999,99999,99999,99999,99999,99999,99999,99999,99999,DNF,0
Mike,Schieder,Mike Schieder,1004,M55-59,Male,Neukirchen-Vluyn,NW,Germany,DE,,,,0:00:00,0:00:00,,0,0,0,0,0,0,99999,99999,99999,99999,99999,99999,99999,99999,99999,99999,99999,99999,DNS,0
Sven,Thalmann,Sven Thalmann,38,MPRO,Male,Aarau,foreigner,Switzerland,CH,0:44:55,4:18:30,,0:01:29,0:01:58,,2695,15510,0,89,118,0,99999,99999,99999,99999,99999,99999,99999,99999,99999,99999,99999,99999,DNF,0
Jonas,West,Jonas West,1042,M45-49,Male,borås,SE-O,Sweden,SE,,,,0:00:00,0:00:00,,0,0,0,0,0,0,99999,99999,99999,99999,99999,99999,99999,99999,99999,99999,99999,99999,DNF,0
Maria,Houschka,Maria Houschka,2760,F35-39,Female,Tingsryd,SE-G,Germany,DE,1:30:56,,,0:12:18,0:00:00,,5456,0,0,738,0,0,99999,99999,99999,99999,99999,99999,99999,99999,99999,99999,99999,99999,DNF,0
Stefan,Bolling,Stefan Bolling,237,M50-54,Male,Vallentuna,SE-AB,Sweden,SE,0:57:58,4:45:24,,0:04:11,0:04:02,,3478,17124,0,251,242,0,99999,99999,99999,99999,99999,99999,99999,99999,99999,99999,99999,99999,DNF,0
Luca,Spak Jenbergsen,Luca Spak Jenbergsen,180,M18-24,Male,Rjukan,NO-08,Norway,NO,0:59:33,5:36:47,,0:03:01,0:04:22,,3573,20207,0,181,262,0,99999,99999,99999,99999,99999,99999,99999,99999,99999,99999,99999,99999,DNF,0
Ryuji,Chua,Ryuji Chua,338,M30-34,Male,Minato City,Tokyo Prefecture,Japan,JP,,,,0:00:00,0:00:00,,0,0,0,0,0,0,99999,99999,99999,99999,99999,99999,99999,99999,99999,99999,99999,99999,DNS,0
Michael,Weiss,Michael Weiss,16,MPRO,Male,Gumpoldskirchen,,Austria,AT,0:50:36,4:02:06,,0:01:59,0:02:00,,3036,14526,0,119,120,0,99999,99999,99999,99999,99999,99999,99999,99999,99999,99999,99999,99999,DNF,0
Gail,Hughes,Gail Hughes,267,F70-74,Female,Flagstaff,AZ,United States,US,1:35:57,,,0:16:12,0:00:00,,5757,0,0,972,0,0,99999,99999,99999,99999,99999,99999,99999,99999,99999,99999,99999,99999,DNF,0
Cristin,Berggren,Cristin Berggren,2154,F45-49,Female,Täby,,Sweden,SE,1:54:11,7:36:01,,0:08:55,0:07:00,,6851,27361,0,535,420,0,99999,99999,99999,99999,99999,99999,99999,99999,99999,99999,99999,99999,DNF,0
Paul,Kelly,Paul Kelly,143,M45-49,Male,Dublin,DUBLIN,Ireland,IE,1:01:21,,,0:03:35,0:00:00,,3681,0,0,215,0,0,99999,99999,99999,99999,99999,99999,99999,99999,99999,99999,99999,99999,DNF,0
Marius,Hollender,Marius Hollender,1554,M18-24,Male,Dragør,,Denmark,DK,0:57:59,4:15:45,,0:02:01,0:02:59,,3479,15345,0,121,179,0,99999,99999,99999,99999,99999,99999,99999,99999,99999,99999,99999,99999,DNF,0
Andreas,Stangenberg,Andreas Stangenberg,166,M65-69,Male,Neu Wulmstorf,DE-NI,Germany,DE,,,,0:00:00,0:00:00,,0,0,0,0,0,0,99999,99999,99999,99999,99999,99999,99999,99999,99999,99999,99999,99999,DNF,0
Franziska,Hofmann,Franziska Hofmann,5008,FPRO,Female,Neckarsteinach,foreigner,Germany,DE,0:56:19,,,0:01:53,0:00:00,,3379,0,0,113,0,0,99999,99999,99999,99999,99999,99999,99999,99999,99999,99999,99999,99999,DNF,0
Veikko,Niinikoski,Veikko Niinikoski,1333,M45-49,Male,Espoo,Uusimaa,Finland,FI,1:50:24,6:33:13,,0:06:51,0:09:49,,6624,23593,0,411,589,0,99999,99999,99999,99999,99999,99999,99999,99999,99999,99999,99999,99999,DNF,0
Konstantin,Geister,Konstantin Geister,2270,M40-44,Male,Hamburg,HH,Germany,DE,1:09:20,5:36:34,,0:05:40,0:06:14,,4160,20194,0,340,374,0,99999,99999,99999,99999,99999,99999,99999,99999,99999,99999,99999,99999,DNF,0
Mariusz,Wadolowski,Mariusz Wadolowski,2291,M45-49,Male,Warszawa,PL-MZ,Poland,PL,,,,0:00:00,0:00:00,,0,0,0,0,0,0,99999,99999,99999,99999,99999,99999,99999,99999,99999,99999,99999,99999,DNS,0
Daniel,Perkey,Daniel Perkey,2088,M40-44,Male,Chicago,US-IL,United States,US,1:10:51,,,0:09:25,0:00:00,,4251,0,0,565,0,0,99999,99999,99999,99999,99999,99999,99999,99999,99999,99999,99999,99999,DNF,0
Jesper,Svensson,Jesper Svensson,23,MPRO,Male,Arsta,,Sweden,SE,0:46:43,4:20:11,,0:01:37,0:01:53,,2803,15611,0,97,113,0,99999,99999,99999,99999,99999,99999,99999,99999,99999,99999,99999,99999,DNF,0
Caroline,Vidlund,Caroline Vidlund,642,F55-59,Female,Kalmar,SE-H,Sweden,SE,2:23:46,,,0:00:00,0:00:00,,8626,0,0,0,0,0,99999,99999,99999,99999,99999,99999,99999,99999,99999,99999,99999,99999,DNF,0
Alexiev,Péter,Alexiev Péter,2668,M60-64,Male,Szolnok,HU-SK,Hungary,HU,1:17:32,7:15:47,7:08:08,0:09:07,0:10:30,16:01:05,4652,26147,25688,547,630,57665,99999,99999,99999,99999,99999,99999,99999,99999,99999,99999,99999,99999,Unofficial,0
Akshay,Samel,Akshay Samel,1019,M40-44,Male,Mumbai,Maharashtra,India,IN,,,,0:00:00,0:00:00,,0,0,0,0,0,0,99999,99999,99999,99999,99999,99999,99999,99999,99999,99999,99999,99999,DNS,0
Antonio,Benito,Antonio Benito,5,MPRO,Male,Tomelloso,Castille-La Mancha,Spain,ES,0:44:59,4:11:12,,0:01:30,0:02:52,,2699,15072,0,90,172,0,99999,99999,99999,99999,99999,99999,99999,99999,99999,99999,99999,99999,DNF,0
Alexander,Wyblad,Alexander Wyblad,2398,M60-64,Male,Göteborg,SE-O,Sweden,SE,,,,0:00:00,0:00:00,,0,0,0,0,0,0,99999,99999,99999,99999,99999,99999,99999,99999,99999,99999,99999,99999,DNF,0
Niklas,Berkhoff,Niklas Berkhoff,2029,M30-34,Male,Hamburg,DE-HH,Germany,DE,1:09:33,,,0:06:30,0:00:00,,4173,0,0,390,0,0,99999,99999,99999,99999,99999,99999,99999,99999,99999,99999,99999,99999,DNF,0
André,Bengtsson,André Bengtsson,1936,M45-49,Male,Lund,M,Sweden,SE,1:45:25,7:41:04,,0:05:50,0:09:00,,6325,27664,0,350,540,0,99999,99999,99999,99999,99999,99999,99999,99999,99999,99999,99999,99999,DNF,0
Piotr,Zegota,Piotr Zegota,2521,M35-39,Male,Grodzisk,łódzkie,Poland,PL,1:42:59,6:40:50,,0:07:00,0:07:38,,6179,24050,0,420,458,0,99999,99999,99999,99999,99999,99999,99999,99999,99999,99999,99999,99999,DNF,0
Marcis,Pelcis,Marcis Pelcis,951,M45-49,Male,Riga,foreigner,Latvia,LV,1:29:04,,,0:04:19,0:00:00,,5344,0,0,259,0,0,99999,99999,99999,99999,99999,99999,99999,99999,99999,99999,99999,99999,DNF,0
Chaiyawut,Piarad,Chaiyawut Piarad,1500,M40-44,Male,"บางชัน,คลอง",TH-10,Thailand,TH,1:53:26,6:20:43,,0:15:16,0:12:16,,6806,22843,0,916,736,0,99999,99999,99999,99999,99999,99999,99999,99999,99999,99999,99999,99999,DNF,0
Fraser,Rawlinson,Fraser Rawlinson,313,M35-39,Male,perth,GB-PKN,United Kingdom,GB,,,,0:00:00,0:00:00,,0,0,0,0,0,0,99999,99999,99999,99999,99999,99999,99999,99999,99999,99999,99999,99999,DNS,0
Emilia,Fällström,Emilia Fällström,2106,F30-34,Female,Luleå,NORRBOTTENS LAN [SE-25],Sweden,SE,1:28:08,,,0:11:56,0:00:00,,5288,0,0,716,0,0,99999,99999,99999,99999,99999,99999,99999,99999,99999,99999,99999,99999,DNF,0
Janine,Low,Janine Low,2037,F25-29,Female,Delta,British Columbia,Canada,CA,1:03:58,,,0:06:01,0:00:00,,3838,0,0,361,0,0,99999,99999,99999,99999,99999,99999,99999,99999,99999,99999,99999,99999,DNF,0
Fernando,Toldi,Fernando Toldi,20,MPRO,Male,São Paulo,BR-SP,Brazil,BR,,,,0:00:00,0:00:00,,0,0,0,0,0,0,99999,99999,99999,99999,99999,99999,99999,99999,99999,99999,99999,99999,DNS,0
Eberhard,Ehrlich,Eberhard Ehrlich,595,M65-69,Male,Wittenberg OT Jahmo,ST,Germany,DE,1:19:18,,,0:06:34,0:00:00,,4758,0,0,394,0,0,99999,99999,99999,99999,99999,99999,99999,99999,99999,99999,99999,99999,DNF,0
Axel,Josefsson,Axel Josefsson,1792,M45-49,Male,Göteborg,,Sweden,SE,1:40:41,7:34:02,,0:10:34,0:11:27,,6041,27242,0,634,687,0,99999,99999,99999,99999,99999,99999,99999,99999,99999,99999,99999,99999,DNF,0
Timo,Bertram,Timo Bertram,594,M50-54,Male,Klotten,RP,Germany,DE,1:11:51,,,0:03:52,0:00:00,,4311,0,0,232,0,0,99999,99999,99999,99999,99999,99999,99999,99999,99999,99999,99999,99999,DNF,0
Johan,Henningsson,Johan Henningsson,367,M25-29,Male,Linköping,SE-E,Sweden,SE,,,,0:00:00,0:00:00,,0,0,0,0,0,0,99999,99999,99999,99999,99999,99999,99999,99999,99999,99999,99999,99999,DNS,0
Tommy,Schön,Tommy Schön,850,M45-49,Male,Kalmar ,Kalmar,Sweden,SE,1:53:02,,,0:09:55,0:00:00,,6782,0,0,595,0,0,99999,99999,99999,99999,99999,99999,99999,99999,99999,99999,99999,99999,DNF,0
Izzy,Marsh,Izzy Marsh,966,F25-29,Female,London,GB-ENG,United Kingdom,GB,1:21:28,,,0:05:18,0:00:00,,4888,0,0,318,0,0,99999,99999,99999,99999,99999,99999,99999,99999,99999,99999,99999,99999,DNF,0
Klark,Robinson,Klark Robinson,232,M30-34,Male,Balderstone,GB-GB-LAN,United Kingdom,GB,,,,0:00:00,0:00:00,,0,0,0,0,0,0,99999,99999,99999,99999,99999,99999,99999,99999,99999,99999,99999,99999,DQ,0
Marco,Ihling,Marco Ihling,2300,M55-59,Male,Erfurt,TH,Germany,DE,,,,0:00:00,0:00:00,,0,0,0,0,0,0,99999,99999,99999,99999,99999,99999,99999,99999,99999,99999,99999,99999,DNS,0
Liam,Myrinder,Liam Myrinder,156,M18-24,Male,Färjestaden ,,Sweden,SE,0:57:32,4:38:18,,0:02:30,0:02:09,,3452,16698,0,150,129,0,99999,99999,99999,99999,99999,99999,99999,99999,99999,99999,99999,99999,DNF,0
Jens,Grøndal Hansen,Jens Grøndal Hansen,233,M18-24,Male,København s,DK-84,Denmark,DK,1:10:21,,,0:04:53,0:00:00,,4221,0,0,293,0,0,99999,99999,99999,99999,99999,99999,99999,99999,99999,99999,99999,99999,DNF,0
Federico,Scarabino,Federico Scarabino,21,MPRO,Male,Montevideo,UY-MO,Uruguay,UY,0:46:31,4:05:11,,0:01:28,0:01:42,,2791,14711,0,88,102,0,99999,99999,99999,99999,99999,99999,99999,99999,99999,99999,99999,99999,DNF,0
Fiona,Moriarty,Fiona Moriarty,5034,FPRO,Female,Bend,OR,Ireland,IE,0:56:27,4:40:06,,0:01:40,0:02:04,,3387,16806,0,100,124,0,99999,99999,99999,99999,99999,99999,99999,99999,99999,99999,99999,99999,DNF,0
Thor,Bendix Madsen,Thor Bendix Madsen,46,MPRO,Male,Copenhagen,foreigner,Denmark,DK,0:48:01,4:06:49,,0:01:40,0:01:43,,2881,14809,0,100,103,0,99999,99999,99999,99999,99999,99999,99999,99999,99999,99999,99999,99999,DNF,0
Sofie,Klingberg,Sofie Klingberg,351,F30-34,Female,Åre,,Sweden,SE,1:13:19,5:45:24,,0:06:53,0:07:09,,4399,20724,0,413,429,0,99999,99999,99999,99999,99999,99999,99999,99999,99999,99999,99999,99999,DNF,0
Lillemor,Rosberg,Lillemor Rosberg,2131,F45-49,Female,Täby,STOCKHOLMS LAN [SE-01],Sweden,SE,1:28:56,,,0:09:05,0:00:00,,5336,0,0,545,0,0,99999,99999,99999,99999,99999,99999,99999,99999,99999,99999,99999,99999,DNF,0
Michael,Caine,Michael Caine,1432,M55-59,Male,Isle of Man,Isle of Man,Isle of Man,IM,1:27:09,7:07:53,7:02:32,0:12:35,0:10:14,16:00:24,5229,25673,25352,755,614,57624,99999,99999,99999,99999,99999,99999,99999,99999,99999,99999,99999,99999,Unofficial,0
Richard,Svensson,Richard Svensson,770,M55-59,Male,Åhus,,Sweden,SE,,,,0:00:00,0:00:00,,0,0,0,0,0,0,99999,99999,99999,99999,99999,99999,99999,99999,99999,99999,99999,99999,DNS,0
Kenneth,Backman,Kenneth Backman,1667,M55-59,Male,Solna,SE-AB,Sweden,SE,1:46:05,6:59:48,,0:12:11,0:13:20,,6365,25188,0,731,800,0,99999,99999,99999,99999,99999,99999,99999,99999,99999,99999,99999,99999,DNF,0
Sigrid ,Jensen,Sigrid Jensen,2640,F25-29,Female,Frederiksberg,Copenhagen,Denmark,DK,,,,0:00:00,0:00:00,,0,0,0,0,0,0,99999,99999,99999,99999,99999,99999,99999,99999,99999,99999,99999,99999,DQ,0
Fredrik,Goa,Fredrik Goa,725,M60-64,Male,Trelleborg,SE-M,Sweden,SE,1:32:38,7:39:29,,0:07:01,0:08:53,,5558,27569,0,421,533,0,99999,99999,99999,99999,99999,99999,99999,99999,99999,99999,99999,99999,DNF,0
Rob,Marshall,Rob Marshall,2466,M45-49,Male,Much Hadham,HRT,United Kingdom,GB,,,,0:00:00,0:00:00,,0,0,0,0,0,0,99999,99999,99999,99999,99999,99999,99999,99999,99999,99999,99999,99999,DNS,0
Jessica,Parkinson,Jessica Parkinson,1006,F30-34,Female,Denver,CO,United States,US,1:43:38,,,0:07:36,0:00:00,,6218,0,0,456,0,0,99999,99999,99999,99999,99999,99999,99999,99999,99999,99999,99999,99999,DNF,0
Richard,Troell,Richard Troell,2563,M60-64,Male,Halmstad,,Sweden,SE,1:10:34,5:27:46,,0:05:22,0:07:12,,4234,19666,0,322,432,0,99999,99999,99999,99999,99999,99999,99999,99999,99999,99999,99999,99999,DNF,0
Fredrik,Sörensen,Fredrik Sörensen,1416,M25-29,Male,Ramlösa,SE-M,Sweden,SE,,,,0:00:00,0:00:00,,0,0,0,0,0,0,99999,99999,99999,99999,99999,99999,99999,99999,99999,99999,99999,99999,DNS,0
Chris ,Torrente,Chris Torrente,264,M50-54,Male,Woodcliff Lake,New Jersey,United States,US,,,,0:00:00,0:00:00,,0,0,0,0,0,0,99999,99999,99999,99999,99999,99999,99999,99999,99999,99999,99999,99999,DNS,0
Daniel,Knudsen,Daniel Knudsen,2490,M50-54,Male,Österskär,SE-AB,Sweden,SE,,,,0:00:00,0:00:00,,0,0,0,0,0,0,99999,99999,99999,99999,99999,99999,99999,99999,99999,99999,99999,99999,DNS,0
Joseph,Carter,Joseph Carter,833,M25-29,Male,Middlesbrough,England,United Kingdom,GB,1:15:22,8:07:48,,0:11:13,0:07:09,,4522,29268,0,673,429,0,99999,99999,99999,99999,99999,99999,99999,99999,99999,99999,99999,99999,DNF,0
Rubi,Størset,Rubi Størset,2756,F50-54,Female,Slattum,,Norway,NO,1:29:50,6:04:53,,0:06:07,0:06:04,,5390,21893,0,367,364,0,99999,99999,99999,99999,99999,99999,99999,99999,99999,99999,99999,99999,DNF,0
Karin,Karlen,Karin Karlen,570,F40-44,Female,Klintehamn,SE-I,Sweden,SE,,,,0:00:00,0:00:00,,0,0,0,0,0,0,99999,99999,99999,99999,99999,99999,99999,99999,99999,99999,99999,99999,DNF,0
Roy,Roulston,Roy Roulston,1214,M45-49,Male,Dundonald,GB-NIR,United Kingdom,GB,,,,0:00:00,0:00:00,,0,0,0,0,0,0,99999,99999,99999,99999,99999,99999,99999,99999,99999,99999,99999,99999,DQ,0
Peter,Busk,Peter Busk,2695,M55-59,Male,"
Virum",,Denmark,DK,,,,0:00:00,0:00:00,,0,0,0,0,0,0,99999,99999,99999,99999,99999,99999,99999,99999,99999,99999,99999,99999,DQ,0
Robert,Wilkowiecki,Robert Wilkowiecki,39,MPRO,Male,Twardogóra,,Poland,PL,0:46:40,4:22:00,,0:01:28,0:02:36,,2800,15720,0,88,156,0,99999,99999,99999,99999,99999,99999,99999,99999,99999,99999,99999,99999,DNF,0
Lennert,Van De Voorde,Lennert Van De Voorde,1753,M25-29,Male,Berchem,Vlaams Gewest,Belgium,BE,1:02:23,4:57:04,,0:03:40,0:09:27,,3743,17824,0,220,567,0,99999,99999,99999,99999,99999,99999,99999,99999,99999,99999,99999,99999,DNF,0
Göran,Skoglund,Göran Skoglund,2166,M55-59,Male,Nybrostrand,,Sweden,SE,2:20:12,,,0:00:00,0:00:00,,8412,0,0,0,0,0,99999,99999,99999,99999,99999,99999,99999,99999,99999,99999,99999,99999,DNF,0
Jennifer,Pedersen,Jennifer Pedersen,2551,F25-29,Female,Hässelby ,Stockholm,Sweden,SE,2:05:52,,,0:07:29,0:00:00,,7552,0,0,449,0,0,99999,99999,99999,99999,99999,99999,99999,99999,99999,99999,99999,99999,DNF,0
Samuel,Karlsson Ahrén,Samuel Karlsson Ahrén,2499,M30-34,Male,Lund,Skåne,Sweden,SE,1:39:33,,,0:06:38,0:00:00,,5973,0,0,398,0,0,99999,99999,99999,99999,99999,99999,99999,99999,99999,99999,99999,99999,DNF,0
Calle,Frisk,Calle Frisk,305,M45-49,Male,Karlstad,Värmlands Län,Sweden,SE,,,,0:00:00,0:00:00,,0,0,0,0,0,0,99999,99999,99999,99999,99999,99999,99999,99999,99999,99999,99999,99999,DNS,0
David,Rother,David Rother,60,MPRO,Male,Oberndorf am Lech,Bavaria,Germany,DE,1:00:48,,,0:02:28,0:00:00,,3648,0,0,148,0,0,99999,99999,99999,99999,99999,99999,99999,99999,99999,99999,99999,99999,DNF,0
Sabrina,RAMIREZ,Sabrina RAMIREZ,2111,F30-34,Female,LUND,SE-M,Venezuela,VE,,,,0:00:00,0:00:00,,0,0,0,0,0,0,99999,99999,99999,99999,99999,99999,99999,99999,99999,99999,99999,99999,DNS,0
Rubar,Hassan,Rubar Hassan,485,M30-34,Male,Kalmar ,Kalmar län,Sweden,SE,,,,0:00:00,0:00:00,,0,0,0,0,0,0,99999,99999,99999,99999,99999,99999,99999,99999,99999,99999,99999,99999,DNF,0
Peter,Lendrop,Peter Lendrop,819,M55-59,Male,Nättraby,SE-K,Sweden,SE,1:18:32,,,0:11:19,0:00:00,,4712,0,0,679,0,0,99999,99999,99999,99999,99999,99999,99999,99999,99999,99999,99999,99999,DNF,0
Jack,Caine,Jack Caine,1429,M25-29,Male,Ramsey,CHI,Isle of Man,IM,1:43:40,,,0:07:42,0:00:00,,6220,0,0,462,0,0,99999,99999,99999,99999,99999,99999,99999,99999,99999,99999,99999,99999,DNF,0
Thomas,Rennemo,Thomas Rennemo,968,M50-54,Male,Kungälv,SE-O,Sweden,SE,1:25:05,,,0:10:38,0:00:00,,5105,0,0,638,0,0,99999,99999,99999,99999,99999,99999,99999,99999,99999,99999,99999,99999,DNF,0
Alexandre,Guillaume,Alexandre Guillaume,2383,M25-29,Male,Gothenburg ,VASTRA GOTALANDS LAN [SE-14],Belgium,BE,1:14:00,4:47:00,,0:04:27,0:04:19,,4440,17220,0,267,259,0,99999,99999,99999,99999,99999,99999,99999,99999,99999,99999,99999,99999,DNF,0
Hanna,Skygebjerg,Hanna Skygebjerg,1014,F35-39,Female,Kalmar,,Sweden,SE,1:39:47,7:03:44,,0:08:40,0:13:24,,5987,25424,0,520,804,0,99999,99999,99999,99999,99999,99999,99999,99999,99999,99999,99999,99999,DNF,0
Petri,Huhtinen,Petri Huhtinen,2701,M55-59,Male,Turku,VARSINAIS-SUOMI,Finland,FI,1:05:11,5:10:43,,0:04:06,0:03:20,,3911,18643,0,246,200,0,99999,99999,99999,99999,99999,99999,99999,99999,99999,99999,99999,99999,DNF,0
Maarten,Callewaert,Maarten Callewaert,1698,M30-34,Male,Gent,,Belgium,BE,,,,0:00:00,0:00:00,,0,0,0,0,0,0,99999,99999,99999,99999,99999,99999,99999,99999,99999,99999,99999,99999,DNS,0
Ralf,Schuh,Ralf Schuh,2445,M60-64,Male,Lund,,Germany,DE,1:34:18,6:15:45,,0:12:11,0:19:47,,5658,22545,0,731,1187,0,99999,99999,99999,99999,99999,99999,99999,99999,99999,99999,99999,99999,DNF,0
Agusti,Perez,Agusti Perez,1045,M50-54,Male,Andorra,,Spain,ES,1:12:40,5:27:04,,0:06:22,0:08:40,,4360,19624,0,382,520,0,99999,99999,99999,99999,99999,99999,99999,99999,99999,99999,99999,99999,DNF,0
Toni,Mäkelä,Toni Mäkelä,1264,M35-39,Male,Tornio,,Finland,FI,1:32:20,6:52:25,,0:08:42,0:06:29,,5540,24745,0,522,389,0,99999,99999,99999,99999,99999,99999,99999,99999,99999,99999,99999,99999,DNF,0
Moa,Nilsson,Moa Nilsson,2497,F25-29,Female,Tvååker ,Halland,Sweden,SE,2:13:26,,,0:09:20,0:00:00,,8006,0,0,560,0,0,99999,99999,99999,99999,99999,99999,99999,99999,99999,99999,99999,99999,DNF,0
Malin,Stodola Paradis ,Malin Stodola Paradis,2549,F40-44,Female,Karlshamn,Blekinge Län,Sweden,SE,2:02:10,7:51:17,,0:06:34,0:00:00,,7330,28277,0,394,0,0,99999,99999,99999,99999,99999,99999,99999,99999,99999,99999,99999,99999,DNF,0
William,Brudenell,William Brudenell,2319,M25-29,Male,London,BRK,United Kingdom,GB,1:50:10,,,0:12:47,0:00:00,,6610,0,0,767,0,0,99999,99999,99999,99999,99999,99999,99999,99999,99999,99999,99999,99999,DNF,0
Hugo,Lindgrén,Hugo Lindgrén,2201,M18-24,Male,Malmö,SE-M,Sweden,SE,,,,0:00:00,0:00:00,,0,0,0,0,0,0,99999,99999,99999,99999,99999,99999,99999,99999,99999,99999,99999,99999,DNF,0
Marcus,Haeggström,Marcus Haeggström,1231,M30-34,Male,Härnösand,SE-Y,Sweden,SE,,,,0:00:00,0:00:00,,0,0,0,0,0,0,99999,99999,99999,99999,99999,99999,99999,99999,99999,99999,99999,99999,DNS,0
Domagoj,Mohl,Domagoj Mohl,184,M55-59,Male,Lindgraben,AT-1,Austria,AT,1:21:30,,,0:05:54,0:00:00,,4890,0,0,354,0,0,99999,99999,99999,99999,99999,99999,99999,99999,99999,99999,99999,99999,DNF,0
Jesper,Jemtehed,Jesper Jemtehed,2554,M45-49,Male,Brunflo,,Sweden,SE,,,,0:00:00,0:00:00,,0,0,0,0,0,0,99999,99999,99999,99999,99999,99999,99999,99999,99999,99999,99999,99999,DNF,0
Svante,Ramsthaler,Svante Ramsthaler,2750,M40-44,Male,Nyköping,Södermanlands Län,Sweden,SE,1:06:43,,,0:07:51,0:00:00,,4003,0,0,471,0,0,99999,99999,99999,99999,99999,99999,99999,99999,99999,99999,99999,99999,DNF,0
Linus,Björk,Linus Björk,404,M35-39,Male,Vara,SE-O,Sweden,SE,1:05:26,5:07:27,,0:04:58,0:04:08,,3926,18447,0,298,248,0,99999,99999,99999,99999,99999,99999,99999,99999,99999,99999,99999,99999,DNF,0
Jonas,Prellner,Jonas Prellner,2685,M55-59,Male,Höör,,Sweden,SE,0:51:37,5:11:34,,0:03:45,0:04:12,,3097,18694,0,225,252,0,99999,99999,99999,99999,99999,99999,99999,99999,99999,99999,99999,99999,DNF,0
Philipp,Dienstbühl,Philipp Dienstbühl,310,M45-49,Male,Kronberg,HE,Germany,DE,1:21:04,5:32:51,,0:07:35,0:05:18,,4864,19971,0,455,318,0,99999,99999,99999,99999,99999,99999,99999,99999,99999,99999,99999,99999,DNF,0
Ella,Sigvardsson,Ella Sigvardsson,2339,F30-34,Female,Mörbylånga,,Sweden,SE,1:33:38,,,0:00:00,0:00:00,,5618,0,0,0,0,0,99999,99999,99999,99999,99999,99999,99999,99999,99999,99999,99999,99999,DNF,0
Pim,Van Diemen,Pim Van Diemen,37,MPRO,Male,Amsterdam,,Netherlands,NL,0:48:49,,,0:01:47,0:00:00,,2929,0,0,107,0,0,99999,99999,99999,99999,99999,99999,99999,99999,99999,99999,99999,99999,DNF,0
Heinrich,Sauels,Heinrich Sauels,1346,M60-64,Male,Kempen,DE-NW,Germany,DE,,,,0:00:00,0:00:00,,0,0,0,0,0,0,99999,99999,99999,99999,99999,99999,99999,99999,99999,99999,99999,99999,DNS,0
Ian,Smith,Ian Smith,1075,M55-59,Male,Crowborough,County (optional),United Kingdom,GB,1:15:09,5:33:31,,0:06:43,0:06:56,,4509,20011,0,403,416,0,99999,99999,99999,99999,99999,99999,99999,99999,99999,99999,99999,99999,DNF,0
