FirstName,LastName,FullName,Bib,AgeGroup,Gender,City,State,Country,CountryISO,SwimTime,BikeTime,RunTime,T1Time,T2Time,FinishTime,SwimSeconds,BikeSeconds,RunSeconds,T1Seconds,T2Seconds,FinishSeconds,OverallRank,GenderRank,AgeGroupRank,SwimRankOverall,SwimRankGender,SwimRankGroup,BikeRankOverall,BikeRankGender,BikeRankGroup,RunRankOverall,RunRankGender,RunRankGroup,Status,Points
Florian,Angert,Florian Angert,1,MPRO,Male,Brackenheim,Baden-Württemberg,Germany,DE,0:21:54,1:58:02,1:14:39,0:02:38,0:01:39,3:38:52,1314,7082,4479,158,99,13132,1,1,1,2,2,1,2,2,2,1,1,1,Finisher,3500
Emmanuel,Lejeune,Emmanuel Lejeune,13,MPRO,Male,Quievrain,,Belgium,BE,0:22:03,2:03:49,1:11:29,0:02:40,0:01:48,3:41:48,1323,7429,4289,160,108,13308,2,2,2,8,8,7,9,9,9,2,2,2,Finisher,3447
Ondrej,Kubo,Ondrej Kubo,16,MPRO,Male,Piešťany,Trnavský kraj,Slovakia,SK,0:23:59,1:58:48,1:15:00,0:02:48,0:01:38,3:42:13,1439,7128,4500,168,98,13333,3,3,3,18,17,12,3,3,3,3,3,3,Finisher,3439
Dorian,Horsten,Dorian Horsten,25,MPRO,Male,'s-Hertogenbosch,North Brabant,Netherlands,NL,0:22:02,1:56:36,1:19:54,0:02:37,0:01:54,3:43:04,1322,6996,4794,157,114,13384,4,4,4,7,7,6,1,1,1,4,4,4,Finisher,3424
Vincent,Größer,Vincent Größer,20,MPRO,Male,Fernwald,foreigner,Germany,DE,0:23:38,1:59:13,1:16:43,0:02:44,0:01:38,3:43:56,1418,7153,4603,164,98,13436,5,5,5,15,14,11,4,4,4,5,5,5,Finisher,3408
Rostyslav,Pevtsov,Rostyslav Pevtsov,26,MPRO,Male,Toledo,,Ukraine,UA,0:22:01,2:01:21,1:17:19,0:02:40,0:01:52,3:45:13,1321,7281,4639,160,112,13513,6,6,6,6,6,5,8,8,8,6,6,6,Finisher,3385
Pavel,Wohl,Pavel Wohl,8,MPRO,Male,Praha,foreigner,Czech Republic,CZ,0:23:25,1:59:36,1:18:27,0:02:46,0:01:48,3:46:02,1405,7176,4707,166,108,13562,7,7,7,13,12,9,6,6,6,7,7,7,Finisher,3371
Malachi,Cashmore,Malachi Cashmore,15,MPRO,Male,Malvern,WMD,United Kingdom,GB,0:22:00,2:01:11,1:19:17,0:02:29,0:01:46,3:46:44,1320,7271,4757,149,106,13604,8,8,8,5,5,4,5,5,5,8,8,8,Finisher,3358
Mateo,Reddy,Mateo Reddy,18,MPRO,Male,Geneva,GENEVE,Switzerland,CH,0:25:17,2:00:44,1:18:58,0:02:56,0:01:49,3:49:43,1517,7244,4738,176,109,13783,9,9,9,23,22,15,11,11,11,9,9,9,Finisher,3304
Jan,Poplawski,Jan Poplawski,14,MPRO,Male,Ostrowiec Św.,świętokrzyskie,Poland,PL,0:23:35,2:02:06,1:19:52,0:03:09,0:01:59,3:50:41,1415,7326,4792,189,119,13841,10,10,10,14,13,10,10,10,10,10,10,10,Finisher,3287
Denis,Chevrot,Denis Chevrot,5,MPRO,Male,Sorbiers,,France,FR,0:22:04,2:11:55,1:14:46,0:02:50,0:01:48,3:53:23,1324,7915,4486,170,108,14003,11,11,11,9,9,8,15,15,14,11,11,11,Finisher,3238
Kurt,McDonald,Kurt McDonald,3,MPRO,Male,Camperdown,AU-VIC,Australia,AU,0:21:59,2:01:19,1:25:52,0:02:34,0:01:40,3:53:25,1319,7279,5152,154,100,14005,12,12,12,4,4,3,7,7,7,12,12,12,Finisher,3238
Jan,Volár,Jan Volár,7,MPRO,Male,Hradec Králové,Hradec Králové Region,Czech Republic,CZ,0:21:57,2:06:54,1:19:37,0:02:51,0:02:12,3:53:31,1317,7614,4777,171,132,14011,13,13,13,3,3,2,12,12,12,13,13,13,Finisher,3236
Lorenzo,Delco,Lorenzo Delco,22,MPRO,Male,Mendrisio,,Switzerland,CH,0:27:42,2:08:01,1:20:55,0:03:13,0:02:31,4:02:23,1662,7681,4855,193,151,14543,14,14,14,65,55,18,17,17,15,14,14,14,Finisher,3076
Leopold,Karl,Leopold Karl,1489,M18-24,Male,Vienna,AT-9,Austria,AT,0:27:16,2:10:22,1:19:57,0:03:11,0:02:12,4:02:59,1636,7822,4797,191,132,14579,15,15,1,52,44,12,20,20,2,15,15,1,Finisher,3500
Jan,Kepinski,Jan Kepinski,17,MPRO,Male,Warsaw,mazowieckie,Poland,PL,0:25:32,2:06:30,1:26:37,0:03:02,0:02:21,4:04:02,1532,7590,5197,182,141,14642,16,16,15,29,27,17,13,13,13,16,16,15,Finisher,3047
Thomas,Williams,Thomas Williams,12,MPRO,Male,Wellington,,New Zealand,NZ,0:24:21,2:12:32,1:22:54,0:03:21,0:01:51,4:05:00,1461,7952,4974,201,111,14700,17,17,16,19,18,13,19,19,16,17,17,16,Finisher,3029
Xabier,Tijero,Xabier Tijero,19,MPRO,Male,Barakaldo,BIZKAIA,Spain,ES,0:25:30,2:14:07,1:21:52,0:03:03,0:02:29,4:07:00,1530,8047,4912,183,149,14820,18,18,17,27,25,16,23,23,17,18,18,17,Finisher,2993
Sebastian,König,Sebastian König,416,M35-39,Male,Kemberg,DE-ST,Germany,DE,0:30:28,2:11:12,1:19:12,0:03:49,0:02:26,4:07:07,1828,7872,4752,229,146,14827,19,19,1,155,127,15,29,27,1,19,19,1,Finisher,3500
Elian,Gaborit,Elian Gaborit,1388,M18-24,Male,St Gilles Croix de Vie,,France,FR,0:25:30,2:11:01,1:26:11,0:03:38,0:02:09,4:08:29,1530,7861,5171,218,129,14909,20,20,2,28,26,6,18,18,1,20,20,2,Finisher,3401
Adam,Provaznik,Adam Provaznik,119,M25-29,Male,Teplice,CZ-426,Czech Republic,CZ,0:27:28,2:14:26,1:23:13,0:03:44,0:01:59,4:10:50,1648,8066,4993,224,119,15050,21,21,1,58,50,5,30,28,5,21,21,1,Finisher,3500
Sarah,Schönfelder,Sarah Schönfelder,5006,FPRO,Female,Nürnberg,DE-BY,Germany,DE,0:28:24,2:11:03,1:26:19,0:03:13,0:02:23,4:11:21,1704,7863,5179,193,143,15081,22,1,1,80,14,9,24,1,1,22,1,1,Finisher,3500
Diede,Diederiks,Diede Diederiks,5002,FPRO,Female,Maastricht,foreigner,Netherlands,NL,0:27:05,2:14:38,1:25:03,0:03:10,0:01:59,4:11:57,1625,8078,5103,190,119,15117,23,2,2,47,6,4,27,2,2,23,2,2,Finisher,3489
Adrian,Roweck,Adrian Roweck,1406,M25-29,Male,Hannoversch Münden,foreigner,Germany,DE,0:23:50,2:09:39,1:32:30,0:03:55,0:02:21,4:12:14,1430,7779,5550,235,141,15134,24,22,2,16,15,2,16,16,2,24,22,2,Finisher,3474
Kristo,Prangel,Kristo Prangel,1215,M25-29,Male,Tartu,Tartumaa,Estonia,EE,0:27:35,2:12:49,1:26:39,0:03:24,0:03:00,4:13:26,1655,7969,5199,204,180,15206,25,23,3,60,52,7,25,24,3,25,23,3,Finisher,3453
Sandra,Huon,Sandra Huon,5005,FPRO,Female,Le Pradet,,France,FR,0:27:11,2:16:01,1:25:36,0:03:09,0:01:47,4:13:44,1631,8161,5136,189,107,15224,26,3,3,49,7,5,33,4,4,26,3,3,Finisher,3457
Filip,Gabriel,Filip Gabriel,1380,M18-24,Male,Praha,Prague,Czech Republic,CZ,0:27:39,2:15:17,1:24:52,0:04:23,0:03:02,4:15:13,1659,8117,5092,263,182,15313,27,24,3,64,54,14,36,32,5,27,24,3,Finisher,3279
Adam,Darebník,Adam Darebník,112,M30-34,Male,Nové Město nad Metují,CZ-52,Czech Republic,CZ,0:30:41,2:06:27,1:32:03,0:03:53,0:03:59,4:17:03,1841,7587,5523,233,239,15423,28,25,1,165,137,16,21,21,1,28,25,1,Finisher,3500
Francesca,Smith,Francesca Smith,5013,FPRO,Female,London,SRY,United Kingdom,GB,0:25:47,2:18:33,1:27:45,0:03:08,0:01:54,4:17:07,1547,8313,5265,188,114,15427,29,4,4,33,3,2,37,5,5,29,4,4,Finisher,3396
Petra,Kurikova,Petra Kurikova,5003,FPRO,Female,Jablonec nad Nisou,,Czech Republic,CZ,0:23:08,2:22:23,1:26:24,0:03:02,0:02:11,4:17:08,1388,8543,5184,182,131,15428,30,5,5,11,1,1,39,6,6,30,5,5,Finisher,3395
Jan,Kužel,Jan Kužel,1140,M18-24,Male,Jevany,,Czech Republic,CZ,0:29:24,2:12:18,1:29:20,0:04:25,0:02:05,4:17:31,1764,7938,5360,265,125,15451,31,26,4,109,92,20,31,29,4,31,26,4,Finisher,3238
Konstantinos ,Chatzigeorgiou,Konstantinos Chatzigeorgiou,1466,M25-29,Male,Volos,foreigner,Greece,GR,0:21:40,2:10:22,1:38:37,0:04:15,0:02:46,4:17:41,1300,7822,5917,255,166,15461,32,27,4,1,1,1,14,14,1,32,27,4,Finisher,3376
Jiri,Kaplan,Jiri Kaplan,114,M45-49,Male,STARE HRADISTE,CZ-Pardubice Region,Czech Republic,CZ,0:28:19,2:09:22,1:33:11,0:04:16,0:03:09,4:18:16,1699,7762,5591,256,189,15496,33,28,1,75,63,2,22,22,1,33,28,1,Finisher,3500
Robin,Opletal,Robin Opletal,909,M25-29,Male,Ricany,Central Bohemian Region,Czech Republic,CZ,0:27:38,2:12:55,1:31:46,0:04:05,0:02:31,4:18:54,1658,7975,5506,245,151,15534,34,29,5,61,53,8,26,25,4,34,29,5,Finisher,3354
Robert,Schönberger,Robert Schönberger,21,MPRO,Male,Frankfurt am Main,HESSEN,Germany,DE,0:25:07,2:19:53,1:28:25,0:03:05,0:02:25,4:18:55,1507,8393,5305,185,145,15535,35,30,18,21,20,14,38,33,18,35,30,18,Finisher,2779
Stepan,Moravec,Stepan Moravec,742,M18-24,Male,vratkov,Central Bohemian Region,Czech Republic,CZ,0:25:40,2:16:20,1:31:21,0:03:29,0:02:39,4:19:29,1540,8180,5481,209,159,15569,36,31,5,31,29,7,28,26,3,36,31,5,Finisher,3203
Ondrej,Pleskot,Ondrej Pleskot,1528,M40-44,Male,Pardubice,PARDUBICE,Czech Republic,CZ,0:30:05,2:14:16,1:26:45,0:04:15,0:04:24,4:19:45,1805,8056,5205,255,264,15585,37,32,1,136,112,10,40,34,1,37,32,1,Finisher,3500
Christopher,Hentschel,Christopher Hentschel,199,M30-34,Male,Lippstadt,NW,Germany,DE,0:30:37,2:19:43,1:23:40,0:03:45,0:02:22,4:20:07,1837,8383,5020,225,142,15607,38,33,2,161,133,14,56,48,4,38,33,2,Finisher,3444
Krystof,Kudrhalt,Krystof Kudrhalt,765,M30-34,Male,Prague,Prague,Czech Republic,CZ,0:29:14,2:17:27,1:26:31,0:05:03,0:02:45,4:20:59,1754,8247,5191,303,165,15659,39,34,3,101,84,8,46,40,2,39,34,3,Finisher,3429
Josef,Pešl,Josef Pešl,704,M40-44,Male,Nová Paka,Hradec Králové Region,Czech Republic,CZ,0:27:20,2:19:17,1:29:55,0:04:05,0:02:07,4:22:44,1640,8357,5395,245,127,15764,40,35,2,55,47,5,44,38,2,40,35,2,Finisher,3446
Henrike,Güber,Henrike Güber,5001,FPRO,Female,Hamburg,foreigner,Germany,DE,0:27:43,2:15:32,1:34:31,0:03:04,0:02:04,4:22:53,1663,8132,5671,184,124,15773,41,6,6,66,11,7,32,3,3,41,6,6,Finisher,3292
Jan,Kundrát,Jan Kundrát,166,M35-39,Male,Valašské Meziříčí,Moravian-Silesian Region,Czech Republic,CZ,0:33:40,2:19:52,1:22:49,0:04:06,0:02:43,4:23:10,2020,8392,4969,246,163,15790,42,36,2,362,305,51,67,58,8,42,36,2,Finisher,3211
Marcin,Chojnacki,Marcin Chojnacki,133,M50-54,Male,Koluszki,PL-LD,Poland,PL,0:29:47,2:15:36,1:31:32,0:04:02,0:02:44,4:23:40,1787,8136,5492,242,164,15820,43,37,1,123,103,9,42,36,4,43,37,1,Finisher,3500
Jan,Moravecek,Jan Moravecek,932,M25-29,Male,Zeleneč,Central Bohemian Region,Czech Republic,CZ,0:27:19,2:23:57,1:25:56,0:04:29,0:02:47,4:24:28,1639,8637,5156,269,167,15868,44,38,6,54,46,4,59,51,7,44,38,6,Finisher,3254
Martin,Leirer,Martin Leirer,105,M50-54,Male,Wiener Neustadt,AT-NIEDEROSTERREICH,Austria,AT,0:28:50,2:16:02,1:35:15,0:03:49,0:02:07,4:26:03,1730,8162,5715,229,127,15963,45,39,2,89,73,7,41,35,3,45,39,2,Finisher,3457
Tomáš,Blažej,Tomáš Blažej,1326,M30-34,Male,Háj ve Slezsku,CZ-805,Czech Republic,CZ,0:28:46,2:19:56,1:29:33,0:05:01,0:03:03,4:26:18,1726,8396,5373,301,183,15978,46,40,4,88,72,6,54,46,3,46,40,4,Finisher,3333
Marek,Kindl,Marek Kindl,1255,M18-24,Male,Beroun,Central Bohemian Region,Czech Republic,CZ,0:25:49,2:23:52,1:31:11,0:03:00,0:03:49,4:27:40,1549,8632,5471,180,229,16060,47,41,6,34,31,9,50,43,6,47,41,6,Finisher,3055
Keith,Murray,Keith Murray,122,M50-54,Male,Darlington,GB-DAL,United Kingdom,GB,0:28:42,2:14:07,1:37:03,0:03:49,0:04:35,4:28:16,1722,8047,5823,229,275,16096,48,42,3,86,70,6,34,30,1,48,42,3,Finisher,3417
Tiina,Pohjalainen,Tiina Pohjalainen,5010,FPRO,Female,Espoo,,Finland,FI,0:27:38,2:25:18,1:30:40,0:03:10,0:02:02,4:28:49,1658,8718,5440,190,122,16129,49,7,7,63,10,6,62,9,9,49,7,7,Finisher,3185
Petr,Suchánek Ml.,Petr Suchánek Ml.,173,M25-29,Male,Kolín,Středočeský,Czech Republic,CZ,0:28:42,2:23:09,1:30:20,0:04:03,0:03:08,4:29:21,1722,8589,5420,243,188,16161,50,43,7,85,69,9,60,52,8,50,43,7,Finisher,3166
Steven,Paul,Steven Paul,1121,M35-39,Male,Belfast,GB-Prague,United Kingdom,GB,0:32:11,2:19:46,1:31:04,0:05:14,0:02:59,4:31:14,1931,8386,5464,314,179,16274,51,44,3,247,205,30,65,56,6,51,44,3,Finisher,3065
Jan,Franěk,Jan Franěk,1273,M25-29,Male,,Central Bohemian Region,Czech Republic,CZ,0:27:30,2:17:52,1:39:19,0:04:07,0:02:35,4:31:23,1650,8272,5959,247,155,16283,52,45,8,59,51,6,43,37,6,52,45,8,Finisher,3130
Tomáš,Klapuch,Tomáš Klapuch,1293,M25-29,Male,Hájek,Karlovy Vary Region,Czech Republic,CZ,0:29:11,2:25:36,1:29:26,0:04:22,0:02:57,4:31:32,1751,8736,5366,262,177,16292,53,46,9,100,83,12,77,67,9,53,46,9,Finisher,3127
Barbora,Besperat,Barbora Besperat,5007,FPRO,Female,Praha 22,Prague,Czech Republic,CZ,0:29:59,2:18:20,1:37:36,0:03:33,0:02:06,4:31:34,1799,8300,5856,213,126,16294,54,8,8,131,22,10,47,7,7,54,8,8,Finisher,3136
Jiri,Janecek,Jiri Janecek,734,M25-29,Male,Usti nad Labem,CZ-427,Czech Republic,CZ,0:31:53,2:27:45,1:22:03,0:06:00,0:03:55,4:31:36,1913,8865,4923,360,235,16296,55,47,10,232,192,26,116,104,11,55,47,10,Finisher,3126
Aoibh,Clarke,Aoibh Clarke,5017,FPRO,Female,Malvern ,WOR,Ireland,IE,0:26:01,2:23:51,1:35:48,0:03:17,0:02:50,4:31:47,1561,8631,5748,197,170,16307,56,9,9,35,4,3,52,8,8,56,9,9,Finisher,3132
Vojtech,Dedek,Vojtech Dedek,607,M35-39,Male,Brno,South Moravia,Czech Republic,CZ,0:25:23,2:23:07,1:38:48,0:03:10,0:02:51,4:33:19,1523,8587,5928,190,171,16399,57,48,4,24,23,1,45,39,2,57,48,4,Finisher,3028
Petr,Vabrousek,Petr Vabrousek,135,M50-54,Male,Zlin 4,CZ-724,Czech Republic,CZ,0:27:59,2:14:33,1:44:00,0:04:18,0:02:56,4:33:46,1679,8073,6240,258,176,16426,58,49,4,69,58,4,35,31,2,58,49,4,Finisher,3318
Ludek,Holub,Ludek Holub,303,M35-39,Male,Líně,CZ-South Bohemian Region,Czech Republic,CZ,0:30:08,2:20:53,1:36:45,0:03:59,0:02:25,4:34:09,1808,8453,5805,239,145,16449,59,50,5,138,114,13,58,50,4,59,50,5,Finisher,3013
Andy,Haigh,Andy Haigh,1354,M40-44,Male,London,GB-GBN,United Kingdom,GB,0:33:25,2:21:09,1:32:11,0:05:23,0:02:28,4:34:36,2005,8469,5531,323,148,16476,60,51,3,339,285,31,81,70,6,60,51,3,Finisher,3232
Vojtech,Joza,Vojtech Joza,137,M40-44,Male,Vitin,CZ-311,Czech Republic,CZ,0:29:20,2:24:46,1:33:51,0:04:37,0:02:07,4:34:41,1760,8686,5631,277,127,16481,61,52,4,106,89,7,74,64,4,61,52,4,Finisher,3231
Swen,Sundberg,Swen Sundberg,967,M50-54,Male,Herzogenaurach,foreigner,Germany,DE,0:26:22,2:23:06,1:37:40,0:04:35,0:03:02,4:34:44,1582,8586,5860,275,182,16484,62,53,5,41,37,2,55,47,5,62,53,5,Finisher,3300
Paul,VARELA,Paul VARELA,1807,M35-39,Male,Prague,CZ-110,France,FR,0:36:45,2:19:55,1:30:05,0:04:49,0:03:19,4:34:53,2205,8395,5405,289,199,16493,63,54,6,643,543,102,87,76,13,63,54,6,Finisher,3000
Tomáš,Fiedler,Tomáš Fiedler,101,M40-44,Male,Jilemnice,CZ-Liberec Region,Czech Republic,CZ,0:29:54,2:24:47,1:33:18,0:04:03,0:03:10,4:35:12,1794,8687,5598,243,190,16512,64,55,5,126,106,9,75,65,5,64,55,5,Finisher,3221
Jiri,Pospisil,Jiri Pospisil,107,M45-49,Male,Prague,CZ-undefined-PRAHA 1,Czech Republic,CZ,0:29:31,2:18:39,1:39:56,0:04:15,0:03:33,4:35:54,1771,8319,5996,255,213,16554,65,56,2,112,94,8,49,42,3,65,56,2,Finisher,3182
Denise,Hiemann,Denise Hiemann,5008,FPRO,Female,Michelau in Oberfranken,foreigner,Germany,DE,0:28:22,2:26:52,1:34:39,0:03:18,0:02:47,4:35:58,1702,8812,5679,198,167,16558,66,10,10,79,13,8,73,10,10,66,10,10,Finisher,3056
Tomáš,Salaj,Tomáš Salaj,1032,M35-39,Male,Praha,Prague,Czech Republic,CZ,0:28:14,2:24:10,1:36:03,0:04:42,0:03:13,4:36:23,1694,8650,5763,282,193,16583,67,57,7,73,62,4,64,55,5,67,57,7,Finisher,2973
Vojtěch,Holeček,Vojtěch Holeček,402,M18-24,Male,Prague,Prague,Czech Republic,CZ,0:33:50,2:29:05,1:26:31,0:05:11,0:02:26,4:37:02,2030,8945,5191,311,146,16622,68,58,7,374,316,49,150,135,16,68,58,7,Finisher,2887
Matyáš,Procházka,Matyáš Procházka,215,M18-24,Male,Nebovidy 132,CZ-204,Czech Republic,CZ,0:23:22,2:24:59,1:41:25,0:04:57,0:02:55,4:37:38,1402,8699,6085,297,175,16658,69,59,8,12,11,2,53,45,7,69,59,8,Finisher,2876
Andreas,Hecht,Andreas Hecht,856,M30-34,Male,Schorndorf,DE-BY,Germany,DE,0:33:26,2:28:56,1:28:08,0:05:11,0:02:11,4:37:52,2006,8936,5288,311,131,16672,70,60,5,340,286,34,141,126,16,70,60,5,Finisher,3125
Patryk,Kafel,Patryk Kafel,1691,M35-39,Male,Kowary,dolnośląskie,Poland,PL,0:35:29,2:23:05,1:31:53,0:04:01,0:03:30,4:37:57,2129,8585,5513,241,210,16677,71,61,8,526,448,78,97,86,14,71,61,8,Finisher,2945
Lukas,Range,Lukas Range,1475,M25-29,Male,Munich,foreigner,Germany,DE,0:32:35,2:28:56,1:29:25,0:04:35,0:02:53,4:38:24,1955,8936,5365,275,173,16704,72,62,11,281,234,31,123,110,12,72,62,11,Finisher,3003
Radek,Sušír,Radek Sušír,1064,M45-49,Male,Milovice,CZ-208,Czech Republic,CZ,0:29:56,2:20:50,1:40:48,0:04:03,0:02:51,4:38:27,1796,8450,6048,243,171,16707,73,63,3,128,108,13,57,49,4,73,63,3,Finisher,3136
Kristián,Kudrhalt,Kristián Kudrhalt,1157,M18-24,Male,Děčín,Ústí nad Labem Region,Czech Republic,CZ,0:30:53,2:22:44,1:37:43,0:04:46,0:02:31,4:38:37,1853,8564,5863,286,151,16717,74,64,9,176,148,28,71,62,9,74,64,9,Finisher,2858
Andreas,Brand,Andreas Brand,103,M40-44,Male,Burglengenfeld,DE-BY,Germany,DE,0:38:29,2:19:20,1:30:30,0:06:11,0:04:07,4:38:38,2309,8360,5430,371,247,16718,75,65,6,815,675,75,103,92,11,75,65,6,Finisher,3160
Kryštof,Bittman,Kryštof Bittman,493,M18-24,Male,Říčany,Prague,Czech Republic,CZ,0:28:53,2:26:20,1:36:26,0:04:18,0:02:41,4:38:38,1733,8780,5786,258,161,16718,76,66,10,91,75,18,78,68,10,76,66,10,Finisher,2858
Tomas,Herman,Tomas Herman,180,M50-54,Male,Bílovice nad Svitavou,South Moravian Region,Czech Republic,CZ,0:26:10,2:25:02,1:40:03,0:04:48,0:02:51,4:38:54,1570,8702,6003,288,171,16734,77,67,6,38,34,1,61,53,6,77,67,6,Finisher,3225
Dominik,Cermak,Dominik Cermak,589,M35-39,Male,Duchcov,CZ-426,Czech Republic,CZ,0:35:06,2:21:59,1:34:23,0:04:03,0:03:24,4:38:55,2106,8519,5663,243,204,16735,78,68,9,488,416,75,86,75,12,78,68,9,Finisher,2927
Tomás,Horák,Tomás Horák,108,M45-49,Male,Praha,CZ-110,Czech Republic,CZ,0:32:25,2:25:27,1:33:38,0:04:59,0:02:56,4:39:24,1945,8727,5618,299,176,16764,79,69,4,261,218,27,98,87,8,79,69,4,Finisher,3119
Lívia,Mihokova,Lívia Mihokova,153,F25-29,Female,Bratislava,foreigner,Slovakia,SK,0:30:02,2:33:19,1:29:32,0:03:53,0:02:56,4:39:43,1802,9199,5372,233,176,16783,80,11,1,132,23,5,138,15,2,80,11,1,Finisher,3500
Martin,Rozmajzl,Martin Rozmajzl,559,M40-44,Male,Příbram,Central Bohemian Region,Czech Republic,CZ,0:33:47,2:22:15,1:34:27,0:06:24,0:02:55,4:39:48,2027,8535,5667,384,175,16788,81,70,7,369,312,38,94,83,9,81,70,7,Finisher,3139
Radek,Kupka,Radek Kupka,656,M45-49,Male,Tabor,CZ-317,Czech Republic,CZ,0:29:35,2:23:10,1:38:36,0:05:21,0:03:40,4:40:21,1775,8590,5916,321,220,16821,82,71,5,116,97,10,69,60,5,82,71,5,Finisher,3102
David,Marihart,David Marihart,769,M18-24,Male,Perchtoldsdorf,foreigner,Austria,AT,0:27:43,2:24:05,1:41:23,0:04:20,0:02:51,4:40:23,1663,8645,6083,260,171,16823,83,72,11,67,56,15,63,54,8,83,72,11,Finisher,2826
Jan,Söder,Jan Söder,1765,M25-29,Male,München,BY,Germany,DE,0:31:52,2:22:40,1:37:35,0:05:43,0:02:51,4:40:41,1912,8560,5855,343,171,16841,84,73,12,227,189,24,82,71,10,84,73,12,Finisher,2962
Martin,Kott,Martin Kott,658,M40-44,Male,Kunin,CZ-804,Czech Republic,CZ,0:26:08,2:25:22,1:40:12,0:06:09,0:03:25,4:41:16,1568,8722,6012,369,205,16876,85,74,8,37,33,2,68,59,3,85,74,8,Finisher,3112
Michal,Smetana,Michal Smetana,1392,M18-24,Male,Roztoky,Central Bohemian Region,Czech Republic,CZ,0:35:39,2:32:41,1:23:46,0:05:00,0:04:16,4:41:21,2139,9161,5026,300,256,16881,86,75,12,546,464,66,236,216,31,86,75,12,Finisher,2809
Kyra,Meulenberg,Kyra Meulenberg,5011,FPRO,Female,Utrecht,,Netherlands,NL,0:31:18,2:37:48,1:25:31,0:03:26,0:03:34,4:41:39,1878,9468,5131,206,214,16899,87,12,11,196,31,11,222,19,11,87,12,11,Finisher,2954
Micheal,Costello,Micheal Costello,1531,M30-34,Male,Maidenhead,GB-WNM,Ireland,IE,0:33:48,2:27:41,1:31:15,0:05:12,0:03:47,4:41:43,2028,8861,5475,312,227,16903,88,76,6,372,314,36,131,118,14,88,76,6,Finisher,3056
Patrik,Strejcius,Patrik Strejcius,265,M18-24,Male,Hradec Králové ,Hradec Králové,Czech Republic,CZ,0:32:36,2:25:35,1:37:28,0:04:17,0:02:20,4:42:15,1956,8735,5848,257,140,16935,89,77,13,282,235,39,96,85,12,89,77,13,Finisher,2793
Martin,Fic,Martin Fic,1240,M50-54,Male,Dobříš,,Czech Republic,CZ,0:35:21,2:29:08,1:30:01,0:05:02,0:02:48,4:42:21,2121,8948,5401,302,168,16941,90,78,7,520,442,40,172,157,16,90,78,7,Finisher,3163
Annika,Oettinger,Annika Oettinger,1761,F35-39,Female,Hamburg,DE-DE-HH,Germany,DE,0:31:12,2:37:50,1:27:47,0:03:51,0:01:55,4:42:35,1872,9470,5267,231,115,16955,91,13,1,190,29,4,228,20,2,91,13,1,Finisher,3500
Lukas,Drozd,Lukas Drozd,158,M45-49,Male,Stary Plzenec,CZ-323,Czech Republic,CZ,0:28:21,2:31:14,1:35:08,0:05:07,0:02:52,4:42:41,1701,9074,5708,307,172,16961,92,79,6,78,66,3,108,96,10,92,79,6,Finisher,3060
Adam,Krenek,Adam Krenek,546,M35-39,Male,Neslovice,South Moravian Region,Czech Republic,CZ,0:30:46,2:25:04,1:38:35,0:05:08,0:03:09,4:42:42,1846,8704,5915,308,189,16962,93,80,10,168,140,19,85,74,11,93,80,10,Finisher,2859
Anette,Zukker,Anette Zukker,184,F30-34,Female,Tartu,Tartu maakond,Estonia,EE,0:28:15,2:27:52,1:40:16,0:03:47,0:02:44,4:42:53,1695,8872,6016,227,164,16973,94,14,1,74,12,1,80,11,1,94,14,1,Finisher,3500
Reinhard,Winter,Reinhard Winter,1536,M50-54,Male,Kirchberg am Walde,AT-AT-3,Austria,AT,0:30:07,2:24:07,1:41:38,0:04:42,0:03:02,4:43:35,1807,8647,6098,282,182,17015,95,81,8,137,113,11,76,66,8,95,81,8,Finisher,3141
Tomas,Korab,Tomas Korab,619,M40-44,Male,Novy Bydzov,Hradec Králové Region,Czech Republic,CZ,0:30:37,2:25:46,1:40:02,0:04:10,0:03:00,4:43:36,1837,8746,6002,250,180,17016,96,82,9,162,134,13,83,72,7,96,82,9,Finisher,3070
Michal,Hanzl,Michal Hanzl,104,M50-54,Male,Velen,Central Bohemian Region,Czech Republic,CZ,0:30:39,2:23:44,1:41:59,0:04:08,0:03:07,4:43:38,1839,8624,6119,248,187,17018,97,83,9,164,136,13,72,63,7,97,83,9,Finisher,3140
Adam,Kypr,Adam Kypr,1841,M30-34,Male,Dašice,South Moravian Region,Czech Republic,CZ,0:33:23,2:25:12,1:38:12,0:04:32,0:02:34,4:43:52,2003,8712,5892,272,154,17032,98,84,7,337,283,33,100,89,9,98,84,7,Finisher,3017
Anirudh,Ravichandran,Anirudh Ravichandran,195,M30-34,Male,Bangalore,Karnataka,India,IN,0:33:16,2:27:36,1:34:47,0:04:55,0:03:24,4:43:59,1996,8856,5687,295,204,17039,99,85,8,327,275,30,119,107,12,99,85,8,Finisher,3015
Adam,Tuma,Adam Tuma,553,M25-29,Male,Prague,CZ-107,Czech Republic,CZ,0:39:08,2:24:21,1:32:09,0:05:32,0:02:53,4:44:03,2348,8661,5529,332,173,17043,100,86,13,878,728,108,164,149,18,100,86,13,Finisher,2902
Michele,Bortoletto,Michele Bortoletto,194,M35-39,Male,Veverska Bytiska,CZ-foreigner,Czech Republic,CZ,0:33:47,2:26:22,1:36:07,0:04:56,0:02:52,4:44:03,2027,8782,5767,296,172,17043,101,87,11,370,313,53,112,100,15,101,87,11,Finisher,2835
Jiří,Koptík,Jiří Koptík,1377,M18-24,Male,"Borovany, Jílovice, Mladošovice, Ledenice",Jihočeský kraj,Czech Republic,CZ,0:26:20,2:34:42,1:35:31,0:04:34,0:03:04,4:44:12,1580,9282,5731,274,184,17052,102,88,14,40,36,10,115,103,13,102,88,14,Finisher,2758
Václav,Procházka,Václav Procházka,501,M25-29,Male,NOVÁ PAKA,CZ-522,Czech Republic,CZ,0:30:57,2:38:00,1:28:06,0:05:27,0:02:30,4:44:59,1857,9480,5286,327,150,17099,103,89,14,177,149,18,260,239,29,103,89,14,Finisher,2885
Lukáš,Plocek,Lukáš Plocek,599,M35-39,Male,Prag,Prague,Czech Republic,CZ,0:28:54,2:24:30,1:44:12,0:04:46,0:02:40,4:45:03,1734,8670,6252,286,160,17103,104,90,12,92,76,8,70,61,9,104,90,12,Finisher,2817
Krzysztof,Godlewski,Krzysztof Godlewski,110,M45-49,Male,Żarów,dolnośląskie,Poland,PL,0:32:09,2:15:56,1:50:10,0:04:00,0:02:51,4:45:06,1929,8156,6610,240,171,17106,105,91,7,243,201,26,48,41,2,105,91,7,Finisher,3017
Matěj,Stejskal,Matěj Stejskal,768,M30-34,Male,Hradec Králové,Hradec Králové Region,Czech Republic,CZ,0:38:00,2:29:10,1:30:37,0:04:47,0:02:59,4:45:33,2280,8950,5437,287,179,17133,106,92,9,771,640,88,210,193,23,106,92,9,Finisher,2987
Gerald,Gapmann,Gerald Gapmann,164,M35-39,Male,Wimpassing an der Leitha,AT-BURGENLAND,Austria,AT,0:33:01,2:27:26,1:36:56,0:04:45,0:03:40,4:45:48,1981,8846,5816,285,220,17148,107,93,13,308,259,43,113,101,16,107,93,13,Finisher,2803
Christian,Mund,Christian Mund,1340,M30-34,Male,Regensburg,DE-BY,Germany,DE,0:35:44,2:17:48,1:40:31,0:07:12,0:04:37,4:45:52,2144,8268,6031,432,277,17152,108,94,10,552,469,63,84,73,5,108,94,10,Finisher,2981
Aleš,Zlámal,Aleš Zlámal,172,M35-39,Male,Trutnov,,Czech Republic,CZ,0:29:36,2:39:46,1:29:22,0:04:20,0:02:55,4:45:58,1776,9586,5362,260,175,17158,109,95,14,117,98,11,243,223,45,109,95,14,Finisher,2800
Petr,Lelek,Petr Lelek,382,M30-34,Male,Hronov,CZ-Hradec Králové Region,Czech Republic,CZ,0:33:23,2:22:41,1:41:49,0:05:28,0:02:39,4:45:59,2003,8561,6109,328,159,17159,110,96,11,336,282,32,88,77,6,110,96,11,Finisher,2979
Michaela,Treglerová,Michaela Treglerová,1787,F25-29,Female,Prague,CZ-104,Czech Republic,CZ,0:27:12,2:35:58,1:37:18,0:03:31,0:02:16,4:46:14,1632,9358,5838,211,136,17174,111,15,2,51,8,1,132,14,1,111,15,2,Finisher,3382
Tobias,Winkler,Tobias Winkler,1693,M25-29,Male,Fürstenfeldbruck,DE-BY,Germany,DE,0:32:11,2:28:39,1:37:33,0:05:20,0:02:43,4:46:27,1931,8919,5853,320,163,17187,112,97,15,246,204,27,126,113,14,112,97,15,Finisher,2858
Jakub,Stejskal,Jakub Stejskal,782,M40-44,Male,Kadaň,Česká Republika,Czech Republic,CZ,0:39:18,2:28:32,1:31:07,0:04:37,0:03:06,4:46:39,2358,8912,5467,277,186,17199,113,98,10,893,739,81,220,203,21,113,98,10,Finisher,3015
Jiří,Koptík,Jiří Koptík,1378,M40-44,Male,"Borovany, Jílovice, Mladošovice, Ledenice",Jihočeský kraj,Czech Republic,CZ,0:31:54,2:36:51,1:31:22,0:04:19,0:03:16,4:47:43,1914,9411,5482,259,196,17263,114,99,11,233,193,21,231,211,23,114,99,11,Finisher,2996
Maciej,Zabski,Maciej Zabski,1539,M30-34,Male,Bytom,,Poland,PL,0:33:07,2:30:27,1:35:58,0:04:56,0:03:19,4:47:46,1987,9027,5758,296,199,17266,115,100,12,317,268,29,155,140,17,115,100,12,Finisher,2947
Philip,Pasch,Philip Pasch,130,M35-39,Male,Schwabach,DE-BY,Germany,DE,0:30:04,2:36:54,1:33:51,0:04:12,0:02:47,4:47:48,1804,9414,5631,252,167,17268,116,101,15,133,110,12,198,183,37,116,101,15,Finisher,2767
Dusan,Cizek,Dusan Cizek,1838,M55-59,Male,Lanov,CZ-525,Czech Republic,CZ,0:30:51,2:28:48,1:39:55,0:04:21,0:03:54,4:47:49,1851,8928,5995,261,234,17269,117,102,1,174,146,4,104,93,2,117,102,1,Finisher,3500
Zora,Kohoutkova,Zora Kohoutkova,125,F35-39,Female,Waalre,NL-NB,Slovakia,SK,0:29:57,2:28:43,1:40:47,0:05:23,0:03:12,4:48:03,1797,8923,6047,323,192,17283,118,16,2,130,21,2,105,12,1,118,16,2,Finisher,3401
Jan,Šváb,Jan Šváb,1291,M35-39,Male,Nová Paka,Hradec Králové Region,Czech Republic,CZ,0:32:21,2:20:59,1:45:58,0:04:17,0:04:35,4:48:11,1941,8459,6358,257,275,17291,119,103,16,257,215,34,66,57,7,119,103,16,Finisher,2760
Adam,Erdélyi,Adam Erdélyi,120,M30-34,Male,Stupava,foreigner,Slovakia,SK,0:34:39,2:26:36,1:37:15,0:05:30,0:04:18,4:48:18,2079,8796,5835,330,258,17298,120,104,13,442,377,53,133,119,15,120,104,13,Finisher,2937
Rudolf,Cogan,Rudolf Cogan,837,M55-59,Male,Nová Paka,Hradec Králové Region,Czech Republic,CZ,0:30:23,2:27:54,1:44:12,0:03:57,0:02:28,4:48:53,1823,8874,6252,237,148,17333,121,105,2,147,121,2,92,81,1,121,105,2,Finisher,3480
Lukas,Drbohlav,Lukas Drbohlav,301,M45-49,Male,Prague,CZ-107,Czech Republic,CZ,0:30:05,2:31:48,1:39:19,0:04:45,0:03:11,4:49:09,1805,9108,5959,285,191,17349,122,106,8,135,111,14,130,117,13,122,106,8,Finisher,2944
Filip,Hatlak,Filip Hatlak,169,M30-34,Male,Ostrožská Nová Ves,UHERSKE HRADISTE,Czech Republic,CZ,0:34:00,2:31:25,1:35:56,0:04:48,0:03:01,4:49:09,2040,9085,5756,288,181,17349,123,107,14,385,326,40,184,169,21,123,107,14,Finisher,2922
Radek,Vychopen,Radek Vychopen,922,M30-34,Male,Hradec Králové,Hradec Králové Region,Czech Republic,CZ,0:34:09,2:31:50,1:35:08,0:04:42,0:03:28,4:49:18,2049,9110,5708,282,208,17358,124,108,15,393,331,42,190,175,22,124,108,15,Finisher,2919
Sergei,Baranovski,Sergei Baranovski,191,M40-44,Male,Loo,Harju,Estonia,EE,0:33:47,2:28:43,1:39:50,0:04:36,0:02:26,4:49:22,2027,8923,5990,276,146,17362,125,109,12,368,311,37,136,122,13,125,109,12,Finisher,2966
Bohumil,Sladký,Bohumil Sladký,1229,M25-29,Male,Klučov,Central Bohemian Region,Czech Republic,CZ,0:31:27,2:30:31,1:37:42,0:04:25,0:05:24,4:49:29,1887,9031,5862,265,324,17369,126,110,16,202,169,21,128,115,15,126,110,16,Finisher,2804
Jiří,Herman,Jiří Herman,1795,M25-29,Male,Olomouc,Olomouc Region,Czech Republic,CZ,0:35:10,2:34:38,1:32:04,0:05:24,0:02:27,4:49:44,2110,9278,5524,324,147,17384,127,111,17,496,424,62,274,252,32,127,111,17,Finisher,2799
Peter,Pirožek,Peter Pirožek,1394,M35-39,Male,Poprad,SK-PV,Slovakia,SK,0:33:14,2:28:49,1:36:58,0:05:52,0:05:00,4:49:53,1994,8929,5818,352,300,17393,128,112,17,323,271,46,148,133,23,128,112,17,Finisher,2730
Wolfgang,Ofenboeck,Wolfgang Ofenboeck,165,M50-54,Male,Wiener Neustadt,AT-3,Austria,AT,0:32:32,2:27:55,1:42:43,0:04:22,0:02:26,4:49:58,1952,8875,6163,262,146,17398,129,113,10,274,228,21,109,97,11,129,113,10,Finisher,3026
Neil,Conlon,Neil Conlon,1439,M40-44,Male,Belfast,GB-BFS,United Kingdom,GB,0:39:48,2:26:19,1:35:34,0:05:26,0:03:13,4:50:19,2388,8779,5734,326,193,17419,130,114,13,931,772,87,205,188,19,130,114,13,Finisher,2949
Marcel,Staviany,Marcel Staviany,160,M35-39,Male,Nehvizdy,,Czech Republic,CZ,0:34:50,2:35:07,1:32:57,0:04:58,0:02:32,4:50:23,2090,9307,5577,298,152,17423,131,115,18,454,384,63,269,248,50,131,115,18,Finisher,2721
Lukas,Balak,Lukas Balak,269,M30-34,Male,Třebenice,Ústí nad Labem Region,Czech Republic,CZ,0:28:19,2:33:15,1:40:11,0:04:57,0:03:46,4:50:28,1699,9195,6011,297,226,17428,132,116,16,76,64,5,129,116,13,132,116,16,Finisher,2898
Francisco,Giacosa,Francisco Giacosa,157,M35-39,Male,Warsaw,mazowieckie,Argentina,AR,0:32:59,2:30:33,1:39:16,0:04:49,0:03:02,4:50:40,1979,9033,5956,289,182,17440,133,117,19,302,254,40,154,139,24,133,117,19,Finisher,2716
David,Sladecek,David Sladecek,134,M45-49,Male,Zeleneč,CZ-CZ-Central Bohemian Region,Czech Republic,CZ,0:30:50,2:29:42,1:42:36,0:04:26,0:03:09,4:50:43,1850,8982,6156,266,189,17443,134,118,9,172,144,18,111,99,11,134,118,9,Finisher,2915
Jiří,Moravík,Jiří Moravík,1031,M18-24,Male,Česká Lípa,Liberec Region,Czech Republic,CZ,0:35:58,2:28:35,1:37:43,0:05:44,0:02:47,4:50:48,2158,8915,5863,344,167,17448,135,119,15,568,484,69,186,171,23,135,119,15,Finisher,2639
Marek,Beňa,Marek Beňa,523,M50-54,Male,Opava,Moravian-Silesian Region,Czech Republic,CZ,0:29:49,2:32:30,1:39:59,0:05:46,0:02:47,4:50:52,1789,9150,5999,346,167,17452,136,120,11,124,104,10,151,136,14,136,120,11,Finisher,3010
Ondrej,Kralik,Ondrej Kralik,682,M35-39,Male,Rødovre,DK-84,Denmark,DK,0:31:21,2:35:09,1:35:44,0:05:50,0:03:25,4:51:30,1881,9309,5744,350,205,17490,137,121,20,199,167,21,217,200,40,137,121,20,Finisher,2701
Petr,Vanek,Petr Vanek,1720,M35-39,Male,Praha,Prague,Czech Republic,CZ,0:33:14,2:26:51,1:42:32,0:06:01,0:02:55,4:51:33,1994,8811,6152,361,175,17493,138,122,21,324,272,47,122,109,17,138,122,21,Finisher,2700
Lenka,Šatavová,Lenka Šatavová,1589,F40-44,Female,Tábor,Jihočeský kraj,Czech Republic,CZ,0:32:33,2:36:43,1:34:18,0:04:51,0:03:30,4:51:55,1953,9403,5658,291,210,17515,139,17,1,277,47,6,252,21,2,139,17,1,Finisher,3500
Ondřej,Přeček,Ondřej Přeček,1591,M35-39,Male,Havířov,CZ-803,Czech Republic,CZ,0:35:34,2:27:01,1:38:03,0:06:44,0:04:51,4:52:14,2134,8821,5883,404,291,17534,140,123,22,534,456,82,169,154,29,140,123,22,Finisher,2687
Juraj,Kis,Juraj Kis,102,M35-39,Male,Prague,CZ-109,Slovakia,SK,0:32:34,2:33:45,1:38:12,0:04:38,0:03:14,4:52:23,1954,9225,5892,278,194,17543,141,124,23,280,233,38,193,178,34,141,124,23,Finisher,2685
Klaus,Reichel,Klaus Reichel,201,M50-54,Male,Hollfeld,DE-BY,Germany,DE,0:32:48,2:33:19,1:37:53,0:03:55,0:04:35,4:52:30,1968,9199,5873,235,275,17550,142,125,12,294,246,25,179,164,17,142,125,12,Finisher,2981
Andreas,Troppmann,Andreas Troppmann,946,M30-34,Male,Hemau,DE-BAYERN,Germany,DE,0:30:24,2:28:10,1:47:11,0:04:31,0:02:14,4:52:30,1824,8890,6431,271,134,17550,143,126,17,149,123,10,99,88,8,143,126,17,Finisher,2861
Dan,Sedlacek,Dan Sedlacek,586,M25-29,Male,Prague,Prague,Czech Republic,CZ,0:29:19,2:39:32,1:37:35,0:03:32,0:02:38,4:52:36,1759,9572,5855,212,158,17556,144,127,18,103,86,13,219,202,25,144,127,18,Finisher,2748
Łukasz,Górniak,Łukasz Górniak,129,M45-49,Male,Styrzyniec,PL-LU,Poland,PL,0:32:33,2:30:27,1:41:06,0:06:12,0:02:41,4:52:59,1953,9027,6066,372,161,17579,145,128,10,279,232,29,165,150,16,145,128,10,Finisher,2875
Lubomir,Polewaczyk,Lubomir Polewaczyk,1656,M35-39,Male,Straubing,foreigner,Poland,PL,0:34:46,2:31:53,1:37:56,0:05:05,0:03:26,4:53:06,2086,9113,5876,305,206,17586,146,129,24,448,381,62,208,191,38,146,129,24,Finisher,2672
Markus,Bockelt,Markus Bockelt,1445,M35-39,Male,Munich,foreigner,Germany,DE,0:40:33,2:20:39,1:41:57,0:06:01,0:04:06,4:53:17,2433,8439,6117,361,246,17597,147,130,25,1001,823,145,137,123,19,147,130,25,Finisher,2669
Michal,Šik,Michal Šik,1608,M45-49,Male,Praha 4,Prague,Czech Republic,CZ,0:31:44,2:32:16,1:39:37,0:06:14,0:03:28,4:53:18,1904,9136,5977,374,208,17598,148,131,11,217,181,25,185,170,19,148,131,11,Finisher,2869
Harald,Sembacher,Harald Sembacher,214,M45-49,Male,Oberwaltersdorf,AT-3,Austria,AT,0:30:19,2:28:13,1:47:54,0:03:53,0:03:07,4:53:27,1819,8893,6474,233,187,17607,149,132,12,145,119,16,95,84,7,149,132,12,Finisher,2866
Ondrej,Boura,Ondrej Boura,306,M30-34,Male,Nový Bydžov,Hradec Králové Region,Czech Republic,CZ,0:42:07,2:26:18,1:36:20,0:05:33,0:03:12,4:53:30,2527,8778,5780,333,192,17610,150,133,18,1131,923,134,249,229,28,150,133,18,Finisher,2843
Petr,Kramosil,Petr Kramosil,1799,M45-49,Male,Pruhonice,STREDOCESKY KRAJ,Czech Republic,CZ,0:27:19,2:29:58,1:49:02,0:04:42,0:02:46,4:53:47,1639,8998,6542,282,166,17627,151,134,13,53,45,1,90,79,6,151,134,13,Finisher,2860
Marek,Vidim,Marek Vidim,387,M25-29,Male,Roztoky,Central Bohemian Region,Czech Republic,CZ,0:34:58,2:29:05,1:41:15,0:05:47,0:02:53,4:53:58,2098,8945,6075,347,173,17638,152,135,19,467,396,56,176,161,19,152,135,19,Finisher,2723
Tomáš,Bernard,Tomáš Bernard,722,M40-44,Male,Brandýs nad Labem-Stará Boleslav,Central Bohemian Region,Czech Republic,CZ,0:36:26,2:27:04,1:41:34,0:05:48,0:03:09,4:54:00,2186,8824,6094,348,189,17640,153,136,14,601,506,58,167,152,16,153,136,14,Finisher,2883
Kamil,Dusejovsky,Kamil Dusejovsky,1801,M30-34,Male,Las Vegas,US-NV,United States,US,0:36:04,2:27:11,1:42:46,0:05:34,0:02:41,4:54:15,2164,8831,6166,334,161,17655,154,137,19,574,489,67,158,143,18,154,137,19,Finisher,2830
Jan,Dannehl,Jan Dannehl,1502,M55-59,Male,Hamburg,DE-HH,Germany,DE,0:40:19,2:30:24,1:35:33,0:04:48,0:03:19,4:54:23,2419,9024,5733,288,199,17663,155,138,3,978,807,30,279,257,7,155,138,3,Finisher,3381
Alexander,Peleska,Alexander Peleska,213,M50-54,Male,Oberwaltersdorf,AT-3,Austria,AT,0:29:07,2:31:45,1:44:29,0:05:28,0:03:36,4:54:26,1747,9105,6269,328,216,17666,156,139,13,98,81,8,127,114,12,156,139,13,Finisher,2946
Martin,Šimek,Martin Šimek,155,M35-39,Male,Klatovy,Pilsen,Czech Republic,CZ,0:31:07,2:31:44,1:44:30,0:04:59,0:02:08,4:54:28,1867,9104,6270,299,128,17668,157,140,26,184,156,20,147,132,22,157,140,26,Finisher,2647
Zeman,Daniel,Zeman Daniel,1115,M40-44,Male,Hoděšovice,Pardubice Region,Czech Republic,CZ,0:30:24,2:31:24,1:44:04,0:05:36,0:03:07,4:54:35,1824,9084,6244,336,187,17675,158,141,15,148,122,12,140,125,14,158,141,15,Finisher,2873
Jan,Kameník,Jan Kameník,1389,M18-24,Male,Svatý Jan pod Skalou,Central Bohemian Region,Czech Republic,CZ,0:30:51,2:31:18,1:42:58,0:06:40,0:03:06,4:54:54,1851,9078,6178,400,186,17694,159,142,16,173,145,27,159,144,17,159,142,16,Finisher,2565
Vojtěch,Pavlíček,Vojtěch Pavlíček,321,M25-29,Male,Velká Buková,Central Bohemian Region,Czech Republic,CZ,0:29:04,2:34:32,1:43:50,0:04:23,0:03:08,4:54:57,1744,9272,6230,263,188,17697,160,143,20,96,79,11,149,134,16,160,143,20,Finisher,2705
Jakub,Tihon,Jakub Tihon,1507,M35-39,Male,"Strážovice, Stavěšice",South Moravian Region,Czech Republic,CZ,0:35:34,2:31:46,1:38:24,0:05:52,0:03:22,4:54:59,2134,9106,5904,352,202,17699,161,144,27,533,455,81,234,214,43,161,144,27,Finisher,2638
Sjoerd,Murk,Sjoerd Murk,1148,M30-34,Male,Nijmegen,foreigner,Netherlands,NL,0:27:25,2:43:36,1:35:40,0:05:08,0:03:18,4:55:07,1645,9816,5740,308,198,17707,162,145,20,57,49,4,287,264,34,162,145,20,Finisher,2814
Michal,Chovanec,Michal Chovanec,197,M55-59,Male,Horní Měcholupy,Prague,Czech Republic,CZ,0:30:12,2:32:33,1:42:25,0:05:03,0:05:06,4:55:19,1812,9153,6145,303,306,17719,163,146,4,143,117,1,145,130,4,163,146,4,Finisher,3365
Martin,Sobota,Martin Sobota,960,M45-49,Male,Karlovy Vary,Karlovy Vary Region,Czech Republic,CZ,0:31:11,2:34:57,1:38:49,0:06:40,0:03:45,4:55:22,1871,9297,5929,400,225,17722,164,147,14,189,161,22,224,205,21,164,147,14,Finisher,2832
Jan,Klásek,Jan Klásek,970,M18-24,Male,Rasošky,Hradec Králové Region,Czech Republic,CZ,0:24:37,2:40:16,1:42:12,0:04:58,0:03:23,4:55:27,1477,9616,6132,298,203,17727,165,148,17,20,19,3,177,162,21,165,148,17,Finisher,2555
Leon,Kopsch,Leon Kopsch,177,M25-29,Male,Lübbenau,DE-Central Bohemian Region,Germany,DE,0:30:14,2:30:27,1:46:17,0:05:27,0:03:03,4:55:27,1814,9027,6377,327,183,17727,166,149,21,144,118,15,124,111,13,166,149,21,Finisher,2696
Jan,Fibikar,Jan Fibikar,465,M35-39,Male,Žichlínek,Pardubice Region,Czech Republic,CZ,0:35:02,2:28:58,1:41:55,0:04:51,0:04:57,4:55:43,2102,8938,6115,291,297,17743,167,150,28,477,406,70,160,145,26,167,150,28,Finisher,2625
Tomáš,Malec,Tomáš Malec,1190,M30-34,Male,Zábřeh,CZ-71,Czech Republic,CZ,0:34:15,2:23:37,1:51:04,0:04:10,0:02:41,4:55:47,2055,8617,6664,250,161,17747,168,151,21,400,338,45,91,80,7,168,151,21,Finisher,2802
Petr,Hasman,Petr Hasman,875,M40-44,Male,Prague,Prague,Czech Republic,CZ,0:32:39,2:32:28,1:42:26,0:05:27,0:02:55,4:55:56,1959,9148,6146,327,175,17756,169,152,16,287,240,27,188,173,17,169,152,16,Finisher,2848
Tereza,Fišerová,Tereza Fišerová,915,F30-34,Female,Ústí nad Orlicí,Pardubice Region,Czech Republic,CZ,0:33:08,2:38:04,1:36:42,0:05:11,0:02:53,4:55:58,1988,9484,5802,311,173,17758,170,18,2,318,50,5,292,25,4,170,18,2,Finisher,3264
Martin,Šámal,Martin Šámal,936,M40-44,Male,Nymburk,Central Bohemian Region,Czech Republic,CZ,0:29:45,2:36:58,1:35:19,0:06:22,0:07:33,4:55:58,1785,9418,5719,382,453,17758,171,153,17,121,101,8,232,212,24,171,153,17,Finisher,2848
Richard,Gottschalk,Richard Gottschalk,829,M35-39,Male,Regensburg,BAYERN,Germany,DE,0:36:58,2:29:02,1:41:46,0:04:59,0:03:18,4:56:03,2218,8942,6106,299,198,17763,172,154,29,666,563,109,194,179,35,172,154,29,Finisher,2619
Kvido,Šimáček,Kvido Šimáček,310,M18-24,Male,Kutná Hora,Central Bohemian Region,Czech Republic,CZ,0:33:34,2:39:43,1:35:08,0:05:00,0:02:42,4:56:07,2014,9583,5708,300,162,17767,173,155,18,352,295,45,322,296,40,173,155,18,Finisher,2543
Adam,Elcner,Adam Elcner,434,M40-44,Male,Praha 13,Central Bohemian Region,Czech Republic,CZ,0:37:58,2:31:34,1:38:05,0:04:47,0:03:43,4:56:07,2278,9094,5885,287,223,17767,174,156,18,769,639,73,257,236,27,174,156,18,Finisher,2845
Marek,Zrzavecký,Marek Zrzavecký,1627,M25-29,Male,Ústí Nad Labem,Ústí nad Labem Region,Czech Republic,CZ,0:34:17,2:42:00,1:31:20,0:04:52,0:03:45,4:56:13,2057,9720,5480,292,225,17773,175,157,22,403,341,47,381,345,51,175,157,22,Finisher,2683
Thomas,Schreiner,Thomas Schreiner,971,M50-54,Male,Weiden,BY,Germany,DE,0:32:36,2:29:27,1:43:47,0:05:15,0:05:08,4:56:13,1956,8967,6227,315,308,17773,176,158,14,283,236,23,139,124,13,176,158,14,Finisher,2914
Jan,Tichý,Jan Tichý,1297,M30-34,Male,Prague,Prague,Czech Republic,CZ,0:26:24,2:33:16,1:48:45,0:05:16,0:02:54,4:56:34,1584,9196,6525,316,174,17794,177,159,22,42,38,3,110,98,10,177,159,22,Finisher,2788
Jedrzej,Pacak,Jedrzej Pacak,419,M30-34,Male,Warszawa,mazowieckie,Poland,PL,0:30:59,2:43:38,1:35:08,0:03:51,0:03:00,4:56:36,1859,9818,5708,231,180,17796,178,160,23,178,150,18,328,301,40,178,160,23,Finisher,2788
Jirí,Štefan,Jirí Štefan,712,M30-34,Male,Varnsdorf,Ústí nad Labem Region,Czech Republic,CZ,0:31:46,2:28:23,1:48:35,0:05:22,0:02:43,4:56:49,1906,8903,6515,322,163,17809,179,161,24,219,183,23,114,102,11,179,161,24,Finisher,2784
Martin,Opletal,Martin Opletal,1069,M35-39,Male,Strančice,Central Bohemian Region,Czech Republic,CZ,0:32:32,2:35:13,1:39:59,0:06:35,0:02:59,4:57:19,1952,9313,5999,395,179,17839,180,162,30,275,229,37,259,238,47,180,162,30,Finisher,2596
Lucie,Šálková,Lucie Šálková,1245,F18-24,Female,Vysoká u Příbramě,Central Bohemian Region,Czech Republic,CZ,0:28:31,2:46:06,1:35:35,0:04:41,0:02:28,4:57:20,1711,9966,5735,281,148,17840,181,19,1,83,16,1,348,31,2,181,19,1,Finisher,3500
Jan,Blažek,Jan Blažek,507,M18-24,Male,Popovice,Central Bohemian Region,Czech Republic,CZ,0:28:20,2:37:35,1:44:40,0:03:52,0:03:01,4:57:29,1700,9455,6280,232,181,17849,182,163,19,77,65,17,175,160,20,182,163,19,Finisher,2519
Adam,Dluhoš,Adam Dluhoš,1311,M25-29,Male,Těškovice,Moravian-Silesian Region,Czech Republic,CZ,0:33:57,2:33:55,1:37:43,0:07:15,0:04:41,4:57:31,2037,9235,5863,435,281,17851,183,164,23,383,324,43,273,251,31,183,164,23,Finisher,2659
Jozef,Taliga,Jozef Taliga,1304,M35-39,Male,Bratislava,foreigner,Slovakia,SK,0:31:50,2:37:26,1:39:38,0:05:18,0:03:28,4:57:40,1910,9446,5978,318,208,17860,184,165,31,224,187,26,261,240,48,184,165,31,Finisher,2590
Vojtěch,Höfner,Vojtěch Höfner,753,M25-29,Male,Kolín,Central Bohemian Region,Czech Republic,CZ,0:38:52,2:33:36,1:37:23,0:05:15,0:02:52,4:57:58,2332,9216,5843,315,172,17878,185,166,24,853,708,104,310,284,38,185,166,24,Finisher,2651
Petr,Klicpera,Petr Klicpera,696,M50-54,Male,Neratovice,Central Bohemian Region,Czech Republic,CZ,0:31:34,2:30:57,1:46:18,0:06:03,0:03:07,4:57:59,1894,9057,6378,363,187,17879,186,167,15,208,175,16,156,141,15,186,167,15,Finisher,2882
Matěj,Šulc,Matěj Šulc,331,M18-24,Male,Brada-Rybníček,Hradec Králové Region,Czech Republic,CZ,0:39:23,2:38:07,1:32:04,0:05:49,0:02:38,4:58:01,2363,9487,5524,349,158,17881,187,168,20,899,744,113,426,386,48,187,168,20,Finisher,2509
Martin,Janeček,Martin Janeček,1791,M25-29,Male,Pardubice,Pardubice Region,Czech Republic,CZ,0:34:58,2:35:41,1:39:15,0:05:22,0:02:48,4:58:04,2098,9341,5955,322,168,17884,188,169,25,468,397,57,284,261,34,188,169,25,Finisher,2649
Ondrej,Pitthard,Ondrej Pitthard,598,M30-34,Male,Jičín,Hradec Králové Region,Czech Republic,CZ,0:31:40,2:35:56,1:43:47,0:04:27,0:02:27,4:58:17,1900,9356,6227,267,147,17897,189,170,25,212,178,21,213,196,24,189,170,25,Finisher,2757
Martin,Řehák,Martin Řehák,573,M35-39,Male,Vysoký Újezd,Central Bohemian Region,Czech Republic,CZ,0:37:31,2:23:35,1:46:05,0:06:41,0:04:35,4:58:27,2251,8615,6365,401,275,17907,190,171,32,724,607,116,143,128,20,190,171,32,Finisher,2576
Sandra,Ofenboeck,Sandra Ofenboeck,109,F45-49,Female,Wiener Neustadt,AT-3,Austria,AT,0:34:27,2:36:28,1:40:33,0:04:38,0:02:26,4:58:32,2067,9388,6033,278,146,17912,191,20,1,420,65,4,280,23,2,191,20,1,Finisher,3500
Walter,Arnold,Walter Arnold,591,M50-54,Male,Waldsassen,BY,Germany,DE,0:33:18,2:26:30,1:51:26,0:04:41,0:02:54,4:58:50,1998,8790,6686,281,174,17930,192,172,16,330,278,31,107,95,10,192,172,16,Finisher,2867
Ivo,Nekvinda,Ivo Nekvinda,290,M18-24,Male,Pardubice,CZ-532,Czech Republic,CZ,0:36:11,2:32:57,1:40:18,0:05:39,0:03:47,4:58:53,2171,9177,6018,339,227,17933,193,173,21,580,492,72,266,245,36,193,173,21,Finisher,2493
Grzegorz,Michalek,Grzegorz Michalek,1650,M40-44,Male,Ulm,DE-BW,Poland,PL,0:34:37,2:31:12,1:44:04,0:06:10,0:02:59,4:59:02,2077,9072,6244,370,179,17942,194,174,19,435,370,44,212,195,20,194,174,19,Finisher,2792
Aleš,Horák,Aleš Horák,882,M35-39,Male,Libníkovice,Hradec Králové Region,Czech Republic,CZ,0:29:07,2:26:03,1:55:58,0:04:28,0:03:28,4:59:03,1747,8763,6958,268,208,17943,195,175,33,97,80,9,79,69,10,195,175,33,Finisher,2565
Günther,Flois,Günther Flois,1213,M40-44,Male,Pöllau,,Austria,AT,0:32:19,2:28:45,1:47:43,0:06:45,0:03:34,4:59:07,1939,8925,6463,405,214,17947,196,176,20,254,212,22,146,131,15,196,176,20,Finisher,2791
Alexander,Wenzel,Alexander Wenzel,150,M50-54,Male,Walderbach,DE-BY,Germany,DE,0:40:58,2:22:37,1:44:59,0:06:36,0:03:58,4:59:09,2458,8557,6299,396,238,17949,197,177,17,1028,843,78,183,168,18,197,177,17,Finisher,2861
Matěj,Koutný,Matěj Koutný,1019,M18-24,Male,Hranice,Olomouc Region,Czech Republic,CZ,0:22:47,2:43:12,1:42:18,0:05:33,0:05:28,4:59:18,1367,9792,6138,333,328,17958,198,178,22,10,10,1,204,187,26,198,178,22,Finisher,2486
Josef ,Havelka ,Josef Havelka,556,M40-44,Male,Varnsdorf,Ústí nad Labem Region,Czech Republic,CZ,0:36:33,2:31:32,1:39:13,0:06:58,0:05:10,4:59:26,2193,9092,5953,418,310,17966,199,179,21,615,519,61,272,250,28,199,179,21,Finisher,2785
Jakub,Kovac,Jakub Kovac,1798,M40-44,Male,Prague,Prague,Czech Republic,CZ,0:25:38,2:31:14,1:52:16,0:05:31,0:04:47,4:59:26,1538,9074,6736,331,287,17966,200,180,22,30,28,1,93,82,8,200,180,22,Finisher,2785
Jakub,Šimek,Jakub Šimek,1209,M25-29,Male,Olomouc,Olomouc Region,Czech Republic,CZ,0:42:46,2:37:27,1:27:15,0:07:11,0:04:56,4:59:35,2566,9447,5235,431,296,17975,201,181,26,1183,965,149,503,455,66,201,181,26,Finisher,2622
Petr ,Červinka,Petr Červinka,1755,M40-44,Male,Vojkovice,Brno-Venkov,Czech Republic,CZ,0:27:02,2:41:35,1:41:14,0:05:21,0:04:23,4:59:36,1622,9695,6074,321,263,17976,202,182,23,46,41,4,250,230,26,202,182,23,Finisher,2782
Kamil,Šelep,Kamil Šelep,587,M35-39,Male,PŘEŠTICE,CZ-PLZEN-JIH,Czech Republic,CZ,0:32:17,2:40:41,1:38:48,0:04:34,0:03:20,4:59:40,1937,9641,5928,274,200,17980,203,183,34,250,208,32,305,279,56,203,183,34,Finisher,2554
Lukas,Langenberger,Lukas Langenberger,616,M40-44,Male,Prague,CZ-Prague,Czech Republic,CZ,0:33:41,2:34:49,1:42:56,0:05:01,0:03:14,4:59:40,2021,9289,6176,301,194,17980,204,184,24,363,306,35,240,220,25,204,184,24,Finisher,2781
Tomas,Pernicka,Tomas Pernicka,940,M45-49,Male,Olomouc,Moravian-Silesian Region,Czech Republic,CZ,0:29:44,2:32:25,1:47:57,0:06:10,0:03:43,4:59:59,1784,9145,6477,370,223,17999,205,185,15,119,99,11,153,138,15,205,185,15,Finisher,2749
Daniel,Čech,Daniel Čech,911,M25-29,Male,Prague,Prague,Czech Republic,CZ,0:31:16,2:33:26,1:46:18,0:05:28,0:03:36,5:00:04,1876,9206,6378,328,216,18004,206,186,27,194,164,20,181,166,20,206,186,27,Finisher,2613
Marek,Horák,Marek Horák,953,M18-24,Male,Mladé Buky,Hradec Králové Region,Czech Republic,CZ,0:36:11,2:38:08,1:35:45,0:06:38,0:03:25,5:00:07,2171,9488,5745,398,205,18007,207,187,23,582,494,74,376,340,43,207,187,23,Finisher,2471
Jakub,Štok,Jakub Štok,609,M30-34,Male,Poděbrady,Central Bohemian Region,Czech Republic,CZ,0:34:42,2:28:33,1:46:59,0:06:02,0:03:53,5:00:08,2082,8913,6419,362,233,18008,208,188,26,443,378,54,166,151,19,208,188,26,Finisher,2724
Tomáš,Němeček,Tomáš Němeček,1815,M18-24,Male,Hranice,CZ-71,Czech Republic,CZ,0:28:05,2:32:54,1:50:33,0:05:05,0:03:32,5:00:08,1685,9174,6633,305,212,18008,209,189,24,71,60,16,121,108,15,209,189,24,Finisher,2471
Jakub ,Plaucha ,Jakub Plaucha,1276,M30-34,Male,Breznička,foreigner,Slovakia,SK,0:38:55,2:34:42,1:35:55,0:05:32,0:05:04,5:00:09,2335,9282,5755,332,304,18009,210,190,27,859,712,100,342,312,42,210,190,27,Finisher,2724
Kristýna,Posltová,Kristýna Posltová,305,F30-34,Female,Prague,Prague,Czech Republic,CZ,0:30:05,2:36:37,1:46:23,0:04:44,0:02:37,5:00:25,1805,9397,6383,284,157,18025,211,21,3,134,24,2,203,17,2,211,21,3,Finisher,3184
Jakub,Adámek,Jakub Adámek,836,M40-44,Male,Hradec Králové,Hradec Králové Region,Czech Republic,CZ,0:33:44,2:40:57,1:36:56,0:05:47,0:03:06,5:00:29,2024,9657,5816,347,186,18029,212,191,25,366,309,36,370,335,39,212,191,25,Finisher,2766
Matthias,Weingärtner,Matthias Weingärtner,124,M45-49,Male,Hornstein,AT-1,Austria,AT,0:31:03,2:33:17,1:45:56,0:04:58,0:05:16,5:00:29,1863,9197,6356,298,316,18029,213,192,16,181,153,19,168,153,17,213,192,16,Finisher,2740
Chris,Proßegger,Chris Proßegger,1710,M25-29,Male,Berlin,DE-BE,Germany,DE,0:31:31,2:34:39,1:45:58,0:05:28,0:03:12,5:00:48,1891,9279,6358,328,192,18048,214,193,28,206,173,22,206,189,23,214,193,28,Finisher,2600
Radek,Zavadil,Radek Zavadil,1849,M25-29,Male,Staré Hradište,Pardubice,Czech Republic,CZ,0:37:27,2:34:04,1:39:06,0:05:42,0:04:35,5:00:55,2247,9244,5946,342,275,18055,215,194,29,716,600,87,303,277,36,215,194,29,Finisher,2598
Michal,Netolický,Michal Netolický,1308,M45-49,Male,Most,Ústí nad Labem Region,Czech Republic,CZ,0:33:20,2:31:10,1:48:47,0:04:56,0:02:55,5:01:08,2000,9070,6527,296,175,18068,216,195,17,331,279,32,171,156,18,216,195,17,Finisher,2728
Barbara,Kiener,Barbara Kiener,106,F45-49,Female,Krems,AT-3,Austria,AT,0:38:07,2:39:18,1:37:29,0:04:08,0:02:40,5:01:44,2287,9558,5849,248,160,18104,217,22,2,781,134,10,386,37,3,217,22,2,Finisher,3442
Vojtěch,Diviš,Vojtěch Diviš,1688,M18-24,Male,Častolovice,Hradec Králové Region,Czech Republic,CZ,0:29:50,2:34:54,1:46:44,0:07:26,0:03:04,5:01:59,1790,9294,6404,446,184,18119,218,196,25,125,105,23,216,199,28,218,196,25,Finisher,2438
Jan,Chytil,Jan Chytil,367,M25-29,Male,Prague,Prague,Czech Republic,CZ,0:34:35,2:40:15,1:36:05,0:07:38,0:03:33,5:02:06,2075,9615,5765,458,213,18126,219,197,30,431,366,51,413,374,57,219,197,30,Finisher,2577
Martina,Krajhanzlová,Martina Krajhanzlová,1579,F35-39,Female,PRAHA 22,Prague,Czech Republic,CZ,0:33:32,2:40:33,1:40:00,0:04:49,0:03:17,5:02:11,2012,9633,6000,289,197,18131,220,23,3,350,57,6,337,29,3,220,23,3,Finisher,3147
Lukáš,Imríšek,Lukáš Imríšek,1653,M35-39,Male,Prague,Prague,Czech Republic,CZ,0:32:05,2:35:59,1:46:12,0:04:17,0:03:54,5:02:28,1925,9359,6372,257,234,18148,221,198,35,242,200,28,218,201,41,221,198,35,Finisher,2503
Daniela,Tylšová,Daniela Tylšová,1351,F45-49,Female,Trutnov,Hradec Králové Region,Czech Republic,CZ,0:31:41,2:39:31,1:44:31,0:03:44,0:03:13,5:02:40,1901,9571,6271,224,193,18160,222,24,3,214,36,1,271,22,1,222,24,3,Finisher,3425
¬ubomír,Sivák,¬ubomír Sivák,1785,M18-24,Male,Udavské,Presov Region,Slovakia,SK,0:34:35,2:34:08,1:45:39,0:05:09,0:03:11,5:02:41,2075,9248,6339,309,191,18161,223,199,26,432,367,55,244,224,32,223,199,26,Finisher,2425
Samuel,Dušek,Samuel Dušek,743,M30-34,Male,Brno,South Moravian Region,Czech Republic,CZ,0:31:44,2:36:08,1:46:11,0:05:29,0:03:11,5:02:43,1904,9368,6371,329,191,18163,224,200,28,218,182,22,237,217,26,224,200,28,Finisher,2678
Maciej,Breznen,Maciej Breznen,1044,M18-24,Male,Prague,Prague,Czech Republic,CZ,0:31:30,2:44:49,1:38:05,0:05:17,0:03:04,5:02:45,1890,9889,5885,317,184,18165,225,201,27,204,171,30,388,351,44,225,201,27,Finisher,2424
Karel,Kvasnička,Karel Kvasnička,1219,M25-29,Male,Vnorovy,South Moravian Region,Czech Republic,CZ,0:35:36,2:34:57,1:41:44,0:07:37,0:03:02,5:02:56,2136,9297,6104,457,182,18176,226,202,31,537,458,69,320,294,39,226,202,31,Finisher,2562
Jan,Zitko,Jan Zitko,547,M18-24,Male,Praha,Prague,Czech Republic,CZ,0:32:21,2:35:22,1:46:25,0:04:57,0:03:55,5:03:00,1941,9322,6385,297,235,18180,227,203,28,258,216,37,223,204,29,227,203,28,Finisher,2419
Kryštof,NOSEK,Kryštof NOSEK,246,M25-29,Male,Rychnov u Jablonce nad Nisou,,Czech Republic,CZ,0:26:16,2:48:44,1:40:28,0:04:37,0:02:59,5:03:04,1576,10124,6028,277,179,18184,228,204,32,39,35,3,356,322,45,228,204,32,Finisher,2559
Jindrich,Václavek,Jindrich Václavek,1083,M35-39,Male,Hradec Králové,Hradec Králové Region,Czech Republic,CZ,0:35:23,2:35:10,1:44:40,0:04:50,0:03:05,5:03:08,2123,9310,6280,290,185,18188,229,205,36,523,445,77,275,253,51,229,205,36,Finisher,2491
Jan,Novotný,Jan Novotný,929,M25-29,Male,Kolín,Central Bohemian Region,Czech Republic,CZ,0:37:04,2:27:58,1:48:52,0:05:59,0:03:26,5:03:19,2224,8878,6532,359,206,18199,230,206,33,683,577,84,196,181,21,230,206,33,Finisher,2555
Vit,Gracik,Vit Gracik,1726,M25-29,Male,Žacléř,Hradec Králové Region,Czech Republic,CZ,0:34:57,2:36:38,1:42:53,0:06:00,0:03:02,5:03:30,2097,9398,6173,360,182,18210,231,207,34,465,394,55,307,281,37,231,207,34,Finisher,2552
Libor,Vanicek,Libor Vanicek,113,M55-59,Male,Prague,CZ-104,Czech Republic,CZ,0:35:05,2:34:38,1:43:22,0:06:17,0:04:26,5:03:47,2105,9278,6202,377,266,18227,232,208,5,484,412,14,283,260,8,232,208,5,Finisher,3212
Robert,Teske,Robert Teske,830,M45-49,Male,Bischberg,foreigner,Germany,DE,0:29:28,2:36:31,1:48:43,0:05:41,0:03:25,5:03:47,1768,9391,6523,341,205,18227,233,209,18,111,93,7,207,190,20,233,209,18,Finisher,2680
Michal,Pandos,Michal Pandos,955,M18-24,Male,Humenne,PRESOVSKY KRAJ,Slovakia,SK,0:27:23,2:41:54,1:45:43,0:04:59,0:03:51,5:03:51,1643,9714,6343,299,231,18231,234,210,29,56,48,13,256,235,35,234,210,29,Finisher,2404
Stepan,Velimsky,Stepan Velimsky,1198,M30-34,Male,Písek,,Czech Republic,CZ,0:37:48,2:30:12,1:45:56,0:06:20,0:03:52,5:04:08,2268,9012,6356,380,232,18248,235,211,29,753,629,85,258,237,29,235,211,29,Finisher,2652
Mathieu,LAEMLE,Mathieu LAEMLE,1702,M45-49,Male,Toulouse,foreigner,France,FR,0:29:33,2:30:53,1:52:56,0:05:14,0:05:42,5:04:18,1773,9053,6776,314,342,18258,236,212,19,113,95,9,117,105,12,236,212,19,Finisher,2671
Jan,Heinrich,Jan Heinrich,866,M35-39,Male,Praha,Prague,Czech Republic,CZ,0:33:03,2:30:46,1:51:52,0:05:09,0:03:32,5:04:21,1983,9046,6712,309,212,18261,237,213,37,312,263,45,162,147,28,237,213,37,Finisher,2469
Gwenaël,Marchand,Gwenaël Marchand,123,M45-49,Male,Ergue gaberic ,,France,FR,0:35:09,2:36:50,1:44:54,0:04:38,0:02:57,5:04:28,2109,9410,6294,278,177,18268,238,214,20,492,420,44,296,271,29,238,214,20,Finisher,2668
Jan,Tříska,Jan Tříska,291,M40-44,Male,Lišov,South Bohemian Region,Czech Republic,CZ,0:41:37,2:30:15,1:43:29,0:06:32,0:03:01,5:04:53,2497,9015,6209,392,181,18293,239,215,26,1078,881,95,327,300,34,239,215,26,Finisher,2687
Marek,Bába,Marek Bába,1212,M25-29,Male,Ústí nad Labem,Ústí Nad Labem Region,Czech Republic,CZ,0:43:27,2:37:07,1:35:21,0:05:21,0:03:42,5:04:58,2607,9427,5721,321,222,18298,240,216,35,1232,1003,154,470,427,62,240,216,35,Finisher,2525
Piotr,Wasilewski,Piotr Wasilewski,1421,M45-49,Male,Głosków,mazowieckie,Poland,PL,0:30:47,2:37:48,1:46:44,0:04:47,0:04:59,5:05:05,1847,9468,6404,287,299,18305,241,217,21,169,141,17,238,218,22,241,217,21,Finisher,2657
Enzo,Sommer,Enzo Sommer,804,M18-24,Male,Mistelbach,AT-3,Austria,AT,0:31:02,2:34:11,1:51:33,0:05:37,0:02:46,5:05:09,1862,9251,6693,337,166,18309,242,218,30,180,152,29,191,176,24,242,218,30,Finisher,2381
Anna,Peterek,Anna Peterek,1533,F35-39,Female,Poznań,PL-WP,Poland,PL,0:28:30,2:45:33,1:42:04,0:05:02,0:04:01,5:05:10,1710,9933,6124,302,241,18310,243,25,4,81,15,1,341,30,4,243,25,4,Finisher,3093
Luisa,Levold,Luisa Levold,1417,F25-29,Female,Wien,AT-9,Germany,DE,0:33:00,2:41:00,1:42:59,0:05:21,0:02:56,5:05:16,1980,9660,6179,321,176,18316,244,26,3,304,49,9,350,32,4,244,26,3,Finisher,3040
Filip,Vinš,Filip Vinš,746,M18-24,Male,Kostelec nad Černými lesy,,Czech Republic,CZ,0:29:54,2:37:58,1:48:26,0:06:02,0:03:08,5:05:28,1794,9478,6506,362,188,18328,245,219,31,127,107,24,245,225,33,245,219,31,Finisher,2375
Tomáš,Vrátník,Tomáš Vrátník,538,M40-44,Male,Valašské Meziříčí ,Zlínský kraj,Czech Republic,CZ,0:34:33,2:33:05,1:48:59,0:05:21,0:03:36,5:05:34,2073,9185,6539,321,216,18334,246,220,27,428,363,43,230,210,22,246,220,27,Finisher,2675
Michal,Bureš,Michal Bureš,855,M35-39,Male,Nové Město nad Metují,Hradec Králové Region,Czech Republic,CZ,0:36:57,2:28:25,1:52:43,0:04:31,0:03:00,5:05:35,2217,8905,6763,271,180,18335,247,221,38,663,561,108,178,163,31,247,221,38,Finisher,2447
Adrian,Brecher,Adrian Brecher,1184,M18-24,Male,Wiehl,foreigner,Germany,DE,0:33:00,2:34:20,1:48:30,0:05:58,0:04:12,5:06:00,1980,9260,6510,358,252,18360,248,222,32,306,257,42,235,215,30,248,222,32,Finisher,2365
Jáchym,Frič,Jáchym Frič,1174,M18-24,Male,Roudnice nad Labem,Vysočina Region,Czech Republic,CZ,0:36:11,2:32:39,1:47:26,0:05:59,0:03:50,5:06:04,2171,9159,6446,359,230,18364,249,223,33,581,493,73,267,246,37,249,223,33,Finisher,2364
Florian,Von Locquenghien,Florian Von Locquenghien,1404,M40-44,Male,Neu-Ulm,,Gibraltar,GI,0:27:56,2:34:00,1:56:44,0:04:13,0:03:16,5:06:10,1676,9240,7004,253,196,18370,250,224,28,68,57,6,125,112,12,250,224,28,Finisher,2664
Daniel,Nuzík,Daniel Nuzík,1836,M30-34,Male,Olomouc,Olomouc Region,Czech Republic,CZ,0:37:02,2:30:27,1:49:06,0:05:55,0:03:48,5:06:18,2222,9027,6546,355,228,18378,251,225,30,681,575,75,239,219,27,251,225,30,Finisher,2613
Michal,Vostrel,Michal Vostrel,151,M35-39,Male,Karlovy Vary,CZ-41,Czech Republic,CZ,0:29:24,2:43:50,1:45:39,0:04:37,0:02:49,5:06:18,1764,9830,6339,277,169,18378,252,226,39,108,91,10,313,287,58,252,226,39,Finisher,2434
Marek,Fordonski,Marek Fordonski,1575,M50-54,Male,Warszawa,,Poland,PL,0:35:34,2:37:27,1:44:17,0:05:29,0:03:32,5:06:19,2134,9447,6257,329,212,18379,253,227,18,532,454,42,330,303,28,253,227,18,Finisher,2732
David,Vondrak,David Vondrak,808,M30-34,Male,Všestary,Hradec Králové Region,Czech Republic,CZ,0:35:17,2:40:37,1:41:38,0:05:44,0:03:09,5:06:25,2117,9637,6098,344,189,18385,254,228,31,514,437,59,391,354,46,254,228,31,Finisher,2611
Sandra,Kazikova,Sandra Kazikova,1418,F50-54,Female,Mnichovice,CZ-Central Bohemian Region,Czech Republic,CZ,0:25:25,2:35:29,1:55:50,0:04:58,0:04:44,5:06:26,1525,9329,6950,298,284,18386,255,27,1,25,2,1,120,13,1,255,27,1,Finisher,3500
Olaf,Dirker,Olaf Dirker,167,M55-59,Male,Emsdetten,NW,Germany,DE,0:31:08,2:35:49,1:49:25,0:06:14,0:03:54,5:06:30,1868,9349,6565,374,234,18390,256,229,6,186,158,6,233,213,5,256,229,6,Finisher,3163
Lenka,Táborská,Lenka Táborská,260,F25-29,Female,Jablonec nad Nisou,Liberec Region,Czech Republic,CZ,0:27:38,2:43:56,1:47:16,0:05:28,0:02:26,5:06:45,1658,9836,6436,328,146,18405,257,28,4,62,9,2,301,26,3,257,28,4,Finisher,3013
Filip,Rektořík,Filip Rektořík,800,M25-29,Male,Olomouc,Olomouc Region,Czech Republic,CZ,0:33:04,2:35:06,1:48:51,0:06:46,0:03:04,5:06:50,1984,9306,6531,406,184,18410,258,230,36,313,264,34,270,249,30,258,230,36,Finisher,2492
Michal,Hrabě,Michal Hrabě,780,M30-34,Male,Albrechtice nad Orlicí,Hradec Králové Region,Czech Republic,CZ,0:34:11,2:44:11,1:40:17,0:05:35,0:02:50,5:07:04,2051,9851,6017,335,170,18424,259,231,32,397,335,43,439,399,53,259,231,32,Finisher,2599
Dávid,Šimurka,Dávid Šimurka,1110,M35-39,Male,Bratislava,Bratislava Region,Slovakia,SK,0:32:21,2:31:51,1:52:11,0:06:08,0:04:35,5:07:06,1941,9111,6731,368,275,18426,260,232,40,256,214,33,187,172,33,260,232,40,Finisher,2420
David,Kudrna,David Kudrna,1624,M45-49,Male,Červené Pečky,CZ-Central Bohemian Region,Czech Republic,CZ,0:35:10,2:45:00,1:38:12,0:05:27,0:03:34,5:07:24,2110,9900,5892,327,214,18444,261,233,22,494,422,45,465,423,42,261,233,22,Finisher,2615
Marek,Garreis,Marek Garreis,391,M25-29,Male,Benešov,Central Bohemian Region,Czech Republic,CZ,0:34:29,2:38:45,1:45:07,0:05:37,0:03:34,5:07:32,2069,9525,6307,337,214,18452,262,234,37,424,359,50,334,306,42,262,234,37,Finisher,2479
Kryštof,Garreis,Kryštof Garreis,466,M25-29,Male,"Skalsko, Velké Všelisy, Boreč, Kluky, Vrátno, Kovanec",Central Bohemian Region,Czech Republic,CZ,0:33:37,2:39:32,1:45:06,0:05:13,0:04:06,5:07:34,2017,9572,6306,313,246,18454,263,235,38,358,301,41,325,298,40,263,235,38,Finisher,2478
Krystof,Kubicek,Krystof Kubicek,1477,M18-24,Male,Praha,Hlavní Město Praha,Czech Republic,CZ,0:27:11,2:37:32,1:54:24,0:04:39,0:03:53,5:07:40,1631,9452,6864,279,233,18460,264,236,34,50,43,11,170,155,19,264,236,34,Finisher,2335
Oliver,Peters,Oliver Peters,814,M50-54,Male,Cadolzburg,foreigner,Germany,DE,0:31:16,2:28:46,1:59:09,0:04:26,0:04:09,5:07:47,1876,8926,7149,266,249,18467,265,237,19,193,163,15,106,94,9,265,237,19,Finisher,2705
Jakub,Curaj,Jakub Curaj,1039,M30-34,Male,Svederník,foreigner,Slovakia,SK,0:34:19,2:42:34,1:40:18,0:05:24,0:05:18,5:07:52,2059,9754,6018,324,318,18472,266,238,33,410,348,48,406,368,50,266,238,33,Finisher,2585
Aleš,Palkovic,Aleš Palkovic,767,M30-34,Male,Praha 13,Prague,Czech Republic,CZ,0:31:30,2:41:11,1:46:52,0:05:20,0:03:03,5:07:56,1890,9671,6412,320,183,18476,267,239,34,205,172,20,318,292,38,267,239,34,Finisher,2584
Ralf,Dragon,Ralf Dragon,650,M35-39,Male,Coswig,DE-SN,Germany,DE,0:33:00,2:29:21,1:56:08,0:06:22,0:03:05,5:07:58,1980,8961,6968,382,185,18478,268,240,41,307,258,42,157,142,25,268,240,41,Finisher,2404
Jan,Krupa,Jan Krupa,1235,M18-24,Male,Snědovice,Ústí nad Labem Region,Czech Republic,CZ,0:28:57,2:40:15,1:50:13,0:04:45,0:03:47,5:07:58,1737,9615,6613,285,227,18478,269,241,35,94,77,19,248,228,34,269,241,35,Finisher,2330
Lukáš,Slábek,Lukáš Slábek,359,M25-29,Male,Velká Buková,Central Bohemian Region,Czech Republic,CZ,0:31:01,2:38:09,1:51:20,0:05:00,0:02:32,5:08:01,1861,9489,6680,300,152,18481,270,242,39,179,151,19,253,232,28,270,242,39,Finisher,2470
Almaz,Khannanov,Almaz Khannanov,1821,M35-39,Male,Praha 3,Prague,Czech Republic,CZ,0:34:51,2:38:40,1:45:44,0:05:19,0:03:32,5:08:06,2091,9520,6344,319,212,18486,271,243,42,456,386,64,333,305,61,271,243,42,Finisher,2402
Alexander,Böhm,Alexander Böhm,1299,M25-29,Male,Hassel,foreigner,Germany,DE,0:33:28,2:41:50,1:44:05,0:05:25,0:03:24,5:08:13,2008,9710,6245,325,204,18493,272,244,40,344,289,37,373,337,50,272,244,40,Finisher,2467
Thomas,Buchmueller,Thomas Buchmueller,127,M55-59,Male,Burggen,DE-BY,Germany,DE,0:36:07,2:26:13,1:56:21,0:05:26,0:04:17,5:08:24,2167,8773,6981,326,257,18504,273,245,7,576,490,18,142,127,3,273,245,7,Finisher,3129
Ondrej,Kysela,Ondrej Kysela,1071,M35-39,Male,Praha,Prague,Czech Republic,CZ,0:32:14,2:44:40,1:43:02,0:05:00,0:03:43,5:08:39,1934,9880,6182,300,223,18519,274,246,43,248,206,31,395,357,73,274,246,43,Finisher,2392
Miloš,Polák,Miloš Polák,1116,M45-49,Male,Hradec Králové,Hradec Králové Region,Czech Republic,CZ,0:29:09,2:41:13,1:50:36,0:04:23,0:03:20,5:08:42,1749,9673,6636,263,200,18522,275,247,23,99,82,4,263,242,24,275,247,23,Finisher,2592
Simon,Batt,Simon Batt,1506,M45-49,Male,Cassington,OXF,United Kingdom,GB,0:29:22,2:42:47,1:47:22,0:04:44,0:04:39,5:08:55,1762,9767,6442,284,279,18535,276,248,24,107,90,6,300,275,30,276,248,24,Finisher,2588
David,Raffay,David Raffay,340,M25-29,Male,"Kostelec nad Labem, Záryby",Prague,Czech Republic,CZ,0:35:01,2:47:07,1:37:34,0:06:11,0:03:06,5:08:58,2101,10027,5854,371,186,18538,277,249,41,476,405,60,527,477,68,277,249,41,Finisher,2453
Maxim,Obenrauch,Maxim Obenrauch,424,M18-24,Male,"Ohradzany, Slovenská Volová, Sopkovce, Gruzovce",foreigner,Slovakia,SK,0:32:38,2:24:05,2:04:10,0:04:57,0:03:15,5:09:05,1958,8645,7450,297,195,18545,278,250,36,286,239,40,89,78,11,278,250,36,Finisher,2310
Marcin,Wozniak,Marcin Wozniak,709,M35-39,Male,Września,wielkopolskie,Poland,PL,0:35:02,2:45:05,1:40:20,0:05:46,0:02:52,5:09:05,2102,9905,6020,346,172,18545,279,251,44,478,407,71,469,426,84,279,251,44,Finisher,2384
Premysl,Hašlar,Premysl Hašlar,898,M50-54,Male,BŘEZNO,Central Bohemian Region,Czech Republic,CZ,0:28:05,2:40:30,1:52:26,0:04:18,0:03:52,5:09:10,1685,9630,6746,258,232,18550,280,252,20,70,59,5,227,208,23,280,252,20,Finisher,2681
Michal,Bures,Michal Bures,1368,M30-34,Male,Prague,CZ-Prague,Czech Republic,CZ,0:30:38,2:36:49,1:53:41,0:05:21,0:02:54,5:09:23,1838,9409,6821,321,174,18563,281,253,35,163,135,15,225,206,25,281,253,35,Finisher,2558
Juan,Davila,Juan Davila,1012,M35-39,Male,Ingelheim,foreigner,Uruguay,UY,0:30:32,2:37:17,1:53:17,0:05:08,0:03:12,5:09:25,1832,9437,6797,308,192,18565,282,254,45,158,130,17,229,209,42,282,254,45,Finisher,2378
Daniel,Heigl,Daniel Heigl,1832,M40-44,Male,Theisseil,foreigner,Germany,DE,0:33:00,2:47:31,1:39:06,0:05:55,0:03:57,5:09:29,1980,10051,5946,355,237,18569,283,255,29,303,255,30,479,436,55,283,255,29,Finisher,2604
Martin,Mitterwald,Martin Mitterwald,1164,M50-54,Male,CZ Lety,Central Bohemia,Czech Republic,CZ,0:38:37,2:35:04,1:45:32,0:06:26,0:03:53,5:09:32,2317,9304,6332,386,233,18572,284,256,21,832,690,64,362,327,30,284,256,21,Finisher,2674
Eydokia,Papanikolaou ,Eydokia Papanikolaou,1463,F30-34,Female,Volos,foreigner,Greece,GR,0:32:00,2:41:53,1:47:56,0:04:38,0:03:11,5:09:38,1920,9713,6476,278,191,18578,285,29,4,238,42,4,331,28,6,285,29,4,Finisher,3018
Martin,Kryl,Martin Kryl,404,M35-39,Male,Kyjov,South Moravian Region,Czech Republic,CZ,0:31:31,2:42:22,1:47:28,0:04:58,0:03:19,5:09:39,1891,9742,6448,298,199,18579,286,257,46,207,174,22,335,307,62,286,257,46,Finisher,2374
Pavel,Mužík,Pavel Mužík,1830,M50-54,Male,Pardubice,Pardubice Region,Czech Republic,CZ,0:36:39,2:28:11,1:54:33,0:06:24,0:03:54,5:09:41,2199,8891,6873,384,234,18581,287,258,22,630,531,47,200,184,20,287,258,22,Finisher,2671
Jan,Musil,Jan Musil,293,M25-29,Male,Kuřim,South Moravian Region,Czech Republic,CZ,0:34:04,2:41:04,1:46:51,0:04:46,0:02:56,5:09:41,2044,9664,6411,286,176,18581,288,259,42,390,329,45,360,325,46,288,259,42,Finisher,2440
Ondrej,Homolka,Ondrej Homolka,924,M45-49,Male,Praha 4,CZ-Prague,Czech Republic,CZ,0:37:43,2:31:27,1:50:37,0:06:52,0:03:04,5:09:44,2263,9087,6637,412,184,18584,289,260,25,742,621,59,285,262,26,289,260,25,Finisher,2573
Viktor,Šlajer,Viktor Šlajer,294,M18-24,Male,Holýšov,South Bohemian Region,Czech Republic,CZ,0:35:21,2:30:14,1:57:25,0:04:36,0:02:19,5:09:54,2121,9014,7045,276,139,18594,290,261,37,518,440,63,182,167,22,290,261,37,Finisher,2295
Štepán,Borovec,Štepán Borovec,920,M30-34,Male,Hradec Králové,CZ-521,Czech Republic,CZ,0:40:32,2:29:20,1:50:38,0:05:32,0:03:57,5:09:59,2432,8960,6638,332,237,18599,291,262,36,997,819,120,277,255,33,291,262,36,Finisher,2547
Mika,Donner,Mika Donner,1182,M18-24,Male,Bremen,foreigner,Germany,DE,0:32:00,2:34:40,1:54:31,0:05:24,0:03:29,5:10:04,1920,9280,6871,324,209,18604,292,263,38,239,197,34,214,197,27,292,263,38,Finisher,2292
Ondrej,Kratena,Ondrej Kratena,1442,M40-44,Male,Brno,CZ-642,Czech Republic,CZ,0:32:43,2:37:14,1:50:53,0:05:41,0:03:40,5:10:11,1963,9434,6653,341,220,18611,293,264,30,288,241,28,281,258,29,293,264,30,Finisher,2592
Oleksandr,Chmil,Oleksandr Chmil,189,M35-39,Male,Prilly,VAUD,Ukraine,UA,0:32:10,2:34:07,1:56:49,0:04:43,0:02:25,5:10:14,1930,9247,7009,283,145,18614,294,265,47,245,203,29,195,180,36,294,265,47,Finisher,2363
Ondrej,Dlask,Ondrej Dlask,1072,M30-34,Male,Praha,Prague,Czech Republic,CZ,0:35:15,2:36:21,1:49:03,0:06:14,0:03:23,5:10:16,2115,9381,6543,374,203,18616,295,266,37,503,430,58,311,285,37,295,266,37,Finisher,2542
Anita,Schoderbeck,Anita Schoderbeck,982,F40-44,Female,St. Pölten - Hart,AT-AT-3,Austria,AT,0:26:52,2:38:34,1:53:23,0:05:47,0:05:45,5:10:21,1612,9514,6803,347,345,18621,296,30,2,44,5,1,199,16,1,296,30,2,Finisher,3168
Roman,Špicák,Roman Špicák,1522,M30-34,Male,Olomouc,South Moravian Region,Czech Republic,CZ,0:33:29,2:43:08,1:40:32,0:05:32,0:07:51,5:10:32,2009,9788,6032,332,471,18632,297,267,38,346,291,35,399,361,47,297,267,38,Finisher,2537
Lukas,SEILER,Lukas SEILER,500,M35-39,Male,Prague,"Prague, Central Bohemia",Czech Republic,CZ,0:37:50,2:50:28,1:31:35,0:06:39,0:04:02,5:10:35,2270,10228,5495,399,242,18635,298,268,48,757,630,122,688,612,110,298,268,48,Finisher,2357
Jan,Teplý,Jan Teplý,1112,M18-24,Male,Pardubice,Pardubice Region,Czech Republic,CZ,0:25:26,2:48:02,1:47:34,0:05:47,0:04:07,5:10:57,1526,10082,6454,347,247,18657,299,269,39,26,24,5,346,316,41,299,269,39,Finisher,2276
Petr,Filip,Petr Filip,171,M35-39,Male,Stare Hradiste,Pardubice Region,Czech Republic,CZ,0:35:33,2:28:25,1:58:43,0:04:57,0:03:24,5:11:01,2133,8905,7123,297,204,18661,300,270,49,529,451,80,161,146,27,300,270,49,Finisher,2349
Zbyšek,Kotlas,Zbyšek Kotlas,763,M45-49,Male,Okrouhlice,Vysočina Region,Czech Republic,CZ,0:34:37,2:41:55,1:46:19,0:05:09,0:03:04,5:11:04,2077,9715,6379,309,184,18664,301,271,26,434,369,40,392,355,34,301,271,26,Finisher,2549
Petra,Krcmarova,Petra Krcmarova,393,F30-34,Female,Praha 7,CZ-Prague,Czech Republic,CZ,0:31:41,2:41:44,1:50:03,0:04:56,0:02:50,5:11:14,1901,9704,6603,296,170,18674,302,31,5,213,35,3,324,27,5,302,31,5,Finisher,2989
Alexey,Stepanov,Alexey Stepanov,693,M45-49,Male,Prague 10,Prague,Czech Republic,CZ,0:30:09,2:32:00,2:01:56,0:04:50,0:02:32,5:11:26,1809,9120,7316,290,152,18686,303,272,27,140,116,15,135,121,14,303,272,27,Finisher,2543
Daniel,Grim,Daniel Grim,548,M40-44,Male,Ohrobec,PRAHA-ZAPAD,Czech Republic,CZ,0:39:13,2:38:16,1:44:40,0:06:00,0:03:24,5:11:34,2353,9496,6280,360,204,18694,304,273,31,887,734,79,432,392,50,304,273,31,Finisher,2567
Stefan,Windsperger,Stefan Windsperger,1679,M50-54,Male,Altheim,foreigner,Austria,AT,0:40:06,2:24:30,1:55:38,0:06:05,0:05:21,5:11:40,2406,8670,6938,365,321,18700,305,274,23,956,791,74,189,174,19,305,274,23,Finisher,2636
Lukáš,Rybka,Lukáš Rybka,788,M40-44,Male,Česká Třebová,CZ-Pardubice Region,Czech Republic,CZ,0:37:42,2:33:30,1:48:56,0:07:47,0:04:03,5:11:58,2262,9210,6536,467,243,18718,306,275,32,741,620,72,339,310,35,306,275,32,Finisher,2560
Jan,Neužil,Jan Neužil,229,M35-39,Male,Praha,Prague,Czech Republic,CZ,0:38:39,2:39:51,1:46:02,0:04:59,0:02:44,5:12:15,2319,9591,6362,299,164,18735,307,276,50,835,693,128,430,390,78,307,276,50,Finisher,2327
Lukáš,Trapp,Lukáš Trapp,679,M35-39,Male,Karlovy Vary,KARLOVY VARY,Czech Republic,CZ,0:28:40,2:35:02,2:02:08,0:04:06,0:02:27,5:12:23,1720,9302,7328,246,147,18743,308,277,51,84,68,6,144,129,21,308,277,51,Finisher,2325
Oliver,Kocí,Oliver Kocí,1637,M18-24,Male,Znojmo,South Moravian Region,Czech Republic,CZ,0:36:34,2:41:28,1:44:40,0:06:20,0:03:32,5:12:34,2194,9688,6280,380,212,18754,309,278,40,621,523,77,447,406,51,309,278,40,Finisher,2247
Tomáš,Voda,Tomáš Voda,867,M35-39,Male,Lično,Hradec Králové Region,Czech Republic,CZ,0:32:04,2:45:52,1:44:17,0:05:38,0:04:44,5:12:34,1924,9952,6257,338,284,18754,310,279,52,240,198,27,435,395,79,310,279,52,Finisher,2321
ŠTĚPÁN,JEŽEK,ŠTĚPÁN JEŽEK,1136,M18-24,Male,Libušín,Central Bohemian Region,Czech Republic,CZ,0:29:57,2:54:59,1:38:43,0:05:33,0:03:26,5:12:37,1797,10499,5923,333,206,18757,311,280,41,129,109,25,581,523,72,311,280,41,Finisher,2246
Josef ,Minařík ,Josef Minařík,426,M18-24,Male,Kučeř,South Bohemian Region,Czech Republic,CZ,0:34:18,2:48:09,1:42:01,0:05:23,0:02:55,5:12:46,2058,10089,6121,323,175,18766,312,281,42,407,345,52,518,469,62,312,281,42,Finisher,2243
Radek,Sventy,Radek Sventy,1843,M35-39,Male,Alcudia,Mallorca,Czech Republic,CZ,0:32:26,2:29:17,2:00:07,0:05:09,0:05:59,5:12:57,1946,8957,7207,309,359,18777,313,282,53,262,219,35,134,120,18,313,282,53,Finisher,2315
Martin,Lukáš,Martin Lukáš,334,M40-44,Male,Mikulůvka,CZ-72,Czech Republic,CZ,0:39:28,2:35:52,1:49:22,0:04:29,0:03:47,5:12:57,2368,9352,6562,269,227,18777,314,283,33,908,752,82,358,323,37,314,283,33,Finisher,2542
Jan,Balvín,Jan Balvín,295,M25-29,Male,Kladno,Central Bohemian Region,Czech Republic,CZ,0:41:13,2:42:34,1:38:27,0:06:42,0:04:04,5:13:01,2473,9754,5907,402,244,18781,315,284,43,1044,852,125,582,524,77,315,284,43,Finisher,2380
Kryštof,Schovanec,Kryštof Schovanec,795,M18-24,Male,Odolena Voda,Central Bohemian Region,Czech Republic,CZ,0:34:58,2:47:49,1:41:03,0:05:49,0:03:22,5:13:01,2098,10069,6063,349,202,18781,316,285,43,466,395,60,537,485,64,316,285,43,Finisher,2239
Oliver,Seidl,Oliver Seidl,131,M40-44,Male,Theresienfeld,AT-3,Austria,AT,0:31:47,2:27:35,2:06:02,0:04:37,0:03:03,5:13:03,1907,8855,7562,277,183,18783,317,286,34,221,185,20,102,91,10,317,286,34,Finisher,2540
Josef,Šreibr ,Josef Šreibr,649,M30-34,Male,Lípa nad Orlicí,Hradec Králové Region,Czech Republic,CZ,0:33:54,2:48:12,1:43:15,0:04:33,0:03:11,5:13:05,2034,10092,6195,273,191,18785,318,287,39,379,321,39,485,442,60,318,287,39,Finisher,2491
Lukáš,Boura,Lukáš Boura,595,M35-39,Male,Janske Lazne,Hradec Králové Region,Czech Republic,CZ,0:43:59,2:27:57,1:51:48,0:05:54,0:03:32,5:13:10,2639,8877,6708,354,212,18790,319,288,54,1273,1035,186,315,289,60,319,288,54,Finisher,2311
Markus,Koeck,Markus Koeck,181,M50-54,Male,Haigermoos,AT-4,Austria,AT,0:37:14,2:28:06,1:57:01,0:06:38,0:04:14,5:13:13,2234,8886,7021,398,254,18793,320,289,24,698,588,53,211,194,22,320,289,24,Finisher,2608
Attila,Pozsgai,Attila Pozsgai,533,M25-29,Male,Kecskemét,BACS-KISKUN,Hungary,HU,0:34:23,2:37:41,1:49:36,0:06:38,0:04:59,5:13:17,2063,9461,6576,398,299,18797,321,290,44,415,353,49,332,304,41,321,290,44,Finisher,2375
Eduard,Kupec,Eduard Kupec,729,M25-29,Male,Libuš,Prague,Czech Republic,CZ,0:38:56,2:41:14,1:39:09,0:08:58,0:05:02,5:13:18,2336,9674,5949,538,302,18798,322,291,45,860,713,105,552,499,73,322,291,45,Finisher,2375
Joerg,Fink,Joerg Fink,1008,M50-54,Male,Feldbach,,Austria,AT,0:32:57,2:34:55,1:56:18,0:05:45,0:03:34,5:13:28,1977,9295,6978,345,214,18808,323,292,25,300,252,27,242,222,24,323,292,25,Finisher,2603
Kryštof,Koudela,Kryštof Koudela,431,M25-29,Male,Říčany,Central Bohemian Region,Czech Republic,CZ,0:36:53,2:38:45,1:49:08,0:05:55,0:02:47,5:13:28,2213,9525,6548,355,167,18808,324,293,46,660,559,82,385,349,53,324,293,46,Finisher,2372
Jan,Pavlíček,Jan Pavlíček,645,M25-29,Male,Velká Buková,Central Bohemian Region,Czech Republic,CZ,0:30:27,2:40:50,1:53:30,0:05:08,0:03:38,5:13:33,1827,9650,6810,308,218,18813,325,294,47,154,126,17,293,268,35,325,294,47,Finisher,2371
Urban,Jašurek,Urban Jašurek,756,M18-24,Male,Záboří nad Labem,Central Bohemian Region,Czech Republic,CZ,0:43:08,2:37:20,1:39:57,0:07:13,0:05:56,5:13:34,2588,9440,5997,433,356,18814,326,295,44,1214,987,151,514,465,60,326,295,44,Finisher,2229
Josef,Chalupný,Josef Chalupný,637,M40-44,Male,Luka nad Jihlavou,Vysočina Region,Czech Republic,CZ,0:35:06,2:39:11,1:48:57,0:06:14,0:04:14,5:13:42,2106,9551,6537,374,254,18822,327,296,35,489,417,47,371,336,40,327,296,35,Finisher,2528
Martin,GUIDEL,Martin GUIDEL,1514,M18-24,Male,Saint-Georges-sur-Loire,foreigner,France,FR,0:34:59,2:42:17,1:47:03,0:05:49,0:03:35,5:13:43,2099,9737,6423,349,215,18823,328,297,45,472,401,61,424,384,47,328,297,45,Finisher,2226
Christián,Kajaba,Christián Kajaba,1725,M25-29,Male,Praha 5,Prague,Czech Republic,CZ,0:35:26,2:41:55,1:44:40,0:07:24,0:04:21,5:13:46,2126,9715,6280,444,261,18826,329,298,48,524,446,67,454,412,59,329,298,48,Finisher,2367
Tadeáš,Ranš,Tadeáš Ranš,312,M18-24,Male,Prague,Prague,Czech Republic,CZ,0:40:14,2:38:27,1:47:34,0:04:48,0:03:00,5:14:04,2414,9507,6454,288,180,18844,330,299,46,971,802,121,431,391,49,330,299,46,Finisher,2220
Kryštof,Polák,Kryštof Polák,428,M18-24,Male,Horní Maršov,Hradec Králové Region,Czech Republic,CZ,0:37:51,2:34:32,1:53:07,0:05:18,0:03:16,5:14:04,2271,9272,6787,318,196,18844,331,300,47,760,632,93,309,283,38,331,300,47,Finisher,2220
Petr,Jungmann,Petr Jungmann,401,M60-64,Male,Karlovy Vary ,,Czech Republic,CZ,0:39:11,2:42:50,1:42:51,0:06:03,0:03:11,5:14:05,2351,9770,6171,363,191,18845,332,301,1,882,732,12,522,473,5,332,301,1,Finisher,3500
Lukas,Policky,Lukas Policky,820,M30-34,Male,Lednice,South Moravian Region,Czech Republic,CZ,0:32:45,2:39:09,1:54:15,0:05:19,0:02:38,5:14:07,1965,9549,6855,319,158,18847,333,302,40,291,243,26,302,276,35,333,302,40,Finisher,2472
Martin,Kakascik,Martin Kakascik,1233,M35-39,Male,Drienov,foreigner,Slovakia,SK,0:33:02,2:35:31,1:56:35,0:05:29,0:03:34,5:14:10,1982,9331,6995,329,214,18850,334,303,55,311,262,44,251,231,46,334,303,55,Finisher,2293
Aleš,Bílek,Aleš Bílek,357,M45-49,Male,Jicín,Hradec Králové Region,Czech Republic,CZ,0:32:33,2:38:43,1:55:06,0:04:52,0:02:59,5:14:12,1953,9523,6906,292,179,18852,335,304,28,276,230,28,286,263,27,335,304,28,Finisher,2493
Jan,Sklenička,Jan Sklenička,355,M18-24,Male,Prague,Prague,Czech Republic,CZ,0:35:32,2:47:55,1:42:13,0:05:38,0:02:56,5:14:13,2132,10075,6133,338,176,18853,336,305,48,527,449,64,551,498,67,336,305,48,Finisher,2217
Michal,Buzynuk,Michal Buzynuk,1186,M35-39,Male,Galway City,foreigner,Ireland,IE,0:36:40,2:33:59,1:54:47,0:04:08,0:04:43,5:14:16,2200,9239,6887,248,283,18856,337,306,56,632,533,97,265,244,49,337,306,56,Finisher,2291
Eliška ,Eliášová,Eliška Eliášová,223,F30-34,Female,Prague,Prague,Czech Republic,CZ,0:41:41,2:45:58,1:35:09,0:06:17,0:05:12,5:14:17,2501,9958,5709,377,312,18857,338,32,6,1087,198,30,659,70,12,338,32,6,Finisher,2934
David,Greyling,David Greyling,418,M50-54,Male,Prague,CZ-Prague,Ireland,IE,0:35:04,2:41:12,1:48:21,0:06:19,0:03:22,5:14:18,2104,9672,6501,379,202,18858,339,307,26,481,409,35,417,377,34,339,307,26,Finisher,2588
Karol,Jesko,Karol Jesko,190,M35-39,Male,Waalre,NB,Slovakia,SK,0:32:57,2:33:07,1:59:05,0:05:40,0:03:29,5:14:18,1977,9187,7145,340,209,18858,340,308,57,301,253,39,209,192,39,340,308,57,Finisher,2290
Eva,Haselbergerová,Eva Haselbergerová,660,F35-39,Female,Susice,CZ-South Bohemian Region,Czech Republic,CZ,0:36:44,2:37:34,1:51:20,0:05:19,0:03:21,5:14:18,2204,9454,6680,319,201,18858,341,33,5,640,100,12,355,34,5,341,33,5,Finisher,2929
Jan,Hájek,Jan Hájek,242,M40-44,Male,Praha,Prague,Czech Republic,CZ,0:38:52,2:32:26,1:54:24,0:05:02,0:03:35,5:14:19,2332,9146,6864,302,215,18859,342,309,36,852,707,78,291,267,31,342,309,36,Finisher,2517
Eva,Küfnerová,Eva Küfnerová,1777,F40-44,Female,Nymburk,Central Bohemian Region,Czech Republic,CZ,0:36:59,2:43:09,1:45:05,0:05:35,0:03:34,5:14:21,2219,9789,6305,335,214,18861,343,34,3,668,104,15,467,43,7,343,34,3,Finisher,3096
Josef,Šrámek,Josef Šrámek,843,M25-29,Male,,Vysočina Region,Czech Republic,CZ,0:38:23,2:35:19,1:51:02,0:06:19,0:03:21,5:14:24,2303,9319,6662,379,201,18864,344,310,49,804,667,97,361,326,47,344,310,49,Finisher,2355
Jiří,Kinkor,Jiří Kinkor,317,M25-29,Male,Husinec,Jihočeský kraj,Czech Republic,CZ,0:37:02,2:46:35,1:41:21,0:05:19,0:04:15,5:14:31,2222,9995,6081,319,255,18871,345,311,50,678,572,83,544,492,72,345,311,50,Finisher,2353
Daniela,Keval,Daniela Keval,707,F30-34,Female,Ulm,,Czech Republic,CZ,0:35:35,2:38:14,1:51:47,0:05:42,0:03:19,5:14:37,2135,9494,6707,342,199,18877,346,35,7,535,79,11,353,33,7,346,35,7,Finisher,2928
Miriam,Holendová,Miriam Holendová,1597,F40-44,Female,Kojetice,Central Bohemian Region,Czech Republic,CZ,0:36:55,2:39:50,1:48:07,0:04:56,0:04:49,5:14:38,2215,9590,6487,296,289,18878,347,36,4,662,102,14,393,38,4,347,36,4,Finisher,3091
Alexander,Graf-Pinaucic,Alexander Graf-Pinaucic,1546,M35-39,Male,Thalheim bei Wels,AT-4,Austria,AT,0:37:44,2:46:38,1:36:39,0:07:30,0:06:14,5:14:46,2264,9998,5799,450,374,18886,348,312,58,743,622,118,616,556,104,348,312,58,Finisher,2282
Lukas,Eisenwort,Lukas Eisenwort,1086,M25-29,Male,Havlickuv Brod,CZ-631,Czech Republic,CZ,0:33:13,2:50:25,1:43:17,0:04:48,0:03:04,5:14:46,1993,10225,6197,288,184,18886,349,313,51,322,270,35,534,482,69,349,313,51,Finisher,2349
Filip,Nikolov,Filip Nikolov,423,M30-34,Male,Kralupy nad Vltavou,Central Bohemian Region,Czech Republic,CZ,0:33:52,2:43:05,1:49:20,0:05:13,0:03:25,5:14:55,2032,9785,6560,313,205,18895,350,314,41,376,318,37,400,362,48,350,314,41,Finisher,2458
Martin,Uridil,Martin Uridil,1670,M35-39,Male,Zelesice,Czech Republic,Czech Republic,CZ,0:36:47,2:38:48,1:51:01,0:05:29,0:02:51,5:14:56,2207,9528,6661,329,171,18896,351,315,59,649,548,104,378,342,70,351,315,59,Finisher,2279
Jan,Homolác,Jan Homolác,1532,M35-39,Male,Jihlava,Vysočina Region,Czech Republic,CZ,0:28:13,2:39:39,1:58:01,0:05:40,0:03:22,5:14:56,1693,9579,7081,340,202,18896,352,316,60,72,61,3,241,221,44,352,316,60,Finisher,2279
Robert,Feitscher,Robert Feitscher,1374,M50-54,Male,Maria Ellend a.d. Donau,AT-NIEDEROSTERREICH,Slovakia,SK,0:33:05,2:39:09,1:52:26,0:06:58,0:03:29,5:15:07,1985,9549,6746,418,209,18907,353,317,27,315,266,29,344,314,29,353,317,27,Finisher,2573
Tomáš,Ulicník,Tomáš Ulicník,667,M40-44,Male,Praha,Prague,Czech Republic,CZ,0:34:28,2:30:22,1:58:31,0:06:02,0:05:46,5:15:10,2068,9022,7111,362,346,18910,354,318,37,423,358,42,192,177,18,354,318,37,Finisher,2502
Filip,Vabroušek,Filip Vabroušek,1767,M25-29,Male,Zlín,South Moravian Region,Czech Republic,CZ,0:28:45,3:06:47,1:22:55,0:10:08,0:06:43,5:15:19,1725,11207,4975,608,403,18919,355,319,52,87,71,10,958,827,128,355,319,52,Finisher,2339
Martin,Kulhavý,Martin Kulhavý,1085,M35-39,Male,Ruda nad Moravou,Olomouc Region,Czech Republic,CZ,0:35:57,2:33:44,1:53:56,0:07:51,0:03:56,5:15:25,2157,9224,6836,471,236,18925,356,320,61,567,483,86,306,280,57,356,320,61,Finisher,2270
Vaclav,Kůřil,Vaclav Kůřil,653,M18-24,Male,Brno,South Moravian Region,Czech Republic,CZ,0:38:23,2:37:35,1:45:38,0:08:29,0:05:27,5:15:33,2303,9455,6338,509,327,18933,357,321,49,806,669,98,449,408,52,357,321,49,Finisher,2193
Filip,Nehonský,Filip Nehonský,1450,M18-24,Male,Prague,Prague,Czech Republic,CZ,0:36:42,2:41:15,1:44:34,0:08:09,0:05:01,5:15:41,2202,9675,6274,489,301,18941,358,322,50,637,538,79,476,433,55,358,322,50,Finisher,2191
Adam,Langenberger,Adam Langenberger,542,M40-44,Male,Nové Město nad Metují,CZ-Hradec Králové Region,Czech Republic,CZ,0:33:36,2:51:27,1:41:56,0:05:13,0:03:37,5:15:49,2016,10287,6116,313,217,18949,359,323,38,356,299,33,576,518,62,359,323,38,Finisher,2490
Jakub,Rydval,Jakub Rydval,690,M30-34,Male,Jablonec nad Nisou,Liberec Region,Czech Republic,CZ,0:38:06,2:29:38,1:57:38,0:06:52,0:03:43,5:15:57,2286,8978,7058,412,223,18957,360,324,42,779,646,90,262,241,30,360,324,42,Finisher,2439
Ivo,Vudarcík,Ivo Vudarcík,1805,M30-34,Male,Pardubice,Pardubice Region,Czech Republic,CZ,0:32:27,2:36:41,1:56:39,0:05:45,0:04:30,5:16:02,1947,9401,6999,345,270,18962,361,325,43,268,224,25,268,247,32,361,325,43,Finisher,2438
David,Václavík,David Václavík,289,M25-29,Male,Ceské Budejovice,Jihočeský kraj,Czech Republic,CZ,0:36:27,2:47:44,1:40:04,0:07:13,0:04:35,5:16:04,2187,10064,6004,433,275,18964,362,326,53,603,508,73,600,541,80,362,326,53,Finisher,2325
Barbara,Gerber,Barbara Gerber,997,F35-39,Female,Weiden,Bayern,Germany,DE,0:34:06,2:46:30,1:45:31,0:06:49,0:03:08,5:16:04,2046,9990,6331,409,188,18964,363,37,6,392,62,8,504,49,7,363,37,6,Finisher,2897
Tomas,Vrbicky,Tomas Vrbicky,1269,M35-39,Male,Hradec Králové,Hradec Králové Region,Czech Republic,CZ,0:35:41,2:39:47,1:50:29,0:06:46,0:03:42,5:16:23,2141,9587,6629,406,222,18983,364,327,62,548,465,84,401,363,74,364,327,62,Finisher,2253
Özlem,Korkmaz,Özlem Korkmaz,1447,F40-44,Female,Izmir,Gaziemir,Turkey,TR,0:35:20,2:41:14,1:50:52,0:05:47,0:03:12,5:16:26,2120,9674,6652,347,192,18986,365,38,5,517,78,9,410,39,5,365,38,5,Finisher,3058
Martin,Zezula,Martin Zezula,1812,M45-49,Male,Slavkov u Brna,Czech Republic,Czech Republic,CZ,0:31:20,2:45:43,1:49:46,0:06:12,0:03:26,5:16:26,1880,9943,6586,372,206,18986,366,328,29,197,166,23,425,385,36,366,328,29,Finisher,2453
Lukas,Pazdera,Lukas Pazdera,1820,M40-44,Male,Hute pod Tremsinem,CZ-Cernosice,Czech Republic,CZ,0:32:54,2:47:37,1:44:00,0:05:31,0:06:41,5:16:42,1974,10057,6240,331,401,19002,367,329,39,298,250,29,472,429,54,367,329,39,Finisher,2474
Štefan,Bálik,Štefan Bálik,1428,M40-44,Male,Jičíněves,Hradec Králové Region,Czech Republic,CZ,0:40:22,2:39:54,1:43:50,0:07:17,0:05:33,5:16:55,2422,9594,6230,437,333,19015,368,330,40,983,810,91,508,459,58,368,330,40,Finisher,2471
Marek,Šroll,Marek Šroll,1842,M45-49,Male,Praha 6,CZ-PRAHA 6,Czech Republic,CZ,0:35:12,2:23:13,2:10:14,0:05:06,0:03:14,5:16:58,2112,8593,7814,306,194,19018,369,331,30,499,426,46,101,90,9,369,331,30,Finisher,2443
Lukas Derek,Reynolds,Lukas Derek Reynolds,1259,M18-24,Male,Patokryje,Ústí nad Labem Region,Czech Republic,CZ,0:39:07,2:39:31,1:48:09,0:06:50,0:03:30,5:17:07,2347,9571,6489,410,210,19027,370,332,51,876,726,109,461,419,53,370,332,51,Finisher,2165
Martin,Neprášek,Martin Neprášek,1061,M35-39,Male,,Ústí nad Labem Region,Czech Republic,CZ,0:31:49,2:43:54,1:52:56,0:05:53,0:02:38,5:17:10,1909,9834,6776,353,158,19030,371,333,63,223,186,25,387,350,72,371,333,63,Finisher,2239
Matěj,Malík,Matěj Malík,537,M18-24,Male,Hranice,Olomouc,Czech Republic,CZ,0:31:53,2:30:11,2:04:15,0:06:55,0:04:00,5:17:14,1913,9011,7455,415,240,19034,372,334,52,231,191,31,163,148,18,372,334,52,Finisher,2163
Marek,Sýkora,Marek Sýkora,468,M18-24,Male,Jablonec nad Nisou,Liberec Region,Czech Republic,CZ,0:30:45,2:56:27,1:38:57,0:06:13,0:04:52,5:17:15,1845,10587,5937,373,292,19035,373,335,53,167,139,26,647,580,79,373,335,53,Finisher,2163
Michal,Kubíček,Michal Kubíček,1322,M30-34,Male,Prague,CZ-110,Czech Republic,CZ,0:43:39,2:41:19,1:43:14,0:05:06,0:03:58,5:17:16,2619,9679,6194,306,238,19036,374,336,44,1245,1012,151,571,514,68,374,336,44,Finisher,2416
Marie,Ročková ,Marie Ročková,311,F18-24,Female,Slepotice,Pardubice Region,Czech Republic,CZ,0:38:06,2:44:36,1:44:57,0:06:20,0:03:26,5:17:24,2286,9876,6297,380,206,19044,375,39,2,778,133,20,550,53,4,375,39,2,Finisher,3138
Hannes,Sivich,Hannes Sivich,1642,M50-54,Male,Wien,AT-9,Austria,AT,0:33:29,2:46:00,1:45:31,0:07:51,0:04:41,5:17:31,2009,9960,6331,471,281,19051,376,337,28,345,290,33,502,454,44,376,337,28,Finisher,2530
Martin,Saidl,Martin Saidl,1628,M30-34,Female,Akcenta,Hradec Králové Region,Czech Republic,CZ,0:35:21,2:42:11,1:51:23,0:05:14,0:03:24,5:17:32,2121,9731,6683,314,204,19052,377,338,45,519,441,61,420,380,52,377,338,45,Finisher,2411
Gabriel,Bueno Aoki,Gabriel Bueno Aoki,504,M40-44,Male,Prague,Prague,Brazil,BR,0:37:27,2:41:02,1:48:45,0:07:08,0:03:13,5:17:34,2247,9662,6525,428,193,19054,378,339,41,711,598,68,464,422,52,378,339,41,Finisher,2459
Ales,Petr,Ales Petr,179,M45-49,Male,Novy Bydzov,foreigner,Czech Republic,CZ,0:35:58,2:32:55,2:00:07,0:05:04,0:03:35,5:17:38,2158,9175,7207,304,215,19058,379,340,31,569,485,50,247,227,23,379,340,31,Finisher,2431
David,Bahounek,David Bahounek,276,M30-34,Male,"Studénka, Bartošovice",Moravian-Silesian Region,Czech Republic,CZ,0:34:28,2:46:01,1:45:11,0:07:02,0:04:57,5:17:38,2068,9961,6311,422,297,19058,380,341,46,422,357,49,507,458,62,380,341,46,Finisher,2409
Daniel,Mišina,Daniel Mišina,1833,M35-39,Male,Martin,,Slovakia,SK,0:34:21,2:38:27,1:53:09,0:06:23,0:05:21,5:17:40,2061,9507,6789,383,321,19060,381,342,64,411,349,57,343,313,64,381,342,64,Finisher,2230
Tomáš,Tlučhoř,Tomáš Tlučhoř,813,M25-29,Male,Nebovidy,Central Bohemian Region,Czech Republic,CZ,0:33:30,2:31:38,2:03:19,0:06:15,0:03:09,5:17:51,2010,9098,7399,375,189,19071,382,343,54,347,292,38,202,186,22,382,343,54,Finisher,2293
Stefan,Buchmayer,Stefan Buchmayer,1592,M25-29,Male,Zellerndorf,foreigner,Austria,AT,0:33:58,2:32:20,2:02:20,0:05:48,0:03:27,5:17:52,2038,9140,7340,348,207,19072,383,344,55,384,325,44,215,198,24,383,344,55,Finisher,2293
Luboš,Fechtner,Luboš Fechtner,789,M30-34,Male,Libochovičky,Central Bohemian Region,Czech Republic,CZ,0:41:12,2:37:33,1:49:36,0:06:27,0:03:06,5:17:53,2472,9453,6576,387,186,19073,384,345,47,1043,851,124,458,416,57,384,345,47,Finisher,2405
Joachim,Söder,Joachim Söder,1766,M60-64,Male,Langen (Hessen),foreigner,Germany,DE,0:34:37,2:35:37,1:56:08,0:07:27,0:04:05,5:17:54,2077,9337,6968,447,245,19074,385,346,2,437,372,5,308,282,1,385,346,2,Finisher,3431
Tomáš,Lada,Tomáš Lada,990,M45-49,Male,Poděbrady,Central Bohemian Region,Czech Republic,CZ,0:38:14,2:32:56,1:56:42,0:05:03,0:05:02,5:17:57,2294,9176,7002,303,302,19077,386,347,32,789,654,64,289,266,28,386,347,32,Finisher,2425
Martin,Nešpor,Martin Nešpor,678,M50-54,Male,Brno,South Moravian Region,Czech Republic,CZ,0:30:52,2:41:03,1:55:44,0:06:05,0:04:19,5:18:03,1852,9663,6944,365,259,19083,387,348,29,175,147,14,317,291,26,387,348,29,Finisher,2521
Ivan,Kovalík,Ivan Kovalík,792,M45-49,Male,Košice,Kosice Region,Slovakia,SK,0:39:06,2:40:59,1:50:07,0:04:49,0:03:03,5:18:03,2346,9659,6607,289,183,19083,388,349,33,875,725,73,456,414,41,388,349,33,Finisher,2423
Hernán,Druille ,Hernán Druille,1494,M25-29,Male,Madrid,,Spain,ES,0:34:39,2:43:08,1:51:01,0:06:24,0:03:09,5:18:21,2079,9788,6661,384,189,19101,389,350,56,441,376,52,444,404,58,389,350,56,Finisher,2284
Jan,Váňa,Jan Váňa,803,M30-34,Male,Hrdějovice,Jihočeský,Czech Republic,CZ,0:28:59,2:44:16,1:55:35,0:06:01,0:03:38,5:18:29,1739,9856,6935,361,218,19109,390,351,48,95,78,7,347,317,43,390,351,48,Finisher,2394
Filip,Rataj,Filip Rataj,1476,M35-39,Male,Chotěboř,CZ-631,Czech Republic,CZ,0:39:50,2:22:22,2:04:05,0:07:20,0:05:00,5:18:38,2390,8542,7445,440,300,19118,391,352,65,934,774,139,173,158,30,391,352,65,Finisher,2212
Vladimír,Pavlík,Vladimír Pavlík,1692,M30-34,Male,Praha 1,Prague,Czech Republic,CZ,0:38:36,2:37:25,1:52:31,0:06:16,0:03:58,5:18:45,2316,9445,6751,376,238,19125,392,353,49,830,688,97,405,367,49,392,353,49,Finisher,2389
Tomas,Cisarik,Tomas Cisarik,1172,M40-44,Male,Slovenský Grob,Bratislavský kraj,Slovakia,SK,0:35:10,2:46:23,1:47:04,0:06:52,0:03:22,5:18:49,2110,9983,6424,412,202,19129,393,354,42,493,421,48,532,480,59,393,354,42,Finisher,2436
Kateřina,Hertlová,Kateřina Hertlová,1056,F40-44,Female,Kravaře,Moravian-Silesian Region,Czech Republic,CZ,0:31:52,2:46:43,1:51:03,0:05:41,0:03:36,5:18:55,1912,10003,6663,341,216,19135,394,40,6,229,39,3,445,41,6,394,40,6,Finisher,3014
Tomáš,Procházka,Tomáš Procházka,1680,M25-29,Male,Sibřina,Central Bohemian Region,Czech Republic,CZ,0:36:17,2:36:09,1:55:09,0:07:43,0:03:41,5:18:59,2177,9369,6909,463,221,19139,395,355,57,589,499,72,363,328,48,395,355,57,Finisher,2273
František,Krejčí,František Krejčí,1218,M25-29,Male,Mutěnice,South Moravian Region,Czech Republic,CZ,0:39:59,2:39:58,1:48:40,0:06:06,0:04:18,5:19:00,2399,9598,6520,366,258,19140,396,356,58,948,785,112,473,430,64,396,356,58,Finisher,2273
Jan,Kolenec,Jan Kolenec,695,M45-49,Male,Hostivice,Central Bohemian Region,Czech Republic,CZ,0:32:45,2:36:49,1:59:28,0:05:54,0:04:08,5:19:05,1965,9409,7168,354,248,19145,397,357,34,290,242,30,278,256,25,397,357,34,Finisher,2405
Helena,Zigová,Helena Zigová,436,F35-39,Female,Kostelec nad Orlicí,Hradec Králové Region,Czech Republic,CZ,0:43:02,2:50:37,1:36:56,0:05:29,0:03:05,5:19:09,2582,10237,5816,329,185,19149,398,41,7,1200,224,29,790,103,15,398,41,7,Finisher,2841
Vaughan,Ulyate,Vaughan Ulyate,1583,M60-64,Male,Bellville,Western Cape Province,South Africa,ZA,0:34:31,2:38:07,1:54:56,0:07:43,0:03:58,5:19:15,2071,9487,6896,463,238,19155,399,358,3,426,361,4,368,333,3,399,358,3,Finisher,3407
Roman,Šimáček,Roman Šimáček,1458,M35-39,Male,Rousínov,South Moravian Region,Czech Republic,CZ,0:35:04,2:44:08,1:49:07,0:05:32,0:05:26,5:19:16,2104,9848,6547,332,326,19156,400,359,66,482,410,73,453,411,81,400,359,66,Finisher,2201
Norbert,Danišik,Norbert Danišik,1303,M30-34,Male,Bratislava,foreigner,Slovakia,SK,0:37:36,2:44:51,1:47:03,0:06:17,0:03:37,5:19:23,2256,9891,6423,377,217,19163,401,360,50,733,614,82,541,489,65,401,360,50,Finisher,2378
Andre,Vowinkel,Andre Vowinkel,210,M55-59,Male,Seevetal,foreigner,Germany,DE,0:34:30,2:39:23,1:54:46,0:07:15,0:03:30,5:19:24,2070,9563,6886,435,210,19164,402,361,8,425,360,12,379,343,12,402,361,8,Finisher,2931
Micha,Steffens,Micha Steffens,205,M35-39,Male,Seevetal,foreigner,Germany,DE,0:30:29,2:41:54,1:57:19,0:05:27,0:04:16,5:19:25,1829,9714,7039,327,256,19165,403,362,67,157,129,16,314,288,59,403,362,67,Finisher,2198
Martin,Březina,Martin Březina,760,M30-34,Male,Vyškov,South Moravian Region,Czech Republic,CZ,0:38:57,2:50:14,1:41:02,0:05:10,0:04:04,5:19:26,2337,10214,6062,310,244,19166,404,363,51,862,714,101,673,601,82,404,363,51,Finisher,2377
Martin,Licek,Martin Licek,1870,M55-59,Male,Černá u Bohdanče,Pardubice,Czech Republic,CZ,0:36:29,2:36:11,1:55:41,0:06:21,0:04:52,5:19:34,2189,9371,6941,381,292,19174,405,364,9,610,514,22,340,311,10,405,364,9,Finisher,2928
Tomáš,Brychta,Tomáš Brychta,247,M25-29,Male,Třešť,Vysočina Region,Czech Republic,CZ,0:42:41,2:39:07,1:48:30,0:06:11,0:03:07,5:19:36,2561,9547,6510,371,187,19176,406,365,59,1177,962,148,521,472,67,406,365,59,Finisher,2262
Ondrej,Sticha,Ondrej Sticha,786,M35-39,Male,Liberec,Liberec,Czech Republic,CZ,0:33:52,2:46:29,1:47:37,0:06:48,0:05:02,5:19:48,2032,9989,6457,408,302,19188,407,366,68,377,319,54,497,450,88,407,366,68,Finisher,2191
Jacob,Thomas,Jacob Thomas,628,M30-34,Male,Sobesice,CZ-64,United Kingdom,GB,0:37:24,2:44:53,1:41:49,0:09:15,0:06:27,5:19:49,2244,9893,6109,555,387,19189,408,367,52,709,597,79,602,543,71,408,367,52,Finisher,2370
Šimon,Tejkal,Šimon Tejkal,1601,M35-39,Male,Jílové u Prahy,Central Bohemian Region,Czech Republic,CZ,0:36:30,2:41:57,1:53:13,0:05:09,0:03:05,5:19:54,2190,9717,6793,309,185,19194,409,368,69,611,515,91,436,396,80,409,368,69,Finisher,2189
Pavel,Hlubuček,Pavel Hlubuček,1768,M30-34,Male,Chlumec nad Cidlinou,Hradec Králové Region,Czech Republic,CZ,0:34:19,2:39:58,1:56:08,0:05:55,0:03:46,5:20:05,2059,9598,6968,355,226,19205,410,369,53,409,347,47,364,329,44,410,369,53,Finisher,2365
Milan,Lakomý,Milan Lakomý,1178,M18-24,Male,Zlín,Zlín Region,Czech Republic,CZ,0:38:39,2:37:28,1:55:33,0:05:31,0:03:02,5:20:13,2319,9448,6933,331,182,19213,411,370,54,836,694,104,390,353,45,411,370,54,Finisher,2109
Florian,Porsch,Florian Porsch,1713,M25-29,Male,Berlin,foreigner,Germany,DE,0:35:00,2:47:53,1:48:10,0:05:45,0:03:33,5:20:20,2100,10073,6490,345,213,19220,412,371,60,473,402,59,538,486,71,412,371,60,Finisher,2249
Lukáš,Culek,Lukáš Culek,284,M25-29,Male,Valkeřice,Vysočina Region,Czech Republic,CZ,0:40:15,2:35:31,1:55:49,0:05:26,0:03:21,5:20:21,2415,9331,6949,326,201,19221,413,372,61,972,803,114,383,347,52,413,372,61,Finisher,2248
František,Linder,František Linder,346,M30-34,Male,Hradec Králové,Hradec Králové Region,Czech Republic,CZ,0:35:45,2:37:46,1:56:41,0:06:44,0:03:34,5:20:30,2145,9466,7001,404,214,19230,414,373,54,556,473,64,365,330,45,414,373,54,Finisher,2357
Lukáš,Kacer,Lukáš Kacer,785,M30-34,Male,Hořičky,Hradec Králové Region,Czech Republic,CZ,0:44:20,2:40:33,1:43:38,0:07:05,0:04:59,5:20:35,2660,9633,6218,425,299,19235,415,374,55,1297,1054,158,618,557,74,415,374,55,Finisher,2356
Jiri,Hajek,Jiri Hajek,386,M18-24,Male,Prague,Prague,Czech Republic,CZ,0:34:46,2:48:10,1:49:18,0:05:24,0:02:58,5:20:38,2086,10090,6558,324,178,19238,416,375,55,449,382,59,531,479,63,416,375,55,Finisher,2102
Miroslav,Pazdera,Miroslav Pazdera,522,M50-54,Male,,Moravian-Silesian Region,Czech Republic,CZ,0:32:53,2:33:31,2:04:58,0:04:51,0:04:25,5:20:38,1973,9211,7498,291,265,19238,417,376,30,297,249,26,201,185,21,417,376,30,Finisher,2474
Ines,Sandbote,Ines Sandbote,111,F50-54,Female,Emsdetten,NORDRHEIN-WESTFALEN,Germany,DE,0:31:13,2:46:55,1:51:19,0:06:33,0:04:39,5:20:39,1873,10015,6679,393,279,19239,418,42,2,192,30,2,452,42,2,418,42,2,Finisher,3244
Tomasz,Migdal,Tomasz Migdal,621,M35-39,Male,Tychy,śląskie,Poland,PL,0:32:27,2:38:46,2:00:19,0:05:40,0:03:44,5:20:56,1947,9526,7219,340,224,19256,419,377,70,265,221,36,299,274,55,419,377,70,Finisher,2171
Jakub,Miletin,Jakub Miletin,919,M35-39,Male,Osnice,Central Bohemian Region,Czech Republic,CZ,0:33:55,2:40:12,1:57:36,0:05:14,0:04:02,5:20:58,2035,9612,7056,314,242,19258,420,378,71,381,322,55,349,318,66,420,378,71,Finisher,2170
Lucie,Hraby,Lucie Hraby,698,F45-49,Female,Sušice,Pilsen,Czech Republic,CZ,0:37:48,2:44:53,1:48:56,0:05:40,0:03:42,5:20:58,2268,9893,6536,340,222,19258,421,43,4,751,124,8,530,52,5,421,43,4,Finisher,3096
Silvie,Hradilová,Silvie Hradilová,1424,F18-24,Female,Dolní Břežany,Prague,Czech Republic,CZ,0:33:55,2:59:01,1:39:25,0:05:21,0:03:17,5:20:59,2035,10741,5965,321,197,19259,422,44,3,380,59,11,769,95,13,422,44,3,Finisher,3074
Joao,Ladeira,Joao Ladeira,192,M50-54,Male,Bielawa,PL-MZ,Portugal,PT,0:44:11,2:37:40,1:48:54,0:06:04,0:04:13,5:21:01,2651,9460,6534,364,253,19261,423,379,31,1285,1044,90,520,471,46,423,379,31,Finisher,2467
Adam,Kašing,Adam Kašing,1150,M35-39,Male,Ostrava,CZ-Moravian-Silesian Region,Czech Republic,CZ,0:37:00,2:35:16,1:55:25,0:08:03,0:05:20,5:21:04,2220,9316,6925,483,320,19264,424,380,72,672,567,111,367,332,67,424,380,72,Finisher,2168
Adam,Kulda,Adam Kulda,1415,M25-29,Male,Hradec Králové 8,Hradec Králové Region,Czech Republic,CZ,0:32:55,2:42:34,1:50:59,0:06:28,0:08:08,5:21:04,1975,9754,6659,388,488,19264,425,381,62,299,251,33,396,358,54,425,381,62,Finisher,2235
Jan,Vicha,Jan Vicha,1748,M45-49,Male,Hradec Kralove ,foreigner,Czech Republic,CZ,0:33:37,2:56:00,1:43:46,0:04:34,0:03:12,5:21:08,2017,10560,6226,274,192,19268,426,382,35,357,300,34,667,595,61,426,382,35,Finisher,2368
Marie,Kalkusova,Marie Kalkusova,1317,F35-39,Female,Praha,Prague,Czech Republic,CZ,0:36:08,2:45:08,1:51:40,0:05:26,0:02:46,5:21:08,2168,9908,6700,326,166,19268,427,45,8,577,87,10,486,44,6,427,45,8,Finisher,2806
David,Vajzr,David Vajzr,917,M40-44,Male,Prague,Central Bohemian Region,Czech Republic,CZ,0:35:05,2:39:52,1:56:53,0:05:25,0:03:56,5:21:12,2105,9592,7013,325,236,19272,428,383,43,487,415,46,369,334,38,428,383,43,Finisher,2393
Jaroslav,Urban,Jaroslav Urban,956,M55-59,Male,Žatec,North Bohemia,Czech Republic,CZ,0:31:05,2:53:10,1:46:49,0:06:08,0:04:03,5:21:15,1865,10390,6409,368,243,19275,429,384,10,182,154,5,580,522,18,429,384,10,Finisher,2898
Zdenek,Karel,Zdenek Karel,1582,M35-39,Male,Freiburg im Breisgau,BW,Czech Republic,CZ,0:42:21,2:42:32,1:46:33,0:06:50,0:03:21,5:21:37,2541,9752,6393,410,201,19297,430,385,73,1147,938,166,609,549,102,430,385,73,Finisher,2159
Filip,Blažek,Filip Blažek,253,M25-29,Male,Tábor,Jihočeský kraj,Czech Republic,CZ,0:39:50,2:38:50,1:51:39,0:07:01,0:04:19,5:21:39,2390,9530,6699,421,259,19299,431,386,63,933,773,110,466,424,61,431,386,63,Finisher,2225
Michal,Axamit,Michal Axamit,1195,M45-49,Male,Líbeznice,Central Bohemian Region,Czech Republic,CZ,0:45:46,2:37:46,1:47:27,0:06:49,0:03:55,5:21:42,2746,9466,6447,409,235,19302,432,387,36,1361,1099,103,578,520,52,432,387,36,Finisher,2358
Radoslaw,Zulewski,Radoslaw Zulewski,1498,M35-39,Male,Łódź,,Poland,PL,0:40:36,2:41:44,1:47:32,0:07:25,0:04:34,5:21:50,2436,9704,6452,445,274,19310,433,388,74,1006,827,147,559,506,97,433,388,74,Finisher,2155
Radomír,Kirsch,Radomír Kirsch,762,M50-54,Male,Trutnov,Hradec Králové Region,Czech Republic,CZ,0:37:10,2:40:13,1:54:42,0:06:42,0:03:04,5:21:51,2230,9613,6882,402,184,19311,434,389,32,693,584,52,442,402,37,434,389,32,Finisher,2452
Martin,Triska,Martin Triska,126,M35-39,Male,Praha,Prague,Czech Republic,CZ,0:34:24,2:30:35,2:07:57,0:05:03,0:04:00,5:21:59,2064,9035,7677,303,240,19319,435,390,75,418,355,59,180,165,32,435,390,75,Finisher,2152
Tomas,Krouzecky,Tomas Krouzecky,1387,M25-29,Male,Praha,,Czech Republic,CZ,0:35:16,2:47:18,1:47:55,0:07:20,0:04:11,5:22:00,2116,10038,6475,440,251,19320,436,391,64,506,432,64,566,512,76,436,391,64,Finisher,2219
Eike,Mueller,Eike Mueller,1220,M50-54,Male,Berlin,Berlin,Germany,DE,0:35:00,2:46:30,1:51:52,0:04:33,0:04:10,5:22:06,2100,9990,6712,273,250,19326,437,392,33,475,404,34,475,432,41,437,392,33,Finisher,2448
Michael,TRUMMER,Michael TRUMMER,1036,M30-34,Male,Feldbach,Styria,Austria,AT,0:40:49,2:35:51,1:54:06,0:07:24,0:04:01,5:22:12,2449,9351,6846,444,241,19332,438,393,56,1018,837,123,441,401,55,438,393,56,Finisher,2327
Marta,Hala,Marta Hala,1616,F45-49,Female,Tarnowo Podgórne,wielkopolskie,Poland,PL,0:36:45,2:43:46,1:50:26,0:06:34,0:04:47,5:22:16,2205,9826,6626,394,287,19336,439,46,5,644,101,7,495,46,4,439,46,5,Finisher,3072
Jan,Romanák,Jan Romanák,1002,M30-34,Male,Kroměříž,South Moravian Region,Czech Republic,CZ,0:34:01,2:37:36,1:59:15,0:05:44,0:05:41,5:22:18,2041,9456,7155,344,341,19338,440,394,57,388,328,41,304,278,36,440,394,57,Finisher,2325
Tomáš,Rous,Tomáš Rous,451,M25-29,Male,Ústí Nad Labem,Ústí nad Labem Region,Czech Republic,CZ,0:39:51,2:52:25,1:41:17,0:05:45,0:03:09,5:22:27,2391,10345,6077,345,189,19347,441,395,65,937,776,111,763,669,102,441,395,65,Finisher,2210
Ondrej,Vaclav,Ondrej Vaclav,602,M30-34,Male,Němčičky,South Moravian Region,Slovakia,SK,0:35:18,2:37:21,2:00:00,0:05:50,0:04:07,5:22:37,2118,9441,7200,350,247,19357,442,396,58,515,438,60,329,302,41,442,396,58,Finisher,2319
Václav ,Hradil ,Václav Hradil,1724,M30-34,Male,,Central Bohemian Region,Czech Republic,CZ,0:34:58,2:45:38,1:49:28,0:07:09,0:05:31,5:22:44,2098,9938,6568,429,331,19364,443,397,59,469,398,56,516,467,63,443,397,59,Finisher,2317
Birgit,Bachmann-Goetzer,Birgit Bachmann-Goetzer,128,F55-59,Female,Burggen,DE-BY,Germany,DE,0:42:45,2:31:35,1:56:55,0:06:12,0:05:23,5:22:50,2565,9095,7015,372,323,19370,444,47,1,1182,218,3,372,36,1,444,47,1,Finisher,3500
Filip,Vilímek,Filip Vilímek,353,M30-34,Male,Chrudim,Pardubice Region,Czech Republic,CZ,0:40:20,2:43:42,1:49:56,0:05:43,0:03:15,5:22:56,2420,9822,6596,343,195,19376,445,398,60,980,809,117,560,507,67,445,398,60,Finisher,2314
Martin,Novák,Martin Novák,1845,M50-54,,,,Czech Republic,CZ,0:35:07,2:40:55,1:55:08,0:05:34,0:06:13,5:22:57,2107,9655,6908,334,373,19377,446,399,34,490,418,36,389,352,32,446,399,34,Finisher,2432
Andrea,Chmiel,Andrea Chmiel,708,F40-44,Female,Memmelsdorf,Central Bohemian Region,Germany,DE,0:29:40,2:44:24,1:58:20,0:05:36,0:04:59,5:22:59,1780,9864,7100,336,299,19379,447,48,7,118,20,2,357,35,3,447,48,7,Finisher,2940
Matěj,Votruba,Matěj Votruba,999,M18-24,Male,,Jihočeský kraj,Czech Republic,CZ,0:33:46,2:50:41,1:47:44,0:06:50,0:04:00,5:23:02,2026,10241,6464,410,240,19382,448,400,56,367,310,47,597,539,74,448,400,56,Finisher,2059
Radek ,Štork ,Radek Štork,937,M50-54,Male,"Ludvíkovice, Kámen",Ústí nad Labem Region,Czech Republic,CZ,0:36:33,2:46:19,1:47:09,0:08:18,0:04:49,5:23:09,2193,9979,6429,498,289,19389,449,401,35,620,522,46,595,537,51,449,401,35,Finisher,2429
Ondřej,Veselý,Ondřej Veselý,262,M18-24,Male,České Budějovice,South Bohemia,Czech Republic,CZ,0:33:49,2:57:07,1:39:11,0:08:19,0:04:48,5:23:14,2029,10627,5951,499,288,19394,450,402,57,373,315,48,795,692,93,450,402,57,Finisher,2055
Tomáš,Strnad,Tomáš Strnad,163,M55-59,Male,Zamberk,CZ-53,Czech Republic,CZ,0:36:15,2:33:36,2:06:06,0:04:20,0:03:13,5:23:29,2175,9216,7566,260,193,19409,451,403,11,584,495,19,255,234,6,451,403,11,Finisher,2858
Markus,Ratz,Markus Ratz,684,M55-59,Male,Reisenberg,foreigner,Austria,AT,0:32:36,2:36:01,2:03:17,0:07:52,0:03:54,5:23:41,1956,9361,7397,472,234,19421,452,404,12,284,237,7,294,269,9,452,404,12,Finisher,2854
Lukas,Hefka,Lukas Hefka,568,M40-44,Male,Chyne,Central Bohemia,Czech Republic,CZ,0:30:21,2:46:15,1:57:30,0:05:47,0:03:48,5:23:41,1821,9975,7050,347,228,19421,453,405,44,146,120,11,411,372,44,453,405,44,Finisher,2349
Pavel,Jakl,Pavel Jakl,727,M40-44,Male,Praha-Zapad,CZ-20A,Czech Republic,CZ,0:36:17,2:40:50,1:56:35,0:05:35,0:04:24,5:23:42,2177,9650,6995,335,264,19422,454,406,45,587,498,55,419,379,45,454,406,45,Finisher,2348
Tomáš ,Urbánek ,Tomáš Urbánek,1364,M30-34,Male,Dvůr Králové nad Labem,Vysočina Region,Czech Republic,CZ,0:37:24,2:35:14,2:00:58,0:05:33,0:04:34,5:23:43,2244,9314,7258,333,274,19423,455,407,61,708,596,78,321,295,39,455,407,61,Finisher,2300
Martin,Váňa,Martin Váňa,457,M25-29,Male,Oslavany,South Moravian Region,Czech Republic,CZ,0:33:35,2:40:58,2:00:25,0:05:44,0:03:10,5:23:52,2015,9658,7225,344,190,19432,456,408,66,354,297,40,366,331,49,456,408,66,Finisher,2185
Petr,Novak,Petr Novak,330,M45-49,Male,Rožnov,Hradec Králové Region,Czech Republic,CZ,0:39:20,2:44:13,1:49:20,0:06:20,0:04:43,5:23:56,2360,9853,6560,380,283,19436,457,409,37,896,742,76,565,511,49,457,409,37,Finisher,2318
Alexander,Auer,Alexander Auer,514,M50-54,Male,Lauf,foreigner,Germany,DE,0:35:17,2:39:54,1:59:21,0:05:57,0:03:27,5:23:56,2117,9594,7161,357,207,19436,458,410,36,512,435,39,380,344,31,458,410,36,Finisher,2415
Roman ,Milták,Roman Milták,1159,M25-29,Male,Litomysl,Pardubice Region,Czech Republic,CZ,0:38:38,2:54:55,1:41:03,0:05:29,0:04:00,5:24:04,2318,10495,6063,329,240,19444,459,411,67,834,692,101,786,685,105,459,411,67,Finisher,2181
Petr,Masat,Petr Masat,496,M50-54,Male,Nova Ves pod Plesi,,Czech Republic,CZ,0:31:57,2:44:08,1:57:45,0:06:10,0:04:06,5:24:06,1917,9848,7065,370,246,19446,460,412,37,235,195,18,403,365,33,460,412,37,Finisher,2412
Jan,Balek,Jan Balek,1016,M40-44,Male,Náchod,Hradec Králové Region,Czech Republic,CZ,0:35:38,2:43:33,1:52:58,0:07:46,0:04:10,5:24:06,2138,9813,6778,466,250,19446,461,413,46,541,462,51,493,448,57,461,413,46,Finisher,2341
Jan,Kupeček,Jan Kupeček,422,M35-39,Male,Hradec Králové,Hradec Králové Region,Czech Republic,CZ,0:36:37,2:42:57,1:56:22,0:05:38,0:02:35,5:24:09,2197,9777,6982,338,155,19449,462,414,76,624,526,94,459,417,82,462,414,76,Finisher,2113
JAN,BEJDAK,JAN BEJDAK,612,M50-54,Male,Luka nad Jihlavou,CZ-Vysočina Region,Czech Republic,CZ,0:33:06,2:39:58,2:02:14,0:05:14,0:03:41,5:24:13,1986,9598,7334,314,221,19453,463,415,38,316,267,30,323,297,27,463,415,38,Finisher,2410
Annika,Held,Annika Held,863,F40-44,Female,Ulm,,Germany,DE,0:31:58,2:49:57,1:51:14,0:05:14,0:05:51,5:24:14,1918,10197,6674,314,351,19454,464,49,8,236,41,5,496,47,8,464,49,8,Finisher,2918
Vojtěch,Žůrek,Vojtěch Žůrek,668,M18-24,Male,Lipník nad Bečvou,Moravian-Silesian Region,Czech Republic,CZ,0:40:30,2:45:17,1:49:25,0:05:30,0:03:38,5:24:21,2430,9917,6565,330,218,19461,465,416,58,995,817,124,596,538,73,465,416,58,Finisher,2035
Štěpán,Rebenda,Štěpán Rebenda,1578,M18-24,Male,Velké Pavlovice,South Moravian Region,Czech Republic,CZ,0:38:28,2:42:25,1:54:28,0:05:57,0:03:06,5:24:26,2308,9745,6868,357,186,19466,466,417,59,813,673,99,491,446,56,466,417,59,Finisher,2033
Ondřej,Šolc,Ondřej Šolc,1146,M18-24,Male,Jirny,Central Bohemian Region,Czech Republic,CZ,0:33:01,2:52:51,1:48:29,0:06:36,0:03:38,5:24:35,1981,10371,6509,396,218,19475,467,418,60,309,260,43,629,566,77,467,418,60,Finisher,2031
Jiri,Stanik,Jiri Stanik,1201,M50-54,Male,Prague,Prague,Czech Republic,CZ,0:33:02,2:44:10,1:55:02,0:08:15,0:04:06,5:24:36,1982,9850,6902,495,246,19476,468,419,39,310,261,28,460,418,40,468,419,39,Finisher,2403
Rostislav,Joudal,Rostislav Joudal,683,M60-64,Male,Staré Buky,Hradec Králové Region,Czech Republic,CZ,0:36:28,2:38:36,1:50:56,0:14:30,0:04:08,5:24:38,2188,9516,6656,870,248,19478,469,420,4,609,513,10,556,503,8,469,420,4,Finisher,3310
Bastian,Trumpfheller,Bastian Trumpfheller,1574,M45-49,Male,Niddatal,,Germany,DE,0:40:40,2:46:52,1:46:27,0:06:13,0:04:27,5:24:38,2440,10012,6387,373,267,19478,470,421,38,1010,831,85,657,588,60,470,421,38,Finisher,2305
Jindřich,Hájek,Jindřich Hájek,745,M50-54,Male,Újezd u Svatého Kříže,South Bohemian Region,Czech Republic,CZ,0:38:29,2:46:06,1:49:50,0:06:20,0:03:56,5:24:41,2309,9966,6590,380,236,19481,471,422,40,814,674,61,591,533,50,471,422,40,Finisher,2401
David,Sedlařík,David Sedlařík,332,M18-24,Male,Úštěk,foreigner,Czech Republic,CZ,0:29:34,2:37:09,2:11:18,0:04:21,0:02:22,5:24:43,1774,9429,7878,261,142,19483,472,423,61,115,96,21,197,182,25,472,423,61,Finisher,2028
Martin,Antoš,Martin Antoš,1277,M35-39,Male,Skalice,Hradec Králové Region,Czech Republic,CZ,0:42:05,2:43:44,1:47:22,0:06:03,0:05:30,5:24:44,2525,9824,6442,363,330,19484,473,424,77,1123,915,159,615,555,103,473,424,77,Finisher,2102
Pavel,Krížek,Pavel Krížek,1486,M50-54,Male,Starý Jičín,Moravian-Silesian Region,Czech Republic,CZ,0:32:19,2:46:22,1:55:55,0:06:05,0:04:06,5:24:48,1939,9982,6955,365,246,19488,474,425,41,253,211,20,455,413,39,474,425,41,Finisher,2399
vladimir,Vanek,vladimir Vanek,1559,M40-44,Male,Hradec Králové,Hradec Králové Region,Czech Republic,CZ,0:37:30,2:31:17,2:05:11,0:07:23,0:03:28,5:24:48,2250,9077,7511,443,208,19488,475,426,47,721,605,70,288,265,30,475,426,47,Finisher,2329
Tomáš,Krbec,Tomáš Krbec,373,M25-29,Male,Králův Dvůr,Central Bohemian Region,Czech Republic,CZ,0:32:19,2:47:55,1:55:56,0:05:43,0:02:57,5:24:50,1939,10075,6956,343,177,19490,476,427,68,255,213,29,471,428,63,476,427,68,Finisher,2168
Diana,Tobišková,Diana Tobišková,1052,F25-29,Female,Hradec Králové,Hradec Králové Region,Czech Republic,CZ,0:34:01,2:43:12,1:58:54,0:05:22,0:03:23,5:24:52,2041,9792,7134,322,203,19492,477,50,5,387,60,11,416,40,5,477,50,5,Finisher,2687
Jaroslav ,Jíra ,Jaroslav Jíra,1040,M55-59,Male,Liberec,Liberec Region,Czech Republic,CZ,0:33:39,2:41:09,2:00:40,0:06:17,0:03:09,5:24:53,2019,9669,7240,377,189,19493,478,428,13,360,303,10,377,341,11,478,428,13,Finisher,2832
Dennis,Koschine,Dennis Koschine,1704,M45-49,Male,Hannover,Niedersachsen,Germany,DE,0:38:48,2:48:30,1:45:27,0:05:58,0:06:14,5:24:58,2328,10110,6327,358,374,19498,479,429,39,847,703,69,646,579,59,479,429,39,Finisher,2299
Adam,Kopják,Adam Kopják,551,M18-24,Male,Bratislava,foreigner,Slovakia,SK,0:35:11,2:41:37,1:59:25,0:05:50,0:03:12,5:25:16,2111,9697,7165,350,192,19516,480,430,62,497,425,62,418,378,46,480,430,62,Finisher,2018
Tomas,Leixner,Tomas Leixner,1741,M40-44,Male,Praha-Kolovraty,CZ-Central Bohemian Region,Czech Republic,CZ,0:32:32,2:45:13,1:58:13,0:05:40,0:03:55,5:25:32,1952,9913,7093,340,235,19532,481,431,48,273,227,25,429,389,49,481,431,48,Finisher,2315
Merli,Randoja,Merli Randoja,964,F50-54,Female,Soinaste,foreigner,Estonia,EE,0:35:39,2:48:22,1:51:57,0:05:47,0:03:48,5:25:34,2139,10102,6717,347,228,19534,482,51,3,542,80,6,563,54,3,482,51,3,Finisher,3155
Pedro,Borges,Pedro Borges,1402,M40-44,Male,Pinhal Novo,PT-15,Portugal,PT,0:31:07,2:45:06,1:59:19,0:05:47,0:04:16,5:25:35,1867,9906,7159,347,256,19535,483,432,49,185,157,14,397,359,42,483,432,49,Finisher,2315
Matúš,Toriška,Matúš Toriška,411,M25-29,Male,Marcelová,foreigner,Slovakia,SK,0:36:40,2:38:42,1:59:41,0:06:46,0:03:47,5:25:37,2200,9522,7181,406,227,19537,484,433,69,634,535,78,398,360,55,484,433,69,Finisher,2153
Jan,Cikhart,Jan Cikhart,576,M18-24,Male,Czechia,Central Bohemian Region,Czech Republic,CZ,0:36:44,2:45:41,1:50:48,0:07:12,0:05:19,5:25:43,2204,9941,6648,432,319,19543,485,434,63,641,541,80,557,504,70,485,434,63,Finisher,2010
Jaromír,Kovář,Jaromír Kovář,432,M35-39,Male,Hradec Králové,Hradec Králové Region,Czech Republic,CZ,0:36:27,2:43:19,1:53:52,0:06:47,0:05:21,5:25:47,2187,9799,6832,407,321,19547,486,435,78,605,509,90,482,439,86,486,435,78,Finisher,2084
Lily,Helling,Lily Helling,1577,F18-24,Female,Aylesbury,GB-BKM,United Kingdom,GB,0:32:30,2:54:51,1:49:51,0:05:24,0:03:13,5:25:49,1950,10491,6591,324,193,19549,487,52,4,270,46,9,638,66,8,487,52,4,Finisher,2987
Kristýna,Marková,Kristýna Marková,623,F25-29,Female,Lanškroun,Pardubice Region,Czech Republic,CZ,0:32:26,2:49:21,1:55:34,0:05:04,0:03:33,5:25:57,1946,10161,6934,304,213,19557,488,53,6,264,44,8,490,45,6,488,53,6,Finisher,2667
Marc,Egger,Marc Egger,1554,M40-44,Male,Vorarlberg,AT-8,Austria,AT,0:47:37,2:40:52,1:45:11,0:07:26,0:04:54,5:26:01,2857,9652,6311,446,294,19561,489,436,50,1427,1156,131,713,631,78,489,436,50,Finisher,2307
Mikuláš,Pýcha,Mikuláš Pýcha,944,M30-34,Male,Milovice,Central Bohemian Region,Czech Republic,CZ,0:34:33,2:50:29,1:50:46,0:06:32,0:03:42,5:26:01,2073,10229,6646,392,222,19561,490,437,62,427,362,50,603,544,72,490,437,62,Finisher,2258
Thore,Kuchlenz,Thore Kuchlenz,118,M35-39,Male,Hamburg,DE-MECKLENBURG-VORPOMMERN,Germany,DE,0:28:30,2:20:06,2:29:40,0:04:06,0:03:39,5:26:03,1710,8406,8980,246,219,19563,491,438,79,82,67,5,51,44,3,491,438,79,Finisher,2079
Lennert,De Smedt,Lennert De Smedt,1645,M25-29,Male,Liedekerke,Flemish Region,Belgium,BE,0:35:45,2:45:53,1:54:30,0:06:54,0:03:05,5:26:07,2145,9953,6870,414,185,19567,492,439,70,555,472,71,536,484,70,492,439,70,Finisher,2144
Jiří,Matoušek,Jiří Matoušek,570,M25-29,Male,Zábřeh,CZ-715,Czech Republic,CZ,0:37:33,2:38:37,2:00:41,0:06:07,0:03:19,5:26:18,2253,9517,7241,367,199,19578,493,440,71,728,610,89,407,369,56,493,440,71,Finisher,2141
Lukáš,Sláma,Lukáš Sláma,488,M40-44,Male,Čejkovice,South Moravian Region,Czech Republic,CZ,0:42:54,2:46:48,1:44:36,0:07:44,0:04:20,5:26:21,2574,10008,6276,464,260,19581,494,441,51,1193,971,108,753,663,83,494,441,51,Finisher,2301
David,Urbášek,David Urbášek,554,M30-34,Male,Olomouc,Moravian-Silesian Region,Czech Republic,CZ,0:38:34,2:43:26,1:56:03,0:04:27,0:04:04,5:26:33,2314,9806,6963,267,244,19593,495,442,63,826,685,96,480,437,58,495,442,63,Finisher,2249
Adam,Holečka,Adam Holečka,459,M25-29,Male,Martin,Žilinský kraj,Slovakia,SK,0:35:15,2:52:02,1:47:06,0:07:35,0:04:36,5:26:34,2115,10322,6426,455,276,19594,496,443,72,502,429,63,684,609,91,496,443,72,Finisher,2136
Zdeněk ,Fejfar,Zdeněk Fejfar,1631,M45-49,Male,Osek,Central Bohemian Region,Czech Republic,CZ,0:39:12,2:37:39,1:59:36,0:05:23,0:04:46,5:26:36,2352,9459,7176,323,286,19596,497,444,40,885,733,74,402,364,35,497,444,40,Finisher,2270
Michal,Votava,Michal Votava,1383,M35-39,Male,Praha 8,Česká republika,Czech Republic,CZ,0:31:42,2:52:21,1:54:57,0:04:58,0:02:40,5:26:39,1902,10341,6897,298,160,19599,498,445,80,215,179,23,548,496,95,498,445,80,Finisher,2068
Gerald,Pendl,Gerald Pendl,824,M35-39,Male,Söchau,AT-AT,Austria,AT,0:43:46,2:31:51,1:59:25,0:06:38,0:05:02,5:26:42,2626,9111,7165,398,302,19602,499,446,81,1252,1018,180,404,366,75,499,446,81,Finisher,2067
Dominik,Wagerer,Dominik Wagerer,441,M35-39,Male,Mödring,AT-NIEDEROSTERREICH,Austria,AT,0:31:43,2:40:52,2:03:19,0:06:17,0:04:32,5:26:44,1903,9652,7399,377,272,19604,500,447,82,216,180,24,336,308,63,500,447,82,Finisher,2066
Martin,Vičan,Martin Vičan,513,M35-39,Male,Vigantice,CZ-723,Czech Republic,CZ,0:43:53,2:47:31,1:42:37,0:08:13,0:04:32,5:26:47,2633,10051,6157,493,272,19607,501,448,83,1264,1028,182,805,700,127,501,448,83,Finisher,2066
Alessandro,Giacometti,Alessandro Giacometti,1305,M40-44,Male,Vergato,foreigner,Italy,IT,0:46:18,2:45:41,1:39:39,0:08:22,0:06:48,5:26:49,2778,9941,5979,502,408,19609,502,449,52,1379,1116,122,824,718,91,502,449,52,Finisher,2292
Lynn,Stahlbuhk,Lynn Stahlbuhk,998,F30-34,Female,Hamburg,DE-foreigner,Germany,DE,0:34:48,2:36:57,2:05:39,0:04:29,0:04:57,5:26:50,2088,9417,7539,269,297,19610,503,54,8,451,69,6,290,24,3,503,54,8,Finisher,2708
Marek,Protiva,Marek Protiva,1193,M35-39,Male,Hradec Králové,Hradec Králové Region,Czech Republic,CZ,0:30:44,2:51:29,1:53:01,0:06:18,0:05:19,5:26:51,1844,10289,6781,378,319,19611,504,450,84,166,138,18,535,483,93,504,450,84,Finisher,2064
Jiří,Vlček,Jiří Vlček,376,M35-39,Male,Prague,Prague,Czech Republic,CZ,0:36:41,2:43:19,1:56:58,0:06:48,0:03:14,5:26:59,2201,9799,7018,408,194,19619,505,451,85,636,537,99,487,443,87,505,451,85,Finisher,2062
Marketa,Ficova,Marketa Ficova,1249,F18-24,Female,Dobříš,Central Bohemian Region,Czech Republic,CZ,0:31:51,2:56:34,1:50:49,0:04:45,0:03:01,5:27:00,1911,10594,6649,285,181,19620,506,55,5,225,38,7,643,67,9,506,55,5,Finisher,2966
Kateřina,Koudelková,Kateřina Koudelková,873,F30-34,Female,Brno,South Moravian Region,Czech Republic,CZ,0:36:23,2:47:26,1:52:21,0:06:14,0:04:38,5:27:02,2183,10046,6741,374,278,19622,507,56,9,596,93,14,568,56,9,507,56,9,Finisher,2705
Petr,Kališ,Petr Kališ,741,M40-44,Male,Osová Bítýška,Central Bohemian Region,Czech Republic,CZ,0:36:49,2:38:36,2:00:00,0:07:57,0:03:48,5:27:10,2209,9516,7200,477,228,19630,508,452,53,652,551,64,427,387,47,508,452,53,Finisher,2286
Thomas,Anders,Thomas Anders,1062,M50-54,Male,Hanstedt,foreigner,Germany,DE,0:33:23,2:35:41,2:10:17,0:05:06,0:02:48,5:27:15,2003,9341,7817,306,168,19635,509,453,42,338,284,32,254,233,25,509,453,42,Finisher,2355
Karel,Vizinger,Karel Vizinger,1819,M45-49,Male,Prague,Czech republic,Czech Republic,CZ,0:33:56,2:51:11,1:52:05,0:06:30,0:03:40,5:27:23,2036,10271,6725,390,220,19643,510,454,41,382,323,36,606,546,55,510,454,41,Finisher,2255
Nicol,Kirschová,Nicol Kirschová,764,F18-24,Female,Trunov,Hradec Králové Region,Czech Republic,CZ,0:30:24,2:37:07,2:12:29,0:05:01,0:02:26,5:27:26,1824,9427,7949,301,146,19646,511,57,6,151,28,5,221,18,1,511,57,6,Finisher,2958
Zdenek,Doubek,Zdenek Doubek,225,M40-44,Male,Krasová,South Moravian Region,Czech Republic,CZ,0:37:38,2:49:55,1:51:39,0:04:53,0:03:32,5:27:36,2258,10195,6699,293,212,19656,512,455,54,735,615,71,627,564,70,512,455,54,Finisher,2278
Leonhard,Bürkner,Leonhard Bürkner,1288,M25-29,Male,Bavaria,foreigner,Germany,DE,0:33:35,2:35:17,2:10:02,0:05:03,0:03:39,5:27:37,2015,9317,7802,303,219,19657,513,456,73,353,296,39,246,226,27,513,456,73,Finisher,2117
Filip,Nýdrle,Filip Nýdrle,761,M18-24,Male,Nová Paka,Hradec Králové Region,Czech Republic,CZ,0:25:12,2:49:37,2:04:57,0:04:47,0:03:07,5:27:39,1512,10177,7497,287,187,19659,514,457,64,22,21,4,354,321,42,514,457,64,Finisher,1976
Filip,Hargaš,Filip Hargaš,1179,M18-24,Male,Zlín,Zlín Region,Czech Republic,CZ,0:43:52,2:45:50,1:48:07,0:06:53,0:03:02,5:27:46,2632,9950,6487,413,182,19666,515,458,65,1263,1027,158,725,642,89,515,458,65,Finisher,1973
Jan,Krupka,Jan Krupka,1590,M35-39,Male,Slavetin nad Ohri,Ústí nad Labem Region,Czech Republic,CZ,0:33:28,2:50:42,1:56:03,0:03:59,0:03:42,5:27:53,2008,10242,6963,239,222,19673,516,459,86,343,288,48,525,475,90,516,459,86,Finisher,2046
Ondřej,Pekárek,Ondřej Pekárek,724,M30-34,Male,Prague,Prague,Czech Republic,CZ,0:37:56,2:50:36,1:50:20,0:05:41,0:03:20,5:27:53,2276,10236,6620,341,200,19673,517,460,64,765,636,87,670,598,80,517,460,64,Finisher,2225
Marcos ,Silva ,Marcos Silva,196,M45-49,Male,Valongo,Portugal Continental,Brazil,BR,0:37:40,2:40:33,1:59:05,0:06:12,0:04:29,5:27:59,2260,9633,7145,372,269,19679,518,461,42,738,617,58,448,407,39,518,461,42,Finisher,2245
Filip,Archalous,Filip Archalous,182,M35-39,Male,Prague,CZ-105,Czech Republic,CZ,0:36:32,2:38:59,2:02:54,0:05:23,0:04:14,5:28:02,2192,9539,7374,323,254,19682,519,462,87,613,517,92,375,339,69,519,462,87,Finisher,2043
Pavol,Bigos,Pavol Bigos,1664,M45-49,Male,bilovice nad svitavou,South Moravian Region,Slovakia,SK,0:46:40,2:32:27,1:57:29,0:07:08,0:04:19,5:28:02,2800,9147,7049,428,259,19682,520,463,43,1393,1127,108,477,434,43,520,463,43,Finisher,2244
Jakub,Lemberka,Jakub Lemberka,1752,M35-39,Male,Tábor,Jihočeský kraj,Czech Republic,CZ,0:27:10,2:55:18,1:57:55,0:03:56,0:03:44,5:28:03,1630,10518,7075,236,224,19683,521,464,88,48,42,2,478,435,85,521,464,88,Finisher,2043
Vladimír,Bačák,Vladimír Bačák,1666,M30-34,Male,Ústí Nad Labem,Ústí nad Labem Region,Czech Republic,CZ,0:38:07,2:41:45,1:57:22,0:07:07,0:03:44,5:28:05,2287,9705,7042,427,224,19685,522,465,65,780,647,91,494,449,61,522,465,65,Finisher,2221
Šimon,Walzel,Šimon Walzel,222,M25-29,Male,Praha,CZ-Prague,Czech Republic,CZ,0:31:52,2:38:44,2:08:04,0:04:48,0:04:43,5:28:10,1912,9524,7684,288,283,19690,523,466,74,228,190,25,276,254,33,523,466,74,Finisher,2108
Zdeněk ,Brabec,Zdeněk Brabec,1075,M30-34,Male,Strunkovice nad Blanicí,Jihočeský kraj,Czech Republic,CZ,0:40:09,2:47:57,1:51:16,0:04:35,0:04:14,5:28:10,2409,10077,6676,275,254,19690,524,467,66,965,797,115,634,571,76,524,467,66,Finisher,2219
Martin,Reznícek,Martin Reznícek,218,M25-29,Male,Brno-střed,South Moravian Region,Czech Republic,CZ,0:37:48,2:48:08,1:51:38,0:05:50,0:04:49,5:28:12,2268,10088,6698,350,289,19692,525,468,75,752,628,90,611,551,82,525,468,75,Finisher,2107
Michal,Šafránek,Michal Šafránek,748,M35-39,,Bělá pod Bezdězem,Central Bohemian Region,Czech Republic,CZ,0:34:51,2:43:26,2:01:50,0:04:06,0:04:04,5:28:17,2091,9806,7310,246,244,19697,526,469,89,457,387,65,411,372,76,526,469,89,Finisher,2039
Róbert,Zajasenský,Róbert Zajasenský,469,M25-29,Male,Dunajská Lužná,foreigner,Slovakia,SK,0:40:35,2:31:58,2:05:02,0:06:26,0:04:17,5:28:18,2435,9118,7502,386,257,19698,527,470,76,1004,825,118,338,309,43,527,470,76,Finisher,2105
Manuel,Möller,Manuel Möller,188,M60-64,Male,Ihringen,DE-BW,Germany,DE,0:35:37,2:46:39,1:56:50,0:06:04,0:03:08,5:28:18,2137,9999,7010,364,188,19698,528,471,5,539,460,8,528,478,6,528,471,5,Finisher,3244
Sophie,Dubbeld,Sophie Dubbeld,186,F30-34,Female,Haguenau,FR-68,France,FR,0:35:39,2:47:53,1:57:09,0:04:47,0:02:58,5:28:26,2139,10073,7029,287,178,19706,529,58,10,545,82,12,529,51,8,529,58,10,Finisher,2680
Stefanie,Grimmeisen,Stefanie Grimmeisen,677,F50-54,Female,Nattheim,DE-BADEN-WURTTEMBERG,Germany,DE,0:38:24,2:50:47,1:50:06,0:06:12,0:03:02,5:28:32,2304,10247,6606,372,182,19712,530,59,4,808,138,12,702,78,7,530,59,4,Finisher,3102
Dáša,Pawlasová,Dáša Pawlasová,297,F25-29,Female,Havířov,MORAVSKOSLEZSKY KRAJ,Czech Republic,CZ,0:39:39,2:49:07,1:49:49,0:06:56,0:03:04,5:28:34,2379,10147,6589,416,184,19714,531,60,7,920,158,31,709,81,9,531,60,7,Finisher,2620
Dominik,Andreas,Dominik Andreas,987,M30-34,Male,Tábor,Jihočeský kraj,Czech Republic,CZ,0:33:53,2:52:14,1:53:22,0:05:33,0:03:34,5:28:34,2033,10334,6802,333,214,19714,532,472,67,378,320,38,607,547,73,532,472,67,Finisher,2212
Premysl,Kachlik,Premysl Kachlik,326,M35-39,Male,Brno,Jihomoravsky Kraj,Czech Republic,CZ,0:39:31,2:45:28,1:54:11,0:05:37,0:03:51,5:28:38,2371,9928,6851,337,231,19718,533,473,90,912,756,136,584,526,100,533,473,90,Finisher,2032
Maroš,Bošeľa,Maroš Bošeľa,805,M25-29,Male,Čeľovce,foreigner,Slovakia,SK,0:36:31,2:47:28,1:54:06,0:05:48,0:04:45,5:28:38,2191,10048,6846,348,285,19718,534,474,77,612,516,74,562,509,75,534,474,77,Finisher,2099
Andreas,Köllmann,Andreas Köllmann,208,M55-59,Male,Rosengarten,foreigner,Germany,DE,0:33:16,2:43:17,2:01:20,0:05:56,0:04:53,5:28:42,1996,9797,7280,356,293,19722,535,475,14,328,276,9,414,375,13,535,475,14,Finisher,2764
Marek,Matej,Marek Matej,309,M50-54,Male,Zbýšov u Brna,South Moravian Region,Czech Republic,CZ,0:35:16,2:46:45,1:55:54,0:06:07,0:04:43,5:28:44,2116,10005,6954,367,283,19724,536,476,43,507,433,38,524,474,47,536,476,43,Finisher,2328
Marek,Sečkař,Marek Sečkař,1512,M18-24,Male,Prague,Prague,Czech Republic,CZ,0:36:52,2:41:56,1:54:37,0:07:16,0:08:06,5:28:46,2212,9716,6877,436,486,19726,537,477,66,657,556,81,474,431,54,537,477,66,Finisher,1955
Jan,Staník,Jan Staník,1223,M40-44,Male,Praha,Central Bohemian Region,Czech Republic,CZ,0:26:37,2:46:21,2:06:30,0:04:53,0:04:29,5:28:49,1597,9981,7590,293,269,19729,538,478,55,43,39,3,312,286,33,538,478,55,Finisher,2256
Jaroslav,Oswald,Jaroslav Oswald,329,M30-34,Male,Liberec,Liberec Region,Czech Republic,CZ,0:38:18,2:45:15,1:52:55,0:07:06,0:05:32,5:29:06,2298,9915,6775,426,332,19746,539,479,68,796,660,94,585,527,69,539,479,68,Finisher,2203
Michal,Surovcík,Michal Surovcík,901,M35-39,Male,Písek,Jihočeský kraj,Czech Republic,CZ,0:35:32,2:38:59,2:03:08,0:06:14,0:05:14,5:29:07,2132,9539,7388,374,314,19747,540,480,91,528,450,79,374,338,68,540,480,91,Finisher,2024
Vladimír,Pátek,Vladimír Pátek,1252,M30-34,Male,Most,Ústí nad Labem Region,Czech Republic,CZ,0:42:24,2:54:52,1:43:08,0:05:28,0:03:16,5:29:08,2544,10492,6188,328,196,19748,541,481,69,1152,941,139,882,767,111,541,481,69,Finisher,2202
Maximilian,Beck,Maximilian Beck,733,M30-34,Male,Hitzhofen,DE-BY,Germany,DE,0:33:05,2:31:29,2:14:56,0:05:01,0:04:37,5:29:08,1985,9089,8096,301,277,19748,542,482,70,314,265,28,174,159,20,542,482,70,Finisher,2202
Dariusz,Lapawa,Dariusz Lapawa,1786,M40-44,Male,Poznań,wielkopolskie,Poland,PL,0:34:15,2:41:51,2:01:47,0:06:52,0:04:28,5:29:12,2055,9711,7307,412,268,19752,543,483,56,399,337,40,423,383,46,543,483,56,Finisher,2249
Viktor,Semančík,Viktor Semančík,1401,M25-29,Male,Veltruby,Central Bohemian Region,Czech Republic,CZ,0:38:08,2:48:23,1:54:55,0:05:03,0:03:03,5:29:33,2288,10103,6895,303,183,19773,544,484,78,784,650,93,604,545,81,544,484,78,Finisher,2083
Marek,Mráz,Marek Mráz,675,M30-34,Male,Ceské Budejovice,South Bohemian Region,Czech Republic,CZ,0:36:47,2:42:22,2:00:41,0:05:31,0:04:15,5:29:35,2207,9742,7241,331,255,19775,545,485,71,648,547,70,450,409,56,545,485,71,Finisher,2194
Markéta,Ružková,Markéta Ružková,1817,F18-24,Female,Praha,Prague,Czech Republic,CZ,0:35:17,2:51:16,1:54:13,0:05:22,0:03:35,5:29:43,2117,10276,6853,322,215,19783,546,61,7,511,77,15,617,61,7,546,61,7,Finisher,2917
Roman,Ballo,Roman Ballo,777,M35-39,Male,Pezinok,BRATISLAVSKY KRAJ,Slovakia,SK,0:36:02,2:47:50,1:56:53,0:05:45,0:03:14,5:29:44,2162,10070,7013,345,194,19784,547,486,92,570,486,87,558,505,96,547,486,92,Finisher,2012
Lukáš,Beránek,Lukáš Beránek,689,M40-44,Male,Žebrák,Central Bohemian Region,Czech Republic,CZ,0:36:19,2:50:52,1:50:50,0:07:28,0:04:15,5:29:44,2179,10252,6650,448,255,19784,548,487,57,591,500,56,680,605,75,548,487,57,Finisher,2240
Tomáš,Dus,Tomáš Dus,1524,M40-44,Male,Hradec Králové,Hradec Králové Region,Czech Republic,CZ,0:34:50,2:48:59,1:53:20,0:07:54,0:04:42,5:29:45,2090,10139,6800,474,282,19785,549,488,58,455,385,45,610,550,66,549,488,58,Finisher,2240
Tomáš,Vlk,Tomáš Vlk,287,M40-44,Male,Kovářov,South Bohemian Region,Czech Republic,CZ,0:39:41,2:49:30,1:50:25,0:06:19,0:03:58,5:29:53,2381,10170,6625,379,238,19793,550,489,59,924,765,86,706,628,77,550,489,59,Finisher,2237
Tomáš,Lupínek,Tomáš Lupínek,632,M35-39,Male,Hradec Králové,Hradec Králové Region,Czech Republic,CZ,0:36:45,2:33:08,2:09:14,0:06:55,0:04:04,5:30:05,2205,9188,7754,415,244,19805,551,490,93,642,542,101,298,273,54,551,490,93,Finisher,2006
Lukáš,Brunner,Lukáš Brunner,652,M30-34,Male,Plzeň,South Bohemian Region,Czech Republic,CZ,0:39:28,2:41:46,1:57:26,0:06:38,0:04:48,5:30:06,2368,9706,7046,398,288,19806,552,491,72,907,751,106,519,470,64,552,491,72,Finisher,2185
Eliska,Slaninova,Eliska Slaninova,1706,F18-24,Female,Mikolajice,Moravian-Silesian Region,Czech Republic,CZ,0:38:15,2:59:49,1:42:28,0:05:20,0:04:16,5:30:08,2295,10789,6148,320,256,19808,553,62,8,792,136,21,902,118,16,553,62,8,Finisher,2909
Filip,Kyrian,Filip Kyrian,972,M18-24,Male,Štěpánovice,Jihočeský kraj,Czech Republic,CZ,0:37:42,2:46:57,1:52:59,0:07:43,0:04:56,5:30:16,2262,10017,6779,463,296,19816,554,492,67,739,618,91,626,563,76,554,492,67,Finisher,1928
Stefan,Panzer,Stefan Panzer,206,M65-69,Male,Rosengarten,foreigner,Germany,DE,0:38:08,2:41:06,1:59:21,0:07:15,0:04:28,5:30:18,2288,9666,7161,435,268,19818,555,493,1,783,649,3,481,438,1,555,493,1,Finisher,3500
Kees,van de Wetering,Kees van de Wetering,170,M60-64,Male,IJsselmuiden,NL-OV,Netherlands,NL,0:32:17,2:47:34,2:01:31,0:05:39,0:03:23,5:30:25,1937,10054,7291,339,203,19825,556,494,6,249,207,1,463,421,4,556,494,6,Finisher,3206
Stanislav,Fleissig,Stanislav Fleissig,235,M50-54,Male,Praha,CZ-119,Czech Republic,CZ,0:37:02,2:39:09,2:02:31,0:07:21,0:04:22,5:30:25,2222,9549,7351,441,262,19825,557,495,44,677,571,50,434,394,36,557,495,44,Finisher,2298
Marek,Vaculík,Marek Vaculík,651,M30-34,Male,Prague,Prague,Czech Republic,CZ,0:31:13,2:57:06,1:52:57,0:05:54,0:03:25,5:30:35,1873,10626,6777,354,205,19835,558,496,73,191,162,19,669,597,79,558,496,73,Finisher,2176
Aleš,Melichar,Aleš Melichar,407,M25-29,Male,Kosice,foreigner,Slovakia,SK,0:35:28,2:37:41,2:07:49,0:06:16,0:03:34,5:30:48,2128,9461,7669,376,214,19848,559,497,79,525,447,68,352,320,44,559,497,79,Finisher,2060
Heino,Reinhardt,Heino Reinhardt,1251,M50-54,Male,Trebbin,BB,Germany,DE,0:44:37,2:37:54,1:56:04,0:06:30,0:05:48,5:30:53,2677,9474,6964,390,348,19853,560,498,45,1318,1069,92,549,497,49,560,498,45,Finisher,2290
Eva,Kudrnovská,Eva Kudrnovská,1753,F40-44,Female,Sušice,South Bohemian Region,Czech Republic,CZ,0:36:25,2:56:36,1:48:28,0:05:46,0:03:38,5:30:53,2185,10596,6508,346,218,19853,561,63,9,599,94,13,781,101,13,561,63,9,Finisher,2798
Petr,Kosař,Petr Kosař,249,M45-49,Male,Husinec,Prague,Czech Republic,CZ,0:34:10,2:46:29,1:58:45,0:06:30,0:05:00,5:30:55,2050,9989,7125,390,300,19855,562,499,44,396,334,37,498,451,44,562,499,44,Finisher,2192
Apollonia,Fischer,Apollonia Fischer,1009,F40-44,Female,Feldbach,,Austria,AT,0:40:58,2:49:45,1:50:28,0:06:02,0:03:54,5:31:08,2458,10185,6628,362,234,19868,563,64,10,1027,185,24,730,85,10,563,64,10,Finisher,2794
Jana,Pospíšilová,Jana Pospíšilová,1649,F40-44,Female,Uničov,Olomouc Region,Czech Republic,CZ,0:35:15,2:46:25,2:00:41,0:05:36,0:03:14,5:31:10,2115,9985,7241,336,194,19870,564,65,11,505,74,8,501,48,9,564,65,11,Finisher,2793
Denisa,Panchártková,Denisa Panchártková,1162,F35-39,Female,Prague,Prague,Czech Republic,CZ,0:40:27,2:50:49,1:49:36,0:06:42,0:03:47,5:31:22,2427,10249,6576,402,227,19882,565,66,9,990,175,22,762,94,13,565,66,9,Finisher,2621
Jakub,Holas,Jakub Holas,848,M18-24,Male,Prague,Prague,Czech Republic,CZ,0:40:28,2:54:18,1:44:58,0:06:19,0:05:30,5:31:33,2428,10458,6298,379,330,19893,566,500,68,991,816,123,844,736,100,566,500,68,Finisher,1905
Vojtěch ,Koníř,Vojtěch Koníř,717,M40-44,Male,Kralupy nad Vltavou,Central Bohemian Region,Czech Republic,CZ,0:40:07,2:37:11,2:04:52,0:06:04,0:03:19,5:31:33,2407,9431,7492,364,199,19893,567,501,60,960,794,90,428,388,48,567,501,60,Finisher,2207
Jan,Kadlec,Jan Kadlec,1074,M30-34,Male,Pardubice,Pardubice Region,Czech Republic,CZ,0:30:34,2:38:10,2:10:00,0:06:02,0:06:48,5:31:34,1834,9490,7800,362,408,19894,568,502,74,160,132,13,264,243,31,568,502,74,Finisher,2158
Robin,Zdenek,Robin Zdenek,286,M35-39,Male,Hradec Králové,Hradec Králové Region,Czech Republic,CZ,0:35:02,2:44:59,2:02:25,0:05:29,0:03:42,5:31:35,2102,9899,7345,329,222,19895,569,503,94,479,408,72,462,420,83,569,503,94,Finisher,1979
Martin,Kuba,Martin Kuba,1080,M50-54,Male,Ceské Budejovice,Jihočeský kraj,Czech Republic,CZ,0:39:18,2:48:08,1:53:16,0:06:14,0:04:59,5:31:54,2358,10088,6796,374,299,19914,570,504,46,892,738,69,655,586,55,570,504,46,Finisher,2271
Samuele Antonio,Mazzola,Samuele Antonio Mazzola,1137,M18-24,Male,Cesky Krumlov,Jihočeský kraj,Czech Republic,CZ,0:40:20,2:46:02,1:54:13,0:06:36,0:04:51,5:32:01,2420,9962,6853,396,291,19921,571,505,69,979,808,122,640,574,78,571,505,69,Finisher,1897
Zbynek,Vavrin,Zbynek Vavrin,1828,M35-39,Male,Praha,Czech Republic,Czech Republic,CZ,0:34:55,2:55:36,1:51:33,0:05:54,0:04:13,5:32:11,2095,10536,6693,354,253,19931,572,506,95,462,392,69,720,638,114,572,506,95,Finisher,1968
Agata,Widynska,Agata Widynska,200,F35-39,Female,Rumia,PL-PM,Poland,PL,0:38:00,2:46:29,1:57:40,0:05:34,0:04:34,5:32:17,2280,9989,7060,334,274,19937,573,67,10,770,131,17,570,57,8,573,67,10,Finisher,2605
Lukáš,Stríteský,Lukáš Stríteský,988,M30-34,Male,Praha,Prague,Czech Republic,CZ,0:41:27,2:42:11,1:57:43,0:07:17,0:03:41,5:32:19,2487,9731,7063,437,221,19939,574,507,75,1061,868,127,592,534,70,574,507,75,Finisher,2145
Zdeno,Navrátil,Zdeno Navrátil,1535,M45-49,Male,Lesná,South Moravian Region,Czech Republic,CZ,0:33:38,2:44:53,2:04:49,0:05:06,0:03:55,5:32:20,2018,9893,7489,306,235,19940,575,508,45,359,302,35,437,397,38,575,508,45,Finisher,2166
Štepán,Šanda,Štepán Šanda,578,M35-39,Male,Kutna Hora,Česká republika,Czech Republic,CZ,0:33:00,2:53:43,1:56:07,0:05:54,0:03:42,5:32:26,1980,10423,6967,354,222,19946,576,509,96,305,256,41,633,570,107,576,509,96,Finisher,1964
Anas,Araid,Anas Araid,1441,M25-29,Male,Pergine Valsugana,foreigner,Italy,IT,0:36:33,2:53:22,1:52:02,0:06:13,0:04:16,5:32:26,2193,10402,6722,373,256,19946,577,510,80,617,520,76,715,633,97,577,510,80,Finisher,2031
Tomáš,Budka,Tomáš Budka,1742,M40-44,Male,Praha,Prague,Czech Republic,CZ,0:36:40,2:43:45,2:03:24,0:05:23,0:03:15,5:32:28,2200,9825,7404,323,195,19948,578,511,61,633,534,63,468,425,53,578,511,61,Finisher,2191
Matej,Švabek,Matej Švabek,754,M35-39,Male,Bytča,Zilina Region,Slovakia,SK,0:41:34,2:41:17,1:58:47,0:07:24,0:03:30,5:32:31,2494,9677,7127,444,210,19951,579,512,97,1072,875,155,575,517,99,579,512,97,Finisher,1962
Florian,Zachau,Florian Zachau,207,M45-49,Male,Horst,,Germany,DE,0:45:54,2:44:14,1:51:22,0:06:51,0:04:15,5:32:35,2754,9854,6682,411,255,19955,580,513,46,1365,1102,104,740,653,65,580,513,46,Finisher,2162
Radek,Hlubiňák,Radek Hlubiňák,885,M35-39,Male,Ústí Nad Labem,Ústí nad Labem Region,Czech Republic,CZ,0:43:20,2:46:01,1:51:31,0:06:52,0:04:54,5:32:37,2600,9961,6691,412,294,19957,581,514,98,1223,995,173,718,636,113,581,514,98,Finisher,1961
Andreas,Renz,Andreas Renz,1593,M55-59,Male,Villingen-Schwenningen,DE-BW,Germany,DE,0:33:16,2:56:01,1:51:56,0:06:55,0:04:54,5:33:02,1996,10561,6716,415,294,19982,582,515,15,326,274,8,716,634,22,582,515,15,Finisher,2686
Martin,Viktora,Martin Viktora,1488,M35-39,Male,Prague,Central Bohemian Region,Czech Republic,CZ,0:40:13,2:46:26,1:56:24,0:05:54,0:04:06,5:33:03,2413,9986,6984,354,246,19983,583,516,99,970,801,142,631,568,106,583,516,99,Finisher,1953
Nicolas,Schmitter,Nicolas Schmitter,1264,M35-39,Male,Haguenau,FR-67,France,FR,0:35:05,2:34:58,2:13:52,0:05:44,0:03:28,5:33:07,2105,9298,8032,344,208,19987,584,517,100,485,413,74,282,259,52,584,517,100,Finisher,1952
Vojtech,Krejca,Vojtech Krejca,821,M45-49,Male,Slavonice,Jihočeský kraj,Czech Republic,CZ,0:37:51,2:41:12,2:04:49,0:05:38,0:03:52,5:33:22,2271,9672,7489,338,232,20002,585,518,47,761,633,61,451,410,40,585,518,47,Finisher,2148
William,Bragg,William Bragg,525,M30-34,Male,Dacorum,HRT,United Kingdom,GB,0:32:51,3:01:53,1:47:40,0:07:56,0:03:02,5:33:23,1971,10913,6460,476,182,20003,586,519,76,295,247,27,879,764,110,586,519,76,Finisher,2126
Magdalena,Zabłocka ,Magdalena Zabłocka,1481,F40-44,Female,Sicienko,kujawsko-pomorskie,Poland,PL,0:44:23,2:48:17,1:50:33,0:06:36,0:03:35,5:33:23,2663,10097,6633,396,215,20003,587,68,12,1301,244,30,796,104,14,587,68,12,Finisher,2753
Irnik,Dimitrov,Irnik Dimitrov,1563,M25-29,Male,Sofia,BG-23,Netherlands,NL,0:40:49,2:46:04,1:55:19,0:07:15,0:03:58,5:33:25,2449,9964,6919,435,238,20005,588,520,81,1017,836,122,665,594,90,588,520,81,Finisher,2013
Martin,KREJČÍ,Martin KREJČÍ,1133,M30-34,Male,Nový Jičín,,Czech Republic,CZ,0:47:36,2:52:33,1:39:29,0:08:07,0:05:43,5:33:29,2856,10353,5969,487,343,20009,589,521,77,1425,1155,172,1014,873,132,589,521,77,Finisher,2124
Ondrej,Boruvka,Ondrej Boruvka,400,M25-29,Male,Hradec Králové,Hradec Králové Region,Czech Republic,CZ,0:44:29,2:55:45,1:41:20,0:07:41,0:04:23,5:33:37,2669,10545,6080,461,263,20017,590,522,82,1307,1059,165,1004,864,133,590,522,82,Finisher,2009
Daniel,Zdychavsky,Daniel Zdychavsky,1070,M18-24,Male,Veľký Meder,foreigner,Slovakia,SK,0:34:46,2:58:18,1:50:14,0:06:22,0:04:14,5:33:55,2086,10698,6614,382,254,20035,591,523,70,446,380,58,799,694,94,591,523,70,Finisher,1863
Jan,Pauer,Jan Pauer,408,M40-44,Male,Trenčín/Orechové,foreigner,Slovakia,SK,0:42:55,2:43:27,1:57:59,0:05:26,0:04:09,5:33:57,2575,9807,7079,326,249,20037,592,524,62,1195,972,109,613,553,67,592,524,62,Finisher,2164
Michal,Papácek,Michal Papácek,642,M30-34,Male,Ústí nad Orlicí,Pardubice Region,Czech Republic,CZ,0:39:19,2:52:10,1:53:23,0:05:38,0:03:32,5:34:02,2359,10330,6803,338,212,20042,593,525,78,894,740,104,744,655,87,593,525,78,Finisher,2114
Jens,Börretzen,Jens Börretzen,183,M55-59,Male,Uddevalla,SE-O,Sweden,SE,0:41:13,2:41:27,1:58:04,0:06:13,0:07:09,5:34:06,2473,9687,7084,373,429,20046,594,526,16,1046,854,33,543,491,16,594,526,16,Finisher,2666
Alina,Pirshtuk,Alina Pirshtuk,1549,M30-34,Female,Prague,Prague,Czech Republic,CZ,0:34:16,2:55:55,1:53:49,0:06:43,0:03:38,5:34:21,2056,10555,6829,403,218,20061,595,527,79,401,339,46,736,650,86,595,527,79,Finisher,2108
Riccardo,Balzani,Riccardo Balzani,1568,M18-24,Male,Lucerne,CH-foreigner,Switzerland,CH,0:34:00,2:47:35,2:02:43,0:06:03,0:04:01,5:34:22,2040,10055,7363,363,241,20062,596,528,71,386,327,50,511,462,59,596,528,71,Finisher,1855
Filip,Němeček,Filip Němeček,1473,M18-24,Male,Jihlava,Vysočina Region,Czech Republic,CZ,0:36:03,2:49:50,1:58:10,0:06:28,0:03:52,5:34:24,2163,10190,7090,388,232,20064,597,529,72,573,488,71,625,562,75,597,529,72,Finisher,1854
Jiří,Štros,Jiří Štros,629,M25-29,Male,"Malé Svatoňovice, Jívka",Hradec Králové Region,Czech Republic,CZ,0:44:30,2:47:02,1:55:14,0:04:40,0:02:58,5:34:24,2670,10022,6914,280,178,20064,598,530,83,1312,1064,166,717,635,98,598,530,83,Finisher,1995
Mattia,Federico,Mattia Federico,1407,M25-29,Male,Pergine Valsugana,foreigner,Italy,IT,0:32:31,2:47:08,2:05:49,0:05:23,0:03:34,5:34:25,1951,10028,7549,323,214,20065,599,531,84,272,226,30,457,415,60,599,531,84,Finisher,1995
Guillaume,Delfosse,Guillaume Delfosse,1657,M35-39,Male,Uccle,,Belgium,BE,0:34:54,2:47:29,1:49:43,0:11:37,0:10:47,5:34:29,2094,10049,6583,697,647,20069,600,532,101,461,391,68,661,591,108,600,532,101,Finisher,1927
Michael,Fostel,Michael Fostel,178,M40-44,Male,Wipfing,AT-Lower Austria,Austria,AT,0:32:36,2:39:39,2:11:32,0:07:09,0:03:38,5:34:35,1956,9579,7892,429,218,20075,601,533,63,285,238,26,351,319,36,601,533,63,Finisher,2153
Daniel,Ondrášek,Daniel Ondrášek,865,M30-34,Male,,Prague,Czech Republic,CZ,0:39:10,2:49:35,1:54:21,0:06:38,0:04:57,5:34:41,2350,10175,6861,398,297,20081,602,534,80,881,731,103,701,624,85,602,534,80,Finisher,2102
Jakub,Holec,Jakub Holec,1348,M18-24,Male,Jivina,Central Bohemian Region,Czech Republic,CZ,0:33:42,2:55:05,1:56:42,0:06:32,0:02:59,5:34:59,2022,10505,7002,392,179,20099,603,535,73,365,308,46,698,621,86,603,535,73,Finisher,1844
Anna-Katharina,Strauhs,Anna-Katharina Strauhs,1471,F18-24,Female,Vienna,AT-9,Austria,AT,0:37:25,2:51:41,1:57:43,0:05:19,0:03:01,5:35:08,2245,10301,7063,319,181,20108,604,69,9,710,113,17,676,73,11,604,69,9,Finisher,2819
Tomáš,Kollert,Tomáš Kollert,1496,M18-24,Male,Dolní Břežany,Central Bohemian Region,Czech Republic,CZ,0:38:33,2:42:15,2:03:37,0:06:48,0:03:57,5:35:10,2313,9735,7417,408,237,20110,605,536,74,824,683,102,510,461,58,605,536,74,Finisher,1840
Jan,Talaváňa,Jan Talaváňa,390,M30-34,Male,Prague,Prague,Czech Republic,CZ,0:44:29,2:50:48,1:49:48,0:06:23,0:03:43,5:35:11,2669,10248,6588,383,223,20111,606,537,81,1309,1061,159,856,747,105,606,537,81,Finisher,2093
Hana,Mudráková,Hana Mudráková,409,F18-24,Female,Veľký Ďur,foreigner,Slovakia,SK,0:30:10,2:56:13,2:00:16,0:05:14,0:03:18,5:35:12,1810,10573,7216,314,198,20112,607,70,10,142,26,3,605,60,6,607,70,10,Finisher,2818
Peter,MAY,Peter MAY,1239,M35-39,Male,München,,Germany,DE,0:40:33,2:41:28,2:02:24,0:06:09,0:04:39,5:35:13,2433,9688,7344,369,279,20113,608,538,102,1002,824,146,526,476,91,608,538,102,Finisher,1914
Sina,Nokodian,Sina Nokodian,1238,F25-29,Female,Munich,foreigner,Germany,DE,0:44:51,2:52:42,1:46:45,0:05:38,0:05:17,5:35:13,2691,10362,6405,338,317,20113,609,71,8,1329,251,50,897,117,16,609,71,8,Finisher,2501
Claudia,Kemps,Claudia Kemps,1540,F25-29,Female,Eindhoven ,Noord-Brabant,Netherlands,NL,0:37:06,2:47:50,1:52:56,0:09:14,0:08:12,5:35:17,2226,10070,6776,554,492,20117,610,72,9,690,109,20,666,72,8,610,72,9,Finisher,2499
Tereza,Quittova,Tereza Quittova,884,F40-44,Female,Brno,South Moravian Region,Czech Republic,CZ,0:35:40,2:55:41,1:54:46,0:05:38,0:03:33,5:35:18,2140,10541,6886,338,213,20118,611,73,13,547,83,10,741,88,11,611,73,13,Finisher,2719
Arnav,Anand,Arnav Anand,1562,M30-34,Male,Gurugram,Maharashtra,India,IN,0:42:54,2:51:37,1:51:40,0:06:06,0:03:07,5:35:24,2574,10297,6700,366,187,20124,612,539,82,1191,969,143,833,726,102,612,539,82,Finisher,2089
Jakub,Soušek,Jakub Soušek,248,M30-34,Male,Havířov,Moravian-Silesian Region,Czech Republic,CZ,0:46:07,2:50:37,1:49:41,0:06:10,0:02:50,5:35:25,2767,10237,6581,370,170,20125,613,540,83,1375,1112,168,888,772,113,613,540,83,Finisher,2089
Filip ,Škorpík,Filip Škorpík,590,M18-24,Male,Litoměřice,Pardubice Region,Czech Republic,CZ,0:39:32,2:44:00,2:03:39,0:05:09,0:03:04,5:35:26,2372,9840,7419,309,184,20126,614,541,75,913,757,117,540,488,66,614,541,75,Finisher,1835
Michal,Šáda,Michal Šáda,1328,M40-44,Male,Milovice,Central Bohemian Region,Czech Republic,CZ,0:41:48,2:44:46,1:53:22,0:10:13,0:05:17,5:35:26,2508,9886,6802,613,317,20126,615,542,64,1097,897,99,732,647,79,615,542,64,Finisher,2137
Dawid,Zabłocki,Dawid Zabłocki,1480,M40-44,Male,Sicienko,kujawsko-pomorskie,Poland,PL,0:37:05,2:50:39,1:58:45,0:05:50,0:03:09,5:35:29,2225,10239,7125,350,189,20129,616,543,65,687,580,66,653,584,72,616,543,65,Finisher,2136
Ludovit,Sykora,Ludovit Sykora,966,M45-49,Male,Marianka,,Slovakia,SK,0:38:46,2:41:53,2:03:30,0:07:03,0:04:17,5:35:29,2326,9713,7410,423,257,20129,617,544,48,845,701,68,515,466,48,617,544,48,Finisher,2110
Michal,Navrátil,Michal Navrátil,156,M45-49,Male,Divec,foreigner,Czech Republic,CZ,0:33:22,2:45:35,2:07:12,0:04:34,0:04:51,5:35:34,2002,9935,7632,274,291,20134,618,545,49,335,281,33,433,393,37,618,545,49,Finisher,2108
Kristina,Stonjeková,Kristina Stonjeková,938,F30-34,Female,Zuidplas,foreigner,Czech Republic,CZ,0:34:49,2:51:22,1:59:16,0:06:32,0:03:38,5:35:36,2089,10282,7156,392,218,20136,619,74,11,452,70,7,637,65,11,619,74,11,Finisher,2551
Kamilla,Lenes,Kamilla Lenes,1722,F25-29,Female,Bardufoss,foreigner,Norway,NO,0:37:58,2:51:44,1:53:52,0:08:05,0:04:03,5:35:41,2278,10304,6832,485,243,20141,620,75,10,768,130,26,760,93,13,620,75,10,Finisher,2492
Lukáš,Pátek,Lukáš Pátek,255,M35-39,Male,Hradec Králové,Hradec Králové Region,Czech Republic,CZ,0:42:20,2:34:27,2:08:47,0:05:46,0:04:24,5:35:44,2540,9267,7727,346,264,20144,621,546,103,1144,935,165,415,376,77,621,546,103,Finisher,1904
Daniel,Kysela,Daniel Kysela,1617,M40-44,Male,Praha,Prague,Czech Republic,CZ,0:36:27,2:48:20,1:59:02,0:06:03,0:05:52,5:35:45,2187,10100,7142,363,352,20145,622,547,66,606,510,59,589,531,64,622,547,66,Finisher,2132
René,Arnošt,René Arnošt,1521,M50-54,Male,Plzeň,CZ-323,Czech Republic,CZ,0:35:54,2:41:17,2:05:55,0:07:07,0:05:41,5:35:53,2154,9677,7555,427,341,20153,623,548,47,561,478,45,446,405,38,623,548,47,Finisher,2200
Petr,Vondruška,Petr Vondruška,1437,M45-49,Male,"Meziměstí, Jetřichov, Hynčice, Vernéřovice",Hradec Králové Region,Czech Republic,CZ,0:31:10,2:50:21,2:05:09,0:05:42,0:03:35,5:35:58,1870,10221,7509,342,215,20158,624,549,50,188,160,21,499,452,45,624,549,50,Finisher,2101
Tomas,Kroczek,Tomas Kroczek,949,M30-34,Male,Vrchlabí,Hradec Králové Region,Czech Republic,CZ,0:37:39,2:42:42,2:05:21,0:06:15,0:04:03,5:36:00,2259,9762,7521,375,243,20160,625,550,84,737,616,83,483,440,59,625,550,84,Finisher,2078
Václav,Paukner,Václav Paukner,1689,M30-34,Male,Ceské Budejovice,Jihočeský kraj,Czech Republic,CZ,0:30:34,2:45:46,2:10:05,0:05:59,0:03:36,5:36:01,1834,9946,7805,359,216,20161,626,551,85,159,131,12,408,370,51,626,551,85,Finisher,2078
Tomáš,Janoušek,Tomáš Janoušek,1279,M25-29,Male,Moutnice,South Moravian Region,Czech Republic,CZ,0:38:46,2:51:39,1:48:48,0:08:12,0:08:41,5:36:06,2326,10299,6528,492,521,20166,627,552,85,843,700,103,779,679,103,627,552,85,Finisher,1965
Matthias,Nienke,Matthias Nienke,203,M45-49,Male,Marxen,foreigner,Germany,DE,0:31:05,2:44:21,2:10:39,0:05:42,0:04:22,5:36:10,1865,9861,7839,342,262,20170,628,553,51,183,155,20,382,346,33,628,553,51,Finisher,2097
Jan,Kyncl,Jan Kyncl,706,M25-29,Male,Lánov,Hradec Králové Region,Czech Republic,CZ,0:32:18,2:35:17,2:20:22,0:05:13,0:03:01,5:36:11,1938,9317,8422,313,181,20171,629,554,86,251,209,28,226,207,26,629,554,86,Finisher,1963
Oldřich,Vaňkát,Oldřich Vaňkát,1839,M30-34,Male,Hradec Králové,Hradec Králové Region,Czech Republic,CZ,0:38:16,2:46:53,1:57:47,0:08:18,0:05:02,5:36:16,2296,10013,7067,498,302,20176,630,555,86,793,657,92,648,581,78,630,555,86,Finisher,2074
Filip,Dobrovolný,Filip Dobrovolný,467,M35-39,Male,Blansko,South Moravian Region,Czech Republic,CZ,0:34:51,2:54:53,1:55:41,0:06:54,0:04:02,5:36:22,2091,10493,6941,414,242,20182,631,556,104,458,388,66,726,643,116,631,556,104,Finisher,1893
Sina,Schuldt,Sina Schuldt,1003,F30-34,Female,Hamburg,DE-HH,Germany,DE,0:41:00,2:49:48,1:55:02,0:06:49,0:03:49,5:36:28,2460,10188,6902,409,229,20188,632,76,12,1031,186,26,757,91,15,632,76,12,Finisher,2535
Lukáš,Knop,Lukáš Knop,711,M45-49,Male,Hradec Králové,Hradec Králové Region,Czech Republic,CZ,0:41:48,2:42:29,2:00:58,0:07:02,0:04:11,5:36:29,2508,9749,7258,422,251,20189,633,557,52,1095,895,89,598,540,54,633,557,52,Finisher,2092
Sebastian,Fajkus,Sebastian Fajkus,399,M25-29,Male,Brno,South Moravian Region,Czech Republic,CZ,0:38:35,2:49:25,1:55:05,0:07:21,0:06:03,5:36:30,2315,10165,6905,441,363,20190,634,558,87,829,687,99,700,623,94,634,558,87,Finisher,1958
Vojtech,Drábek,Vojtech Drábek,579,M25-29,Male,Prague,Prague,Czech Republic,CZ,0:46:40,2:47:46,1:52:32,0:06:32,0:03:09,5:36:39,2800,10066,6752,392,189,20199,635,559,88,1394,1128,183,841,733,110,635,559,88,Finisher,1955
Ján,Jesenský,Ján Jesenský,1586,M30-34,Male,Martin ,Martin ,Slovakia,SK,0:42:06,2:50:41,1:52:05,0:07:14,0:04:38,5:36:44,2526,10241,6725,434,278,20204,636,560,87,1127,919,132,816,710,98,636,560,87,Finisher,2065
Katerina,Krátká,Katerina Krátká,849,F18-24,Female,Praha 4,Prague,Czech Republic,CZ,0:30:24,2:53:47,2:05:21,0:03:52,0:03:21,5:36:45,1824,10427,7521,232,201,20205,637,77,11,150,27,4,523,50,3,637,77,11,Finisher,2790
Michael,Pemmer,Michael Pemmer,984,M40-44,Male,Artstetten-Pöbring,foreigner,Austria,AT,0:40:56,2:35:55,2:09:04,0:06:55,0:04:02,5:36:52,2456,9355,7744,415,242,20212,638,561,67,1024,840,93,438,398,51,638,561,67,Finisher,2111
Lukáš,Musil,Lukáš Musil,1118,M40-44,Male,Hradec Králové,Hradec Králové Region,Czech Republic,CZ,0:38:30,2:48:04,1:59:05,0:06:59,0:04:16,5:36:53,2310,10084,7145,419,256,20213,639,562,68,818,678,76,650,582,71,639,562,68,Finisher,2111
Boris,Selecky,Boris Selecky,1290,M35-39,Male,Banska Bystrica,BANSKOBYSTRICKY KRAJ,Slovakia,SK,0:37:02,2:43:12,2:05:06,0:07:01,0:04:40,5:37:01,2222,9792,7506,421,280,20221,640,563,105,680,574,112,500,453,89,640,563,105,Finisher,1881
Kryštof,Hroudný,Kryštof Hroudný,585,M25-29,Male,Hradec Králové,Hradec Králové Region,Czech Republic,CZ,0:35:23,2:48:54,2:02:21,0:06:53,0:03:30,5:37:01,2123,10134,7341,413,210,20221,641,564,89,522,444,66,594,536,79,641,564,89,Finisher,1948
Petr,Moravec,Petr Moravec,252,M40-44,Male,Ostromer,Ostromer,Czech Republic,CZ,0:39:58,2:42:07,2:02:36,0:06:39,0:05:43,5:37:04,2398,9727,7356,399,343,20224,642,565,69,947,784,89,542,490,60,642,565,69,Finisher,2108
Matěj,Eberle,Matěj Eberle,1142,M25-29,Male,Velká Dobrá,CZ-203,Czech Republic,CZ,0:38:15,2:47:17,2:01:18,0:06:57,0:03:25,5:37:12,2295,10037,7278,417,205,20232,643,566,90,791,656,95,628,565,85,643,566,90,Finisher,1945
Lukáš,Dubský,Lukáš Dubský,1744,M50-54,Male,Prague,Prague,Czech Republic,CZ,0:36:46,2:45:23,2:05:00,0:05:31,0:04:43,5:37:22,2206,9923,7500,331,283,20242,644,567,48,647,546,49,512,463,45,644,567,48,Finisher,2173
Simon,Hart,Simon Hart,1610,M60-64,Male,Newbury,foreigner,United Kingdom,GB,0:34:49,2:37:56,2:15:13,0:05:37,0:03:48,5:37:23,2089,9476,8113,337,228,20243,645,568,7,453,383,7,326,299,2,645,568,7,Finisher,3080
natasha,scrivens,natasha scrivens,1495,F55-59,Female,Shipston-on-Stour,GB-ENG,United Kingdom,GB,0:33:11,2:56:54,1:57:44,0:05:50,0:03:47,5:37:26,1991,10614,7064,350,227,20246,646,78,2,321,52,1,712,82,2,646,78,2,Finisher,3237
Adam,Müller,Adam Müller,611,M18-24,Male,Klášterec nad Ohří,Ústí nad Labem Region,Czech Republic,CZ,0:36:16,2:46:28,1:59:34,0:06:27,0:08:45,5:37:31,2176,9988,7174,387,525,20251,647,569,76,586,497,76,553,500,68,647,569,76,Finisher,1798
Tomáš,Helán,Tomáš Helán,1630,M35-39,Male,Brno,South Moravian Region,Czech Republic,CZ,0:36:25,2:45:32,2:03:10,0:06:28,0:06:00,5:37:35,2185,9932,7390,388,360,20255,648,570,106,598,505,88,533,481,92,648,570,106,Finisher,1871
Adrian,Diaz Martinez,Adrian Diaz Martinez,1737,M35-39,Male,Hamburg,DE-foreigner,Spain,ES,0:30:09,2:46:09,2:11:47,0:05:13,0:04:23,5:37:41,1809,9969,7907,313,263,20261,649,571,107,139,115,14,384,348,71,649,571,107,Finisher,1869
Ethan,Gale,Ethan Gale,1333,M18-24,Male,Worcester,foreigner,United Kingdom,GB,0:37:22,2:57:10,1:49:35,0:08:18,0:05:20,5:37:45,2242,10630,6575,498,320,20265,650,572,77,707,595,87,885,770,106,650,572,77,Finisher,1794
Vlasto,Krenicky,Vlasto Krenicky,1192,M60-64,Male,Presov,SK-PV,Slovakia,SK,0:42:11,2:38:48,2:00:59,0:07:59,0:07:57,5:37:53,2531,9528,7259,479,477,20273,651,573,8,1135,927,15,545,493,7,651,573,8,Finisher,3071
Michal,Hlaváč,Michal Hlaváč,1504,M18-24,Male,"Vřesovice, Ježov, Skalka, Labuty",South Moravian Region,Czech Republic,CZ,0:35:51,2:47:24,2:04:32,0:06:18,0:03:53,5:37:57,2151,10044,7472,378,233,20277,652,574,78,558,475,67,555,502,69,652,574,78,Finisher,1790
Zdeněk,Medlík,Zdeněk Medlík,1155,M40-44,Male,Liberec,Liberec Region,Czech Republic,CZ,0:39:16,2:44:10,2:01:27,0:07:16,0:05:52,5:38:01,2356,9850,7287,436,352,20281,653,575,70,890,736,80,586,528,63,653,575,70,Finisher,2091
Jirí,Hájek,Jirí Hájek,555,M50-54,Male,Hradec Králové,Hradec Králové Region,Czech Republic,CZ,0:41:14,2:44:32,1:59:57,0:07:12,0:05:07,5:38:01,2474,9872,7197,432,307,20281,654,576,49,1049,857,79,641,575,53,654,576,49,Finisher,2161
Juraj,Sabol,Juraj Sabol,1609,M35-39,Male,Bukovec,foreigner,Slovakia,SK,0:35:15,2:36:36,2:16:27,0:04:52,0:05:03,5:38:12,2115,9396,8187,292,303,20292,655,577,108,504,431,76,297,272,53,655,577,108,Finisher,1860
Josef,Dvorák,Josef Dvorák,723,M40-44,Male,Hradec Králové,Hradec Králové Region,Czech Republic,CZ,0:37:18,2:50:48,1:59:40,0:06:17,0:04:09,5:38:12,2238,10248,7180,377,249,20292,656,578,71,704,593,67,674,602,74,656,578,71,Finisher,2087
Kateřina,Kramlová,Kateřina Kramlová,633,F50-54,Female,Náchod,CZ-523,Czech Republic,CZ,0:41:56,2:44:57,2:02:14,0:05:49,0:03:32,5:38:28,2516,9897,7334,349,212,20308,657,79,5,1109,204,17,636,64,5,657,79,5,Finisher,2923
Konrad,Półtorak,Konrad Półtorak,1093,M45-49,Male,Kielce,PL-SK,Poland,PL,0:38:33,2:48:41,1:57:20,0:07:00,0:06:58,5:38:32,2313,10121,7040,420,418,20312,658,579,53,825,684,67,671,599,62,658,579,53,Finisher,2055
Petan,Soukup,Petan Soukup,396,M35-39,Male,Praha,Prague,Czech Republic,CZ,0:43:42,2:47:36,1:57:05,0:05:59,0:04:18,5:38:41,2622,10056,7025,359,258,20321,659,580,109,1248,1015,179,749,660,119,659,580,109,Finisher,1851
Michal,Pavlik,Michal Pavlik,1665,M40-44,Male,Brandýs nad Labem-Stará Boleslav,Central Bohemian Region,Czech Republic,CZ,0:33:40,2:47:50,2:03:54,0:08:22,0:04:55,5:38:42,2020,10070,7434,502,295,20322,660,581,72,361,304,34,564,510,61,660,581,72,Finisher,2078
Patrik,Matula,Patrik Matula,1169,M25-29,Male,Vrutky,foreigner,Slovakia,SK,0:41:29,2:42:06,2:03:22,0:06:10,0:05:36,5:38:43,2489,9726,7402,370,336,20323,661,582,91,1064,870,131,561,508,74,661,582,91,Finisher,1918
Jan,Šusta,Jan Šusta,975,M45-49,Male,Staré Hradiště,foreigner,Czech Republic,CZ,0:35:17,2:39:00,2:14:30,0:05:31,0:04:34,5:38:53,2117,9540,8070,331,274,20333,662,583,54,513,436,48,359,324,32,662,583,54,Finisher,2048
Borivoj,Cejka,Borivoj Cejka,891,M45-49,Male,Chrudim,Pardubice Region,Czech Republic,CZ,0:40:07,2:44:15,2:05:38,0:05:55,0:03:03,5:38:59,2407,9855,7538,355,183,20339,663,584,55,959,793,83,577,519,51,663,584,55,Finisher,2047
David,Pouc,David Pouc,1158,M45-49,Male,Hradec Králové,Hradec Králové Region,Czech Republic,CZ,0:40:33,2:44:21,2:04:33,0:06:01,0:03:33,5:39:01,2433,9861,7473,361,213,20341,664,585,56,998,820,84,590,532,53,664,585,56,Finisher,2046
Kateřina,Hladíková,Kateřina Hladíková,1669,F25-29,Female,Hradec Králové,Hradec Králové Region,Czech Republic,CZ,0:37:45,2:58:46,1:51:56,0:06:59,0:03:38,5:39:05,2265,10726,6716,419,218,20345,665,80,11,747,123,25,908,119,17,665,80,11,Finisher,2431
Markéta,Kretínská,Markéta Kretínská,694,F25-29,Female,Luleč,South Moravian Region,Czech Republic,CZ,0:29:24,2:55:48,2:05:52,0:04:46,0:03:17,5:39:07,1764,10548,7552,286,197,20347,666,81,12,110,18,3,567,55,7,666,81,12,Finisher,2430
Milan,Kejda,Milan Kejda,1806,M18-24,Male,Poděbrady,Central Bohemia,Czech Republic,CZ,0:50:32,2:44:34,1:54:38,0:05:28,0:03:56,5:39:08,3032,9874,6878,328,236,20348,667,586,79,1485,1201,185,832,725,96,667,586,79,Finisher,1769
Martin,Stiborek,Martin Stiborek,766,M50-54,Male,Prague,Prague,Czech Republic,CZ,0:32:47,3:00:24,1:53:45,0:06:18,0:05:56,5:39:11,1967,10824,6825,378,356,20351,668,587,50,292,244,24,801,696,65,668,587,50,Finisher,2140
Michal,Repašský,Michal Repašský,1106,M40-44,Male,Štrba,PRESOVSKY KRAJ,Slovakia,SK,0:37:01,2:48:44,2:01:17,0:06:24,0:05:45,5:39:11,2221,10124,7277,384,345,20351,669,588,73,675,569,65,621,559,69,669,588,73,Finisher,2070
Lucie,Dopitová ,Lucie Dopitová,1560,F30-34,Female,Přáslavice,Olomouc Region,Czech Republic,CZ,0:38:11,2:53:03,1:58:03,0:05:47,0:04:08,5:39:12,2291,10383,7083,347,248,20352,670,82,13,786,135,18,742,89,14,670,82,13,Finisher,2486
Erik,Eger,Erik Eger,1221,M25-29,Male,Pilsen,South Bohemian Region,Czech Republic,CZ,0:45:54,2:49:41,1:51:56,0:07:41,0:04:00,5:39:13,2754,10181,6716,461,240,20353,671,589,92,1364,1101,175,898,781,119,671,589,92,Finisher,1909
Pavel,Jež,Pavel Jež,263,M40-44,Male,,Moravian-Silesian Region,Czech Republic,CZ,0:43:39,2:40:49,2:04:34,0:06:29,0:03:46,5:39:17,2619,9649,7474,389,226,20357,672,590,74,1244,1011,111,593,535,65,672,590,74,Finisher,2068
Jana,Rašková,Jana Rašková,755,F40-44,Female,Prague,Prague,Czech Republic,CZ,0:37:18,3:05:52,1:43:07,0:07:49,0:05:17,5:39:23,2238,11152,6187,469,317,20363,673,83,14,705,112,17,1075,153,22,673,83,14,Finisher,2645
Nóra,Vándor,Nóra Vándor,1411,F50-54,Female,Keszthely,foreigner,Hungary,HU,0:37:27,2:49:41,2:02:16,0:04:56,0:05:06,5:39:27,2247,10181,7336,296,306,20367,674,84,6,714,115,9,620,62,4,674,84,6,Finisher,2905
Filip,Polák,Filip Polák,394,M25-29,Male,Rabštejnská Lhota,Pardubice Region,Czech Republic,CZ,0:41:48,2:47:18,1:58:20,0:06:48,0:05:15,5:39:29,2508,10038,7100,408,315,20369,675,591,93,1093,893,138,711,630,96,675,591,93,Finisher,1904
David,Dobias,David Dobias,910,M45-49,Male,Praha,Prague,Czech Republic,CZ,0:36:34,2:36:14,2:15:56,0:05:19,0:05:32,5:39:36,2194,9374,8156,319,332,20376,676,592,57,623,525,52,319,293,31,676,592,57,Finisher,2036
Scott,Isaacs,Scott Isaacs,1242,M50-54,Male,Leighton Buzzard,Beds,United Kingdom,GB,0:40:50,2:54:13,1:50:31,0:06:28,0:07:41,5:39:42,2450,10453,6631,388,461,20382,677,593,51,1019,838,77,852,743,67,677,593,51,Finisher,2131
Marcus,Jacoangeli,Marcus Jacoangeli,1261,M60-64,Male,Berlin,foreigner,Germany,DE,0:34:18,2:52:00,2:03:01,0:06:56,0:03:28,5:39:43,2058,10320,7381,416,208,20383,678,594,9,405,343,3,645,578,9,678,594,9,Finisher,3038
Adam,Suchanek,Adam Suchanek,1049,M50-54,Male,,Moravian-Silesian Region,Czech Republic,CZ,0:38:57,2:54:26,1:51:35,0:08:18,0:06:32,5:39:48,2337,10466,6695,498,392,20388,679,595,52,864,716,67,857,748,68,679,595,52,Finisher,2129
Jakub,Konrád,Jakub Konrád,951,M35-39,Male,Praha 5 - Motol,Prague,Czech Republic,CZ,0:36:49,2:55:18,1:58:29,0:05:59,0:03:18,5:39:53,2209,10518,7109,359,198,20393,680,596,110,651,550,105,764,670,123,680,596,110,Finisher,1830
Tomáš,Libnar,Tomáš Libnar,1668,M50-54,Male,Hrádek nad Nisou,Liberec Region,Czech Republic,CZ,0:32:09,2:48:02,2:08:20,0:06:24,0:05:02,5:39:58,1929,10082,7700,384,302,20398,681,597,53,244,202,19,484,441,42,681,597,53,Finisher,2126
Filip,Lednický,Filip Lednický,1587,M25-29,Male,Nová Dubnica,foreigner,Slovakia,SK,0:51:20,2:53:53,1:42:14,0:07:27,0:05:11,5:40:04,3080,10433,6134,447,311,20404,682,598,94,1500,1214,196,1103,946,151,682,598,94,Finisher,1893
Matouš,Prachař,Matouš Prachař,241,M25-29,Male,Brno,South Moravian Region,Czech Republic,CZ,0:36:48,2:48:52,2:03:25,0:07:01,0:04:00,5:40:06,2208,10132,7405,421,240,20406,683,599,95,650,549,80,635,572,86,683,599,95,Finisher,1893
Anna,Pawlok,Anna Pawlok,161,F35-39,Female,Katowice,śląskie,Poland,PL,0:33:48,2:53:08,2:02:40,0:05:17,0:05:15,5:40:07,2028,10388,7360,317,315,20407,684,85,11,371,58,7,624,63,9,684,85,11,Finisher,2464
Kamil,Marták,Kamil Marták,448,M35-39,Male,Prague,Prague,Slovakia,SK,0:39:09,2:49:26,1:55:35,0:08:49,0:07:13,5:40:12,2349,10166,6935,529,433,20412,685,600,111,880,730,133,752,662,120,685,600,111,Finisher,1824
Isak Areklett,Norebø,Isak Areklett Norebø,1758,M25-29,Male,Bergen,foreigner,Norway,NO,0:41:46,2:47:03,1:57:19,0:08:09,0:05:58,5:40:15,2506,10023,7039,489,358,20415,686,601,96,1090,891,137,739,652,101,686,601,96,Finisher,1890
Dusan,Horak,Dusan Horak,1572,M50-54,Male,Libochovice,Zlín Region,Czech Republic,CZ,0:38:29,2:50:44,1:58:55,0:06:51,0:05:17,5:40:16,2309,10244,7135,411,317,20416,687,602,54,816,676,62,714,632,60,687,602,54,Finisher,2121
Jan,Měchura,Jan Měchura,1620,M35-39,Male,Suchomasty,Central Bohemian Region,Czech Republic,CZ,0:42:36,2:56:28,1:50:32,0:06:07,0:04:35,5:40:17,2556,10588,6632,367,275,20417,688,603,112,1166,953,167,943,814,144,688,603,112,Finisher,1823
Vojtech,Porizek,Vojtech Porizek,236,M18-24,Male,Loukov,Zlín,Czech Republic,CZ,0:37:27,2:52:18,1:59:39,0:07:03,0:03:52,5:40:20,2247,10338,7179,423,232,20420,689,604,80,713,599,88,734,649,91,689,604,80,Finisher,1747
Ondrej,Prouza,Ondrej Prouza,1372,M40-44,Male,Říčany,Central Bohemian Region,Czech Republic,CZ,0:41:38,2:46:05,2:00:56,0:07:41,0:04:00,5:40:21,2498,9965,7256,461,240,20421,690,605,75,1080,883,96,704,626,76,690,605,75,Finisher,2049
Vojtěch,Dyntera,Vojtěch Dyntera,900,M25-29,Male,Mlada Boleslav,CZ-STREDOCESKY KRAJ,Czech Republic,CZ,0:41:34,2:58:14,1:46:51,0:08:20,0:05:22,5:40:22,2494,10694,6411,500,322,20422,691,606,97,1073,876,133,1008,867,134,691,606,97,Finisher,1888
Martin,Běhal,Martin Běhal,452,M25-29,Male,Častolovice,Hradec Králové Region,Czech Republic,CZ,0:30:26,2:32:08,2:28:41,0:05:41,0:03:29,5:40:25,1826,9128,8921,341,209,20425,692,607,98,152,124,16,152,137,17,692,607,98,Finisher,1887
Filip,Hanus,Filip Hanus,1207,M30-34,Male,Prague,Prague,Czech Republic,CZ,0:43:47,2:45:22,2:02:06,0:06:06,0:03:23,5:40:44,2627,9922,7326,366,203,20444,693,608,88,1254,1020,154,696,619,84,693,608,88,Finisher,1993
Pavel,Neprášek,Pavel Neprášek,1060,M40-44,Male,Ústí Nad Labem,Ústí nad Labem Region,Czech Republic,CZ,0:31:40,2:49:04,2:10:05,0:06:05,0:03:52,5:40:45,1900,10144,7805,365,232,20445,694,609,76,211,177,18,488,444,56,694,609,76,Finisher,2042
Simon,Konewka,Simon Konewka,370,M30-34,Male,Brno,South Moravian Region,Czech Republic,CZ,0:41:56,2:45:26,2:00:22,0:07:11,0:05:50,5:40:45,2516,9926,7222,431,350,20445,695,610,89,1108,905,130,678,604,83,695,610,89,Finisher,1993
Jan,Orel,Jan Orel,791,M30-34,Male,Brno,South Bohemian Region,Czech Republic,CZ,0:42:23,2:55:24,1:52:18,0:07:31,0:03:15,5:40:51,2543,10524,6738,451,195,20451,696,611,90,1149,940,138,947,818,121,696,611,90,Finisher,1991
Jan,Šedý,Jan Šedý,1028,M30-34,Male,Lesní Hluboké,South Moravian Region,Czech Republic,CZ,0:38:46,2:55:20,1:57:40,0:05:59,0:03:08,5:40:52,2326,10520,7060,359,188,20452,697,612,91,842,699,99,818,712,99,697,612,91,Finisher,1991
Matěj,Blaha,Matěj Blaha,1438,M25-29,Male,Prague,Prague,Czech Republic,CZ,0:44:00,2:52:52,1:50:26,0:08:56,0:04:38,5:40:52,2640,10372,6626,536,278,20452,698,613,99,1274,1036,158,961,829,129,698,613,99,Finisher,1879
Hana,Lagdanova,Hana Lagdanova,283,F40-44,Female,Otrokovice,South Moravian Region,Czech Republic,CZ,0:33:20,3:05:07,1:53:25,0:06:12,0:02:51,5:40:55,2000,11107,6805,372,171,20455,699,86,15,332,53,7,934,127,20,699,86,15,Finisher,2618
Tomáš,Hotovec,Tomáš Hotovec,577,M18-24,Male,Praha,Prague,Czech Republic,CZ,0:32:19,2:40:25,2:19:48,0:05:15,0:03:17,5:41:03,1939,9625,8388,315,197,20463,700,614,81,252,210,36,316,290,39,700,614,81,Finisher,1734
Adam,Odcházel,Adam Odcházel,1675,M25-29,Male,Česká,South Moravian Region,Czech Republic,CZ,0:44:30,2:54:46,1:45:24,0:10:33,0:05:57,5:41:10,2670,10486,6324,633,357,20470,701,615,100,1314,1066,167,1050,904,142,701,615,100,Finisher,1874
Oscar,Lindner,Oscar Lindner,1176,M25-29,Male,Linz,foreigner,Austria,AT,0:41:27,2:56:04,1:55:14,0:05:01,0:03:26,5:41:12,2487,10564,6914,301,206,20472,702,616,101,1060,867,130,876,762,115,702,616,101,Finisher,1873
Františka,Makovská,Františka Makovská,341,F18-24,Female,Hradec Králové,Hradec Králové Region,Czech Republic,CZ,0:28:56,3:00:01,2:02:42,0:04:35,0:04:59,5:41:13,1736,10801,7362,275,299,20473,703,87,12,93,17,2,649,68,10,703,87,12,Finisher,2710
Roman,Procházka,Roman Procházka,117,M50-54,Male,Kolín 2,foreigner,Czech Republic,CZ,0:40:35,2:48:02,2:01:34,0:06:29,0:04:45,5:41:24,2435,10082,7294,389,285,20484,704,617,55,1005,826,76,691,615,58,704,617,55,Finisher,2100
Martin,Štochl,Martin Štochl,1370,M35-39,Male,Domousnice,Central Bohemian Region,Czech Republic,CZ,0:45:58,2:44:44,2:00:20,0:06:25,0:04:08,5:41:35,2758,9884,7220,385,248,20495,705,618,113,1369,1106,193,745,656,118,705,618,113,Finisher,1799
Dávid,Várady,Dávid Várady,1808,M45-49,,Kosice,foreigner,Slovakia,SK,0:38:12,2:46:54,2:05:42,0:06:34,0:04:17,5:41:39,2292,10014,7542,394,257,20499,706,619,58,787,652,63,608,548,56,706,619,58,Finisher,1999
Jan,Štábl,Jan Štábl,272,M30-34,Male,Šlapanice,South Moravian Region,Czech Republic,CZ,0:26:04,3:06:56,2:00:17,0:04:28,0:03:56,5:41:41,1564,11216,7217,268,236,20501,707,620,92,36,32,2,754,664,88,707,620,92,Finisher,1976
Šimon,Prchlík,Šimon Prchlík,1707,M18-24,Male,Prague,Prague,Czech Republic,CZ,0:44:29,2:59:18,1:46:16,0:06:23,0:05:21,5:41:47,2669,10758,6376,383,321,20507,708,621,82,1308,1060,163,1058,911,125,708,621,82,Finisher,1721
Lucie,Hanušová,Lucie Hanušová,1743,F45-49,Female,Praha 10,Prague,Czech Republic,CZ,0:36:04,2:54:28,2:02:47,0:05:04,0:03:33,5:41:55,2164,10468,7367,304,213,20515,709,88,6,575,86,5,707,79,7,709,88,6,Finisher,2719
Jan,Mrkos,Jan Mrkos,1677,M25-29,Male,Brno,Central Bohemian Region,Czech Republic,CZ,0:39:05,2:53:24,1:56:56,0:06:28,0:06:05,5:41:59,2345,10404,7016,388,365,20519,710,622,102,874,724,106,785,684,104,710,622,102,Finisher,1859
Damian,Onuchowski,Damian Onuchowski,1615,M55-59,Male,ŻARY,,Poland,PL,0:35:33,2:42:17,2:15:35,0:05:02,0:03:35,5:42:02,2133,9737,8135,302,215,20522,711,623,17,531,453,15,421,381,14,711,623,17,Finisher,2524
Ladislav,Pichl,Ladislav Pichl,996,M25-29,Male,Stodůlky,Prague,Czech Republic,CZ,0:35:09,3:00:16,1:50:40,0:09:51,0:06:12,5:42:08,2109,10816,6640,591,372,20528,712,624,103,491,419,61,946,817,127,712,624,103,Finisher,1856
Melanie,Matheis,Melanie Matheis,581,F45-49,Female,Schönau am Königssee,foreigner,Germany,DE,0:40:28,2:51:07,2:01:41,0:05:47,0:03:04,5:42:08,2428,10267,7301,347,184,20528,713,89,7,992,176,16,751,90,9,713,89,7,Finisher,2715
Vratislav,Souček,Vratislav Souček,1384,M30-34,Male,Prague,Prague,Czech Republic,CZ,0:38:05,2:54:58,1:59:29,0:05:46,0:03:59,5:42:17,2285,10498,7169,346,239,20537,714,625,93,776,645,89,782,681,91,714,625,93,Finisher,1965
Alena,Nekulova,Alena Nekulova,536,F45-49,Female,Prag,Prag,Czech Republic,CZ,0:40:53,2:57:00,1:53:15,0:06:22,0:04:50,5:42:20,2453,10620,6795,382,290,20540,715,90,8,1023,184,18,922,124,12,715,90,8,Finisher,2711
Martin,Severa,Martin Severa,1165,M18-24,Male,Řepníky,Pardubice Region,Czech Republic,CZ,0:39:13,2:56:30,1:53:07,0:07:12,0:06:25,5:42:27,2353,10590,6787,432,385,20547,716,626,83,889,735,110,890,774,107,716,626,83,Finisher,1709
Lukáš,Vrtný,Lukáš Vrtný,738,M30-34,Male,Hukvaldy,Moravian-Silesian Region,Czech Republic,CZ,0:43:35,2:49:36,1:58:03,0:06:38,0:04:37,5:42:29,2615,10176,7083,398,277,20549,717,627,94,1241,1010,150,811,706,96,717,627,94,Finisher,1962
Marek,Duchoslav,Marek Duchoslav,605,M35-39,Male,Hořovice,Central Bohemian Region,Czech Republic,CZ,0:42:06,2:57:55,1:52:24,0:06:59,0:03:15,5:42:39,2526,10675,6744,419,195,20559,718,628,114,1125,917,160,983,847,151,718,628,114,Finisher,1780
Tomáš,"Vajnar,","Tomáš Vajnar,",1515,M25-29,Male,Ústí nad Labem,Ústí nad Labem Region,Czech Republic,CZ,0:44:09,2:47:43,2:03:55,0:04:50,0:02:18,5:42:55,2649,10063,7435,290,138,20575,719,629,104,1282,1041,161,728,644,99,719,629,104,Finisher,1842
Lubor,Teplý,Lubor Teplý,968,M50-54,Male,Pardubice,Pardubice Region,Czech Republic,CZ,0:42:30,2:44:40,2:02:39,0:07:35,0:05:36,5:43:01,2550,9880,7359,455,336,20581,720,630,56,1158,947,84,681,606,56,720,630,56,Finisher,2071
Kateřina,Táborská,Kateřina Táborská,509,F25-29,Female,Hradec Králové,Hradec Králové Region,Czech Republic,CZ,0:31:48,2:59:01,1:58:25,0:06:52,0:07:01,5:43:06,1908,10741,7105,412,421,20586,721,91,13,222,37,7,758,92,12,721,91,13,Finisher,2359
Marťas,Műller,Marťas Műller,433,M40-44,Male,Vlasatice,South Moravian Region,Czech Republic,CZ,0:31:09,2:54:31,2:04:11,0:06:23,0:06:52,5:43:06,1869,10471,7451,383,412,20586,722,631,77,187,159,15,619,558,68,722,631,77,Finisher,1999
Martin,Barták,Martin Barták,615,M30-34,Male,Prague,Prague,Czech Republic,CZ,0:41:24,2:49:30,1:56:28,0:08:56,0:06:49,5:43:08,2484,10170,6988,536,409,20588,723,632,95,1056,863,126,813,707,97,723,632,95,Finisher,1950
Martin,Světinsky,Martin Světinsky,1625,M45-49,Male,Dolní Němčí,Zlín Region,Czech Republic,CZ,0:40:01,2:46:10,2:05:24,0:06:51,0:04:49,5:43:13,2401,9970,7524,411,289,20593,724,633,59,949,786,82,642,576,58,724,633,59,Finisher,1970
Kristina,Turcianska,Kristina Turcianska,1822,F35-39,Female,Hamilton,,Czech Republic,CZ,0:41:02,2:47:13,2:03:32,0:05:47,0:05:42,5:43:15,2462,10033,7412,347,342,20595,725,92,12,1033,188,25,663,71,11,725,92,12,Finisher,2408
Štěpán,Jirovský,Štěpán Jirovský,1369,M18-24,Male,Mníšek pod Brdy,Central Bohemian Region,Czech Republic,CZ,0:34:38,2:43:03,2:16:17,0:06:29,0:02:54,5:43:22,2078,9783,8177,389,174,20602,726,634,84,438,373,57,443,403,50,726,634,84,Finisher,1693
Barbora,Horká ,Barbora Horká,544,F30-34,Female,Brno,South Moravian Region,Czech Republic,CZ,0:35:04,2:50:08,2:06:45,0:06:10,0:05:15,5:43:22,2104,10208,7605,370,315,20602,727,93,14,480,72,8,599,59,10,727,93,14,Finisher,2411
Jan,Halounek,Jan Halounek,1166,M55-59,Male,Dobřichovice,,Czech Republic,CZ,0:40:04,2:53:24,2:00:26,0:06:17,0:03:13,5:43:24,2404,10404,7226,377,193,20604,728,635,18,952,788,27,810,705,26,728,635,18,Finisher,2499
Martin,Žaloudek,Martin Žaloudek,663,M18-24,,Hradec Králové,Hradec Králové Region,Czech Republic,CZ,0:39:20,2:49:37,2:02:32,0:06:31,0:05:27,5:43:27,2360,10177,7352,391,327,20607,729,636,85,898,743,112,705,627,87,729,636,85,Finisher,1691
Jakub,Klimeš,Jakub Klimeš,1581,M18-24,Male,Boršov nad Vltavou,South Bohemian Region,Czech Republic,CZ,0:47:17,2:54:42,1:48:00,0:09:29,0:04:01,5:43:29,2837,10482,6480,569,241,20609,730,637,86,1410,1141,175,1083,929,130,730,637,86,Finisher,1691
Ihor,Baranik,Ihor Baranik,1804,M40-44,Male,ukr,foreigner,Ukraine,UA,0:38:27,2:51:47,2:00:22,0:07:05,0:05:55,5:43:37,2307,10307,7222,425,355,20617,731,638,78,811,672,74,750,661,82,731,638,78,Finisher,1990
Lenka,Bartošová,Lenka Bartošová,403,F30-34,,Prague,Prague,Czech Republic,CZ,0:40:19,2:52:59,1:55:02,0:09:33,0:06:01,5:43:54,2419,10379,6902,573,361,20634,732,94,15,977,171,23,886,116,18,732,94,15,Finisher,2401
David,Bečvář,David Bečvář,430,M25-29,Male,Prague,Hlavní město Praha,Czech Republic,CZ,0:45:28,2:59:45,1:44:13,0:08:05,0:06:27,5:43:58,2728,10785,6253,485,387,20638,733,639,105,1352,1091,173,1119,961,154,733,639,105,Finisher,1823
David,Řihánek,David Řihánek,825,M30-34,Male,"Věteřov, Kyjov, Sobůlky",South Moravian Region,Czech Republic,CZ,0:35:54,2:55:59,1:58:58,0:08:18,0:04:52,5:44:01,2154,10559,7138,498,292,20641,734,640,96,562,479,65,821,715,100,734,640,96,Finisher,1934
Petr,Florian,Petr Florian,1552,M50-54,Male,Tabor,CZ-31,Czech Republic,CZ,0:30:26,2:51:27,2:11:23,0:04:57,0:05:51,5:44:04,1826,10287,7883,297,351,20644,735,641,57,153,125,12,489,445,43,735,641,57,Finisher,2052
Daniela,Treglerová,Daniela Treglerová,1823,F30-34,Female,PRAHA 10,Prague,Czech Republic,CZ,0:41:57,3:13:27,1:37:25,0:07:01,0:04:15,5:44:05,2517,11607,5845,421,255,20645,736,95,16,1111,205,31,1252,194,30,736,95,16,Finisher,2398
Filip,Zadražil,Filip Zadražil,751,M25-29,Male,Jablonec nad Nisou,Liberec Region,Czech Republic,CZ,0:33:51,2:55:42,2:04:19,0:05:47,0:04:27,5:44:06,2031,10542,7459,347,267,20646,737,642,106,375,317,42,699,622,93,737,642,106,Finisher,1821
Martin,Kadlec,Martin Kadlec,812,M30-34,Male,Brno,South Moravian Region,Czech Republic,CZ,0:35:55,2:51:15,2:07:56,0:05:38,0:03:24,5:44:08,2155,10275,7676,338,204,20648,738,643,97,563,480,66,639,573,77,738,643,97,Finisher,1932
Christian,Urich,Christian Urich,877,M60-64,Female,TULLN,,Austria,AT,0:38:01,2:49:39,2:06:16,0:06:45,0:03:39,5:44:19,2281,10179,7576,405,219,20659,739,644,10,772,641,11,675,603,10,739,644,10,Finisher,2955
Arno,Jandl,Arno Jandl,550,M50-54,Male,Linz,AT-4,Austria,AT,0:38:21,2:49:21,2:04:15,0:07:08,0:05:13,5:44:19,2301,10161,7455,428,313,20659,740,645,58,802,665,58,683,608,57,740,645,58,Finisher,2048
Vojtech,Poriz,Vojtech Poriz,475,M25-29,Male,Holesovice,Prague,Czech Republic,CZ,0:38:02,2:56:41,1:55:55,0:08:16,0:05:32,5:44:26,2282,10601,6955,496,332,20666,741,646,107,773,642,92,891,775,116,741,646,107,Finisher,1815
Miroslav,Prochazka,Miroslav Prochazka,228,M45-49,Male,Brno,South Moravian Region,Czech Republic,CZ,0:34:18,3:01:16,2:00:10,0:05:01,0:03:51,5:44:35,2058,10876,7210,301,231,20675,742,647,60,406,344,39,831,724,72,742,647,60,Finisher,1946
Daniel,Kastl,Daniel Kastl,1282,M25-29,Male,Frankfurt am Main,foreigner,Germany,DE,0:44:09,2:58:10,1:52:01,0:06:47,0:03:30,5:44:37,2649,10690,6721,407,210,20677,743,648,108,1283,1042,162,1033,889,139,743,648,108,Finisher,1811
Filip,Holčapek,Filip Holčapek,388,M18-24,Male,Ráby,Pardubice Region,Czech Republic,CZ,0:38:34,2:48:48,2:05:58,0:07:28,0:03:54,5:44:42,2314,10128,7558,448,234,20682,744,649,87,827,686,103,682,607,83,744,649,87,Finisher,1669
Michael,Belli,Michael Belli,596,M55-59,Male,Praha 2,Prague,United States,US,0:36:20,2:48:42,2:08:48,0:06:25,0:04:34,5:44:49,2180,10122,7728,385,274,20689,745,650,19,593,502,21,601,542,20,745,650,19,Finisher,2474
Jindrich,Bydžovský,Jindrich Bydžovský,778,M50-54,Male,Wien,foreigner,Czech Republic,CZ,0:31:37,2:46:03,2:17:15,0:05:16,0:04:41,5:44:52,1897,9963,8235,316,281,20692,746,651,59,210,176,17,422,382,35,746,651,59,Finisher,2038
Christián,Kajaba,Christián Kajaba,1739,M30-34,Male,Prague,Prague,Czech Republic,CZ,0:40:36,2:45:27,2:07:44,0:06:29,0:04:47,5:45:02,2436,9927,7664,389,287,20702,747,652,98,1007,828,122,630,567,75,747,652,98,Finisher,1916
Jiří ,Kaláb ,Jiří Kaláb,669,M35-39,Male,Podivín,South Moravian Region,Czech Republic,CZ,0:43:23,2:53:34,1:58:22,0:05:37,0:04:09,5:45:05,2603,10414,7102,337,249,20705,748,653,115,1225,997,175,877,763,134,748,653,115,Finisher,1736
Jakub,Vít,Jakub Vít,529,M25-29,Male,Újezdeček,Ústí nad Labem Region,Czech Republic,CZ,0:34:45,2:53:14,2:06:17,0:05:59,0:05:04,5:45:19,2085,10394,7577,359,304,20719,749,654,109,444,379,53,660,590,89,749,654,109,Finisher,1799
Jakub ,Žižka,Jakub Žižka,477,M25-29,Male,Hradec Králové,Hradec Králové Region,Czech Republic,CZ,0:44:26,2:51:27,1:59:43,0:06:23,0:03:27,5:45:27,2666,10287,7183,383,207,20727,750,655,110,1306,1058,164,872,758,114,750,655,110,Finisher,1796
Tibor,Horáček,Tibor Horáček,217,M18-24,Male,Veselí nad Moravou,South Moravian Region,Czech Republic,CZ,0:42:06,2:52:00,2:01:28,0:05:57,0:03:59,5:45:31,2526,10320,7288,357,239,20731,751,656,88,1126,918,139,817,711,95,751,656,88,Finisher,1654
Jan,Neumann,Jan Neumann,562,M35-39,Male,Hradec Králové,,Czech Republic,CZ,0:28:51,3:06:04,1:59:25,0:06:25,0:04:51,5:45:36,1731,11164,7165,385,291,20736,752,657,116,90,74,7,848,739,133,752,657,116,Finisher,1727
Roman,Keval,Roman Keval,700,M35-39,Male,Ostrava,,Czech Republic,CZ,0:36:38,2:47:53,2:10:32,0:06:12,0:04:22,5:45:37,2198,10073,7832,372,262,20737,753,658,117,629,530,96,587,529,101,753,658,117,Finisher,1727
Thomas,Hooyberghs ,Thomas Hooyberghs,1537,M30-34,Male,Eindhoven,Noord-Brabant,Belgium,BE,0:37:00,2:59:34,1:52:31,0:09:21,0:07:14,5:45:39,2220,10774,6751,561,434,20739,754,659,99,673,568,73,963,831,125,754,659,99,Finisher,1905
Alan,Czyzykowski,Alan Czyzykowski,1286,M25-29,Male,Dublin,IE-foreigner,Ireland,IE,0:45:00,2:51:23,1:55:57,0:08:08,0:05:14,5:45:41,2700,10283,6957,488,314,20741,755,660,111,1333,1081,171,926,802,123,755,660,111,Finisher,1792
Gabriela,Nováková,Gabriela Nováková,1686,F45-49,Female,Prague,Prague,Czech Republic,CZ,0:36:21,2:58:15,1:59:50,0:07:36,0:03:49,5:45:51,2181,10695,7190,456,229,20751,756,96,9,594,92,6,870,114,10,756,96,9,Finisher,2648
Stephanie,Nusterer,Stephanie Nusterer,1775,F45-49,Female,Sankt Poelten,foreigner,Austria,AT,0:38:51,2:49:47,2:04:52,0:06:28,0:05:54,5:45:53,2331,10187,7492,388,354,20753,757,97,10,850,145,12,693,77,6,757,97,10,Finisher,2647
Mikuláš,Knotek,Mikuláš Knotek,1712,M30-34,Male,Praha,Prague,Czech Republic,CZ,0:37:51,2:54:56,2:02:51,0:06:16,0:04:00,5:45:54,2271,10496,7371,376,240,20754,758,661,100,759,631,86,788,687,92,758,661,100,Finisher,1900
Tereza,Mikysková,Tereza Mikysková,256,F25-29,Female,Jablonné nad Orlicí,Pardubice Region,Czech Republic,CZ,0:39:13,2:52:28,2:04:44,0:05:01,0:04:37,5:46:02,2353,10348,7484,301,277,20762,759,98,14,886,153,30,727,84,11,759,98,14,Finisher,2306
Petr,Rouša,Petr Rouša,1570,M35-39,Male,Prague,Prague,Czech Republic,CZ,0:43:26,2:57:51,1:51:27,0:07:24,0:06:01,5:46:10,2606,10671,6687,444,361,20770,760,662,118,1230,1001,176,1027,883,160,760,662,118,Finisher,1717
Lukáš,Friedrich,Lukáš Friedrich,486,M45-49,Male,Soběslav,Jihočeský kraj,Czech Republic,CZ,0:35:16,2:44:15,2:14:24,0:07:57,0:04:25,5:46:17,2116,9855,8064,477,265,20777,761,663,61,508,434,47,505,456,46,761,663,61,Finisher,1915
Veronika,Pohankova,Veronika Pohankova,1492,F35-39,Female,Jaromer,Hradec Králové Region,Czech Republic,CZ,0:33:32,2:54:21,2:08:40,0:05:41,0:04:03,5:46:17,2012,10461,7720,341,243,20777,762,99,13,349,56,5,651,69,10,762,99,13,Finisher,2353
Jan,Klimek,Jan Klimek,1519,M30-34,Male,Drásov,Central Bohemian Region,Czech Republic,CZ,0:40:31,3:02:05,1:52:44,0:07:10,0:03:52,5:46:21,2431,10925,6764,430,232,20781,763,664,101,996,818,119,1049,903,134,763,664,101,Finisher,1892
Tobias,Müllner,Tobias Müllner,406,M30-34,Male,Vienna,Vienna,Austria,AT,0:45:22,2:47:56,1:59:58,0:08:40,0:04:36,5:46:32,2722,10076,7198,520,276,20792,764,665,102,1350,1090,164,865,754,107,764,665,102,Finisher,1889
Petr,Gápa,Petr Gápa,440,M40-44,Male,Hradec Králové,Hradec Králové Region,Czech Republic,CZ,0:35:42,2:58:57,2:00:01,0:07:14,0:04:47,5:46:42,2142,10737,7201,434,287,20802,765,666,79,550,467,52,863,752,96,765,666,79,Finisher,1934
Filip,Řehák,Filip Řehák,1141,M25-29,Male,Lhota pod Libčany,Hradec Králové Region,Czech Republic,CZ,0:40:44,2:50:04,2:05:49,0:05:58,0:04:11,5:46:46,2444,10204,7549,358,251,20806,766,667,112,1014,834,120,731,646,100,766,667,112,Finisher,1773
Michal,Žák,Michal Žák,1443,M35-39,Male,Hradec Králové,Hradec Králové Region,Czech Republic,CZ,0:43:47,2:52:05,1:59:50,0:07:10,0:04:01,5:46:52,2627,10325,7190,430,241,20812,767,668,119,1255,1021,181,892,776,137,767,668,119,Finisher,1704
Diego,Valdivia,Diego Valdivia,1397,M35-39,Male,Brussels,BRUSSELS HOOFDSTEDELIJK GEWEST,Peru,PE,0:53:02,2:46:51,1:55:32,0:07:31,0:03:58,5:46:53,3182,10011,6932,451,238,20813,768,669,120,1510,1221,206,990,854,154,768,669,120,Finisher,1704
Jan,Pohlodek,Jan Pohlodek,1425,M45-49,Male,Hodkovice nad Mohelkou,Liberec Region,Czech Republic,CZ,0:44:47,2:54:36,1:55:00,0:07:54,0:04:42,5:47:00,2687,10476,6900,474,282,20820,769,670,62,1324,1075,101,989,853,81,769,670,62,Finisher,1902
FILIP,CZERNICKI,FILIP CZERNICKI,1289,M40-44,Male,Jelenia Góra,PL-DOLNOSLASKIE,Poland,PL,0:31:28,2:42:16,2:19:52,0:08:04,0:05:21,5:47:01,1888,9736,8392,484,321,20821,770,671,80,203,170,17,394,356,41,770,671,80,Finisher,1929
Michael,Prokš,Michael Prokš,1826,M30-34,Male,Hradec Králové,Hradec Králové Region,Czech Republic,CZ,0:37:29,2:55:56,2:01:06,0:07:14,0:05:19,5:47:04,2249,10556,7266,434,319,20824,771,672,103,720,604,80,835,728,103,771,672,103,Finisher,1879
Andrej,Grunner,Andrej Grunner,1309,M35-39,Male,Bratislava,foreigner,Slovakia,SK,0:37:04,2:57:10,2:03:34,0:06:10,0:03:06,5:47:04,2224,10630,7414,370,186,20824,772,673,121,686,579,113,828,722,131,772,673,121,Finisher,1700
Sabine,Cereghini,Sabine Cereghini,993,F45-49,Female,München,DE-BE,Italy,IT,0:40:22,2:57:32,1:56:44,0:06:01,0:06:27,5:47:06,2422,10652,7004,361,387,20826,773,100,11,982,173,15,917,122,11,773,100,11,Finisher,2625
Adela,Wegschmiedová,Adela Wegschmiedová,481,F25-29,Female,Votice,Benešov,Czech Republic,CZ,0:41:46,3:06:14,1:50:29,0:04:58,0:03:39,5:47:06,2506,11174,6629,298,219,20826,774,101,15,1089,199,39,1113,158,30,774,101,15,Finisher,2287
Annabelle,Verse,Annabelle Verse,209,F50-54,Female,Seevetal,,Germany,DE,0:36:33,2:50:32,2:08:38,0:07:29,0:03:57,5:47:09,2193,10232,7718,449,237,20829,775,102,7,618,98,8,679,75,6,775,102,7,Finisher,2767
Karim,Titz,Karim Titz,1718,M18-24,Male,Lelekovice,South Moravian Region,Czech Republic,CZ,0:32:04,3:03:00,2:01:29,0:06:36,0:04:01,5:47:10,1924,10980,7289,396,241,20830,776,674,89,241,199,35,855,746,103,776,674,89,Finisher,1624
Tomas,Pozdech,Tomas Pozdech,1306,M35-39,Male,Holešovice,Prague,Slovakia,SK,0:41:30,2:57:29,1:57:22,0:06:29,0:04:25,5:47:14,2490,10649,7042,389,265,20834,777,675,122,1066,871,153,951,821,147,777,675,122,Finisher,1697
Štefan,Pilár,Štefan Pilár,1296,M40-44,Male,Bratislava - Ružinov,Bratislava Region,Slovakia,SK,0:32:22,2:57:27,2:03:05,0:08:30,0:05:51,5:47:16,1942,10647,7385,510,351,20836,778,676,81,259,217,23,770,675,84,778,676,81,Finisher,1924
Oliver,Písečný,Oliver Písečný,464,M30-34,Male,Studienka,Bratislava Region,Slovakia,SK,0:36:52,2:54:55,2:05:31,0:06:25,0:03:41,5:47:24,2212,10495,7531,385,221,20844,779,677,104,658,557,71,768,674,90,779,677,104,Finisher,1873
Robert,Pejic,Robert Pejic,1244,M55-59,Male,Wernau,BW,Germany,DE,0:37:01,2:44:50,2:15:51,0:05:50,0:03:54,5:47:25,2221,9890,8151,350,234,20845,780,678,20,676,570,24,513,464,15,780,678,20,Finisher,2427
Michal,Ficbauer,Michal Ficbauer,1564,M25-29,Male,Káranice,Hradec Králové Region,Czech Republic,CZ,0:50:15,2:49:08,1:57:50,0:05:47,0:04:32,5:47:33,3015,10148,7070,347,272,20853,781,679,113,1480,1197,192,942,813,126,781,679,113,Finisher,1759
Christoph,Starkl,Christoph Starkl,1020,M40-44,Male,Wilhelmsburg,AT-AT-NIEDEROSTERREICH,Austria,AT,0:36:23,2:59:04,1:59:12,0:08:01,0:04:56,5:47:35,2183,10744,7152,481,296,20855,782,680,82,597,504,57,905,787,100,782,680,82,Finisher,1919
Ondřej,Sluka,Ondřej Sluka,699,M30-34,Male,Pardubice,Pardubice Region,Czech Republic,CZ,0:42:01,3:02:20,1:48:17,0:09:06,0:05:53,5:47:36,2521,10940,6497,546,353,20856,783,681,105,1115,910,131,1121,962,143,783,681,105,Finisher,1870
Adalbert,Knobloch,Adalbert Knobloch,1433,M18-24,Male,Prague,Prague,Czech Republic,CZ,0:40:08,2:43:03,2:14:49,0:05:29,0:04:10,5:47:39,2408,9783,8089,329,250,20859,784,682,90,961,795,119,539,487,65,784,682,90,Finisher,1616
Michal,Valenta,Michal Valenta,1800,M40-44,Male,Jablonec Nad Nisou,Liberec Region,Czech Republic,CZ,0:32:31,2:59:29,2:04:04,0:06:28,0:05:19,5:47:50,1951,10769,7444,388,319,20870,785,683,83,271,225,24,771,676,85,785,683,83,Finisher,1914
Kateřina,Krásná,Kateřina Krásná,453,F25-29,Female,Lipno nad Vltavou,South Bohemian Region,Czech Republic,CZ,0:37:34,2:52:16,2:03:49,0:08:40,0:05:35,5:47:54,2254,10336,7429,520,335,20874,786,103,16,730,119,23,772,96,14,786,103,16,Finisher,2272
Pavlína ,Kučerová,Pavlína Kučerová,886,F18-24,Female,Leština u Světlé,Vysočina Region,Czech Republic,CZ,0:37:55,2:54:17,2:05:05,0:06:53,0:03:46,5:47:57,2275,10457,7505,413,226,20877,787,104,13,763,129,19,789,102,14,787,104,13,Finisher,2588
Kristýna,Cinková,Kristýna Cinková,318,F25-29,Female,"Hlavnice, Bratříkovice",Moravian-Silesian Region,Czech Republic,CZ,0:44:18,2:57:30,1:56:17,0:06:41,0:03:11,5:47:57,2658,10650,6977,401,191,20877,788,105,17,1293,242,49,1019,142,23,788,105,17,Finisher,2271
Vojtěch,Uhlíř,Vojtěch Uhlíř,1274,M25-29,Male,Hradec nad Svitavou,Pardubice Region,Czech Republic,CZ,0:43:45,2:42:51,2:08:57,0:06:37,0:05:48,5:47:58,2625,9771,7737,397,348,20878,789,684,114,1250,1016,156,644,577,87,789,684,114,Finisher,1751
Zdenek,Kucera,Zdenek Kucera,1622,M45-49,Male,Praha 9,Czech Republic,Czech Republic,CZ,0:37:04,2:54:24,2:04:31,0:06:41,0:05:25,5:48:04,2224,10464,7471,401,325,20884,790,685,63,684,578,56,765,671,67,790,685,63,Finisher,1883
Filip,Janota,Filip Janota,1685,M18-24,,,,Czech Republic,CZ,0:43:14,3:01:16,1:53:34,0:06:27,0:03:36,5:48:06,2594,10876,6814,387,216,20886,791,686,91,1219,991,153,1074,922,127,791,686,91,Finisher,1607
Barbora,Kubíková,Barbora Kubíková,1599,F40-44,Female,Pardubice,Pardubice Region,Czech Republic,CZ,0:38:44,2:59:28,1:59:18,0:05:58,0:04:39,5:48:07,2324,10768,7158,358,279,20887,792,106,16,838,143,19,919,123,19,792,106,16,Finisher,2488
Jan,Koloničný,Jan Koloničný,1395,M25-29,Male,Brno,South Moravian Region,Czech Republic,CZ,0:47:31,2:54:14,1:51:10,0:11:01,0:04:15,5:48:11,2851,10454,6670,661,255,20891,793,687,115,1422,1152,185,1106,949,152,793,687,115,Finisher,1747
Ruben,Alvarez,Ruben Alvarez,1517,M35-39,Male,Luzern,ZH,Italy,IT,0:42:15,2:54:40,1:58:52,0:06:36,0:05:49,5:48:12,2535,10480,7132,396,349,20892,794,688,123,1139,931,164,907,789,140,794,688,123,Finisher,1680
Adam,Šťastný,Adam Šťastný,986,M18-24,Male,Dlouhá Lhota,Central Bohemian Region,Czech Republic,CZ,0:37:54,2:43:20,2:16:16,0:06:19,0:04:25,5:48:14,2274,9800,8176,379,265,20894,795,689,92,762,634,94,509,460,57,795,689,92,Finisher,1605
Lukáš,Bruna,Lukáš Bruna,942,M45-49,Male,Hradec Králové,Hradec Králové Region,Czech Republic,CZ,0:43:04,2:53:47,2:02:26,0:05:17,0:03:47,5:48:20,2584,10427,7346,317,227,20900,796,690,64,1202,978,93,868,755,74,796,690,64,Finisher,1878
Matyáš,Makovský ,Matyáš Makovský,601,M18-24,Male,Horní Maršov,Hradec Králové Region,Czech Republic,CZ,0:29:47,2:58:09,2:08:38,0:05:44,0:06:06,5:48:23,1787,10689,7718,344,366,20903,797,691,93,122,102,22,656,587,80,797,691,93,Finisher,1602
Martin,Volejník,Martin Volejník,328,M35-39,Male,Nehvizdy,CZ-209,Czech Republic,CZ,0:38:14,3:04:54,1:54:36,0:05:08,0:05:32,5:48:23,2294,11094,6876,308,332,20903,798,692,124,788,653,125,1013,872,155,798,692,124,Finisher,1677
Martin,Neradilek,Martin Neradilek,1337,M25-29,Male,Prague,Hradec Králové Region,Czech Republic,CZ,0:38:27,3:00:56,1:59:39,0:05:14,0:04:13,5:48:29,2307,10856,7179,314,253,20909,799,693,116,810,671,98,931,805,124,799,693,116,Finisher,1742
Ruben,Vanhee,Ruben Vanhee,1355,M30-34,Male,Balen,ANTWERPEN,Belgium,BE,0:40:10,2:55:27,1:58:27,0:06:35,0:07:54,5:48:33,2410,10527,7107,395,474,20913,800,694,106,966,798,116,871,757,108,800,694,106,Finisher,1853
Lucia,Harcekova,Lucia Harcekova,1699,F25-29,Female,Nitra,Nitriansky Kraj,Slovakia,SK,0:45:17,2:57:50,1:52:37,0:06:55,0:05:58,5:48:36,2717,10670,6757,415,358,20916,801,107,18,1345,259,52,1056,147,26,801,107,18,Finisher,2260
Ondřej,Feix,Ondřej Feix,1300,M18-24,Male,Prague,Prague,Czech Republic,CZ,0:43:55,2:54:01,2:00:33,0:05:39,0:04:27,5:48:36,2635,10441,7233,339,267,20916,802,695,94,1266,1030,159,910,791,108,802,695,94,Finisher,1598
Tom,Hillary,Tom Hillary,1359,M40-44,Male,Jette,Brussels-Capital Region,Belgium,BE,0:37:29,2:58:09,1:58:27,0:07:42,0:06:51,5:48:38,2249,10689,7107,462,411,20918,803,696,84,719,603,69,900,783,99,803,696,84,Finisher,1900
Jan,Sádecký,Jan Sádecký,1066,M25-29,Male,Pardubice,Pardubice Region,Czech Republic,CZ,0:42:03,2:53:43,1:57:09,0:08:27,0:07:28,5:48:49,2523,10423,7029,507,448,20929,804,697,117,1120,913,142,920,797,121,804,697,117,Finisher,1736
Radek,Stovicek,Radek Stovicek,369,M25-29,Male,Slany,Czech Republic,Czech Republic,CZ,0:42:02,3:02:09,1:51:11,0:08:15,0:05:13,5:48:50,2522,10929,6671,495,313,20930,805,698,118,1118,911,141,1100,944,150,805,698,118,Finisher,1736
Milan,Lukáš,Milan Lukáš,1046,M35-39,Male,Ostrava,Moravian-Silesian Region,Czech Republic,CZ,0:39:54,3:01:59,1:54:43,0:06:44,0:05:36,5:48:56,2394,10919,6883,404,336,20936,806,699,125,942,781,140,1026,882,159,806,699,125,Finisher,1667
Jaroslav,Patra,Jaroslav Patra,1769,M18-24,Male,,,Czech Republic,CZ,0:36:57,2:52:18,2:07:23,0:07:29,0:04:53,5:49:00,2217,10338,7643,449,293,20940,807,700,95,665,562,82,729,645,90,807,700,95,Finisher,1591
Daniel,Hettych,Daniel Hettych,1632,M25-29,Male,Rotterdam,ZUID-HOLLAND,Slovakia,SK,0:29:20,2:56:50,2:06:44,0:07:29,0:08:39,5:49:01,1760,10610,7604,449,519,20941,808,701,119,105,88,14,654,585,88,808,701,119,Finisher,1732
Alen,Šantek,Alen Šantek,1719,M35-39,Male,Brezje,foreigner,Croatia,HR,0:37:47,2:47:16,2:06:01,0:09:54,0:08:07,5:49:05,2267,10036,7561,594,487,20945,809,702,126,749,626,121,687,611,109,809,702,126,Finisher,1664
Jan,Mikulec,Jan Mikulec,655,M35-39,Male,Libuň,Hradec Králové Region,Czech Republic,CZ,0:44:46,2:50:53,2:01:40,0:07:49,0:03:58,5:49:06,2686,10253,7300,469,238,20946,810,703,127,1323,1074,189,904,786,139,810,703,127,Finisher,1664
David,Gayer,David Gayer,352,M35-39,Male,Brno,South Moravian Region,Czech Republic,CZ,0:35:43,2:46:35,2:14:51,0:07:56,0:04:09,5:49:14,2143,9995,8091,476,249,20954,811,704,128,551,468,85,572,515,98,811,704,128,Finisher,1661
Nikola,Koňariková,Nikola Koňariková,281,F18-24,Female,Kuchařovice,South Moravian Region,Czech Republic,CZ,0:32:29,3:07:57,1:59:23,0:06:05,0:03:30,5:49:24,1949,11277,7163,365,210,20964,812,108,14,269,45,8,975,134,17,812,108,14,Finisher,2562
Vendula,Vítovcová,Vendula Vítovcová,224,F40-44,Female,Plzeň,South Bohemian Region,Czech Republic,CZ,0:39:26,2:55:29,2:02:58,0:06:25,0:05:10,5:49:27,2366,10529,7378,385,310,20967,813,109,17,904,156,22,847,109,16,813,109,17,Finisher,2464
David ,Santamaría ,David Santamaría,1321,M40-44,Male,Celadilla-Sotobrin,,Spain,ES,0:34:10,2:37:30,2:29:52,0:04:57,0:03:02,5:49:31,2050,9450,8992,297,182,20971,814,705,85,395,333,39,295,270,32,814,705,85,Finisher,1884
Dominik,Pujman,Dominik Pujman,603,M25-29,Male,Havlíčkův Brod,Vysočina Region,Czech Republic,CZ,0:44:01,2:56:42,1:55:05,0:08:33,0:05:16,5:49:37,2641,10602,6905,513,316,20977,815,706,120,1276,1037,159,1037,893,140,815,706,120,Finisher,1721
Ondrej,Rada,Ondrej Rada,685,M35-39,Male,Hluboká nad Vltavou,Jihočeský kraj,Czech Republic,CZ,0:46:55,2:45:55,2:08:00,0:05:47,0:02:59,5:49:37,2815,9955,7680,347,179,20977,816,707,129,1402,1134,195,780,680,125,816,707,129,Finisher,1655
Jakub,Holec,Jakub Holec,219,M35-39,Male,Brno - Komárov,South Moravian Region,Czech Republic,CZ,0:36:37,2:35:49,2:24:45,0:06:47,0:05:41,5:49:40,2197,9349,8685,407,341,20980,817,708,130,626,527,95,345,315,65,817,708,130,Finisher,1654
Tomáš,Friedl,Tomáš Friedl,266,M45-49,Male,Dobřany,South Bohemian Region,Czech Republic,CZ,0:41:10,2:39:59,2:18:16,0:06:21,0:04:01,5:49:47,2470,9599,8296,381,241,20987,818,709,65,1041,850,87,506,457,47,818,709,65,Finisher,1852
Justus,Robach,Justus Robach,1183,M18-24,Male,Wiehl,DE-NW,Germany,DE,0:37:30,2:57:43,2:05:25,0:06:11,0:02:59,5:49:48,2250,10663,7525,371,179,20988,819,710,96,722,606,89,849,740,101,819,710,96,Finisher,1577
Denis,Micka,Denis Micka,1551,M25-29,Male,Hodslavice,Moravian-Silesian Region,Czech Republic,CZ,0:34:09,2:50:28,2:11:49,0:07:33,0:05:52,5:49:51,2049,10228,7909,453,352,20991,820,711,121,394,332,46,623,561,84,820,711,121,Finisher,1717
Markéta,Pavlišenová,Markéta Pavlišenová,1132,F18-24,Female,"Rudná, Chrášťany, Drahelčice, Nučice",Central Bohemian Region,Czech Republic,CZ,0:45:45,3:02:28,1:51:28,0:06:56,0:03:19,5:49:57,2745,10948,6688,416,199,20997,821,110,15,1360,262,40,1155,168,25,821,110,15,Finisher,2552
Jan,Trcka,Jan Trcka,686,M55-59,Male,Praha,Prague,Czech Republic,CZ,0:40:15,2:44:38,2:13:32,0:05:39,0:05:55,5:50:00,2415,9878,8012,339,355,21000,822,712,21,973,804,29,583,525,19,822,712,21,Finisher,2380
Roman,Flasch,Roman Flasch,1398,M55-59,Male,Wien,,Austria,AT,0:36:20,2:46:27,2:12:59,0:07:35,0:06:47,5:50:08,2180,9987,7979,455,407,21008,823,713,22,592,501,20,579,521,17,823,713,22,Finisher,2378
Václav,Řezníček,Václav Řezníček,1541,M18-24,Male,Zlatá Olešnice,Hradec Králové Region,Czech Republic,CZ,0:25:40,2:35:26,2:41:23,0:04:41,0:03:00,5:50:10,1540,9326,9683,281,180,21010,824,714,97,32,30,8,118,106,14,824,714,97,Finisher,1570
Uta,Rauschert,Uta Rauschert,1336,F50-54,Female,Fürth,BY,Germany,DE,0:37:49,2:54:37,2:08:39,0:06:07,0:03:03,5:50:15,2269,10477,7719,367,183,21015,825,111,8,754,125,10,773,97,9,825,111,8,Finisher,2711
Lukas,Machala,Lukas Machala,1015,M25-29,Male,Zürich,,Czech Republic,CZ,0:41:59,2:43:04,2:14:35,0:05:42,0:05:00,5:50:20,2519,9784,8075,342,300,21020,826,715,122,1113,908,139,588,530,78,826,715,122,Finisher,1709
RADEK,ZAVADIL,RADEK ZAVADIL,1099,M50-54,Male,Litoměřice,Pardubice Region,Czech Republic,CZ,0:36:40,2:57:45,2:05:58,0:05:59,0:04:03,5:50:24,2200,10665,7558,359,243,21024,827,716,60,631,532,48,826,720,66,827,716,60,Finisher,1938
Clement,Poulet,Clement Poulet,1332,M35-39,Male,Nymburk,Central Bohemian Region,France,FR,0:36:41,2:54:00,2:09:09,0:05:50,0:04:49,5:50:28,2201,10440,7749,350,289,21028,828,717,131,635,536,98,724,641,115,828,717,131,Finisher,1639
Vojtěch,Malý,Vojtěch Malý,834,M30-34,,,,Czech Republic,CZ,0:39:56,2:56:09,2:01:41,0:07:52,0:04:54,5:50:31,2396,10569,7301,472,294,21031,829,718,107,944,782,112,918,796,117,829,718,107,Finisher,1817
Eliška,Horáková,Eliška Horáková,1196,F25-29,Female,Hradec Králové,Hradec Králové Region,Czech Republic,CZ,0:37:27,3:05:31,1:58:20,0:05:38,0:03:36,5:50:32,2247,11131,7100,338,216,21032,830,112,19,715,116,21,1025,144,24,830,112,19,Finisher,2225
Luboš ,Polišenský ,Luboš Polišenský,1811,M40-44,Male,Vlastiboř,Jihočeský kraj,Czech Republic,CZ,0:41:40,2:55:01,2:03:35,0:05:30,0:04:46,5:50:33,2500,10501,7415,330,286,21033,831,719,86,1084,887,97,869,756,97,831,719,86,Finisher,1865
Matej,Štosák,Matej Štosák,543,M45-49,Male,Košice,foreigner,Slovakia,SK,0:36:59,2:47:58,2:16:14,0:05:18,0:04:10,5:50:38,2219,10078,8174,318,250,21038,832,720,66,670,565,55,574,516,50,832,720,66,Finisher,1837
Adrianna,Chrusciel,Adrianna Chrusciel,1485,F35-39,Female,Gdynia,pomorskie,Poland,PL,0:37:18,2:55:02,2:01:13,0:13:58,0:03:10,5:50:41,2238,10502,7273,838,190,21041,833,113,14,701,111,15,972,133,17,833,113,14,Finisher,2274
Josef,Sekava,Josef Sekava,626,M35-39,Male,Prague,Prague,Czech Republic,CZ,0:37:44,3:04:28,1:59:20,0:06:24,0:02:46,5:50:43,2264,11068,7160,384,166,21043,834,721,132,745,623,119,1024,881,158,834,721,132,Finisher,1635
Anna Barbora,Trhonova,Anna Barbora Trhonova,1835,F18-24,Female,Prague,Prague,Czech Republic,CZ,0:31:21,2:56:30,2:11:26,0:06:35,0:04:54,5:50:46,1881,10590,7886,395,294,21046,835,114,16,198,32,6,677,74,12,835,114,16,Finisher,2538
Lissia,Schneider,Lissia Schneider,1367,F35-39,Female,Wildtal,BADEN-WURTTEMBERG,Germany,DE,0:48:47,2:54:44,1:57:41,0:06:10,0:03:27,5:50:49,2927,10484,7061,370,207,21049,836,115,15,1456,278,36,1044,145,20,836,115,15,Finisher,2271
Tomaz,Sgerm,Tomaz Sgerm,1462,M40-44,Male,Kamnica,SI-070,Slovenia,SI,0:39:38,2:51:20,2:05:48,0:07:35,0:06:29,5:50:49,2378,10280,7548,455,389,21049,837,722,87,919,762,85,774,677,86,837,722,87,Finisher,1860
Václav,Peňáz,Václav Peňáz,288,M18-24,Male,Rychnov nad Kněžnou,Hradec Králové Region,Czech Republic,CZ,0:48:29,2:54:41,1:55:33,0:06:19,0:06:11,5:51:13,2909,10481,6933,379,371,21073,838,723,98,1449,1174,180,1041,897,123,838,723,98,Finisher,1551
Filip,Hron,Filip Hron,1078,M30-34,Male,Ceske Budejovice,Jihočeský kraj,Czech Republic,CZ,0:38:30,2:52:55,2:06:11,0:07:46,0:05:58,5:51:19,2310,10375,7571,466,358,21079,839,724,108,817,677,95,792,689,93,839,724,108,Finisher,1803
Renata,Kotápišová,Renata Kotápišová,254,F30-34,Female,Tábor,Prague,Czech Republic,CZ,0:45:07,2:54:45,2:00:16,0:07:00,0:04:12,5:51:20,2707,10485,7216,420,252,21080,840,116,17,1339,256,42,981,136,21,840,116,17,Finisher,2267
Veronika,Koubova,Veronika Koubova,1210,F35-39,Female,Dobrohošť,Jihočeský kraj,Czech Republic,CZ,0:37:04,2:52:43,2:12:39,0:05:06,0:03:48,5:51:21,2224,10363,7959,306,228,21081,841,117,16,685,107,14,685,76,12,841,117,16,Finisher,2262
Tobiáš,Skýpala,Tobiáš Skýpala,549,M25-29,Male,Zašová,foreigner,Czech Republic,CZ,0:42:39,2:46:24,2:12:19,0:06:22,0:03:46,5:51:30,2559,9984,7939,382,226,21090,842,725,123,1173,959,147,703,625,95,842,725,123,Finisher,1688
Jakub,Fabián,Jakub Fabián,610,M40-44,Male,,Hradec Králové Region,Czech Republic,CZ,0:43:30,3:02:00,1:56:08,0:05:42,0:04:11,5:51:32,2610,10920,6968,342,251,21092,843,726,88,1237,1007,110,1079,926,112,843,726,88,Finisher,1847
Andreas,Lippelt,Andreas Lippelt,1256,M55-59,Male,Kleinmachnow,BRANDENBURG,Germany,DE,0:39:01,2:53:12,2:06:21,0:07:22,0:05:39,5:51:36,2341,10392,7581,442,339,21096,844,727,23,869,720,26,803,698,25,844,727,23,Finisher,2351
Marek,Střeleček,Marek Střeleček,1057,M25-29,Male,Hradec Králové,Hradec Králové Region,Czech Republic,CZ,0:38:14,3:06:27,1:54:09,0:08:25,0:04:25,5:51:40,2294,11187,6849,505,265,21100,845,728,124,790,655,94,1116,958,153,845,728,124,Finisher,1685
František,Adler,František Adler,1126,M35-39,Male,Ceské Budejovice,CZ-311,Czech Republic,CZ,0:44:05,2:43:31,2:06:56,0:11:35,0:05:42,5:51:48,2645,9811,7616,695,342,21108,846,729,133,1278,1038,187,793,690,126,846,729,133,Finisher,1615
Petra,Sklenárová,Petra Sklenárová,680,F35-39,Female,Mladá Boleslav,Central Bohemian Region,Czech Republic,CZ,0:36:33,3:19:46,1:45:11,0:06:09,0:04:13,5:51:52,2193,11986,6311,369,253,21112,847,118,17,616,97,11,1255,195,27,847,118,17,Finisher,2252
Tomáš,Kopec,Tomáš Kopec,779,M40-44,Male,Pěnčín,CZ-512,Czech Republic,CZ,0:41:48,2:48:46,2:09:01,0:08:28,0:03:54,5:51:57,2508,10126,7741,508,234,21117,848,730,89,1096,896,98,787,686,87,848,730,89,Finisher,1840
Vlastimil ,Sobotka ,Vlastimil Sobotka,1089,M25-29,Male,Jirkov,Pardubice Region,Czech Republic,CZ,0:37:56,3:04:42,1:57:45,0:05:50,0:05:44,5:51:58,2276,11082,7065,350,344,21118,849,731,125,766,637,91,1018,877,135,849,731,125,Finisher,1679
Matyáš,Lebeda,Matyáš Lebeda,358,M25-29,Male,Prague,Prague,Czech Republic,CZ,0:41:30,2:54:02,2:03:23,0:06:20,0:06:55,5:52:08,2490,10442,7403,380,415,21128,850,732,126,1068,873,132,861,750,113,850,732,126,Finisher,1676
David,Rajnoch,David Rajnoch,1526,M30-34,Male,Nový Jičín,Moravian-Silesian Region,Czech Republic,CZ,0:34:52,2:52:12,2:13:13,0:07:16,0:04:41,5:52:13,2092,10332,7993,436,281,21133,851,733,109,459,389,55,672,600,81,851,733,109,Finisher,1787
Katrin,Beywinkler,Katrin Beywinkler,1687,F30-34,Female,Trumau,AT-3,Austria,AT,0:36:27,2:57:06,2:08:18,0:06:16,0:04:10,5:52:17,2187,10626,7698,376,250,21137,852,119,18,604,96,16,812,106,16,852,119,18,Finisher,2250
Dagmar,Trummer-Widder,Dagmar Trummer-Widder,842,F45-49,Female,Mattersburg,AT-1,Austria,AT,0:33:21,2:57:09,2:11:38,0:06:20,0:03:59,5:52:26,2001,10629,7898,380,239,21146,853,120,12,333,54,3,735,86,8,853,120,12,Finisher,2529
Jaroslav,Smíšek,Jaroslav Smíšek,445,M50-54,Male,Praha 11,Prague,Czech Republic,CZ,0:45:34,2:55:19,1:57:01,0:09:04,0:05:33,5:52:30,2734,10519,7021,544,333,21150,854,734,61,1356,1095,94,1053,907,84,854,734,61,Finisher,1901
Barbora,Orságová ,Barbora Orságová,1307,F25-29,Female,Vážany,South Moravian Region,Czech Republic,CZ,0:37:00,2:55:42,2:06:32,0:08:02,0:05:16,5:52:33,2220,10542,7592,482,316,21153,855,121,20,674,106,18,838,108,15,855,121,20,Finisher,2189
Martin,Jinda,Martin Jinda,250,M35-39,Male,Beroun,Central Bohemian Region,Czech Republic,CZ,0:33:41,2:59:15,2:07:59,0:06:46,0:04:55,5:52:35,2021,10755,7679,406,295,21155,856,735,134,364,307,52,808,703,128,856,735,134,Finisher,1601
Jaroslav,Hradečný,Jaroslav Hradečný,1467,M35-39,Male,Seloutky,Olomouc Region,Czech Republic,CZ,0:36:26,2:52:21,2:13:09,0:06:28,0:04:13,5:52:37,2186,10341,7989,388,253,21157,857,736,135,602,507,89,697,620,112,857,736,135,Finisher,1601
Tomáš,Magyar,Tomáš Magyar,963,M30-34,Male,Hradec Králové,Hradec Králové Region,Czech Republic,CZ,0:42:14,2:54:44,2:03:48,0:07:40,0:04:11,5:52:38,2534,10484,7428,460,251,21158,858,737,110,1138,930,137,933,807,119,858,737,110,Finisher,1779
Jana,ROKOSKÁ,Jana ROKOSKÁ,1427,F25-29,Female,Kejžlice,,Czech Republic,CZ,0:37:38,2:59:50,1:54:10,0:10:28,0:10:34,5:52:40,2258,10790,6850,628,634,21160,859,122,21,736,121,24,1005,141,22,859,122,21,Finisher,2186
Jana,Kovárová,Jana Kovárová,540,F30-34,Female,Opatov,Pardubice Region,Czech Republic,CZ,0:40:17,2:54:15,2:06:18,0:08:06,0:03:52,5:52:48,2417,10455,7578,486,232,21168,860,123,19,974,170,22,878,115,17,860,123,19,Finisher,2241
Lukáš,Molnár,Lukáš Molnár,574,M30-34,Male,Martin,,Slovakia,SK,0:43:01,2:51:21,2:05:02,0:08:24,0:05:08,5:52:56,2581,10281,7502,504,308,21176,861,738,111,1199,976,146,883,768,112,861,738,111,Finisher,1774
Tomáš,Mojžíšek,Tomáš Mojžíšek,1327,M45-49,Male,Kamenice,Central Bohemian Region,Czech Republic,CZ,0:49:14,2:56:44,1:52:27,0:08:13,0:06:49,5:53:27,2954,10604,6747,493,409,21207,862,739,67,1465,1185,120,1135,973,92,862,739,67,Finisher,1786
Pavel ,Pecold ,Pavel Pecold,1446,M35-39,Male,Kramolna,Hradec Králové Region,Czech Republic,CZ,0:43:06,2:52:19,2:06:31,0:07:18,0:04:13,5:53:27,2586,10339,7591,438,253,21207,863,740,136,1209,983,171,881,766,135,863,740,136,Finisher,1586
Šimon,Sluka,Šimon Sluka,1518,M18-24,Male,Meziměstí,Hradec Králové Region,Czech Republic,CZ,0:46:39,2:51:44,2:02:37,0:06:52,0:05:37,5:53:29,2799,10304,7357,412,337,21209,864,741,99,1392,1126,170,945,816,111,864,741,99,Finisher,1511
Oliver,Pichler,Oliver Pichler,1214,M45-49,Male,Vienna,foreigner,Austria,AT,0:39:43,2:50:59,2:10:26,0:08:09,0:04:13,5:53:30,2383,10259,7826,489,253,21210,865,742,68,928,769,80,783,682,69,865,742,68,Finisher,1785
Filip,Szotkowski,Filip Szotkowski,1571,M40-44,Male,Broumov,Hradec Králové Region,Czech Republic,CZ,0:42:26,2:53:25,2:02:36,0:09:16,0:05:50,5:53:33,2546,10405,7356,556,350,21213,866,743,90,1157,946,106,941,812,103,866,743,90,Finisher,1811
Patrik,Hroneš,Patrik Hroneš,726,M55-59,Male,"Dvůr Králové n,.L.",Hradec Králové Region,Czech Republic,CZ,0:42:37,2:44:22,2:14:44,0:06:55,0:04:58,5:53:36,2557,9862,8084,415,298,21216,867,744,24,1167,954,36,658,589,21,867,744,24,Finisher,2315
Šimon,Nosek,Šimon Nosek,958,M30-34,Male,Kralupy nad Vltavou,Central Bohemian Region,Czech Republic,CZ,0:30:29,2:53:16,2:19:30,0:05:38,0:04:45,5:53:38,1829,10396,8370,338,285,21218,868,745,112,156,128,11,554,501,66,868,745,112,Finisher,1761
Tanja,Wolner,Tanja Wolner,1262,F25-29,Female,Wien,AT-WIEN,Austria,AT,0:35:11,2:55:36,2:13:06,0:05:43,0:04:11,5:53:48,2111,10536,7986,343,251,21228,869,124,22,498,73,14,723,83,10,869,124,22,Finisher,2166
Martin,Vyšváder,Martin Vyšváder,657,M40-44,Male,Gajary,foreigner,Slovakia,SK,0:36:28,3:00:14,2:06:19,0:06:20,0:04:30,5:53:51,2188,10814,7579,380,270,21231,870,746,91,607,511,60,893,777,98,870,746,91,Finisher,1806
Mathieu,Guidel,Mathieu Guidel,1513,M40-44,Male,Saint Georges sur Loire,,France,FR,0:39:34,2:53:49,2:10:35,0:06:19,0:03:35,5:53:52,2374,10429,7835,379,215,21232,871,747,92,915,759,84,809,704,89,871,747,92,Finisher,1805
David,Mezo,David Mezo,479,M30-34,Male,Üröm,foreigner,Hungary,HU,0:43:41,2:57:53,2:02:13,0:06:14,0:03:51,5:53:52,2621,10673,7333,374,231,21232,872,748,113,1246,1013,152,997,859,130,872,748,113,Finisher,1757
Nico,Hannoun,Nico Hannoun,1500,M18-24,Male,Berlin,foreigner,Germany,DE,0:39:24,2:50:43,2:14:33,0:04:59,0:04:14,5:53:53,2364,10243,8073,299,254,21233,873,749,100,900,745,114,692,616,85,873,749,100,Finisher,1503
Petr,Gaska,Petr Gaska,356,M25-29,Male,Petřvald,Moravian-Silesian Region,Czech Republic,CZ,0:41:36,3:00:13,1:59:53,0:07:53,0:04:17,5:53:53,2496,10813,7193,473,257,21233,874,750,127,1076,879,136,1046,900,141,874,750,127,Finisher,1645
Vojtěch,Doffek,Vojtěch Doffek,1423,M18-24,Male,Stonava,Moravian-Silesian Region,Czech Republic,CZ,0:34:37,3:05:02,1:59:24,0:08:33,0:06:21,5:53:56,2077,11102,7164,513,381,21236,875,751,101,436,371,56,1011,870,116,875,751,101,Finisher,1502
Andrea,Plašilová,Andrea Plašilová,839,F35-39,Female,Lípa nad Orlicí,Central Bohemian Region,Czech Republic,CZ,0:34:45,3:07:42,2:01:38,0:05:26,0:04:34,5:54:04,2085,11262,7298,326,274,21244,876,125,18,445,66,9,1001,139,19,876,125,18,Finisher,2213
Jan,Pokorný,Jan Pokorný,1335,M30-34,Male,Nové Butovice,Prague,Czech Republic,CZ,0:43:24,2:54:53,2:07:43,0:05:11,0:02:57,5:54:08,2604,10493,7663,311,177,21248,877,752,114,1226,998,148,903,785,116,877,752,114,Finisher,1752
Marcin,Milewicz,Marcin Milewicz,833,M35-39,Male,Siechnice,dolnośląskie,Poland,PL,0:43:56,3:08:31,1:49:34,0:07:40,0:04:31,5:54:12,2636,11311,6574,460,271,21252,878,753,137,1269,1032,183,1219,1034,186,878,753,137,Finisher,1572
Jan,Exner,Jan Exner,307,M35-39,Male,Studenec,Liberec Region,Czech Republic,CZ,0:41:18,2:46:53,2:15:05,0:07:02,0:03:59,5:54:17,2478,10013,8105,422,239,21257,879,754,138,1051,859,151,695,618,111,879,754,138,Finisher,1571
Tomas,Kvasnicka,Tomas Kvasnicka,1640,M35-39,Male,Hradec Kralove,Hradec Králové Region,Czech Republic,CZ,0:48:16,2:56:37,1:56:10,0:07:52,0:05:22,5:54:18,2896,10597,6970,472,322,21258,880,755,139,1443,1169,199,1105,948,168,880,755,139,Finisher,1570
Jan,Poprocsi,Jan Poprocsi,801,M25-29,Male,Prague,Prague,Slovakia,SK,0:41:13,2:51:18,2:07:54,0:08:47,0:05:07,5:54:19,2473,10278,7674,527,307,21259,881,756,128,1045,853,126,846,738,111,881,756,128,Finisher,1637
David,Trcka,David Trcka,495,M40-44,Male,Hostivice,Středočeský,Czech Republic,CZ,0:39:33,2:53:39,2:10:53,0:06:48,0:03:38,5:54:31,2373,10419,7853,408,218,21271,882,757,93,914,758,83,815,709,90,882,757,93,Finisher,1794
Wolfgang,Rubarth,Wolfgang Rubarth,1208,M70-74,Male,Moerfelden Walldorf,DE-HE,Germany,DE,0:39:36,2:57:34,2:05:28,0:06:29,0:05:30,5:54:36,2376,10654,7528,389,330,21276,883,758,1,916,760,1,912,793,1,883,758,1,Finisher,3500
Martin,Růžička,Martin Růžička,876,M18-24,Male,Nepomuk,South Bohemian Region,Czech Republic,CZ,0:41:48,2:51:16,2:08:10,0:08:53,0:04:29,5:54:37,2508,10276,7690,533,269,21277,884,759,102,1094,894,135,864,753,104,884,759,102,Finisher,1490
David,Mican,David Mican,385,M25-29,Male,Ryjice,Ústí nad Labem Region,Czech Republic,CZ,0:38:37,2:58:28,2:08:07,0:06:02,0:03:22,5:54:37,2317,10708,7687,362,202,21277,885,760,129,833,691,100,896,780,118,885,760,129,Finisher,1631
David,Ulrich,David Ulrich,302,M35-39,Male,Český Těšín,Moravian-Silesian Region,Czech Republic,CZ,0:34:35,2:50:37,2:18:50,0:06:57,0:03:41,5:54:40,2075,10237,8330,417,221,21280,886,761,140,433,368,61,622,560,105,886,761,140,Finisher,1564
Andrii,Liashko,Andrii Liashko,1130,M50-54,Male,Drosendorf-Zissersdorf,Niederösterreich,Ukraine,UA,0:50:55,2:40:07,2:08:02,0:11:26,0:04:24,5:54:54,3055,9607,7682,686,264,21294,887,762,62,1492,1208,101,874,760,69,887,762,62,Finisher,1857
Dominik,Sikora,Dominik Sikora,345,M25-29,Male,Návsí,Moravian-Silesian Region,Czech Republic,CZ,0:40:57,2:50:54,2:09:53,0:07:47,0:05:26,5:54:57,2457,10254,7793,467,326,21297,888,763,130,1026,842,123,804,699,106,888,763,130,Finisher,1625
Juraj ,Pauer ,Juraj Pauer,1144,M35-39,Male,Považská Bystrica,foreigner,Slovakia,SK,0:41:39,2:59:23,2:01:23,0:07:48,0:04:48,5:55:01,2499,10763,7283,468,288,21301,889,764,141,1082,885,157,1028,884,161,889,764,141,Finisher,1557
Nikola,Rulfova,Nikola Rulfova,1272,F25-29,Female,Telnice,Ústí nad Labem Region,Czech Republic,CZ,0:39:00,3:06:02,2:00:17,0:05:53,0:03:52,5:55:04,2340,11162,7217,353,232,21304,890,126,23,867,149,29,1072,152,28,890,126,23,Finisher,2143
Jakub,Boudyš,Jakub Boudyš,304,M18-24,Male,Janovice,Hradec Králové Region,Czech Republic,CZ,0:34:17,3:02:20,2:08:59,0:05:54,0:03:50,5:55:21,2057,10940,7739,354,230,21321,891,765,103,404,342,51,875,761,105,891,765,103,Finisher,1477
Martin,Seidl,Martin Seidl,1542,M25-29,Male,Horní Jiřetín,Olomouc Region,Czech Republic,CZ,0:41:59,2:40:44,2:18:24,0:09:07,0:05:07,5:55:21,2519,9644,8304,547,307,21321,892,766,131,1114,909,140,614,554,83,892,766,131,Finisher,1618
Daniel,Kroupa,Daniel Kroupa,380,M25-29,Male,Prague,Prague,Czech Republic,CZ,0:50:52,2:43:13,2:11:36,0:06:19,0:03:24,5:55:23,3052,9793,7896,379,204,21323,893,767,132,1489,1205,193,827,721,109,893,767,132,Finisher,1618
Adam,Koncer,Adam Koncer,1173,M35-39,Male,Vlasatice,South Moravian Region,Czech Republic,CZ,0:43:33,2:51:46,2:08:05,0:08:03,0:03:58,5:55:24,2613,10306,7685,483,238,21324,894,768,142,1239,1008,178,901,784,138,894,768,142,Finisher,1550
Rainer,Pöltl,Rainer Pöltl,1403,M55-59,Male,Wien,AT-9,Austria,AT,0:41:51,2:47:06,2:12:08,0:08:14,0:06:08,5:55:26,2511,10026,7928,494,368,21326,895,769,25,1101,900,35,747,658,23,895,769,25,Finisher,2282
Frantisek,Kubala,Frantisek Kubala,1055,M50-54,Male,Praha 4,Prague,Czech Republic,CZ,0:37:08,3:04:52,2:04:36,0:05:31,0:03:19,5:55:26,2228,11092,7476,331,199,21326,896,770,63,692,583,51,992,856,77,896,770,63,Finisher,1848
Michal,Schwetz,Michal Schwetz,994,M30-34,Male,Prague,Prague,Czech Republic,CZ,0:43:04,2:54:45,1:58:19,0:10:05,0:09:16,5:55:28,2584,10485,7099,605,556,21328,897,771,115,1204,980,147,1003,863,131,897,771,115,Finisher,1728
Pavel,Divoka,Pavel Divoka,1180,M18-24,Male,Březová,Zlín Region,Czech Republic,CZ,0:42:33,2:43:16,2:13:54,0:08:12,0:07:36,5:55:31,2553,9796,8034,492,456,21331,898,772,104,1162,950,144,662,592,81,898,772,104,Finisher,1474
Daniel,Kunz,Daniel Kunz,1731,M25-29,Male,Hostivice,Česká republika,Czech Republic,CZ,0:46:00,3:00:05,1:56:53,0:08:59,0:03:42,5:55:38,2760,10805,7013,539,222,21338,899,773,133,1370,1107,176,1151,984,158,899,773,133,Finisher,1613
Ondrej ,Gereg ,Ondrej Gereg,1523,M18-24,Male,,,Slovakia,SK,0:35:33,2:52:38,2:14:21,0:06:47,0:06:21,5:55:40,2133,10358,8061,407,381,21340,900,774,105,530,452,65,689,613,84,900,774,105,Finisher,1471
Denis,Lauko,Denis Lauko,835,M50-54,Male,Trencianske Stankovce,SK-SK-TC,Slovakia,SK,0:38:17,2:49:47,2:13:27,0:08:49,0:05:22,5:55:43,2297,10187,8007,529,322,21343,901,775,64,794,658,57,737,651,63,901,775,64,Finisher,1843
Filip,Slovácek,Filip Slovácek,1544,M30-34,Male,Brno,South Moravian Region,Czech Republic,CZ,0:44:16,2:52:41,2:05:35,0:08:00,0:05:13,5:55:45,2656,10361,7535,480,313,21345,902,776,116,1291,1050,156,937,810,120,902,776,116,Finisher,1723
Václav,Mička,Václav Mička,1373,M30-34,Male,Hradec Králové,Hradec Králové Region,Czech Republic,CZ,0:37:18,3:01:13,2:05:07,0:06:59,0:05:09,5:55:45,2238,10873,7507,419,309,21345,903,777,117,702,591,77,956,825,123,903,777,117,Finisher,1723
Kamila,Maríková,Kamila Maríková,895,F30-34,Female,Beroun,Central Bohemian Region,Czech Republic,CZ,0:44:24,2:46:16,2:15:20,0:06:17,0:03:30,5:55:47,2664,9976,8120,377,210,21347,904,127,20,1303,246,40,738,87,13,904,127,20,Finisher,2187
František,Koukl,František Koukl,858,M18-24,Male,Praha 5,Hlubočepy,Czech Republic,CZ,0:41:37,2:59:31,1:56:04,0:07:11,0:11:26,5:55:49,2497,10771,6964,431,686,21349,905,778,106,1077,880,131,1016,875,118,905,778,106,Finisher,1469
Jan,Horák,Jan Horák,604,M35-39,Male,Prague,Prague,Czech Republic,CZ,0:41:08,2:57:12,2:00:37,0:10:15,0:06:40,5:55:51,2468,10632,7237,615,400,21351,906,779,143,1038,848,149,1020,878,156,906,779,143,Finisher,1542
Lea,Likar,Lea Likar,1265,F18-24,Female,Wien,AT-AT-9,Austria,AT,0:33:09,2:51:37,2:21:09,0:05:29,0:04:29,5:55:52,1989,10297,8469,329,269,21352,907,128,17,319,51,10,573,58,5,907,128,17,Finisher,2446
Martin,Jirota,Martin Jirota,511,M45-49,Male,Vrané nad Vltavou,Central Bohemian Region,Czech Republic,CZ,0:48:13,2:48:01,2:06:43,0:08:20,0:04:40,5:55:57,2893,10081,7603,500,280,21357,908,780,69,1442,1168,116,929,803,76,908,780,69,Finisher,1741
Jakub,Kabat,Jakub Kabat,1224,M30-34,Male,Prague,Prague,Slovakia,SK,0:37:34,3:04:02,2:03:16,0:06:59,0:04:07,5:55:57,2254,11042,7396,419,247,21357,909,781,118,729,611,81,1021,879,133,909,781,118,Finisher,1719
Martin,Jelínek,Martin Jelínek,582,M40-44,Male,Brno,CZ-642,Czech Republic,CZ,0:46:42,2:53:06,2:05:53,0:05:37,0:04:41,5:56:00,2802,10386,7553,337,281,21360,910,782,94,1396,1129,125,950,820,104,910,782,94,Finisher,1767
Tomáš,Mert,Tomáš Mert,454,M18-24,Male,Prague,Prague,Czech Republic,CZ,0:31:56,2:49:12,2:22:50,0:06:41,0:05:21,5:56:01,1916,10152,8570,401,321,21361,911,783,107,234,194,32,517,468,61,911,783,107,Finisher,1465
Miloslav,Blažek,Miloslav Blažek,566,M40-44,Male,Jičín,Hradec Králové Region,Czech Republic,CZ,0:41:52,2:58:03,2:04:01,0:07:17,0:04:55,5:56:08,2512,10683,7441,437,295,21368,912,784,95,1105,903,101,984,848,107,912,784,95,Finisher,1765
Ivo,Vorek,Ivo Vorek,350,M35-39,Male,Ostrava,Česká Republika,Czech Republic,CZ,0:39:41,2:50:38,2:15:12,0:06:28,0:04:11,5:56:12,2381,10238,8112,388,251,21372,913,785,144,925,766,137,733,648,117,913,785,144,Finisher,1536
Rostislav,Šotola,Rostislav Šotola,1191,M50-54,Male,Lesnice,Moravian-Silesian Region,Czech Republic,CZ,0:35:51,2:51:31,2:17:56,0:06:11,0:04:44,5:56:14,2151,10291,8276,371,284,21374,914,786,65,557,474,44,652,583,54,914,786,65,Finisher,1833
Tomáš,Lefner,Tomáš Lefner,1025,M25-29,Male,Brno,South Moravian Region,Czech Republic,CZ,0:46:38,3:06:17,1:51:32,0:08:55,0:02:55,5:56:18,2798,11177,6692,535,175,21378,915,787,134,1390,1125,182,1244,1054,167,915,787,134,Finisher,1601
Lukáš,Kulhavý,Lukáš Kulhavý,1472,M40-44,Male,Praha 8,Prague,Czech Republic,CZ,0:46:30,2:55:14,2:00:32,0:08:12,0:05:54,5:56:22,2790,10514,7232,492,354,21382,916,788,96,1384,1121,123,1054,908,109,916,788,96,Finisher,1760
Jan,Šimek,Jan Šimek,721,M30-34,Male,Smiřice,Hradec Králové Region,Czech Republic,CZ,0:42:24,2:52:55,2:11:34,0:06:25,0:03:21,5:56:39,2544,10375,7894,385,201,21399,917,789,119,1153,942,140,859,749,106,917,789,119,Finisher,1707
Tereza,Odvárková,Tereza Odvárková,826,F18-24,Female,Praha 5,Prague,Czech Republic,CZ,0:35:39,3:06:13,2:03:42,0:06:44,0:04:25,5:56:43,2139,11173,7422,404,265,21403,918,129,18,544,81,16,1022,143,19,918,129,18,Finisher,2431
Matěj,Geralský,Matěj Geralský,1422,M18-24,Male,Hradec Králové,Hradec Králové Region,Czech Republic,CZ,0:38:21,2:50:25,2:14:49,0:05:19,0:07:49,5:56:43,2301,10225,8089,319,469,21403,919,790,108,801,664,97,664,593,82,919,790,108,Finisher,1452
Tomáš,Matucha,Tomáš Matucha,720,M45-49,Male,Slavkov u Brna,South Moravia,Czech Republic,CZ,0:37:34,3:02:10,2:06:02,0:06:11,0:04:56,5:56:53,2254,10930,7562,371,296,21413,920,791,70,731,612,57,964,832,77,920,791,70,Finisher,1724
Monika,Velínová,Monika Velínová,934,F35-39,Female,Pardubice,Pardubice Region,Czech Republic,CZ,0:37:37,3:02:07,2:04:40,0:06:51,0:05:40,5:56:56,2257,10927,7480,411,340,21416,921,130,19,734,120,16,978,135,18,921,130,19,Finisher,2161
Zuzana,Mojdlova,Zuzana Mojdlova,916,F50-54,Female,Vrane nad Vltavou,CZ-Prague,Czech Republic,CZ,0:36:09,2:50:43,2:11:58,0:08:45,0:09:23,5:56:56,2169,10243,7918,525,563,21416,922,131,9,579,88,7,708,80,8,922,131,9,Finisher,2591
Patrik,Linhart,Patrik Linhart,664,M18-24,Male,"Nová Paka, Úbislavice, Vidochov, Stará Paka, Lužany",Hradec Králové Region,Czech Republic,CZ,0:38:08,2:56:06,2:12:32,0:06:22,0:03:49,5:56:58,2288,10566,7952,382,229,21418,923,792,109,782,648,96,834,727,97,923,792,109,Finisher,1448
Michal,Uhlíř,Michal Uhlíř,443,M30-34,Male,Krásná Lípa,Pardubice Region,Czech Republic,CZ,0:34:14,3:03:30,2:10:31,0:05:19,0:03:25,5:57:00,2054,11010,7831,319,205,21420,924,793,120,398,336,44,895,779,115,924,793,120,Finisher,1700
Michaela,Trilcová,Michaela Trilcová,665,F35-39,Female,Ostrava,Moravian-Silesian Region,Czech Republic,CZ,0:30:10,3:18:17,1:57:53,0:06:22,0:04:25,5:57:06,1810,11897,7073,382,265,21426,925,132,20,141,25,3,1147,165,23,925,132,20,Finisher,2158
Magdalena,Oravcová,Magdalena Oravcová,490,F30-34,Female,Hradec Králové,CZ-521,Czech Republic,CZ,0:43:48,2:51:53,2:07:58,0:08:53,0:04:35,5:57:07,2628,10313,7678,533,275,21427,926,133,21,1257,235,37,928,126,19,926,133,21,Finisher,2163
Dennis,Bode,Dennis Bode,1098,M30-34,Male,Lent,,Netherlands,NL,0:30:50,3:02:54,2:13:43,0:05:56,0:03:45,5:57:09,1850,10974,8023,356,225,21429,927,794,121,171,143,17,806,701,95,927,794,121,Finisher,1698
Roman,Jasenovec,Roman Jasenovec,1829,M35-39,Male,Mratín,Czech Republic ,Czech Republic,CZ,0:43:20,2:58:26,2:05:22,0:05:28,0:04:34,5:57:10,2600,10706,7522,328,274,21430,928,795,145,1224,996,174,985,849,152,928,795,145,Finisher,1519
Lukáš,Beránek,Lukáš Beránek,1197,M25-29,Male,Světlá nad Sázavou,Vysočina Region,Czech Republic,CZ,0:41:35,2:56:43,2:07:38,0:06:30,0:04:46,5:57:12,2495,10603,7658,390,286,21432,929,796,135,1074,877,134,936,809,125,929,796,135,Finisher,1585
David,Klímek,David Klímek,1189,M25-29,Male,Praha,CZ-109,Czech Republic,CZ,0:43:06,2:57:33,2:05:01,0:06:55,0:04:39,5:57:14,2586,10653,7501,415,279,21434,930,797,136,1210,984,152,993,857,132,930,797,136,Finisher,1584
Václav,Čapek,Václav Čapek,1530,M25-29,Male,,South Bohemian Region,Czech Republic,CZ,0:46:05,2:58:13,2:00:46,0:07:14,0:04:58,5:57:15,2765,10693,7246,434,298,21435,931,798,137,1371,1108,177,1084,930,145,931,798,137,Finisher,1584
Tomáš,Brádle,Tomáš Brádle,1358,M35-39,Male,Prague,Prague,Czech Republic,CZ,0:38:55,2:54:12,2:11:24,0:07:10,0:05:40,5:57:22,2335,10452,7884,430,340,21442,932,799,146,858,711,130,823,717,130,932,799,146,Finisher,1515
Gernot,Pekarek,Gernot Pekarek,1659,M45-49,Male,Oberwaltersdorf,,Austria,AT,0:34:58,2:56:49,2:13:07,0:07:38,0:04:53,5:57:26,2098,10609,7987,458,293,21446,933,800,71,470,399,41,798,693,70,933,800,71,Finisher,1715
Zdeněk,Špaček,Zdeněk Špaček,1784,M40-44,Male,Chelčice,Jihočeský kraj,Czech Republic,CZ,0:42:15,2:50:26,2:13:23,0:07:50,0:03:42,5:57:36,2535,10226,8003,470,222,21456,934,801,97,1140,932,102,830,723,92,934,801,97,Finisher,1738
Jan,Kutílek,Jan Kutílek,889,M25-29,Male,Pardubice,Pardubice Region,Czech Republic,CZ,0:40:19,3:02:53,2:02:03,0:05:51,0:06:37,5:57:42,2419,10973,7323,351,397,21462,935,802,138,976,806,116,1031,887,137,935,802,138,Finisher,1576
Stefan,Bredl,Stefan Bredl,1135,M40-44,Male,Regen,foreigner,Germany,DE,0:35:55,2:48:15,2:15:35,0:13:00,0:04:57,5:57:42,2155,10095,8135,780,297,21462,936,803,98,564,481,53,746,657,80,936,803,98,Finisher,1736
Andreas,Chaloupka ,Andreas Chaloupka,458,M30-34,Male,,South Moravian Region,Czech Republic,CZ,0:36:21,2:57:15,2:13:53,0:06:47,0:03:41,5:57:57,2181,10635,8033,407,221,21477,937,804,122,595,503,68,825,719,101,937,804,122,Finisher,1683
Hana,Trhonova,Hana Trhonova,1834,F50-54,Female,Prague,Prague,Czech Republic,CZ,0:39:12,2:56:14,2:11:31,0:06:15,0:04:44,5:57:57,2352,10574,7891,375,284,21477,938,134,10,883,151,14,858,110,11,938,134,10,Finisher,2572
Petr,Ulrich,Petr Ulrich,384,M45-49,Male,Těrlicko,Moravian-Silesian Region,Czech Republic,CZ,0:29:15,3:00:08,2:19:20,0:05:42,0:03:36,5:58:00,1755,10808,8360,342,216,21480,939,805,72,102,85,5,690,614,63,939,805,72,Finisher,1704
Ondřej,Cieslar,Ondřej Cieslar,484,M25-29,Male,Nové Dvory,Central Bohemian Region,Czech Republic,CZ,0:41:03,3:01:25,2:01:52,0:07:45,0:06:03,5:58:09,2463,10885,7312,465,363,21489,940,806,139,1034,846,124,1059,912,144,940,806,139,Finisher,1568
Jakub,Hlaváč,Jakub Hlaváč,233,M35-39,Male,Ostrava,OSTRAVA-MESTO,Czech Republic,CZ,0:40:27,2:58:02,2:08:58,0:06:54,0:03:53,5:58:14,2427,10682,7738,414,233,21494,941,807,147,989,815,144,949,819,146,941,807,147,Finisher,1499
Marek,Šmídl,Marek Šmídl,832,M30-34,Male,Psáry,Central Bohemian Region,Czech Republic,CZ,0:32:27,2:59:32,2:17:31,0:05:51,0:02:57,5:58:18,1947,10772,8251,351,177,21498,942,808,123,267,223,24,761,668,89,942,808,123,Finisher,1677
Ronan,Nagle,Ronan Nagle,1081,M50-54,Male,,foreigner,Ireland,IE,0:38:24,2:56:04,2:08:58,0:08:13,0:06:40,5:58:19,2304,10564,7738,493,400,21499,943,809,66,807,670,60,880,765,70,943,809,66,Finisher,1796
Martin,Yankov,Martin Yankov,1557,M25-29,Male,Sofia,Sofia-Grad,Bulgaria,BG,0:43:14,3:01:02,2:00:46,0:07:49,0:05:29,5:58:19,2594,10862,7246,469,329,21499,944,810,140,1220,992,153,1095,939,148,944,810,140,Finisher,1565
Vít,Mráz,Vít Mráz,1717,M50-54,Male,Hronov,Hradec Králové Region,Czech Republic,CZ,0:44:41,2:54:38,2:04:49,0:08:33,0:05:42,5:58:22,2681,10478,7489,513,342,21502,945,811,67,1320,1071,93,1000,862,79,945,811,67,Finisher,1795
Aleksander,Perkowski,Aleksander Perkowski,132,M30-34,Male,Sokolka,PL-PD,Poland,PL,0:29:19,3:42:44,1:39:56,0:04:05,0:02:25,5:58:30,1759,13364,5996,245,145,21510,946,812,124,104,87,9,1412,1169,170,946,812,124,Finisher,1673
Jan,Novotný,Jan Novotný,1576,M18-24,Male,Písek,South Bohemia,Czech Republic,CZ,0:41:58,3:03:33,1:56:50,0:09:39,0:06:43,5:58:42,2518,11013,7010,579,403,21522,947,813,110,1112,907,137,1154,987,143,947,813,110,Finisher,1417
David,Petrášek,David Petrášek,1143,M18-24,Male,Ceské Budejovice,South Bohemian Region,Czech Republic,CZ,0:38:31,3:06:09,1:58:43,0:08:32,0:07:00,5:58:55,2311,11169,7123,512,420,21535,948,814,111,820,679,100,1118,960,138,948,814,111,Finisher,1413
Jan,Kutnik,Jan Kutnik,1772,M30-34,Male,Nelepec-Zernuvka,Czech,Czech Republic,CZ,0:23:55,2:52:04,2:28:36,0:08:04,0:06:19,5:58:58,1435,10324,8916,484,379,21538,949,815,125,17,16,1,440,400,54,949,815,125,Finisher,1665
David,Krivanek,David Krivanek,528,M45-49,Male,Berlin,BERLIN,Germany,DE,0:47:45,2:43:04,2:14:49,0:08:52,0:04:28,5:58:59,2865,9784,8089,532,268,21539,950,816,73,1432,1160,111,807,702,71,950,816,73,Finisher,1687
Samuel,Hitraček,Samuel Hitraček,1550,M18-24,Male,Trebišov,foreigner,Slovakia,SK,0:44:30,2:38:57,2:25:51,0:06:36,0:03:30,5:59:23,2670,9537,8751,396,210,21563,951,817,112,1313,1065,164,569,513,71,951,817,112,Finisher,1404
Josef ,Pobuda,Josef Pobuda,521,M25-29,Male,Mimoň,Liberec Region,Czech Republic,CZ,0:39:43,2:54:58,2:13:43,0:06:48,0:04:12,5:59:23,2383,10498,8023,408,252,21563,952,818,141,927,768,109,850,741,112,952,818,141,Finisher,1546
Aneta,Strejciusová,Aneta Strejciusová,313,F25-29,Female,Hradec Králové,Hradec Králové Region,Czech Republic,CZ,0:38:34,2:58:40,2:12:38,0:06:30,0:03:11,5:59:34,2314,10720,7958,390,191,21574,953,135,24,828,142,28,916,121,18,953,135,24,Finisher,2062
Jan,Vožech,Jan Vožech,740,M35-39,Male,Brandýs nad Labem-Stará Boleslav,South Bohemian Region,Czech Republic,CZ,0:42:07,3:00:39,2:01:10,0:10:11,0:05:34,5:59:42,2527,10839,7270,611,334,21582,954,819,148,1129,921,161,1114,956,169,954,819,148,Finisher,1473
Tomáš,Řezanka,Tomáš Řezanka,1501,M18-24,Male,Prague,Prague,Czech Republic,CZ,0:41:55,2:58:39,2:01:32,0:08:52,0:08:45,5:59:44,2515,10719,7292,532,525,21584,955,820,113,1106,904,136,1040,896,122,955,820,113,Finisher,1398
Katrin,Mutter,Katrin Mutter,187,F50-54,Female,St.Blasien,DE-BW,Germany,DE,0:34:47,2:57:56,2:17:23,0:05:52,0:04:06,6:00:04,2087,10676,8243,352,246,21604,956,136,11,450,68,5,776,99,10,956,136,11,Finisher,2534
Andrea,Košíková,Andrea Košíková,608,F30-34,Female,Cana,Kosice Region,Slovakia,SK,0:44:06,3:10:24,1:56:34,0:05:42,0:03:25,6:00:12,2646,11424,6994,342,205,21612,957,137,22,1280,241,38,1223,186,26,957,137,22,Finisher,2108
Vladimír,Tesner,Vladimír Tesner,381,M45-49,Male,Sezemice,Pardubice Region,Czech Republic,CZ,0:40:42,2:49:46,2:19:11,0:06:34,0:04:06,6:00:19,2442,10186,8351,394,246,21619,958,821,74,1012,832,86,743,654,66,958,821,74,Finisher,1663
Jirí,Kána,Jirí Kána,244,M35-39,Male,Brno,South Moravian Region,Czech Republic,CZ,0:33:31,2:57:45,2:18:37,0:06:55,0:03:32,6:00:20,2011,10665,8317,415,212,21620,959,822,149,348,293,49,766,672,124,959,822,149,Finisher,1462
Radek,Hanák,Radek Hanák,349,M40-44,Male,Horní Jiřetín,Ústí nad Labem Region,Czech Republic,CZ,0:38:37,2:53:03,2:17:41,0:05:37,0:05:23,6:00:21,2317,10383,8261,337,323,21621,960,823,99,831,689,77,748,659,81,960,823,99,Finisher,1689
Petr,Staveník,Petr Staveník,264,M35-39,Male,Praha,Prague,Czech Republic,CZ,0:42:13,3:02:23,2:02:13,0:07:57,0:05:35,6:00:22,2533,10943,7333,477,335,21622,961,824,150,1136,928,163,1101,945,167,961,824,150,Finisher,1461
Fryderyk,Gawron,Fryderyk Gawron,1053,M40-44,Male,Warsaw,mazowieckie,Poland,PL,0:44:06,2:58:06,2:06:47,0:05:13,0:06:13,6:00:25,2646,10686,7607,313,373,21625,962,825,100,1279,1039,116,991,855,108,962,825,100,Finisher,1688
Petr,Gallus,Petr Gallus,1011,M25-29,Male,Brno,South Moravian Region,Czech Republic,CZ,0:34:59,2:45:18,2:29:26,0:06:39,0:04:04,6:00:26,2099,9918,8966,399,244,21626,963,826,142,471,400,58,492,447,65,963,826,142,Finisher,1527
Marek,Srb,Marek Srb,368,M30-34,Male,Lužany,Hradec Králové Region,Czech Republic,CZ,0:37:15,3:02:03,2:11:42,0:06:12,0:03:16,6:00:28,2235,10923,7902,372,196,21628,964,827,126,699,589,76,955,824,122,964,827,126,Finisher,1638
Adam,Řehák,Adam Řehák,1781,M35-39,Male,Prague,Prague,Czech Republic,CZ,0:36:45,2:51:23,2:18:31,0:09:28,0:04:23,6:00:30,2205,10283,8311,568,263,21630,965,828,151,645,544,103,756,666,121,965,828,151,Finisher,1459
Jirí,Pšenicka,Jirí Pšenicka,1846,M40-44,Male,Hradec Králové,Hradec Králové,Czech Republic,CZ,0:46:38,2:52:15,2:12:11,0:05:33,0:04:01,6:00:37,2798,10335,7931,333,241,21637,966,829,101,1389,1124,124,925,801,101,966,829,101,Finisher,1684
Martin,Žilinčík,Martin Žilinčík,1280,M18-24,Male,Zvolen,foreigner,Slovakia,SK,0:42:38,2:59:05,2:06:35,0:06:26,0:05:56,6:00:39,2558,10745,7595,386,356,21639,967,830,114,1170,956,146,1009,868,114,967,830,114,Finisher,1382
Matej,Hozlár,Matej Hozlár,1756,M18-24,Male,Šurany,foreigner,Slovakia,SK,0:39:26,3:10:10,1:56:52,0:08:03,0:06:11,6:00:42,2366,11410,7012,483,371,21642,968,831,115,905,749,116,1181,1009,146,968,831,115,Finisher,1381
Šimon,Ďurica,Šimon Ďurica,1246,M18-24,Male,,foreigner,Slovakia,SK,0:41:41,3:00:06,2:06:35,0:06:27,0:06:13,6:01:01,2501,10806,7595,387,373,21661,969,832,116,1085,888,133,1012,871,117,969,832,116,Finisher,1375
Lucie,Dobrovolná,Lucie Dobrovolná,593,F35-39,Female,Blansko,South Moravian Region,Czech Republic,CZ,0:40:34,3:08:43,1:58:31,0:08:23,0:04:59,6:01:10,2434,11323,7111,503,299,21670,970,138,21,1003,179,23,1182,173,24,970,138,21,Finisher,2085
Petr,Holec,Petr Holec,1840,M45-49,Male,Nusle,South Moravia,Czech Republic,CZ,0:35:39,3:07:37,2:06:19,0:07:40,0:03:57,6:01:12,2139,11257,7579,460,237,21672,971,833,75,543,463,49,1073,921,87,971,833,75,Finisher,1647
Marek,Štepánek,Marek Štepánek,798,M35-39,Male,Liberec,Liberec,Czech Republic,CZ,0:40:56,2:57:09,2:06:55,0:05:28,0:10:58,6:01:27,2456,10629,7615,328,658,21687,972,834,152,1025,841,148,909,790,141,972,834,152,Finisher,1442
Eleonora,Röpke ,Eleonora Röpke,1412,F18-24,Female,Kiel,foreigner,Germany,DE,0:34:46,2:59:34,2:19:07,0:05:01,0:03:00,6:01:28,2086,10774,8347,301,180,21688,973,139,19,447,67,13,797,105,15,973,139,19,Finisher,2345
Marek,Tyban,Marek Tyban,545,M25-29,Male,Kladno,South Bohemian Region,Czech Republic,CZ,0:42:35,3:06:55,2:01:42,0:06:20,0:03:58,6:01:30,2555,11215,7302,380,238,21690,974,835,143,1165,952,146,1168,998,162,974,835,143,Finisher,1508
Marek,Míchal,Marek Míchal,460,M25-29,Male,Praha,CZ-108,Czech Republic,CZ,0:43:05,2:54:44,2:13:35,0:06:28,0:03:41,6:01:34,2585,10484,8015,388,221,21694,975,836,144,1206,981,150,923,799,122,975,836,144,Finisher,1506
Balázs Kolos,Molnár,Balázs Kolos Molnár,472,M35-39,Male,Budapest,,Hungary,HU,0:47:23,2:55:41,2:02:48,0:10:56,0:04:52,6:01:39,2843,10541,7368,656,292,21699,976,837,153,1412,1143,197,1132,971,171,976,837,153,Finisher,1438
Ota,Pichl,Ota Pichl,1026,M35-39,Male,Makotřasy,Central Bohemian Region,Czech Republic,CZ,0:37:45,3:00:00,2:10:51,0:08:25,0:04:39,6:01:40,2265,10800,7851,505,279,21700,977,838,154,746,624,120,968,836,149,977,838,154,Finisher,1438
Grzegorz,Skwarek,Grzegorz Skwarek,162,M55-59,Male,Nowy Targ,małopolskie,Poland,PL,0:35:53,2:56:12,2:16:45,0:07:04,0:05:49,6:01:42,2153,10572,8205,424,349,21702,978,839,26,559,476,16,791,688,24,978,839,26,Finisher,2170
Adam,Kracík,Adam Kracík,1585,M45-49,Male,Volary,Jihočeský kraj,Czech Republic,CZ,0:29:44,3:05:24,2:17:11,0:05:56,0:03:37,6:01:52,1784,11124,8231,356,217,21712,979,840,76,120,100,12,843,735,73,979,840,76,Finisher,1635
Alberto,Albertos Asencio,Alberto Albertos Asencio,1117,M30-34,Male,Alicante,foreigner,Spain,ES,0:44:37,3:04:25,2:02:40,0:06:23,0:03:55,6:02:00,2677,11065,7360,383,235,21720,980,841,127,1317,1068,160,1160,991,145,980,841,127,Finisher,1610
Michal,Hajsl,Michal Hajsl,1715,M35-39,Male,Mělník,Central Bohemian Region,Czech Republic,CZ,0:36:43,3:03:14,2:08:03,0:09:27,0:04:36,6:02:03,2203,10994,7683,567,276,21723,981,842,155,639,540,100,1039,895,162,981,842,155,Finisher,1431
Martin,Ferjanček,Martin Ferjanček,1298,M18-24,Male,Vikartovce,foreigner,Slovakia,SK,0:38:48,2:59:06,2:12:59,0:06:28,0:04:43,6:02:03,2328,10746,7979,388,283,21723,982,843,117,846,702,105,924,800,110,982,843,117,Finisher,1356
Matyáš,Licek,Matyáš Licek,274,M25-29,Male,Pardubice,Pardubice Region,Czech Republic,CZ,0:32:48,2:55:35,2:23:19,0:06:32,0:03:51,6:02:05,1968,10535,8599,392,231,21725,983,844,145,293,245,32,686,610,92,983,844,145,Finisher,1497
Karolína,Tvrdíková,Karolína Tvrdíková,1497,F18-24,Female,Světlá nad Sázavou,Vysocina,Czech Republic,CZ,0:42:49,3:02:19,2:08:37,0:05:16,0:03:06,6:02:07,2569,10939,7717,316,186,21727,984,140,20,1185,220,35,1065,150,21,984,140,20,Finisher,2333
Marek,Pokorný,Marek Pokorný,643,M30-34,Male,Slavkov u Brna,South Moravian Region,Czech Republic,CZ,0:37:02,2:56:57,2:18:43,0:05:36,0:03:52,6:02:11,2222,10617,8323,336,232,21731,985,845,128,679,573,74,802,697,94,985,845,128,Finisher,1607
Vlasta,Šejvlová,Vlasta Šejvlová,1341,F45-49,Female,Hradec Králové ,Hradec Králové Region,Czech Republic,CZ,0:40:22,2:57:24,2:13:39,0:06:47,0:04:00,6:02:12,2422,10644,8019,407,240,21732,986,141,13,981,172,14,927,125,13,986,141,13,Finisher,2354
Dalibor,Sláma,Dalibor Sláma,613,M35-39,Male,Brno,South Moravian Region,Czech Republic,CZ,0:36:58,2:56:45,2:15:07,0:07:16,0:06:06,6:02:12,2218,10605,8107,436,366,21732,986,846,156,667,564,110,842,734,132,986,846,156,Finisher,1428
Andrea,Benešová,Andrea Benešová,506,F25-29,Female,Pardubice,Prague,Czech Republic,CZ,0:34:24,3:07:05,2:10:18,0:06:25,0:04:10,6:02:22,2064,11225,7818,385,250,21742,988,142,25,416,63,13,1002,140,21,988,142,25,Finisher,2012
Pavel,Novak,Pavel Novak,438,M40-44,Male,Plzen,South Bohemian Region,Czech Republic,CZ,0:31:47,2:44:17,2:35:59,0:06:18,0:04:03,6:02:23,1907,9857,9359,378,243,21743,989,847,102,220,184,19,409,371,43,989,847,102,Finisher,1652
Katharina,Bockelt,Katharina Bockelt,1444,F30-34,Female,Munich,foreigner,Germany,DE,0:42:43,3:10:34,1:57:12,0:06:18,0:05:37,6:02:23,2563,11434,7032,378,337,21743,990,143,23,1181,217,32,1214,184,25,990,143,23,Finisher,2069
Dominik,Berényi,Dominik Berényi,1626,M18-24,Male,,,Hungary,HU,0:31:59,2:56:24,2:17:10,0:08:05,0:08:59,6:02:38,1919,10584,8230,485,539,21758,991,848,118,237,196,33,722,640,88,991,848,118,Finisher,1346
Matej,Slovácek,Matej Slovácek,273,M35-39,Male,Blatná,Jihočeský kraj,Czech Republic,CZ,0:33:36,2:48:37,2:30:10,0:06:47,0:03:37,6:02:46,2016,10117,9010,407,217,21766,992,849,157,355,298,50,547,495,94,992,849,157,Finisher,1418
Rastislav,Kocúr,Rastislav Kocúr,1400,M30-34,Male,Kosice,foreigner,Slovakia,SK,0:49:44,3:08:51,1:49:37,0:08:18,0:06:29,6:02:58,2984,11331,6577,498,389,21778,993,850,129,1473,1192,177,1315,1104,156,993,850,129,Finisher,1593
Patrik,Polák,Patrik Polák,552,M30-34,Male,Liberec,Liberec,Czech Republic,CZ,0:36:43,3:09:24,2:04:55,0:07:21,0:04:40,6:03:03,2203,11364,7495,441,280,21783,994,851,130,638,539,69,1122,963,144,994,851,130,Finisher,1592
Romana,Pintar,Romana Pintar,928,F60-64,Female,Slovenija,foreigner,Slovenia,SI,0:45:19,2:51:47,2:12:23,0:08:16,0:05:23,6:03:08,2719,10307,7943,496,323,21788,995,144,1,1348,260,2,948,130,1,995,144,1,Finisher,3500
Filip,Cerný,Filip Cerný,462,M30-34,Male,Praha,Prague,Czech Republic,CZ,0:42:58,2:51:25,2:19:13,0:06:19,0:03:15,6:03:10,2578,10285,8353,379,195,21790,996,852,131,1197,974,145,837,730,104,996,852,131,Finisher,1589
Martin,Král,Martin Král,1527,M55-59,Male,Hradec Králové,Hradec Králové Region,Czech Republic,CZ,0:30:47,2:59:05,2:13:35,0:12:00,0:07:45,6:03:12,1847,10745,8015,720,465,21792,997,853,27,170,142,3,862,751,29,997,853,27,Finisher,2143
Jakub,Kalát,Jakub Kalát,575,M40-44,Male,Hradec Králové,Hradec Králové Region,Czech Republic,CZ,0:42:21,2:56:14,2:13:52,0:06:26,0:04:45,6:03:36,2541,10574,8032,386,285,21816,998,854,103,1146,937,103,939,811,102,998,854,103,Finisher,1630
Adam ,Černý,Adam Černý,1001,M35-39,Male,Kolín,Central Bohemian Region,Czech Republic,CZ,0:43:57,2:57:09,2:09:01,0:07:31,0:06:02,6:03:39,2637,10629,7741,451,362,21819,999,855,158,1271,1034,185,1023,880,157,999,855,158,Finisher,1402
Aneta,Dvořáčková,Aneta Dvořáčková,1065,F30-34,Female,Pochvalov,Central Bohemian Region,Czech Republic,CZ,0:47:27,3:09:47,1:53:36,0:07:55,0:04:55,6:03:41,2847,11387,6816,475,295,21821,1000,145,24,1415,270,46,1286,203,32,1000,145,24,Finisher,2045
Ronald,Temes,Ronald Temes,414,M50-54,Male,Moldava nad Bodvou,foreigner,Slovakia,SK,0:42:08,2:42:55,2:27:24,0:06:45,0:04:31,6:03:43,2528,9775,8844,405,271,21823,1001,856,68,1132,924,82,612,552,52,1001,856,68,Finisher,1699
Mathias,Kramer,Mathias Kramer,446,M65-69,Male,Berlin,DE-foreigner,Germany,DE,0:33:28,2:59:37,2:19:27,0:06:22,0:05:00,6:03:55,2008,10777,8367,382,300,21835,1002,857,2,342,287,1,800,695,2,1002,857,2,Finisher,2894
Karel,LAUBE,Karel LAUBE,888,M40-44,Male,Prague,Prague,Czech Republic,CZ,0:36:09,2:51:29,2:24:33,0:06:34,0:05:10,6:03:55,2169,10289,8673,394,310,21835,1003,858,104,578,491,54,668,596,73,1003,858,104,Finisher,1625
Adam,Porteš,Adam Porteš,1814,M30-34,Male,Prague,Central Bohemian Region,Czech Republic,CZ,0:34:35,3:00:34,2:15:54,0:07:46,0:05:15,6:04:03,2075,10834,8154,466,315,21843,1004,859,132,430,365,51,889,773,114,1004,859,132,Finisher,1574
Tomáš ,Nosek,Tomáš Nosek,1416,M30-34,Male,Kostelní Myslová,Vysočina Region,Czech Republic,CZ,0:36:59,3:04:18,2:01:21,0:11:00,0:10:27,6:04:05,2219,11058,7281,660,627,21845,1005,860,133,671,566,72,1098,942,141,1005,860,133,Finisher,1573
Pavel,Pinkas,Pavel Pinkas,519,M30-34,Male,Chrast,Pardubice Region,Czech Republic,CZ,0:34:39,3:05:04,2:13:34,0:05:59,0:04:55,6:04:10,2079,11104,8014,359,295,21850,1006,861,134,439,374,52,959,828,124,1006,861,134,Finisher,1571
Pavel,Hrbek,Pavel Hrbek,231,M40-44,Male,Prague,Prague,Czech Republic,CZ,0:46:59,3:06:10,1:57:04,0:09:30,0:04:36,6:04:18,2819,11170,7024,570,276,21858,1007,862,105,1405,1136,126,1257,1062,125,1007,862,105,Finisher,1618
Jan,Pokorný ,Jan Pokorný,794,M18-24,Male,Telc,Vysočina Region,Czech Republic,CZ,0:44:55,3:04:31,1:59:58,0:08:26,0:06:28,6:04:19,2695,11071,7198,506,388,21859,1008,863,119,1331,1079,166,1190,1014,148,1008,863,119,Finisher,1316
Filip,Mačuga,Filip Mačuga,887,M25-29,Male,Danišovce,foreigner,Slovakia,SK,0:45:20,2:51:14,2:16:18,0:06:44,0:04:51,6:04:28,2720,10274,8178,404,291,21868,1009,864,146,1349,1089,172,899,782,120,1009,864,146,Finisher,1454
Klára ,Silnicová,Klára Silnicová,1511,F30-34,Female,Strání,Zlín Region,Czech Republic,CZ,0:39:55,3:15:46,1:57:17,0:06:36,0:04:58,6:04:33,2395,11746,7037,396,298,21873,1010,146,25,943,162,19,1250,193,29,1010,146,25,Finisher,2030
Pavel,Vlcek,Pavel Vlcek,640,M25-29,Male,Ústí Nad Labem,Ústí nad Labem Region,Czech Republic,CZ,0:40:13,2:58:23,2:08:11,0:07:36,0:10:10,6:04:33,2413,10703,7691,456,610,21873,1011,865,147,969,800,113,969,837,130,1011,865,147,Finisher,1453
Barbora,Kramlová,Barbora Kramlová,1408,F18-24,Female,Dolní Břežany,Central Bohemian Region,Czech Republic,CZ,0:39:20,3:02:13,2:08:43,0:08:49,0:05:29,6:04:34,2360,10933,7723,529,329,21874,1012,147,21,897,155,25,1064,149,20,1012,147,21,Finisher,2289
Urszula,Łapawa,Urszula Łapawa,202,F40-44,Female,Poznan,PL-WP,Poland,PL,0:36:18,2:55:12,2:18:54,0:07:06,0:07:05,6:04:35,2178,10512,8334,426,425,21875,1013,148,18,590,91,12,778,100,12,1013,148,18,Finisher,2192
Mikael,Zurkirchen,Mikael Zurkirchen,563,M18-24,Male,Écublens (Vaud),foreigner,Switzerland,CH,0:43:24,3:01:27,2:06:17,0:08:12,0:05:36,6:04:56,2604,10887,7577,492,336,21896,1014,866,120,1227,999,156,1115,957,136,1014,866,120,Finisher,1304
Kristýna,Štechová,Kristýna Štechová,933,F35-39,Female,"HRADEC Králové, libnikovice",Hradec Králové Region,Czech Republic,CZ,0:38:30,3:01:08,2:15:05,0:05:51,0:04:25,6:04:58,2310,10868,8105,351,265,21898,1015,149,22,819,141,19,953,131,16,1015,149,22,Finisher,2017
Sandro,Nanic,Sandro Nanic,1187,M30-34,Male,Prague,CZ-Prague,Czech Republic,CZ,0:41:13,3:07:37,2:03:25,0:07:25,0:05:25,6:05:05,2473,11257,7405,445,325,21905,1016,867,135,1047,855,125,1170,1000,148,1016,867,135,Finisher,1555
Tomáš,Machek,Tomáš Machek,362,M60-64,Male,Hradec Králové,Hradec Králové Region,Czech Republic,CZ,0:32:27,2:57:44,2:20:59,0:08:25,0:05:42,6:05:16,1947,10664,8459,505,342,21916,1017,868,11,266,222,2,777,678,11,1017,868,11,Finisher,2578
Petr,Flégl,Petr Flégl,878,M45-49,Male,Prague,Prague,Czech Republic,CZ,0:39:25,3:02:39,2:11:40,0:07:05,0:04:27,6:05:17,2365,10959,7900,425,267,21917,1018,869,77,902,747,77,1034,890,84,1018,869,77,Finisher,1573
Margit,Pemmer,Margit Pemmer,985,F40-44,Female,Artstetten,AT-3,Austria,AT,0:41:50,2:54:07,2:20:11,0:05:49,0:03:33,6:05:29,2510,10447,8411,349,213,21929,1019,150,19,1099,201,27,860,111,17,1019,150,19,Finisher,2175
Tomáš,Marel,Tomáš Marel,569,M18-24,Male,Rasošky,Hradec Králové Region,Czech Republic,CZ,0:42:56,3:01:09,2:07:20,0:08:47,0:05:18,6:05:29,2576,10869,7640,527,318,21929,1020,870,121,1196,973,149,1110,953,135,1020,870,121,Finisher,1295
Erik,Bajer,Erik Bajer,862,M40-44,Male,Branka u Opavy,Moravian-Silesian Region,Czech Republic,CZ,0:44:29,3:01:57,2:05:28,0:07:47,0:05:57,6:05:38,2669,10917,7528,467,357,21938,1021,871,106,1311,1063,119,1136,974,117,1021,871,106,Finisher,1594
Olga,Dvorácková,Olga Dvorácková,941,F50-54,Female,Holice v Čechách,Pardubice Region,Czech Republic,CZ,0:32:24,3:03:39,2:19:28,0:05:57,0:04:14,6:05:42,1944,11019,8368,357,254,21942,1022,151,12,260,43,4,866,112,12,1022,151,12,Finisher,2433
Marek,Kostov,Marek Kostov,1543,M30-34,Male,Prague,Prague,Czech Republic,CZ,0:51:19,2:58:07,2:00:33,0:10:25,0:05:20,6:05:43,3079,10687,7233,625,320,21943,1023,872,136,1499,1213,178,1217,1032,151,1023,872,136,Finisher,1544
Andrew,Batt,Andrew Batt,1505,M45-49,Male,BRISTOL,SOM,United Kingdom,GB,0:35:04,2:53:10,2:22:56,0:07:35,0:07:01,6:05:46,2104,10390,8576,455,421,21946,1024,873,78,483,411,42,710,629,64,1024,873,78,Finisher,1565
Hynek,Havel,Hynek Havel,636,M18-24,Male,Pardubice,Pardubice Region,Czech Republic,CZ,0:40:42,3:05:41,2:04:21,0:08:45,0:06:22,6:05:53,2442,11141,7461,525,382,21953,1025,874,122,1013,833,125,1153,986,142,1025,874,122,Finisher,1287
Dávid,Genšiniak,Dávid Genšiniak,1399,M45-49,Male,Trencín,foreigner,Slovakia,SK,0:45:36,3:01:31,2:03:58,0:09:20,0:05:36,6:06:00,2736,10891,7438,560,336,21960,1026,875,79,1357,1096,102,1172,1002,94,1026,875,79,Finisher,1560
Klára,Dokulilová,Klára Dokulilová,1149,F30-34,Female,Prague,Prague,Czech Republic,CZ,0:43:07,3:09:04,2:00:15,0:08:40,0:05:03,6:06:09,2587,11344,7215,520,303,21969,1027,152,26,1211,227,33,1231,188,27,1027,152,26,Finisher,2001
Jan,Gebauer,Jan Gebauer,461,M30-34,Male,Jicín,Hradec Králové Region,Czech Republic,CZ,0:46:07,2:56:43,2:11:17,0:07:54,0:04:17,6:06:17,2767,10603,7877,474,257,21977,1028,876,137,1372,1109,167,1069,918,136,1028,876,137,Finisher,1533
Samo,Sgerm,Samo Sgerm,1456,M45-49,Male,Miklavž na Dravskem polju,SI-169,Slovenia,SI,0:36:53,3:01:46,2:12:44,0:07:21,0:07:37,6:06:22,2213,10906,7964,441,457,21982,1029,877,80,659,558,53,965,833,78,1029,877,80,Finisher,1554
Jonathan,Jocham,Jonathan Jocham,1103,M25-29,Male,Eichenau,DE-BY,Germany,DE,0:38:20,2:53:53,2:18:14,0:07:41,0:08:21,6:06:30,2300,10433,8294,461,501,21990,1030,878,148,797,661,96,814,708,107,1030,878,148,Finisher,1418
Tomáš,Merkl,Tomáš Merkl,620,M30-34,Male,Velichovky,Hradec Králové Region,Czech Republic,CZ,0:40:09,2:55:02,2:19:48,0:07:14,0:04:36,6:06:48,2409,10502,8388,434,276,22008,1031,879,138,963,796,114,873,759,109,1031,879,138,Finisher,1524
Aleš,Kobrle,Aleš Kobrle,1736,M35-39,Male,Martinice v Krkonoších,Liberec Region,Czech Republic,CZ,0:38:58,2:57:14,2:14:26,0:07:24,0:08:52,6:06:55,2338,10634,8066,444,532,22015,1032,880,159,865,717,131,911,792,142,1032,880,159,Finisher,1343
Richard,Velísek,Richard Velísek,810,M45-49,Male,Zlín,South Moravian Region,Czech Republic,CZ,0:38:54,3:08:57,2:08:16,0:06:00,0:04:57,6:07:05,2334,11337,7696,360,297,22025,1033,881,81,856,709,70,1127,966,91,1033,881,81,Finisher,1541
Tomáš,Jirkal,Tomáš Jirkal,308,M35-39,Male,Cheb,,Czech Republic,CZ,0:35:35,3:16:44,2:01:40,0:06:35,0:06:52,6:07:27,2135,11804,7300,395,412,22047,1034,882,160,536,457,83,1208,1025,183,1034,882,160,Finisher,1334
Jan,Plachý,Jan Plachý,869,M18-24,Male,Průhonice,Central Bohemian Region,Czech Republic,CZ,0:32:52,3:08:21,2:13:05,0:08:01,0:05:12,6:07:31,1972,11301,7985,481,312,22051,1035,883,123,296,248,41,1035,891,119,1035,883,123,Finisher,1258
David,Doležálek,David Doležálek,1161,M30-34,Male,Prague,Prague,Czech Republic,CZ,0:45:18,3:15:55,1:54:05,0:07:38,0:04:42,6:07:39,2718,11755,6845,458,282,22059,1036,884,139,1346,1087,162,1339,1118,157,1036,884,139,Finisher,1509
Fritz,Walkner,Fritz Walkner,1479,M50-54,Male,Traun,,Austria,AT,0:47:34,2:51:12,2:16:15,0:07:03,0:05:43,6:07:48,2854,10272,8175,423,343,22068,1037,885,69,1423,1153,99,962,830,74,1037,885,69,Finisher,1625
Patrik,Hudec,Patrik Hudec,1818,M35-39,Male,Prague,Prague,Czech Republic,CZ,0:48:20,3:05:12,2:03:36,0:07:09,0:03:31,6:07:48,2900,11112,7416,429,211,22068,1038,886,161,1445,1171,200,1228,1041,189,1038,886,161,Finisher,1327
David,Šverák,David Šverák,245,M30-34,Male,Javornice,Hradec Králové Region,Czech Republic,CZ,0:38:17,3:05:52,2:12:08,0:06:42,0:04:54,6:07:53,2297,11152,7928,402,294,22073,1039,887,140,795,659,93,1070,919,137,1039,887,140,Finisher,1505
Grit,Kowsky,Grit Kowsky,1325,F50-54,Female,Potsdam,,Germany,DE,0:31:35,3:03:00,2:17:41,0:07:27,0:08:12,6:07:55,1895,10980,8261,447,492,22075,1040,153,13,209,34,3,867,113,13,1040,153,13,Finisher,2393
Štěpán,Krůs,Štěpán Krůs,846,M18-24,Male,Horní Dvořiště,South Bohemian Region,Czech Republic,CZ,0:35:56,3:08:56,2:08:01,0:09:01,0:06:20,6:08:14,2156,11336,7681,541,380,22094,1041,888,124,565,482,68,1128,967,139,1041,888,124,Finisher,1245
Marco,Kümmel,Marco Kümmel,1694,M45-49,Male,Pottendorf,AT-3,Germany,DE,0:31:22,2:56:01,2:20:45,0:05:13,0:15:00,6:08:20,1882,10561,8445,313,900,22100,1042,889,82,200,168,24,632,569,57,1042,889,82,Finisher,1518
Michal,Halamcek,Michal Halamcek,470,M18-24,Male,Dolný Kubín,Slovakia,Slovakia,SK,0:38:49,3:03:16,2:10:45,0:08:36,0:07:01,6:08:29,2329,10996,7845,516,421,22109,1043,890,125,848,704,106,1068,917,126,1043,890,125,Finisher,1241
Oliver,Bori,Oliver Bori,1226,M30-34,Male,Liptovsky Mikulas,foreigner,Slovakia,SK,0:35:42,3:01:38,2:16:31,0:09:23,0:05:15,6:08:29,2142,10898,8191,563,315,22109,1044,891,141,549,466,62,980,845,127,1044,891,141,Finisher,1494
David,Samson,David Samson,447,M18-24,Male,Kravaře,Moravian-Silesian Region,Czech Republic,CZ,0:32:26,2:58:17,2:22:40,0:06:53,0:08:17,6:08:33,1946,10697,8560,413,497,22113,1045,892,126,263,220,38,755,665,92,1045,892,126,Finisher,1239
Michal,Škopek,Michal Škopek,799,M35-39,Male,Rajhradice,South Moravian Region,Czech Republic,CZ,0:51:03,2:58:15,2:02:51,0:10:52,0:05:36,6:08:37,3063,10695,7371,652,336,22117,1046,893,162,1495,1211,205,1220,1035,187,1046,893,162,Finisher,1313
Peter,Helbig,Peter Helbig,1409,M55-59,Male,Fürth,,Germany,DE,0:36:50,2:54:59,2:20:47,0:09:47,0:06:14,6:08:37,2210,10499,8447,587,374,22117,1047,894,28,656,555,23,854,745,28,1047,894,28,Finisher,2045
Jan,Kilbergr,Jan Kilbergr,421,M25-29,Male,Jetětice,South Bohemian Region,Czech Republic,CZ,0:37:13,3:18:19,2:00:23,0:07:53,0:04:51,6:08:38,2233,11899,7223,473,291,22118,1048,895,149,695,585,86,1266,1068,169,1048,895,149,Finisher,1379
Zbyšek,Piták,Zbyšek Piták,735,M25-29,Male,Praha 8,CZ-108,Czech Republic,CZ,0:40:17,3:02:27,2:14:56,0:06:22,0:04:54,6:08:56,2417,10947,8096,382,294,22136,1049,896,150,975,805,115,1032,888,138,1049,896,150,Finisher,1374
Zdeněk,Řehoř,Zdeněk Řehoř,1745,M45-49,Male,Všestudy,Ústí nad Labem Region,Czech Republic,CZ,0:39:03,3:04:59,2:09:17,0:08:46,0:06:58,6:09:04,2343,11099,7757,526,418,22144,1050,897,83,872,722,72,1107,950,89,1050,897,83,Finisher,1505
Dominik ,Temmel,Dominik Temmel,1362,M35-39,Male,Kapfenberg,STEIERMARK,Austria,AT,0:37:07,2:52:59,2:26:57,0:07:36,0:04:35,6:09:13,2227,10379,8817,456,275,22153,1051,898,163,691,582,114,759,667,122,1051,898,163,Finisher,1302
Petr,Rus,Petr Rus,296,M40-44,Male,Brno,South Moravian Region,Czech Republic,CZ,0:36:38,2:56:33,2:21:02,0:08:20,0:06:48,6:09:20,2198,10593,8462,500,408,22160,1052,899,107,628,529,62,851,742,95,1052,899,107,Finisher,1527
Jan,Hvozdovič,Jan Hvozdovič,257,M18-24,Male,Rousínov,South Moravian Region,Czech Republic,CZ,0:42:42,2:55:04,2:14:56,0:07:42,0:09:14,6:09:38,2562,10504,8096,462,554,22178,1053,900,127,1178,963,148,954,823,113,1053,900,127,Finisher,1220
Zdenek,Lind,Zdenek Lind,1738,M50-54,Male,Hradec Králové,Hradec Králové Region,Czech Republic,CZ,0:38:10,2:50:18,2:27:55,0:07:45,0:06:03,6:10:10,2290,10218,8875,465,363,22210,1054,901,70,785,651,56,719,637,61,1054,901,70,Finisher,1583
Boris,Weber,Boris Weber,1343,M40-44,Male,Großsteinbach,,Austria,AT,0:33:33,3:01:04,2:24:30,0:06:20,0:04:57,6:10:23,2013,10864,8670,380,297,22223,1055,902,108,351,294,32,840,732,93,1055,902,108,Finisher,1508
Petr,Jurena,Petr Jurena,1033,M35-39,Male,Uherské Hradišťe,South Moravian Region,Czech Republic,CZ,0:41:30,2:56:39,2:19:23,0:07:57,0:04:54,6:10:24,2490,10599,8363,477,294,22224,1056,903,164,1067,872,154,967,835,148,1056,903,164,Finisher,1280
Vojtěch,Baleja,Vojtěch Baleja,427,M35-39,Male,Petrvald,Moravian-Silesian Region,Czech Republic,CZ,0:34:33,3:04:11,2:21:43,0:06:00,0:03:56,6:10:24,2073,11051,8503,360,236,22224,1057,904,165,429,364,60,935,808,143,1057,904,165,Finisher,1280
Jáchym,Cvalín,Jáchym Cvalín,950,M18-24,Male,"Měšice, Hovorčovice, Zlonín, Bašť",Prague,Czech Republic,CZ,0:37:03,3:08:11,2:12:15,0:06:30,0:06:30,6:10:28,2223,11291,7935,390,390,22228,1058,905,128,682,576,83,1089,933,131,1058,905,128,Finisher,1205
Jan,Abraham,Jan Abraham,378,M40-44,Male,Choceň,Pardubice Region,Czech Republic,CZ,0:43:51,2:49:41,2:23:11,0:07:38,0:06:35,6:10:56,2631,10181,8591,458,395,22256,1059,906,109,1261,1025,114,845,737,94,1059,906,109,Finisher,1498
Kateřina,Honzů,Kateřina Honzů,1376,F30-34,Female,Letohrad,Pardubice Region,Czech Republic,CZ,0:40:12,2:58:20,2:18:38,0:06:27,0:07:20,6:10:56,2412,10700,8318,387,440,22256,1060,154,27,967,169,21,938,128,20,1060,154,27,Finisher,1915
Daniel,Kacur,Daniel Kacur,560,M50-54,Male,Velké Přílepy,Central Bohemian Region,Czech Republic,CZ,0:47:05,2:48:03,2:23:49,0:07:41,0:04:40,6:11:19,2825,10083,8629,461,280,22279,1061,907,71,1407,1138,98,884,769,71,1061,907,71,Finisher,1562
David,Suchan,David Suchan,731,M35-39,Male,Běleč nad Orlicí,Hradec Králové Region,Czech Republic,CZ,0:40:23,3:02:16,2:16:16,0:07:39,0:04:46,6:11:20,2423,10936,8176,459,286,22280,1062,908,166,987,813,143,1061,914,166,1062,908,166,Finisher,1264
Michal,Skalský,Michal Skalský,906,M40-44,Male,Hořice v Podkrkonoší,Hradec Králové Region,Czech Republic,CZ,0:39:53,3:02:39,2:15:36,0:07:27,0:05:46,6:11:21,2393,10959,8136,447,346,22281,1063,909,110,940,779,88,1055,909,110,1063,909,110,Finisher,1491
Gerd,Muetze,Gerd Muetze,417,M45-49,Male,Moritzburg,,Germany,DE,0:36:54,3:01:08,2:18:48,0:08:28,0:06:12,6:11:29,2214,10868,8328,508,372,22289,1064,910,84,661,560,54,974,841,80,1064,910,84,Finisher,1462
Martin,Bábor,Martin Bábor,392,M18-24,Male,Tišnov,South Moravian Region,Czech Republic,CZ,0:40:58,3:14:21,2:02:46,0:08:42,0:04:43,6:11:31,2458,11661,7366,522,283,22291,1065,911,129,1029,844,126,1273,1072,157,1065,911,129,Finisher,1186
Irina,Krupp,Irina Krupp,1655,F40-44,Female,Leverkusen,NW,Germany,DE,0:41:21,3:05:09,2:01:15,0:11:20,0:12:26,6:11:31,2481,11109,7275,680,746,22291,1066,155,20,1054,193,26,1188,175,24,1066,155,20,Finisher,2067
Matěj,Plíšek,Matěj Plíšek,561,M18-24,,,,Czech Republic,CZ,0:37:18,3:24:17,1:56:45,0:07:47,0:05:25,6:11:32,2238,12257,7005,467,325,22292,1067,912,130,703,592,85,1345,1124,170,1067,912,130,Finisher,1186
Michal ,Kouřimský,Michal Kouřimský,512,M25-29,Male,Prague,Prague,Czech Republic,CZ,0:36:46,3:02:26,2:18:40,0:08:04,0:05:41,6:11:36,2206,10946,8320,484,341,22296,1068,913,151,646,545,79,987,851,131,1068,913,151,Finisher,1326
Lukáš,Kocka,Lukáš Kocka,237,M35-39,Male,Brno,Czech Republic,Czech Republic,CZ,0:48:59,3:11:51,1:55:37,0:09:02,0:06:14,6:11:43,2939,11511,6937,542,374,22303,1069,914,167,1463,1183,201,1355,1132,200,1069,914,167,Finisher,1257
Štěpán,Svoboda,Štěpán Svoboda,398,M25-29,Male,Prague,Prague,Czech Republic,CZ,0:40:37,3:02:35,2:18:07,0:06:42,0:03:45,6:11:46,2437,10955,8287,402,225,22306,1070,915,152,1008,829,119,1051,905,143,1070,915,152,Finisher,1323
Dalibor,Benedek,Dalibor Benedek,1147,M35-39,Male,Poprad,Hradec Králové Region,Slovakia,SK,0:36:49,3:06:14,2:16:34,0:06:43,0:05:30,6:11:49,2209,11174,8194,403,330,22309,1071,916,168,654,553,107,1048,902,165,1071,916,168,Finisher,1255
Jakub,Reitmajer,Jakub Reitmajer,1732,M35-39,Male,Tábor,Jihočeský kraj,Czech Republic,CZ,0:34:23,3:14:30,2:11:32,0:07:28,0:04:05,6:11:58,2063,11670,7892,448,245,22318,1072,917,169,414,352,58,1171,1001,178,1072,917,169,Finisher,1252
Katerina,Pitrmanová,Katerina Pitrmanová,508,F18-24,Female,Hradec Králové,Hradec Králové Region,Czech Republic,CZ,0:34:25,3:07:20,2:19:27,0:05:52,0:04:59,6:12:04,2065,11240,8367,352,299,22324,1073,156,22,419,64,12,994,137,18,1073,156,22,Finisher,2154
Vit,Hofer,Vit Hofer,979,M50-54,Male,Praha,Khon Kaen Province,Czech Republic,CZ,0:46:29,2:52:30,2:14:33,0:10:00,0:08:34,6:12:06,2789,10350,8073,600,514,22326,1074,918,72,1381,1118,97,1030,886,82,1074,918,72,Finisher,1548
Adam,Kočí,Adam Kočí,1160,M30-34,Male,Prague,Prague,Czech Republic,CZ,0:42:54,3:00:19,2:15:21,0:07:42,0:05:55,6:12:10,2574,10819,8121,462,355,22330,1075,919,142,1192,970,144,1071,920,138,1075,919,142,Finisher,1427
Anton,Forro,Anton Forro,1013,M45-49,Male,Bratislava,foreigner,Slovakia,SK,0:35:05,3:00:11,2:24:03,0:08:27,0:04:30,6:12:17,2105,10811,8643,507,270,22337,1076,920,85,486,414,43,915,795,75,1076,920,85,Finisher,1447
Terézia,Machová,Terézia Machová,415,F30-34,Female,Praha ,Praha,Slovakia,SK,0:35:17,3:13:38,2:08:39,0:07:45,0:07:07,6:12:26,2117,11618,7719,465,427,22346,1077,157,28,510,76,10,1173,171,24,1077,157,28,Finisher,1888
Dávid,Beňovič,Dávid Beňovič,1482,M18-24,Male,Malacky,foreigner,Slovakia,SK,0:39:16,3:13:58,2:02:56,0:09:14,0:07:09,6:12:32,2356,11638,7376,554,429,22352,1078,921,131,891,737,111,1254,1060,155,1078,921,131,Finisher,1168
Kristýna,Rubecká,Kristýna Rubecká,258,F35-39,Female,Vyškov,South Moravian Region,Czech Republic,CZ,0:44:37,3:11:10,2:06:01,0:07:07,0:03:41,6:12:36,2677,11470,7561,427,221,22356,1079,158,23,1316,249,33,1260,196,28,1079,158,23,Finisher,1879
Kristian,Sell,Kristian Sell,702,M25-29,Male,Prague,Prague,Czech Republic,CZ,0:45:32,2:54:57,2:18:24,0:08:25,0:05:26,6:12:44,2732,10497,8304,505,326,22364,1080,922,153,1354,1093,174,1029,885,136,1080,922,153,Finisher,1305
Roman,Grossman,Roman Grossman,1623,M50-54,Male,Hradec Králové,CZ-Hradec Králové Region,Czech Republic,CZ,0:42:25,2:55:30,2:18:47,0:08:32,0:07:31,6:12:45,2545,10530,8327,512,451,22365,1081,923,73,1156,945,83,973,840,76,1081,923,73,Finisher,1536
Aleš,Maršík,Aleš Maršík,232,M25-29,Male,Prague,Prague,Czech Republic,CZ,0:57:34,3:02:53,1:58:54,0:08:01,0:05:33,6:12:55,3454,10973,7134,481,333,22375,1082,924,154,1535,1238,204,1336,1116,178,1082,924,154,Finisher,1302
David,Svatoň,David Svatoň,811,M18-24,Male,Hradec Králové,Hradec Králové Region,Czech Republic,CZ,0:41:43,3:05:11,2:06:31,0:12:11,0:07:19,6:12:56,2503,11111,7591,731,439,22376,1083,925,132,1088,890,134,1209,1026,149,1083,925,132,Finisher,1160
Tomáš,Vlastník,Tomáš Vlastník,1313,M40-44,Male,Praha 18,Prague,Czech Republic,CZ,0:34:28,3:10:10,2:12:41,0:08:18,0:07:25,6:13:02,2068,11410,7961,498,445,22382,1084,926,111,421,356,41,1112,955,115,1084,926,111,Finisher,1460
Lukáš,Kruml,Lukáš Kruml,1250,M18-24,Male,Hradec Králové,Hradec Králové Region,Czech Republic,CZ,0:38:50,3:31:42,1:51:24,0:06:30,0:04:37,6:13:04,2330,12702,6684,390,277,22384,1085,927,133,849,705,107,1423,1179,177,1085,927,133,Finisher,1158
Vojtěch,Krčma,Vojtěch Krčma,1216,M18-24,Male,Brno,South Moravian Region,Czech Republic,CZ,0:44:12,2:59:04,2:14:19,0:07:44,0:07:48,6:13:07,2652,10744,8059,464,468,22387,1086,928,134,1286,1045,160,1076,923,128,1086,928,134,Finisher,1157
David ,Sivčák ,David Sivčák,666,M50-54,Male,Opava,Moravian-Silesian Region,Czech Republic,CZ,0:42:05,3:02:19,2:19:53,0:05:31,0:03:26,6:13:13,2525,10939,8393,331,206,22393,1087,929,74,1124,916,81,1052,906,83,1087,929,74,Finisher,1528
Ondřej ,Hanke,Ondřej Hanke,1194,M30-34,Male,Žiželice,Central Bohemian Region,Czech Republic,CZ,0:42:43,3:16:57,2:03:49,0:06:10,0:03:34,6:13:13,2563,11817,7429,370,214,22393,1088,930,143,1179,964,142,1296,1091,155,1088,930,143,Finisher,1409
Peter,Surňák,Peter Surňák,1621,M45-49,Male,Prague,Prague,Czech Republic,CZ,0:39:40,3:03:57,2:14:18,0:09:13,0:06:20,6:13:29,2380,11037,8058,553,380,22409,1089,931,86,923,764,78,1109,952,90,1089,931,86,Finisher,1426
Tomáš,Vitvar,Tomáš Vitvar,1647,M30-34,Male,LITOMYŠL,Pardubice,Czech Republic,CZ,0:35:15,3:11:35,2:01:14,0:11:23,0:14:04,6:13:31,2115,11495,7274,683,844,22411,1090,932,144,501,428,57,1197,1019,150,1090,932,144,Finisher,1403
Christopher,Mehlhorn,Christopher Mehlhorn,1555,M30-34,Male,Schwarzenberg/Erzgebirge,foreigner,Germany,DE,0:39:40,2:58:35,2:19:42,0:09:23,0:06:13,6:13:33,2380,10715,8382,563,373,22413,1091,933,145,921,763,108,995,858,129,1091,933,145,Finisher,1403
Tomáš,Botur,Tomáš Botur,324,M25-29,Male,Orlová,Moravian-Silesian Region,Czech Republic,CZ,0:43:27,3:02:27,2:12:59,0:08:01,0:06:43,6:13:37,2607,10947,7979,481,403,22417,1092,934,155,1235,1006,155,1129,968,155,1092,934,155,Finisher,1289
Viktoria,Fuchs,Viktoria Fuchs,1041,F35-39,Female,Klein Pöchlarn,,Austria,AT,0:36:59,2:55:45,2:30:47,0:05:50,0:04:29,6:13:49,2219,10545,9047,350,269,22429,1093,159,24,669,105,13,775,98,14,1093,159,24,Finisher,1857
Marketa,Pirklova,Marketa Pirklova,921,F40-44,Female,Vrané nad Vltavou,CZ-Central Bohemian Region,Czech Republic,CZ,0:38:54,2:54:45,2:27:35,0:06:52,0:05:44,6:13:50,2334,10485,8855,412,344,22430,1094,160,21,855,147,20,829,107,15,1094,160,21,Finisher,2025
Daria,Sudakova,Daria Sudakova,1809,F25-29,Female,Prague,CZ-109,Unknown,,0:34:03,3:11:29,2:15:53,0:07:05,0:05:22,6:13:52,2043,11489,8153,425,322,22432,1095,161,26,389,61,12,1102,157,29,1095,161,26,Finisher,1805
Josef,Meliš,Josef Meliš,935,M40-44,Male,Pardubice,Pardubice Region,Czech Republic,CZ,0:48:44,3:02:55,2:08:06,0:07:05,0:07:06,6:13:56,2924,10975,7686,425,426,22436,1096,935,112,1455,1178,132,1206,1023,120,1096,935,112,Finisher,1444
Ester,Pánková,Ester Pánková,959,F25-29,Female,Třemošná,South Bohemian Region,Czech Republic,CZ,0:29:33,3:13:52,2:17:32,0:06:53,0:06:07,6:13:57,1773,11632,8252,413,367,22437,1097,162,27,114,19,4,1062,148,27,1097,162,27,Finisher,1803
Martin,Vycpalek,Martin Vycpalek,796,M50-54,Male,"Javornice, Slatina nad Zdobnicí",Hradec Králové Region,Czech Republic,CZ,0:45:56,2:49:41,2:19:39,0:12:25,0:06:20,6:14:00,2756,10181,8379,745,380,22440,1098,936,75,1367,1104,95,1006,865,80,1098,936,75,Finisher,1514
Martina ,Vágnerová ,Martina Vágnerová,816,F40-44,Female,Slavonice,Jihočeský kraj,Czech Republic,CZ,0:36:03,3:20:42,2:06:32,0:06:23,0:04:20,6:14:01,2163,12042,7592,383,260,22441,1099,163,22,572,85,11,1261,197,27,1099,163,22,Finisher,2022
Lisa,Zeller,Lisa Zeller,1320,F40-44,Female,Feldkirchen an der Donau,,Austria,AT,0:37:49,3:09:40,2:16:12,0:06:20,0:04:01,6:14:03,2269,11380,8172,380,241,22443,1100,164,23,756,127,18,1126,161,23,1100,164,23,Finisher,2021
Karolína,Hynčíková,Karolína Hynčíková,463,F25-29,Female,Domažlice,Czechia,Czech Republic,CZ,0:35:57,3:02:59,2:25:12,0:06:49,0:03:10,6:14:06,2157,10979,8712,409,190,22446,1101,165,28,566,84,15,960,132,20,1101,165,28,Finisher,1801
René,Hušek,René Hušek,1844,M50-54,Male,Hradec Králové,Hradec Králové,Czech Republic,CZ,0:40:01,2:50:44,2:28:48,0:08:12,0:06:23,6:14:08,2401,10244,8928,492,383,22448,1102,937,76,950,787,73,784,683,64,1102,937,76,Finisher,1511
Tomáš,Krivánek,Tomáš Krivánek,1641,M25-29,Male,Říčany,South Moravian Region,Czech Republic,CZ,0:46:37,3:06:52,2:08:00,0:07:38,0:05:12,6:14:19,2797,11212,7680,458,312,22459,1103,938,156,1388,1123,181,1234,1046,166,1103,938,156,Finisher,1277
David,Kříha,David Kříha,648,M18-24,Male,Olešnice,Jihočeský kraj,Czech Republic,CZ,0:37:35,3:19:47,2:04:39,0:07:26,0:04:56,6:14:23,2255,11987,7479,446,296,22463,1104,939,135,732,613,90,1281,1080,160,1104,939,135,Finisher,1134
Radim,Spusta,Radim Spusta,1152,M35-39,Male,Ostrava,Moravian-Silesian Region,Czech Republic,CZ,0:39:45,3:05:33,2:10:05,0:09:54,0:09:10,6:14:27,2385,11133,7805,594,550,22467,1105,940,170,929,770,138,1157,988,176,1105,940,170,Finisher,1208
Petr,Belak,Petr Belak,439,M35-39,Male,Praha,Prague,Czech Republic,CZ,0:34:53,2:57:42,2:27:32,0:07:34,0:06:51,6:14:32,2093,10662,8852,454,411,22472,1106,941,171,460,390,67,820,714,129,1106,941,171,Finisher,1206
Inke,Meyer,Inke Meyer,872,F40-44,Female,Rosengarten,foreigner,Germany,DE,0:38:57,3:00:52,2:22:48,0:07:54,0:04:03,6:14:33,2337,10852,8568,474,243,22473,1107,166,24,861,148,21,996,138,21,1107,166,24,Finisher,2012
Dominik,Rufer,Dominik Rufer,1088,M18-24,Male,Červený Kostelec,Hradec Králové Region,Czech Republic,CZ,0:47:34,3:16:23,2:02:09,0:05:41,0:02:47,6:14:35,2854,11783,7329,341,167,22475,1108,942,136,1424,1154,176,1351,1128,171,1108,942,136,Finisher,1131
Jan,Tvrz,Jan Tvrz,1177,M30-34,Male,Pardubice,Pardubice Region,Czech Republic,CZ,0:40:33,3:15:21,1:54:01,0:15:10,0:09:37,6:14:43,2433,11721,6841,910,577,22483,1109,943,146,999,821,121,1367,1142,162,1109,943,146,Finisher,1382
Paul,Luksch,Paul Luksch,1816,M60-64,Male,Limburg,HE,Germany,DE,0:49:36,2:47:04,2:17:31,0:11:41,0:09:05,6:14:57,2976,10024,8251,701,545,22497,1110,944,12,1468,1188,18,1017,876,12,1110,944,12,Finisher,2404
Monika,Škardová ,Monika Škardová,1254,F30-34,Female,Prague,Prague,Czech Republic,CZ,0:37:49,3:04:23,2:18:28,0:09:00,0:05:30,6:15:11,2269,11063,8308,540,330,22511,1111,167,29,755,126,17,1080,154,22,1111,167,29,Finisher,1838
Jakub,Sobota,Jakub Sobota,1529,M18-24,Male,Prague,Prague,Czech Republic,CZ,0:46:48,3:05:14,2:08:59,0:08:10,0:06:00,6:15:12,2808,11114,7739,490,360,22512,1112,945,137,1401,1133,173,1222,1037,150,1112,945,137,Finisher,1120
Karolína,Zwinger,Karolína Zwinger,989,F30-34,Female,Prague,Prague,Czech Republic,CZ,0:36:17,3:09:32,2:19:21,0:05:50,0:04:13,6:15:14,2177,11372,8361,350,253,22514,1113,168,30,588,90,13,1087,156,23,1113,168,30,Finisher,1837
Jakub,Kott,Jakub Kott,1810,M18-24,Male,Brno,South Moravian Region,Czech Republic,CZ,0:36:16,2:58:39,2:30:42,0:05:57,0:03:49,6:15:23,2176,10719,9042,357,229,22523,1114,946,138,585,496,75,839,731,99,1114,946,138,Finisher,1116
Aik,Arutiunian,Aik Arutiunian,1029,M35-39,Male,Wysoka,dolnośląskie,Ukraine,UA,0:38:32,3:09:38,2:18:48,0:06:03,0:02:24,6:15:25,2312,11378,8328,363,144,22525,1115,947,172,823,682,127,1137,975,172,1115,947,172,Finisher,1190
Monika,Jurdová,Monika Jurdová,1410,F40-44,Female,Brno,CZ-642,Czech Republic,CZ,0:37:12,3:23:19,2:04:35,0:06:19,0:04:00,6:15:25,2232,12199,7475,379,240,22525,1116,169,25,694,110,16,1314,211,31,1116,169,25,Finisher,1997
Filip,Jurkáček,Filip Jurkáček,1709,M18-24,Male,Malacky,foreigner,Slovakia,SK,0:41:39,2:52:01,2:23:19,0:07:00,0:11:34,6:15:33,2499,10321,8599,420,694,22533,1117,948,139,1083,886,132,836,729,98,1117,948,139,Finisher,1113
Jiří,Dymák,Jiří Dymák,676,M30-34,Male,Hradec Králové,Hradec Králové Region,Czech Republic,CZ,0:38:40,3:06:02,2:17:52,0:08:07,0:04:58,6:15:40,2320,11162,8272,487,298,22540,1118,949,147,837,695,98,1108,951,142,1118,949,147,Finisher,1364
Petr,Klein,Petr Klein,978,M35-39,Male,Brno,South Moravian Region,Czech Republic,CZ,0:39:24,3:12:48,2:08:34,0:09:06,0:05:57,6:15:48,2364,11568,7714,546,357,22548,1119,950,173,901,746,134,1239,1050,190,1119,950,173,Finisher,1183
Jirí,Vondrácek,Jirí Vondrácek,292,M35-39,Male,Braškov,Central Bohemian Region,Czech Republic,CZ,0:41:19,3:01:54,2:20:14,0:06:30,0:05:54,6:15:52,2479,10914,8414,390,354,22552,1120,951,174,1053,861,152,1047,901,164,1120,951,174,Finisher,1182
Josef,Nový,Josef Nový,879,M18-24,Male,Horoměřice,Central Bohemian Region,Czech Republic,CZ,0:47:44,2:54:19,2:16:57,0:09:54,0:07:00,6:15:54,2864,10459,8217,594,420,22554,1121,952,140,1431,1159,178,1090,934,132,1121,952,140,Finisher,1107
Jiří,Ziegler,Jiří Ziegler,1138,M40-44,Male,Brno,South Moravian Region,Czech Republic,CZ,0:46:17,2:58:16,2:18:59,0:06:47,0:05:39,6:15:58,2777,10696,8339,407,339,22558,1122,953,113,1378,1115,121,1081,927,113,1122,953,113,Finisher,1408
Katerina,Holeckova,Katerina Holeckova,1105,F45-49,Female,Praha,Central Bohemian Region,Czech Republic,CZ,0:39:13,3:07:23,2:16:35,0:08:13,0:04:46,6:16:10,2353,11243,8195,493,286,22570,1123,170,14,888,154,13,1148,166,14,1123,170,14,Finisher,2102
Dominik ,Kuchař,Dominik Kuchař,1125,M30-34,Male,Litoměřice,Central Bohemian Region,Czech Republic,CZ,0:39:53,3:00:29,2:12:24,0:09:57,0:13:31,6:16:15,2393,10829,7944,597,811,22575,1124,954,148,941,780,111,1063,915,135,1124,954,148,Finisher,1354
Constantin,Wintersberger,Constantin Wintersberger,1469,M18-24,Male,Vienna,foreigner,Austria,AT,0:43:15,3:06:35,2:13:09,0:07:57,0:05:24,6:16:21,2595,11195,7989,477,324,22581,1125,955,141,1221,993,154,1185,1011,147,1125,955,141,Finisher,1099
Eva,Flídrová,Eva Flídrová,1831,F35-39,,Prague,Prague,Czech Republic,CZ,0:43:05,3:02:17,2:12:33,0:08:45,0:09:53,6:16:32,2585,10937,7953,525,593,22592,1126,171,25,1207,226,31,1133,162,21,1126,171,25,Finisher,1808
Daniel,Pospíšil,Daniel Pospíšil,1440,M25-29,Male,Čepí,Pardubice Region,Czech Republic,CZ,0:41:14,3:17:46,2:03:04,0:09:52,0:04:38,6:16:34,2474,11866,7384,592,278,22594,1127,956,157,1048,856,127,1340,1119,179,1127,956,157,Finisher,1236
Šimon,Vyrut,Šimon Vyrut,315,M25-29,Male,Pilsen,South Bohemian Region,Czech Republic,CZ,0:35:45,3:12:29,2:12:35,0:07:36,0:08:11,6:16:36,2145,11549,7955,456,491,22596,1128,957,158,553,470,70,1167,997,161,1128,957,158,Finisher,1236
Matěj,Král,Matěj Král,338,M25-29,Male,Beroun,Central Bohemian Region,Czech Republic,CZ,0:36:34,3:16:07,2:13:47,0:06:07,0:04:05,6:16:40,2194,11767,8027,367,245,22600,1129,958,159,622,524,77,1207,1024,164,1129,958,159,Finisher,1235
Jakub,Rehounek,Jakub Rehounek,914,M50-54,Male,Prague,Prague,Czech Republic,CZ,0:39:57,2:57:19,2:25:44,0:07:21,0:06:21,6:16:41,2397,10639,8744,441,381,22601,1130,959,77,945,783,72,930,804,72,1130,959,77,Finisher,1465
Miroslav,Welser,Miroslav Welser,1004,M50-54,Male,Winnenden,Baden-Württemberg,Czech Republic,CZ,0:35:36,2:50:42,2:36:36,0:08:50,0:05:01,6:16:44,2136,10242,9396,530,301,22604,1131,960,78,538,459,43,694,617,59,1131,960,78,Finisher,1464
Yani,Bridge,Yani Bridge,1356,F25-29,Female,London victoria,foreigner,Portugal,PT,0:48:37,3:19:27,1:55:54,0:06:13,0:06:34,6:16:45,2917,11967,6954,373,394,22605,1132,172,29,1452,277,57,1399,237,48,1132,172,29,Finisher,1753
Jan,Voltr,Jan Voltr,732,M18-24,Male,Hradec Králové,Hradec Králové Region,Czech Republic,CZ,0:41:23,3:02:34,2:15:44,0:08:19,0:09:02,6:17:02,2483,10954,8144,499,542,22622,1133,961,142,1055,862,128,1097,941,134,1133,961,142,Finisher,1087
Florian,Stöckl,Florian Stöckl,1700,M25-29,Male,Regau,foreigner,Austria,AT,0:40:22,3:17:27,2:07:00,0:07:39,0:04:38,6:17:06,2422,11847,7620,459,278,22626,1134,962,160,985,811,117,1290,1086,171,1134,962,160,Finisher,1227
Iveta,Shorná,Iveta Shorná,1711,F35-39,Female,Brno,South Moravian Region,Czech Republic,CZ,0:38:26,3:09:56,2:15:40,0:06:12,0:06:57,6:17:10,2306,11396,8140,372,417,22630,1135,173,26,809,139,18,1141,164,22,1135,173,26,Finisher,1797
Gabriel,Rudišin,Gabriel Rudišin,584,M18-24,Male,Komárno,foreigner,Slovakia,SK,0:43:14,2:57:33,2:23:43,0:07:24,0:05:27,6:17:20,2594,10653,8623,444,327,22640,1136,963,143,1217,989,152,1010,869,115,1136,963,143,Finisher,1081
Aleš,Farkaš,Aleš Farkaš,1170,M50-54,Male,Dvory nad Žitavou,foreigner,Slovakia,SK,0:37:33,3:16:16,2:09:22,0:06:33,0:07:37,6:17:21,2253,11776,7762,393,457,22641,1137,964,79,727,609,55,1225,1039,89,1137,964,79,Finisher,1453
Alan,Yanovich ,Alan Yanovich,1452,M35-39,Male,North York,foreigner,Canada,CA,0:36:49,3:03:14,2:25:13,0:07:11,0:04:58,6:17:25,2209,10994,8713,431,298,22645,1138,965,175,653,552,106,986,850,153,1138,965,175,Finisher,1154
Jan,Nejdl,Jan Nejdl,976,M18-24,Male,,South Bohemian Region,Czech Republic,CZ,0:37:14,3:41:54,1:43:21,0:09:09,0:05:50,6:17:28,2234,13314,6201,549,350,22648,1139,966,144,697,587,84,1482,1215,185,1139,966,144,Finisher,1079
Jan,Machník ,Jan Machník,1464,M45-49,Male,Vrchlabí,Hradec Králové Region,Czech Republic,CZ,0:33:15,2:57:46,2:35:07,0:07:10,0:04:10,6:17:28,1995,10666,9307,430,250,22648,1140,967,87,325,273,31,767,673,68,1140,967,87,Finisher,1354
Milan,Škurek,Milan Škurek,1005,M50-54,Male,Nový Malín,Moravian-Silesian Region,Czech Republic,CZ,0:59:58,2:59:22,2:02:42,0:09:09,0:06:25,6:17:36,3598,10762,7362,549,385,22656,1141,968,80,1544,1245,106,1337,1117,96,1141,968,80,Finisher,1449
Jacob,Ojelay,Jacob Ojelay,1334,M18-24,,,,United Kingdom,GB,0:40:12,3:14:58,2:05:04,0:10:36,0:06:48,6:17:38,2412,11698,7504,636,408,22658,1142,969,145,968,799,120,1295,1090,162,1142,969,145,Finisher,1076
František,Zelinka,František Zelinka,397,M18-24,Male,Pardubice,Pardubice Region,Czech Republic,CZ,0:42:39,3:01:07,2:21:26,0:07:22,0:05:12,6:17:46,2559,10867,8486,442,312,22666,1143,970,146,1172,958,147,1078,925,129,1143,970,146,Finisher,1073
Katherine,Stere,Katherine Stere,749,F25-29,Female,Prague,,United States,US,0:36:13,3:02:11,2:28:03,0:06:37,0:04:56,6:18:01,2173,10931,8883,397,296,22681,1144,174,30,583,89,16,940,129,19,1144,174,30,Finisher,1730
Julie,Staníková,Julie Staníková,1200,F18-24,Female,Kralupy nad Vltavou,Central Bohemian Region,Czech Republic,CZ,0:42:02,3:31:22,1:51:22,0:07:08,0:06:09,6:18:02,2522,12682,6682,428,369,22682,1145,175,23,1117,207,32,1442,252,35,1145,175,23,Finisher,2047
Šimon,Nádvorník,Šimon Nádvorník,1188,M18-24,Male,Rýmařov,Moravian-Silesian Region,Czech Republic,CZ,0:41:25,3:06:38,2:19:05,0:06:31,0:04:33,6:18:12,2485,11198,8345,391,273,22692,1146,971,147,1057,864,129,1143,979,140,1146,971,147,Finisher,1066
Tomáš,Kašpar,Tomáš Kašpar,1703,M18-24,Male,,Central Bohemian Region,Czech Republic,CZ,0:43:02,2:59:10,2:24:12,0:07:06,0:04:43,6:18:13,2582,10750,8652,426,283,22693,1147,972,148,1201,977,150,1038,894,121,1147,972,148,Finisher,1065
Adéla,Petrusová,Adéla Petrusová,532,F18-24,Female,Mladá Boleslav,Central Bohemian Region,Czech Republic,CZ,0:45:24,3:01:32,2:20:12,0:07:18,0:03:50,6:18:17,2724,10892,8412,438,230,22697,1148,176,24,1351,261,39,1138,163,24,1148,176,24,Finisher,2042
Lubomir,FLEIBERK,Lubomir FLEIBERK,759,M65-69,Male,Frydlant,Liberec Region,Czech Republic,CZ,0:56:57,2:59:08,2:07:05,0:07:29,0:07:40,6:18:19,3417,10748,7625,449,460,22699,1149,973,3,1534,1237,8,1267,1069,8,1149,973,3,Finisher,2635
Tereza,Mezerová,Tereza Mezerová,1017,F18-24,Female,Ústí Nad Labem,Ústí nad Labem Region,Czech Republic,CZ,0:37:27,3:06:23,2:22:13,0:07:43,0:04:40,6:18:25,2247,11183,8533,463,280,22705,1150,177,25,712,114,18,1085,155,22,1150,177,25,Finisher,2040
Filip,Kučerák ,Filip Kučerák,861,M18-24,Male,Prague,Prague,Czech Republic,CZ,0:44:15,3:08:16,2:09:47,0:09:43,0:06:27,6:18:29,2655,11296,7787,583,387,22709,1151,974,149,1290,1049,161,1249,1057,153,1151,974,149,Finisher,1061
Tomáš,Grzywač,Tomáš Grzywač,450,M35-39,Male,Frýdek-Místek,Moravian-Silesian Region,Czech Republic,CZ,0:44:29,3:00:03,2:15:34,0:10:05,0:08:25,6:18:36,2669,10803,8134,605,505,22716,1152,975,176,1310,1062,188,1144,980,174,1152,975,176,Finisher,1133
Mairi,Galbraith,Mairi Galbraith,1595,F25-29,Female,London,foreigner,Germany,DE,0:40:09,3:10:00,2:16:49,0:07:35,0:04:05,6:18:37,2409,11400,8209,455,245,22717,1153,178,31,962,167,35,1183,174,32,1153,178,31,Finisher,1719
Chris,Treacher,Chris Treacher,1634,M65-69,Male,Newbury,foreigner,United Kingdom,GB,0:39:08,2:57:36,2:24:48,0:09:49,0:07:19,6:18:40,2348,10656,8688,589,439,22720,1154,976,4,879,729,4,976,842,3,1154,976,4,Finisher,2629
Viliam,Sykora,Viliam Sykora,1204,M45-49,Male,Svedernik,,Slovakia,SK,0:45:55,3:01:43,2:18:17,0:06:56,0:05:56,6:18:47,2755,10903,8297,416,356,22727,1155,977,88,1366,1103,105,1142,978,93,1155,977,88,Finisher,1330
Marek,Hrdina,Marek Hrdina,319,M35-39,Male,Hradec Králové,Hradec Králové Region,Czech Republic,CZ,0:38:22,3:09:20,2:18:21,0:07:48,0:05:17,6:19:07,2302,11360,8301,468,317,22747,1156,978,177,803,666,126,1162,992,177,1156,978,177,Finisher,1124
Michal,Žácek,Michal Žácek,774,M55-59,Male,Zlín,South Moravian Region,Czech Republic,CZ,0:40:07,2:52:56,2:32:55,0:07:12,0:05:56,6:19:07,2407,10376,9175,432,356,22747,1157,979,29,958,792,28,822,716,27,1157,979,29,Finisher,1856
Josef,Mužík,Josef Mužík,1459,M45-49,Male,Hořovice,Central Bohemian Region,Czech Republic,CZ,0:46:07,3:10:42,2:07:24,0:06:35,0:08:28,6:19:15,2767,11442,7644,395,508,22755,1158,980,89,1374,1111,106,1265,1067,101,1158,980,89,Finisher,1322
Viet Anh,Chu,Viet Anh Chu,1185,M30-34,Male,Ústí Nad Labem,Ústí nad Labem Region,Czech Republic,CZ,0:42:14,3:03:22,2:18:06,0:10:07,0:05:33,6:19:21,2534,11002,8286,607,333,22761,1159,981,149,1137,929,136,1166,996,147,1159,981,149,Finisher,1298
Vít,Hrubeš,Vít Hrubeš,1794,M25-29,Male,Prague,Prague,Czech Republic,CZ,0:37:28,2:59:15,2:32:30,0:06:20,0:03:52,6:19:24,2248,10755,9150,380,232,22764,1160,982,161,718,602,88,894,778,117,1160,982,161,Finisher,1185
Victor,Goldrin,Victor Goldrin,638,M50-54,Male,Regensburg,BY,Germany,DE,0:35:22,3:00:58,2:26:49,0:08:18,0:08:08,6:19:36,2122,10858,8809,498,488,22776,1161,983,81,521,443,41,932,806,73,1161,983,81,Finisher,1413
Patrik,Jareš,Patrik Jareš,1455,M18-24,Male,Dolní Újezd,Pardubice Region,Czech Republic,CZ,0:34:22,3:01:28,2:30:39,0:07:51,0:05:20,6:19:38,2062,10888,9039,471,320,22778,1162,984,150,413,351,53,914,794,109,1162,984,150,Finisher,1040
Petr,Šimeček,Petr Šimeček,1619,M55-59,Male,Ústí Nad Labem,Central Bohemian Region,Czech Republic,CZ,0:41:47,3:10:29,2:09:18,0:10:25,0:07:44,6:19:43,2507,11429,7758,625,464,22783,1163,985,30,1091,892,34,1258,1063,40,1163,985,30,Finisher,1845
Jirí,Hudec,Jirí Hudec,1792,M45-49,Male,Praha,Prague,Czech Republic,CZ,0:48:19,3:15:40,2:03:09,0:06:48,0:05:54,6:19:50,2899,11740,7389,408,354,22790,1164,986,90,1444,1170,117,1360,1137,110,1164,986,90,Finisher,1311
Daniela,Fink,Daniela Fink,1203,F40-44,Female,Vienna,foreigner,Austria,AT,0:42:50,2:53:59,2:27:42,0:06:51,0:08:31,6:19:53,2570,10439,8862,411,511,22793,1165,179,26,1187,221,29,913,120,18,1165,179,26,Finisher,1916
Jiří,Gottvald,Jiří Gottvald,1353,M40-44,Male,Veverská Bítýška,CZ-643,Czech Republic,CZ,0:42:34,3:02:54,2:12:02,0:14:10,0:08:22,6:20:02,2554,10974,7922,850,502,22802,1166,987,114,1163,951,107,1215,1031,121,1166,987,114,Finisher,1334
Alexandr,Furman,Alexandr Furman,868,M45-49,Male,Dolní Břežany,Central Bohemian Region,Czech Republic,CZ,0:48:01,3:17:26,2:03:30,0:06:24,0:04:43,6:20:05,2881,11846,7410,384,283,22805,1167,988,91,1436,1162,113,1377,1149,112,1167,988,91,Finisher,1307
Jakub,Kacer,Jakub Kacer,1324,M25-29,Male,Brno,South Moravian Region,Czech Republic,CZ,0:40:46,3:02:55,2:15:56,0:11:42,0:09:08,6:20:27,2446,10975,8156,702,548,22827,1168,989,162,1015,835,121,1159,990,160,1168,989,162,Finisher,1166
Daniel,Sedláček ,Daniel Sedláček,361,M18-24,Male,Bučovice,South Moravian Region,Czech Republic,CZ,0:42:38,3:11:02,2:15:40,0:07:19,0:04:01,6:20:39,2558,11462,8140,439,241,22839,1169,990,151,1169,955,145,1233,1045,151,1169,990,151,Finisher,1022
Tomas,Lizak,Tomas Lizak,485,M25-29,Male,Kezmarok,foreigner,Slovakia,SK,0:49:30,3:05:18,2:12:38,0:07:15,0:06:10,6:20:50,2970,11118,7958,435,370,22850,1170,991,163,1467,1187,190,1245,1055,168,1170,991,163,Finisher,1160
Dávid,Szabó,Dávid Szabó,1371,M25-29,Male,Oxbow,foreigner,Slovakia,SK,0:46:28,3:21:44,1:55:10,0:08:40,0:08:48,6:20:51,2788,12104,6910,520,528,22851,1171,992,164,1380,1117,179,1420,1177,189,1171,992,164,Finisher,1159
Dobroslav,Sramek,Dobroslav Sramek,730,M40-44,Male,Prague,Prague,Czech Republic,CZ,0:47:27,2:58:23,2:18:25,0:09:47,0:06:58,6:21:00,2847,10703,8305,587,418,22860,1172,993,115,1414,1145,129,1164,994,118,1172,993,115,Finisher,1317
Gregor,Eckmayr ,Gregor Eckmayr,1267,M18-24,Male,Neukirchen bei Lambach,foreigner,Austria,AT,0:49:42,3:06:13,2:08:21,0:11:20,0:05:32,6:21:07,2982,11173,7701,680,332,22867,1173,994,152,1471,1190,184,1319,1107,166,1173,994,152,Finisher,1013
Jakub,Šmídl ,Jakub Šmídl,1067,M18-24,Male,Hluboká Nad Vltavou,South Bohemian Region,Czech Republic,CZ,0:39:04,3:15:15,2:13:55,0:08:14,0:04:47,6:21:15,2344,11715,8035,494,287,22875,1174,995,153,873,723,108,1256,1061,156,1174,995,153,Finisher,1011
Lucie,Chládková,Lucie Chládková,1382,F40-44,Female,Brno,South Moravian Region,Czech Republic,CZ,0:48:36,3:14:24,2:08:11,0:06:26,0:03:45,6:21:21,2916,11664,7691,386,225,22881,1175,180,27,1451,276,34,1346,222,32,1175,180,27,Finisher,1890
Vladimíra,Horáčková,Vladimíra Horáčková,395,F45-49,Female,"Frýdlant nad Ostravicí, Janovice, Malenovice, Pstruží, Pržno, Ostravice",Moravian-Silesian Region,Czech Republic,CZ,0:42:55,3:05:39,2:21:51,0:06:38,0:04:21,6:21:24,2575,11139,8511,398,261,22884,1176,181,15,1194,223,21,1156,169,16,1176,181,15,Finisher,2008
Jirí,Novák,Jirí Novák,828,M25-29,Male,Nové Jirny,Central Bohemian Region,Czech Republic,CZ,0:36:32,3:07:03,2:24:18,0:08:31,0:05:01,6:21:25,2192,11223,8658,511,301,22885,1177,996,165,614,518,75,1096,940,149,1177,996,165,Finisher,1149
Manuel,Wagerer,Manuel Wagerer,831,M35-39,Male,Horn,foreigner,Austria,AT,0:37:55,3:07:52,2:23:25,0:07:52,0:04:25,6:21:29,2275,11272,8605,472,265,22889,1178,997,178,764,635,123,1124,965,170,1178,997,178,Finisher,1081
Martin,Horny,Martin Horny,1708,M35-39,Male,Michalovce,foreigner,Slovakia,SK,0:42:41,3:06:11,2:20:08,0:08:23,0:04:07,6:21:30,2561,11171,8408,503,247,22890,1179,998,179,1176,961,168,1176,1005,179,1179,998,179,Finisher,1081
Marek,Škoch,Marek Škoch,1747,M35-39,Male,Košice,Jihočeský kraj,Czech Republic,CZ,0:42:10,3:12:06,2:11:30,0:09:46,0:06:11,6:21:43,2530,11526,7890,586,371,22903,1180,999,180,1134,926,162,1272,1071,194,1180,999,180,Finisher,1077
Alberto,Rodriguez,Alberto Rodriguez,1660,M35-39,Male,Prague,Prague,Spain,ES,0:38:04,3:04:35,2:28:44,0:06:54,0:03:37,6:21:55,2284,11075,8924,414,217,22915,1181,1000,181,775,644,124,1043,899,163,1181,1000,181,Finisher,1073
Martin,Dušek,Martin Dušek,1673,M45-49,Male,Libřice,Hradec Králové Region,Czech Republic,CZ,0:38:02,2:59:09,2:26:23,0:10:41,0:07:44,6:21:58,2282,10749,8783,641,464,22918,1182,1001,92,774,643,62,999,861,82,1182,1001,92,Finisher,1273
Vendula,Kovaříková,Vendula Kovaříková,515,F25-29,Female,Slavičín,foreigner,Czech Republic,CZ,0:39:49,3:19:13,2:09:05,0:08:17,0:05:44,6:22:07,2389,11953,7745,497,344,22927,1183,182,32,932,160,33,1320,213,42,1183,182,32,Finisher,1656
Patrik,Veselý,Patrik Veselý,739,M35-39,Male,Hradec Králové,Hradec Králové Region,Czech Republic,CZ,0:46:34,3:03:22,2:20:45,0:07:28,0:04:09,6:22:18,2794,11002,8445,448,249,22938,1184,1002,182,1386,1122,194,1177,1006,180,1184,1002,182,Finisher,1066
Tomáš,Ekert,Tomáš Ekert,499,M18-24,Male,Liberec,Liberec Region,Czech Republic,CZ,0:52:27,3:04:02,2:07:12,0:12:46,0:06:02,6:22:28,3147,11042,7632,766,362,22948,1185,1003,154,1507,1219,190,1343,1122,169,1185,1003,154,Finisher,989
Jiří,Škorpík,Jiří Škorpík,659,M45-49,Male,Pardubice,Pardubice Region,Czech Republic,CZ,0:34:16,3:05:59,2:30:47,0:06:01,0:05:25,6:22:28,2056,11159,9047,361,325,22948,1186,1004,93,402,340,38,971,839,79,1186,1004,93,Finisher,1264
Matyáš,Formánek,Matyáš Formánek,1751,M18-24,Male,Boskovice,South Moravian Region,Czech Republic,CZ,0:44:48,3:03:10,2:21:36,0:08:05,0:04:58,6:22:38,2688,10990,8496,485,298,22958,1187,1005,155,1326,1077,165,1169,999,144,1187,1005,155,Finisher,986
Jan,Klinger,Jan Klinger,1405,M35-39,Male,Kamenice,Central Bohemian Region,Czech Republic,CZ,0:41:52,3:12:40,2:15:44,0:06:55,0:05:32,6:22:44,2512,11560,8144,415,332,22964,1188,1006,183,1104,902,158,1241,1051,191,1188,1006,183,Finisher,1058
Daniel,Bečvář,Daniel Bečvář,1111,M25-29,Male,Prague,Prague,Czech Republic,CZ,0:42:25,3:15:41,2:13:22,0:06:36,0:04:44,6:22:48,2545,11741,8002,396,284,22968,1189,1007,166,1155,944,145,1279,1078,170,1189,1007,166,Finisher,1124
Jaroslaw,Otocki,Jaroslaw Otocki,1059,M45-49,Male,Luboń,wielkopolskie,Poland,PL,0:38:20,2:59:32,2:24:16,0:11:38,0:09:03,6:22:49,2300,10772,8656,698,543,22969,1190,1008,94,799,663,66,1042,898,85,1190,1008,94,Finisher,1258
Unensanaa,Tumenjargal,Unensanaa Tumenjargal,1030,M30-34,Male,Znojmo,South Moravian Region,Czech Republic,CZ,0:42:08,3:19:11,2:07:44,0:07:54,0:05:57,6:22:53,2528,11951,7664,474,357,22973,1191,1009,150,1133,925,135,1342,1121,158,1191,1009,150,Finisher,1235
Silje Karine,Hansen,Silje Karine Hansen,1723,F25-29,Female,Skien,NO-08,Norway,NO,0:40:50,3:17:10,2:10:59,0:08:21,0:05:45,6:23:06,2450,11830,7859,501,345,22986,1192,183,33,1020,182,37,1305,207,40,1192,183,33,Finisher,1639
Mariusz,Marchel,Mariusz Marchel,1361,M45-49,Male,Białystok,podlaskie,Poland,PL,0:50:31,3:17:13,2:03:03,0:07:12,0:05:14,6:23:14,3031,11833,7383,432,314,22994,1193,1010,95,1484,1200,122,1402,1165,114,1193,1010,95,Finisher,1250
Juliette,Hild,Juliette Hild,1676,F18-24,Female,Sindelfingen,foreigner,Germany,DE,0:40:42,3:08:53,2:16:38,0:08:22,0:08:47,6:23:21,2442,11333,8198,502,527,23001,1194,184,26,1011,180,27,1192,177,26,1194,184,26,Finisher,1951
Pavel,Frana,Pavel Frana,298,M55-59,Male,Průhonice,Prague,Czech Republic,CZ,0:45:14,3:05:28,2:20:23,0:07:12,0:05:09,6:23:25,2714,11128,8423,432,309,23005,1195,1011,31,1341,1084,41,1191,1015,37,1195,1011,31,Finisher,1779
Tereza,Bártová,Tereza Bártová,337,F25-29,Female,Kutná Hora,Central Bohemian Region,Czech Republic,CZ,0:43:36,3:20:35,2:05:29,0:08:22,0:05:47,6:23:48,2616,12035,7529,502,347,23028,1196,185,34,1242,232,45,1382,230,46,1196,185,34,Finisher,1626
Tamás,Füsi,Tamás Füsi,893,M35-39,Male,Komárno,Nitriansky kraj ,Slovakia,SK,0:49:44,3:10:28,2:08:24,0:09:19,0:05:59,6:23:53,2984,11428,7704,559,359,23033,1197,1012,184,1474,1193,202,1348,1125,198,1197,1012,184,Finisher,1038
Václav,Rybář,Václav Rybář,1230,M18-24,Male,Jicín,Hradec Králové Region,Czech Republic,CZ,0:34:24,3:03:56,2:29:33,0:07:07,0:08:55,6:23:56,2064,11036,8973,427,535,23036,1198,1013,156,417,354,54,952,822,112,1198,1013,156,Finisher,962
Petr,Elis,Petr Elis,1584,M25-29,Male,Ústí Nad Labem,Ústí nad Labem Region,Czech Republic,CZ,0:53:54,3:03:38,2:11:36,0:08:37,0:06:22,6:24:07,3234,11018,7896,517,382,23047,1199,1014,167,1516,1227,200,1300,1095,173,1199,1014,167,Finisher,1100
Anna,Prušová,Anna Prušová,1661,F30-34,Female,Praha 9,Prague,Czech Republic,CZ,0:41:03,3:18:28,2:09:42,0:07:49,0:07:05,6:24:07,2463,11908,7782,469,425,23047,1200,186,31,1035,189,27,1321,214,34,1200,186,31,Finisher,1677
Michaela,Danišik,Michaela Danišik,1302,F30-34,Female,Slovakia,foreigner,Slovakia,SK,0:43:42,3:11:23,2:12:53,0:08:33,0:07:38,6:24:09,2622,11483,7973,513,458,23049,1201,187,32,1249,234,36,1268,199,31,1201,187,32,Finisher,1677
Martin,Possolt,Martin Possolt,1260,M40-44,Male,Ceské Budejovice,South Bohemian Region,Czech Republic,CZ,0:45:48,3:06:03,2:16:32,0:09:18,0:06:34,6:24:16,2748,11163,8192,558,394,23056,1202,1015,116,1362,1100,120,1235,1047,124,1202,1015,116,Finisher,1258
Marek,Gabriel,Marek Gabriel,517,M35-39,Male,Varín,SK-ZI,Slovakia,SK,0:45:00,2:54:37,2:35:29,0:05:38,0:03:34,6:24:18,2700,10477,9329,338,214,23058,1203,1016,185,1332,1080,190,944,815,145,1203,1016,185,Finisher,1030
Andrej,Madliak,Andrej Madliak,413,M50-54,Male,Praha 15,foreigner,Slovakia,SK,0:42:52,3:08:28,2:14:52,0:10:07,0:08:00,6:24:19,2572,11308,8092,607,480,23059,1204,1017,82,1189,968,86,1242,1052,91,1204,1017,82,Finisher,1328
Jan,Marek,Jan Marek,1345,M30-34,Male,Tanvald,Liberec Region,Czech Republic,CZ,0:40:23,3:02:39,2:22:51,0:08:56,0:09:33,6:24:23,2423,10959,8571,536,573,23063,1205,1018,151,986,812,118,1092,936,140,1205,1018,151,Finisher,1208
Lucie,Lebertová,Lucie Lebertová,926,F25-29,Female,Evaň,Ústí nad Labem Region,Czech Republic,CZ,0:41:52,3:05:45,2:18:32,0:11:03,0:07:20,6:24:31,2512,11145,8312,663,440,23071,1206,188,35,1103,202,40,1203,183,35,1206,188,35,Finisher,1613
Patrik,Janecka,Patrik Janecka,1301,M55-59,Male,Bratislava,Bratislava Region,Slovakia,SK,0:43:08,2:53:05,2:36:43,0:07:16,0:04:39,6:24:52,2588,10385,9403,436,279,23092,1207,1019,32,1213,986,37,906,788,30,1207,1019,32,Finisher,1753
Aleš,Procházka,Aleš Procházka,442,M18-24,Male,Ústí Nad Labem,Ústí nad Labem Region,Czech Republic,CZ,0:45:15,3:24:48,1:55:05,0:09:04,0:10:43,6:24:55,2715,12288,6905,544,643,23095,1208,1020,157,1342,1085,167,1434,1185,178,1208,1020,157,Finisher,945
Vladimir,Papaj,Vladimir Papaj,1038,M40-44,Male,Vienna,foreigner,Slovakia,SK,0:41:51,2:55:45,2:33:27,0:08:28,0:05:24,6:24:56,2511,10545,9207,508,324,23096,1209,1021,117,1102,901,100,966,834,106,1209,1021,117,Finisher,1246
Laurin ,Haider,Laurin Haider,1797,M18-24,Male,Vienna,Vienna,Austria,AT,0:45:15,3:10:04,2:14:33,0:09:01,0:06:06,6:24:59,2715,11404,8073,541,366,23099,1210,1022,158,1344,1086,168,1275,1074,158,1210,1022,158,Finisher,944
Joanna,Górniak,Joanna Górniak,1633,F50-54,Female,Styrzyniec,PL-LU,Poland,PL,0:45:50,3:10:51,2:15:15,0:07:02,0:06:19,6:25:17,2750,11451,8115,422,379,23117,1211,189,14,1363,263,21,1269,200,16,1211,189,14,Finisher,2080
Slavomira,Mitkov,Slavomira Mitkov,1090,F40-44,Female,Šestajovice,Central Bohemian Region,Slovakia,SK,0:42:24,3:14:16,2:15:38,0:06:34,0:06:43,6:25:34,2544,11656,8138,394,403,23134,1212,190,28,1151,211,28,1263,198,28,1212,190,28,Finisher,1814
Petra,Kobrlová,Petra Kobrlová,1735,F40-44,Female,Martinice v Krkonoších,Liberec Region,Czech Republic,CZ,0:39:37,3:13:59,2:19:47,0:07:38,0:04:45,6:25:47,2377,11639,8387,458,285,23147,1213,191,29,918,157,23,1237,189,26,1213,191,29,Finisher,1810
Štefan,Križák,Štefan Križák,572,M30-34,Male,Rožňava,foreigner,Slovakia,SK,0:39:29,2:57:29,2:36:22,0:07:17,0:05:14,6:25:51,2369,10649,9382,437,314,23151,1214,1023,152,909,753,107,921,798,118,1214,1023,152,Finisher,1181
Nadezda,Polakova,Nadezda Polakova,1614,F45-49,Female,Waidhofen an der Thaya,Lower Austria,Czech Republic,CZ,0:38:28,3:09:25,2:21:41,0:09:34,0:06:59,6:26:07,2308,11365,8501,574,419,23167,1215,192,16,812,140,11,1179,172,17,1215,192,16,Finisher,1923
Jakub,Janiga,Jakub Janiga,571,M35-39,Male,Kladno,Central Bohemian Region,Czech Republic,CZ,0:43:56,3:10:13,2:19:30,0:08:13,0:04:17,6:26:09,2636,11413,8370,493,257,23169,1216,1024,186,1270,1033,184,1251,1058,193,1216,1024,186,Finisher,997
Petr,Malý,Petr Malý,838,M45-49,Male,Hradec Králové,Hradec Králové Region,Czech Republic,CZ,0:41:49,3:12:42,2:10:13,0:11:58,0:09:30,6:26:12,2509,11562,7813,718,570,23172,1217,1025,96,1098,898,90,1310,1101,105,1217,1025,96,Finisher,1197
Martin,Travnik,Martin Travnik,600,M50-54,Male,Prague,CZ-Prague,Czech Republic,CZ,0:41:50,3:02:30,2:25:40,0:07:59,0:08:21,6:26:20,2510,10950,8740,479,501,23180,1218,1026,83,1100,899,80,1099,943,85,1218,1026,83,Finisher,1292
Lucie,Jiráková,Lucie Jiráková,492,F35-39,Female,Prague,Prague,Czech Republic,CZ,0:41:01,3:14:19,2:17:43,0:06:44,0:06:41,6:26:29,2461,11659,8263,404,401,23189,1219,193,27,1032,187,24,1246,191,26,1219,193,27,Finisher,1629
Martin,Dudek,Martin Dudek,498,M40-44,Male,Třinec,Moravian-Silesian Region,Czech Republic,CZ,0:47:25,3:05:30,2:20:44,0:07:54,0:04:56,6:26:29,2845,11130,8444,474,296,23189,1220,1027,118,1413,1144,128,1230,1043,123,1220,1027,118,Finisher,1218
Dominik,Kraut,Dominik Kraut,1045,M35-39,Male,Ostrava,Moravian-Silesian Region,Czech Republic,CZ,0:47:09,3:00:49,2:20:58,0:11:11,0:06:52,6:26:58,2829,10849,8458,671,412,23218,1221,1028,187,1408,1139,196,1211,1028,184,1221,1028,187,Finisher,982
Dalibor,Marosz,Dalibor Marosz,375,M25-29,Male,Bystřice,Moravian-Silesian Region,Czech Republic,CZ,0:44:07,3:02:47,2:28:50,0:07:03,0:04:12,6:26:58,2647,10967,8930,423,252,23218,1222,1029,168,1281,1040,160,1131,970,156,1222,1029,168,Finisher,1049
Petr,Kříbala,Petr Kříbala,1662,M45-49,Male,Chýně,Central Bohemian Region,Czech Republic,CZ,0:43:07,3:21:33,2:10:04,0:06:48,0:05:28,6:27:01,2587,12093,7804,408,328,23221,1223,1030,97,1212,985,95,1372,1145,111,1223,1030,97,Finisher,1182
Karel,Hyjánek,Karel Hyjánek,1109,M55-59,Male,Zlín,South Moravian Region,Czech Republic,CZ,0:44:15,3:04:06,2:25:13,0:09:28,0:03:59,6:27:01,2655,11046,8713,568,239,23221,1224,1031,33,1289,1048,39,1187,1013,36,1224,1031,33,Finisher,1714
Eliska,Vrabcova,Eliska Vrabcova,1281,F25-29,Female,Hradec Králové,Hradec Králové Region,Czech Republic,CZ,0:38:05,3:03:26,2:29:33,0:08:10,0:07:46,6:27:01,2285,11006,8973,490,466,23221,1225,194,36,777,132,27,1045,146,25,1225,194,36,Finisher,1568
Eliška,Tarkotová,Eliška Tarkotová,1268,F18-24,Female,Ostrava ,Czech Republic,Czech Republic,CZ,0:48:48,3:13:54,2:12:52,0:05:32,0:06:03,6:27:09,2928,11634,7972,332,363,23229,1226,195,27,1457,279,41,1332,219,29,1226,195,27,Finisher,1883
Zuzana,Pánková,Zuzana Pánková,1391,F30-34,Female,Hradec Králové,Hradec Králové Region,Czech Republic,CZ,0:43:25,3:14:28,2:12:01,0:08:36,0:08:39,6:27:09,2605,11668,7921,516,519,23229,1227,196,33,1229,229,34,1309,209,33,1227,196,33,Finisher,1623
Richard,Hulman,Richard Hulman,435,M25-29,Male,Trenčianska Teplá,Trencín Region,Slovakia,SK,0:33:21,3:12:05,2:30:01,0:06:14,0:05:29,6:27:10,2001,11525,9001,374,329,23230,1228,1032,169,334,280,36,1088,932,147,1228,1032,169,Finisher,1046
Karolína ,Tůmová,Karolína Tůmová,954,F18-24,Female,Jindřichův Hradec,Jihočeský kraj,Czech Republic,CZ,0:41:28,3:02:53,2:26:12,0:09:04,0:08:11,6:27:48,2488,10973,8772,544,491,23268,1229,197,28,1062,194,29,1120,159,23,1229,197,28,Finisher,1871
Karl,Salzberger,Karl Salzberger,1678,M65-69,Male,Regensburg,,Germany,DE,0:45:05,3:01:06,2:25:21,0:10:34,0:05:44,6:27:50,2705,10866,8721,634,344,23270,1230,1033,5,1338,1083,7,1174,1003,7,1230,1033,5,Finisher,2464
Kryštof,Urban,Kryštof Urban,299,M18-24,Male,Prague,Prague,Czech Republic,CZ,0:43:27,3:15:22,2:16:04,0:07:59,0:04:58,6:27:51,2607,11722,8164,479,298,23271,1231,1034,159,1231,1002,157,1313,1103,165,1231,1034,159,Finisher,892
Paolo,Mussotto,Paolo Mussotto,1603,M60-64,Male,torino,IT-TO,Italy,IT,0:44:50,2:56:16,2:30:35,0:10:20,0:05:58,6:27:59,2690,10576,9035,620,358,23279,1232,1035,13,1328,1078,16,1082,928,13,1232,1035,13,Finisher,2169
Marian,Mihok,Marian Mihok,1671,M45-49,Male,Bratislava,foreigner,Slovakia,SK,0:47:54,3:00:44,2:20:55,0:11:36,0:06:53,6:28:02,2874,10844,8455,696,413,23282,1233,1036,98,1434,1161,112,1224,1038,99,1233,1036,98,Finisher,1164
Martin,Barák,Martin Barák,1122,M45-49,Male,Bučovice,South Moravian Region,Czech Republic,CZ,0:43:04,3:06:42,2:23:50,0:09:21,0:05:19,6:28:15,2584,11202,8630,561,319,23295,1234,1037,99,1203,979,94,1210,1027,97,1234,1037,99,Finisher,1160
Jakub,Hypša,Jakub Hypša,1007,M25-29,Male,,Central Bohemian Region,Czech Republic,CZ,0:34:21,3:14:20,2:26:45,0:05:43,0:07:09,6:28:18,2061,11660,8805,343,429,23298,1235,1038,170,412,350,48,1139,976,157,1235,1038,170,Finisher,1025
Adam,Pazderka,Adam Pazderka,992,M25-29,Male,Prague,Prague,Czech Republic,CZ,0:41:17,3:09:01,2:26:02,0:08:22,0:03:37,6:28:19,2477,11341,8762,502,217,23299,1236,1039,171,1050,858,128,1204,1021,163,1236,1039,171,Finisher,1025
Pavel,Skála,Pavel Skála,853,M18-24,Male,Dolní Bousov,Central Bohemian Region,Czech Republic,CZ,0:49:00,3:15:56,2:01:52,0:10:38,0:10:56,6:28:22,2940,11756,7312,638,656,23302,1237,1040,160,1464,1184,181,1407,1167,176,1237,1040,160,Finisher,883
David,Giger,David Giger,1516,M35-39,Male,,foreigner,Switzerland,CH,0:39:30,3:10:21,2:23:28,0:08:12,0:07:00,6:28:31,2370,11421,8608,492,420,23311,1238,1041,188,910,754,135,1194,1017,181,1238,1041,188,Finisher,954
Tomáš,Hála,Tomáš Hála,1573,M18-24,Male,Slavkov u Brna,JIHOMORAVSKY KRAJ,Czech Republic,CZ,0:37:47,3:11:54,2:25:37,0:07:47,0:05:29,6:28:34,2267,11514,8737,467,329,23314,1239,1042,161,748,625,92,1180,1008,145,1239,1042,161,Finisher,879
Michal,Mikyska,Michal Mikyska,259,M50-54,Male,Jablonné nad Orlicí,Pardubice Region,Czech Republic,CZ,0:38:31,3:08:45,2:31:43,0:05:28,0:04:10,6:28:37,2311,11325,9103,328,250,23317,1240,1043,84,821,680,63,1104,947,86,1240,1043,84,Finisher,1250
Lukáš,Vyšehrad,Lukáš Vyšehrad,1342,M30-34,Male,Hradec Králové,Hradec Králové Region,Czech Republic,CZ,0:40:04,2:58:26,2:33:29,0:08:47,0:08:05,6:28:49,2404,10706,9209,527,485,23329,1241,1044,153,953,789,113,988,852,128,1241,1044,153,Finisher,1128
Dana,Hyláková,Dana Hyláková,880,F65-69,Female,Vyškov,South Moravian Region,Czech Republic,CZ,0:37:44,3:13:33,2:26:20,0:06:48,0:04:43,6:29:09,2264,11613,8780,408,283,23349,1242,198,1,744,122,1,1195,178,1,1242,198,1,Finisher,3500
Martin,Meluzín,Martin Meluzín,1757,M30-34,Male,Brno,CZ-642,Czech Republic,CZ,0:41:33,3:23:49,2:10:05,0:07:18,0:06:39,6:29:23,2493,12229,7805,438,399,23363,1243,1045,154,1071,874,128,1385,1154,165,1243,1045,154,Finisher,1118
Zdeněk ,Houser,Zdeněk Houser,372,M25-29,Male,Ivančice,South Moravian Region,Czech Republic,CZ,0:41:36,3:15:47,2:16:26,0:08:54,0:06:42,6:29:24,2496,11747,8186,534,402,23364,1244,1046,172,1075,878,135,1303,1098,174,1244,1046,172,Finisher,1005
Torsten,Pflister,Torsten Pflister,1247,M65-69,Male,Jahnsdorf,DE-SN,Germany,DE,0:41:38,3:03:19,2:31:52,0:07:01,0:05:35,6:29:25,2498,10999,9112,421,335,23365,1245,1047,6,1081,884,5,1091,935,5,1245,1047,6,Finisher,2435
Jan,Novák ,Jan Novák,1101,M18-24,Male,Sosnová,Liberec Region,Czech Republic,CZ,0:42:32,3:15:27,2:17:23,0:10:26,0:03:40,6:29:28,2552,11727,8243,626,220,23368,1246,1048,162,1160,949,143,1335,1115,168,1246,1048,162,Finisher,863
Ladislav,Mazac,Ladislav Mazac,1294,M40-44,Male,Jihlava,,Czech Republic,CZ,0:35:38,3:07:10,2:30:38,0:07:49,0:08:17,6:29:31,2138,11230,9038,469,497,23371,1247,1049,119,540,461,50,1067,916,111,1247,1049,119,Finisher,1164
Michal,Tomšů,Michal Tomšů,251,M25-29,Male,Žirovnice,CZ-Vysočina Region,Czech Republic,CZ,0:56:02,2:52:38,2:30:32,0:06:41,0:04:03,6:29:56,3362,10358,9032,401,243,23396,1248,1050,173,1530,1234,202,1158,989,159,1248,1050,173,Finisher,996
Mikuláš,Zboril,Mikuláš Zboril,871,M25-29,Male,Praha 11,Prague,Czech Republic,CZ,0:44:48,3:18:32,2:17:04,0:06:16,0:03:48,6:30:28,2688,11912,8224,376,228,23428,1249,1051,174,1325,1076,170,1350,1127,181,1249,1051,174,Finisher,986
Radek,Šikola,Radek Šikola,564,M40-44,Male,Prague,Prague,Czech Republic,CZ,0:48:49,3:02:54,2:23:43,0:09:01,0:06:02,6:30:29,2929,10974,8623,541,362,23429,1250,1052,120,1458,1179,133,1229,1042,122,1250,1052,120,Finisher,1146
Ladislav,Podlaha,Ladislav Podlaha,344,M35-39,Male,Březina,South Moravian Region,Czech Republic,CZ,0:45:29,3:03:22,2:26:10,0:09:23,0:06:07,6:30:31,2729,11002,8770,563,367,23431,1251,1053,189,1353,1092,191,1198,1020,182,1251,1053,189,Finisher,918
Lucie,Šeredová,Lucie Šeredová,841,F25-29,Female,Praha,Prague,Czech Republic,CZ,0:42:01,3:17:56,2:17:05,0:06:59,0:06:31,6:30:33,2521,11876,8225,419,391,23433,1252,199,37,1116,206,41,1317,212,41,1252,199,37,Finisher,1505
Eva,Krejcírová,Eva Krejcírová,1319,F45-49,Female,Praha 4,Prague,Czech Republic,CZ,0:37:51,3:07:45,2:30:33,0:09:26,0:04:58,6:30:34,2271,11265,9033,566,298,23434,1253,200,17,758,128,9,1150,167,15,1253,200,17,Finisher,1843
Štěpán,Markov,Štěpán Markov,429,M18-24,Male,"Javornice, Slatina nad Zdobnicí",Hradec Králové Region,Czech Republic,CZ,0:37:20,3:10:40,2:29:55,0:07:02,0:05:46,6:30:42,2240,11440,8995,422,346,23442,1254,1054,163,706,594,86,1149,983,141,1254,1054,163,Finisher,841
Jakub,Minich,Jakub Minich,939,M35-39,Male,Kanianka,Slovensko,Slovakia,SK,0:53:40,3:07:29,2:15:06,0:08:26,0:06:06,6:30:47,3220,11249,8106,506,366,23447,1255,1055,190,1514,1225,207,1349,1126,199,1255,1055,190,Finisher,914
jan,stepanovsky,jan stepanovsky,1813,M30-34,,Prague,Prague,Czech Republic,CZ,0:39:46,3:13:42,2:20:39,0:09:41,0:07:03,6:30:52,2386,11622,8439,581,423,23452,1256,1056,155,930,771,109,1262,1065,152,1256,1056,155,Finisher,1091
Honza,Uher,Honza Uher,823,M60-64,Male,San Diego,US-CA,Czech Republic,CZ,0:41:57,3:14:47,2:21:29,0:08:07,0:04:43,6:31:02,2517,11687,8489,487,283,23462,1257,1057,14,1110,906,14,1282,1081,14,1257,1057,14,Finisher,2114
Dušan,Petren,Dušan Petren,1740,M25-29,Male,Prague,Prague,Slovakia,SK,0:43:05,3:17:37,2:16:36,0:07:17,0:06:42,6:31:18,2585,11857,8196,437,402,23478,1258,1058,175,1208,982,151,1327,1111,176,1258,1058,175,Finisher,971
Filip,Lukáč,Filip Lukáč,1701,M30-34,Male,Košice,Košický kraj,Slovakia,SK,0:42:07,2:56:47,2:38:57,0:07:43,0:05:44,6:31:19,2527,10607,9537,463,344,23479,1259,1059,156,1130,922,133,979,844,126,1259,1059,156,Finisher,1083
Heather,Eaton,Heather Eaton,1241,F40-44,Female,Kings Langley,Hertfordshire,United Kingdom,GB,0:44:50,3:10:37,2:19:16,0:10:57,0:06:06,6:31:45,2690,11437,8356,657,366,23505,1260,201,30,1327,250,32,1306,208,30,1260,201,30,Finisher,1703
Viktorie,Pospíšilová,Viktorie Pospíšilová,1350,F25-29,Female,Praha 8,Prague,Czech Republic,CZ,0:42:34,3:14:23,2:19:03,0:08:12,0:07:39,6:31:51,2554,11663,8343,492,459,23511,1261,202,38,1164,213,42,1285,202,38,1261,202,38,Finisher,1481
Daniel,Schwarz,Daniel Schwarz,1278,M45-49,Male,Rousinov,Southmoravian region,Czech Republic,CZ,0:36:28,3:14:01,2:24:50,0:10:41,0:05:56,6:31:56,2188,11641,8690,641,356,23516,1262,1060,100,608,512,51,1236,1048,100,1262,1060,100,Finisher,1094
Petr,Kulíšek,Petr Kulíšek,1682,M45-49,Male,Vyškov,South Moravian Region,Czech Republic,CZ,0:44:19,3:14:56,2:14:08,0:11:05,0:07:31,6:31:59,2659,11696,8048,665,451,23519,1263,1061,101,1295,1052,98,1357,1134,109,1263,1061,101,Finisher,1093
Leonhard,Müllner,Leonhard Müllner,1034,M18-24,Male,Großweikersdorf,AT-3,Austria,AT,0:42:07,2:48:45,2:42:27,0:10:43,0:08:00,6:32:01,2527,10125,9747,643,480,23521,1264,1062,164,1128,920,140,853,744,102,1264,1062,164,Finisher,817
Dagmar,Tučková,Dagmar Tučková,775,F40-44,Female,Orlické Záhoří,Hradec Králové Region,Czech Republic,CZ,0:31:52,3:36:21,2:13:26,0:06:45,0:03:54,6:32:18,1912,12981,8006,405,234,23538,1265,203,31,230,40,4,1404,239,34,1265,203,31,Finisher,1693
Miroslav,Markov,Miroslav Markov,641,M18-24,Male,Javornice,Hradec Králové Region,Czech Republic,CZ,0:50:44,2:56:28,2:32:36,0:05:56,0:06:41,6:32:24,3044,10588,9156,356,401,23544,1266,1063,165,1487,1203,187,1117,959,137,1266,1063,165,Finisher,810
Daniel,Brožek,Daniel Brožek,1448,M18-24,Male,Horní Dunajovice,South Moravian Region,Czech Republic,CZ,0:55:25,3:03:16,2:21:10,0:07:43,0:04:54,6:32:29,3325,10996,8470,463,294,23549,1267,1064,166,1527,1233,193,1307,1099,164,1267,1064,166,Finisher,809
Petr,Jánský,Petr Jánský,526,M25-29,Male,Hradec Králové,Hradec Králové Region,Czech Republic,CZ,0:47:31,3:16:59,2:14:09,0:07:23,0:06:28,6:32:29,2851,11819,8049,443,388,23549,1268,1065,176,1421,1151,184,1378,1150,184,1268,1065,176,Finisher,950
Tobiáš,Budina,Tobiáš Budina,1006,M18-24,Male,Paršovice,Olomouc Region,Czech Republic,CZ,0:33:11,2:56:39,2:33:41,0:22:10,0:06:50,6:32:30,1991,10599,9221,1330,410,23550,1269,1066,167,320,269,44,1094,938,133,1269,1066,167,Finisher,808
Natálie,Houšková,Natálie Houšková,1749,F18-24,Female,Český Těšín,Moravian-Silesia,Czech Republic,CZ,0:45:02,3:26:35,2:06:27,0:09:14,0:05:24,6:32:42,2702,12395,7587,554,324,23562,1270,204,29,1336,255,38,1444,254,36,1270,204,29,Finisher,1783
Neel,Ashar,Neel Ashar,1431,M45-49,Male,Mumbai,MAHARASHTRA,India,IN,0:47:21,3:24:57,2:00:04,0:10:52,0:09:31,6:32:46,2841,12297,7204,652,571,23566,1271,1067,102,1411,1142,110,1459,1199,118,1271,1067,102,Finisher,1079
Tomas,Koska,Tomas Koska,943,M50-54,Male,Praha 4,Prague,Czech Republic,CZ,0:38:44,3:00:44,2:38:32,0:08:51,0:06:08,6:32:58,2324,10844,9512,531,368,23578,1272,1068,85,839,696,65,1015,874,81,1272,1068,85,Finisher,1172
Pavel,Zima,Pavel Zima,503,M55-59,Male,Ohnišov,Hradec Králové Region,Czech Republic,CZ,0:58:08,2:56:25,2:26:51,0:06:20,0:05:19,6:33:03,3488,10585,8811,380,319,23583,1273,1069,34,1537,1239,45,1232,1044,39,1273,1069,34,Finisher,1605
Jaroslav,Urban,Jaroslav Urban,1131,M50-54,Male,Čeradice,Ústí nad Labem Region,Czech Republic,CZ,0:32:33,2:58:08,2:51:52,0:05:46,0:04:53,6:33:13,1953,10688,10312,346,293,23593,1274,1070,86,278,231,22,721,639,62,1274,1070,86,Finisher,1168
Zuzana,Hrnciarova,Zuzana Hrnciarova,1558,F35-39,Female,Miloslavov,foreigner,Slovakia,SK,0:42:47,3:18:53,2:17:37,0:07:08,0:06:51,6:33:16,2567,11933,8257,428,411,23596,1275,205,28,1184,219,28,1338,221,30,1275,205,28,Finisher,1507
Oliver,Novák,Oliver Novák,1596,M18-24,Male,Pardubice,Pardubice Region,Czech Republic,CZ,0:43:20,3:15:25,2:25:26,0:05:40,0:03:26,6:33:17,2600,11725,8726,340,206,23597,1276,1071,168,1222,994,155,1276,1075,159,1276,1071,168,Finisher,794
Viktor,Novák,Viktor Novák,1048,M50-54,Male,Pardubice,Pardubice Region,Czech Republic,CZ,0:38:23,3:15:44,2:24:57,0:10:25,0:03:48,6:33:17,2303,11744,8697,625,228,23597,1277,1072,87,805,668,59,1277,1076,92,1277,1072,87,Finisher,1166
Alina,Malinina,Alina Malinina,1434,F40-44,Female,Harju,foreigner,Estonia,EE,0:41:11,3:15:37,2:21:23,0:07:01,0:08:13,6:33:26,2471,11737,8483,421,493,23606,1278,206,32,1042,192,25,1270,201,29,1278,206,32,Finisher,1672
Joseph,Dodds,Joseph Dodds,630,M45-49,Male,Prague,Prague,United Kingdom,GB,0:48:02,3:22:30,2:08:46,0:07:53,0:06:30,6:33:41,2882,12150,7726,473,390,23621,1279,1073,103,1437,1163,114,1431,1183,116,1279,1073,103,Finisher,1062
Michaela,Klepetková,Michaela Klepetková,275,F30-34,Female,Prague,Prague,Czech Republic,CZ,0:47:59,3:30:33,2:00:37,0:08:00,0:06:41,6:33:49,2879,12633,7237,480,401,23629,1280,207,34,1435,274,48,1476,265,43,1280,207,34,Finisher,1503
Michael,Bichler,Michael Bichler,1035,M18-24,Male,Eggenburg,foreigner,Austria,AT,0:41:29,3:00:53,2:38:56,0:07:42,0:04:51,6:33:51,2489,10853,9536,462,291,23631,1281,1074,169,1063,869,130,1057,910,124,1281,1074,169,Finisher,784
Dalibor,Bielas,Dalibor Bielas,270,M35-39,Male,Samopše,Central Bohemian Region,Czech Republic,CZ,0:37:33,3:07:44,2:32:57,0:09:51,0:05:46,6:33:51,2253,11264,9177,591,346,23631,1282,1075,191,726,608,117,1152,985,175,1282,1075,191,Finisher,858
Aneta,Dragančíková,Aneta Dragančíková,713,F18-24,Female,Krnov,CZ-801,Czech Republic,CZ,0:43:58,3:08:46,2:28:30,0:05:35,0:07:08,6:33:57,2638,11326,8910,335,428,23637,1283,208,30,1272,238,37,1199,179,27,1283,208,30,Finisher,1760
Roman,Furo,Roman Furo,1652,M30-34,Male,Prievidza,foreigner,Slovakia,SK,0:45:57,3:24:20,2:09:26,0:08:22,0:05:52,6:33:57,2757,12260,7766,502,352,23637,1284,1076,157,1368,1105,166,1432,1184,173,1284,1076,157,Finisher,1035
Eva,Jetelová,Eva Jetelová,494,F40-44,Female,Slavkov u Brna,South Moravian Region,Czech Republic,CZ,0:44:25,3:06:40,2:29:22,0:07:25,0:06:12,6:34:03,2665,11200,8962,445,372,23643,1285,209,33,1304,247,31,1201,181,25,1285,209,33,Finisher,1661
Daniel,Pospíšil,Daniel Pospíšil,534,M45-49,Male,Předměřice nad Labem,Hradec Králové Region,Czech Republic,CZ,0:41:25,3:00:10,2:36:48,0:08:41,0:07:11,6:34:14,2485,10810,9408,521,431,23654,1286,1077,104,1058,865,88,1060,913,86,1286,1077,104,Finisher,1052
William,Huřťák,William Huřťák,1414,M40-44,Male,Praha,Hlavni Mesto Praha,Czech Republic,CZ,0:42:24,3:17:40,2:21:41,0:07:18,0:05:34,6:34:38,2544,11860,8501,438,334,23678,1287,1078,121,1154,943,105,1322,1108,131,1287,1078,121,Finisher,1072
Matous,Mrazek,Matous Mrazek,757,M30-34,Male,Prague,Prague,Czech Republic,CZ,0:39:51,3:18:37,2:22:01,0:06:27,0:07:48,6:34:45,2391,11917,8521,387,468,23685,1288,1079,158,938,777,110,1283,1082,153,1288,1079,158,Finisher,1021
Miroslav,Cermák,Miroslav Cermák,802,M45-49,Male,Džbánov,Pardubice Region,Czech Republic,CZ,0:38:20,3:10:14,2:33:06,0:08:28,0:05:00,6:35:07,2300,11414,9186,508,300,23707,1289,1080,105,798,662,65,1175,1004,95,1289,1080,105,Finisher,1036
Tomáš,Urban,Tomáš Urban,957,M25-29,Male,Ústí Nad Labem,Ústí nad Labem Region,Czech Republic,CZ,0:31:51,3:20:36,2:31:32,0:06:48,0:04:24,6:35:11,1911,12036,9092,408,264,23711,1290,1081,177,226,188,23,1213,1030,165,1290,1081,177,Finisher,901
Kamil,Suchan,Kamil Suchan,781,M55-59,Male,Hradec Králové,Hradec Králové Region,Czech Republic,CZ,0:45:04,3:00:15,2:34:21,0:08:49,0:06:47,6:35:15,2704,10815,9261,529,407,23715,1291,1082,35,1337,1082,40,1134,972,32,1291,1082,35,Finisher,1566
Lukáš,Burdych,Lukáš Burdych,1783,M40-44,Male,Rasošky,Hradec Králové Region,Czech Republic,CZ,0:41:26,2:52:13,2:34:21,0:12:01,0:15:47,6:35:48,2486,10333,9261,721,947,23748,1292,1083,122,1059,866,94,957,826,105,1292,1083,122,Finisher,1051
Kristýna,Nestarcová,Kristýna Nestarcová,520,F30-34,Female,Prague,Prague,Czech Republic,CZ,0:47:36,3:21:13,2:13:43,0:06:07,0:07:16,6:35:55,2856,12073,8023,367,436,23755,1293,210,35,1426,271,47,1403,238,39,1293,210,35,Finisher,1465
Eliška,Kölblová,Eliška Kölblová,518,F18-24,Female,Pelhřimov,Vysočina Region,Czech Republic,CZ,0:40:48,3:11:10,2:29:50,0:08:27,0:05:40,6:35:56,2448,11470,8990,507,340,23756,1294,211,31,1016,181,28,1226,187,28,1294,211,31,Finisher,1725
Aleš,Trs,Aleš Trs,491,M40-44,Male,Vrábče,Jihočeský kraj,Czech Republic,CZ,0:31:17,3:01:12,2:49:38,0:06:46,0:07:03,6:35:56,1877,10872,10178,406,423,23756,1295,1084,123,195,165,16,794,691,88,1295,1084,123,Finisher,1048
Lukas,Nestarec,Lukas Nestarec,646,M40-44,Male,Praha,Prague,Czech Republic,CZ,0:51:01,3:15:49,2:13:43,0:08:10,0:07:21,6:36:05,3061,11749,8023,490,441,23765,1296,1085,124,1494,1210,134,1405,1166,134,1296,1085,124,Finisher,1046
Rolf,De Lange,Rolf De Lange,697,M25-29,Male,Amersfoort,NL-foreigner,Netherlands,NL,0:36:50,2:53:33,2:50:27,0:09:41,0:05:42,6:36:13,2210,10413,10227,581,342,23773,1297,1086,178,655,554,81,819,713,108,1297,1086,178,Finisher,883
Gabriel,Novák,Gabriel Novák,1635,M25-29,Male,Bardejov,Slovakia,Slovakia,SK,0:48:42,3:16:46,2:15:12,0:08:55,0:06:39,6:36:14,2922,11806,8112,535,399,23774,1298,1087,179,1454,1177,188,1400,1163,187,1298,1087,179,Finisher,882
Radek,Štěrba,Radek Štěrba,688,M50-54,Male,Opatovice nad Labem,Pardubice Region,Czech Republic,CZ,0:43:49,2:57:13,2:43:00,0:06:47,0:05:50,6:36:39,2629,10633,9780,407,350,23799,1299,1088,88,1258,1023,89,998,860,78,1299,1088,88,Finisher,1106
Jan,Pravec,Jan Pravec,1451,M18-24,Male,Olomouc,Olomoucký kraj,Czech Republic,CZ,0:38:32,3:16:06,2:27:36,0:07:28,0:07:03,6:36:46,2312,11766,8856,448,423,23806,1300,1089,170,822,681,101,1248,1056,152,1300,1089,170,Finisher,731
Roland,Patzina,Roland Patzina,947,M60-64,Male,Kempten,BY,Germany,DE,0:34:39,3:22:47,2:24:33,0:08:44,0:06:04,6:36:48,2079,12167,8673,524,364,23808,1301,1090,15,440,375,6,1301,1096,16,1301,1090,15,Finisher,2011
Nina Simona,Pape,Nina Simona Pape,750,F25-29,Female,Frankfurt am Main,DE-HE,Germany,DE,0:45:02,3:06:25,2:35:03,0:06:25,0:04:03,6:36:58,2702,11185,9303,385,243,23818,1302,212,39,1334,253,51,1189,176,33,1302,212,39,Finisher,1389
Thomas,Dreher,Thomas Dreher,1721,M65-69,Male,Vogtsburg im Kaiserstuhl,foreigner,Germany,DE,0:37:13,3:00:49,2:43:16,0:08:53,0:07:07,6:37:17,2233,10849,9796,533,427,23837,1303,1091,7,696,586,2,982,846,4,1303,1091,7,Finisher,2294
Jirí,Hojgr,Jirí Hojgr,1236,M50-54,Male,Hradec Králové,Hradec Králové Region,Czech Republic,CZ,0:40:33,3:08:02,2:34:03,0:09:26,0:05:13,6:37:18,2433,11282,9243,566,313,23838,1304,1092,89,1000,822,75,1193,1016,87,1304,1092,89,Finisher,1094
Johana,Lukesova,Johana Lukesova,1426,F25-29,Female,Roztoky,Central Bohemian Region,Czech Republic,CZ,0:36:57,3:23:05,2:16:35,0:11:21,0:09:27,6:37:24,2217,12185,8195,681,567,23844,1305,213,40,664,103,17,1371,227,45,1305,213,40,Finisher,1381
Michaela,Součková,Michaela Součková,1365,F35-39,Female,Pardubice,Pardubice Region,Czech Republic,CZ,0:41:32,3:17:09,2:23:53,0:07:58,0:06:59,6:37:30,2492,11829,8633,478,419,23850,1306,214,29,1069,196,26,1312,210,29,1306,214,29,Finisher,1431
Dmytro,Prokopenko,Dmytro Prokopenko,890,M40-44,Male,Prague,Prague,Ukraine,UA,0:42:23,3:14:55,2:24:44,0:09:07,0:06:31,6:37:40,2543,11695,8684,547,391,23860,1307,1093,125,1148,939,104,1308,1100,130,1307,1093,125,Finisher,1017
Bartosz,Truszkiewicz,Bartosz Truszkiewicz,850,M45-49,Male,Oława,dolnośląskie,Poland,PL,0:46:14,3:11:28,2:27:01,0:07:48,0:05:15,6:37:47,2774,11488,8821,468,315,23867,1308,1094,106,1377,1114,107,1291,1087,104,1308,1094,106,Finisher,988
Miroslav,Dekar,Miroslav Dekar,687,M50-54,Male,Bubovice,Central Bohemian Region,Czech Republic,CZ,0:47:37,3:09:41,2:19:07,0:10:13,0:11:16,6:37:54,2857,11381,8347,613,676,23874,1309,1095,90,1428,1157,100,1323,1109,94,1309,1095,90,Finisher,1083
Scott,McMaster,Scott McMaster,1113,M40-44,Male,Troon,GB-SCT,United Kingdom,GB,0:43:55,3:05:42,2:34:19,0:08:12,0:05:59,6:38:06,2635,11142,9259,492,359,23886,1310,1096,126,1265,1029,115,1186,1012,119,1310,1096,126,Finisher,1009
Denis,Kossuth,Denis Kossuth,912,M30-34,Male,Bratislava,foreigner,Slovakia,SK,0:38:57,3:24:33,2:15:29,0:09:49,0:09:19,6:38:07,2337,12273,8129,589,559,23887,1311,1097,159,863,715,102,1395,1160,169,1311,1097,159,Finisher,960
Sunint,Khurana,Sunint Khurana,1565,M30-34,Male,Gurugram,Haryana,India,IN,0:44:42,3:18:37,2:19:18,0:09:31,0:06:05,6:38:12,2682,11917,8358,571,365,23892,1312,1098,160,1322,1073,161,1388,1157,166,1312,1098,160,Finisher,959
Martin,Hostinský,Martin Hostinský,840,M35-39,Male,Brno,South Moravian Region,Czech Republic,CZ,0:34:05,3:02:33,2:50:12,0:06:15,0:05:11,6:38:15,2045,10953,10212,375,311,23895,1313,1099,192,391,330,56,887,771,136,1313,1099,192,Finisher,779
Christian,Ribbecke,Christian Ribbecke,1419,M45-49,Male,München,DE-BY,Germany,DE,0:48:42,2:54:32,2:36:32,0:08:45,0:09:56,6:38:27,2922,10472,9392,525,596,23907,1314,1100,107,1453,1176,118,1093,937,88,1314,1100,107,Finisher,976
Tomáš,Kopecký,Tomáš Kopecký,817,M35-39,Male,Rybník,USTI NAD ORLICI,Czech Republic,CZ,0:42:49,3:13:41,2:26:23,0:09:24,0:06:14,6:38:30,2569,11621,8783,564,374,23910,1315,1101,193,1186,966,169,1297,1092,197,1315,1101,193,Finisher,775
Martina,Jetmarová,Martina Jetmarová,852,F50-54,Female,Praha 5,Prague,Czech Republic,CZ,0:41:33,3:16:44,2:25:09,0:07:29,0:07:38,6:38:31,2493,11804,8709,449,458,23911,1316,215,15,1070,197,16,1294,205,17,1316,215,15,Finisher,1842
Brian,Walker,Brian Walker,1825,M35-39,Male,Nová Paka,Hradec Králové Region,Czech Republic,CZ,0:45:44,2:53:32,2:46:17,0:07:18,0:05:48,6:38:40,2744,10412,9977,438,348,23920,1317,1102,194,1359,1098,192,977,843,150,1317,1102,194,Finisher,772
Martin,Masarik,Martin Masarik,363,M30-34,Male,Třinec,Moravian-Silesian Region,Czech Republic,CZ,0:45:32,3:16:11,2:20:56,0:09:07,0:06:54,6:38:41,2732,11771,8456,547,414,23921,1318,1103,161,1355,1094,165,1363,1139,161,1318,1103,161,Finisher,950
Jakub,Kocián,Jakub Kocián,654,M35-39,Male,Uhříněves,Prague,Czech Republic,CZ,0:43:14,3:25:54,2:15:11,0:07:07,0:07:20,6:38:46,2594,12354,8111,427,440,23926,1319,1104,195,1218,990,172,1414,1171,204,1319,1104,195,Finisher,770
Jakub,Sokolik,Jakub Sokolik,1774,M40-44,,Srubec,Jihočeský kraj,Czech Republic,CZ,0:47:30,3:01:57,2:24:22,0:13:22,0:11:39,6:38:51,2850,10917,8662,802,699,23931,1320,1105,127,1420,1150,130,1259,1064,126,1320,1105,127,Finisher,996
Jakub,Kostka,Jakub Kostka,1248,M18-24,Male,Zvolen,foreigner,Slovakia,SK,0:46:45,3:12:16,2:28:32,0:06:35,0:05:05,6:39:14,2805,11536,8912,395,305,23954,1321,1106,171,1398,1130,171,1292,1088,161,1321,1106,171,Finisher,700
Ingo,Walter,Ingo Walter,1243,M45-49,Male,München,,Germany,DE,0:38:54,3:19:11,2:25:03,0:09:30,0:06:49,6:39:28,2334,11951,8703,570,409,23968,1322,1107,108,857,710,71,1324,1110,106,1322,1107,108,Finisher,958
Michal,Korsa,Michal Korsa,962,M25-29,Male,,South Bohemian Region,Czech Republic,CZ,0:34:56,3:09:10,2:40:24,0:07:27,0:07:45,6:39:41,2096,11350,9624,447,465,23981,1323,1108,180,463,393,54,1086,931,146,1323,1108,180,Finisher,820
Martin,Vlček,Martin Vlček,1759,M40-44,Male,Velká Jesenice,Hradec Králové Region,Czech Republic,CZ,0:44:14,3:01:22,2:41:31,0:07:19,0:05:17,6:39:43,2654,10882,9691,439,317,23983,1324,1109,128,1287,1046,117,1111,954,114,1324,1109,128,Finisher,980
Lenka,Balková,Lenka Balková,1018,F45-49,Female,Campbell,Hradec Králové Region,Czech Republic,CZ,0:49:58,3:14:29,2:19:52,0:08:30,0:07:29,6:40:19,2998,11669,8392,510,449,24019,1325,216,18,1476,282,24,1392,234,19,1325,216,18,Finisher,1667
Patrik,Martinát,Patrik Martinát,277,M25-29,Male,Bolatice,Moravian-Silesian Region,Czech Republic,CZ,0:42:04,3:17:37,2:25:45,0:08:32,0:06:22,6:40:19,2524,11857,8745,512,382,24019,1326,1110,181,1122,914,143,1331,1113,177,1326,1110,181,Finisher,809
Alexander,Stoessl,Alexander Stoessl,1605,M50-54,Male,Vienna,foreigner,Austria,AT,0:39:36,3:25:45,2:16:16,0:11:41,0:07:04,6:40:22,2376,12345,8176,701,424,24022,1327,1111,91,917,761,71,1421,1178,100,1327,1111,91,Finisher,1039
Filip,Farský,Filip Farský,444,M40-44,Male,Kramolna,Hradec Králové Region,Czech Republic,CZ,0:53:57,3:01:39,2:31:48,0:07:43,0:05:17,6:40:24,3237,10899,9108,463,317,24024,1328,1112,129,1517,1228,136,1264,1066,127,1328,1112,129,Finisher,968
Lukáš,Chytílek,Lukáš Chytílek,719,M30-34,Male,Otrokovice,South Moravian Region,Czech Republic,CZ,0:43:46,3:25:02,2:11:06,0:12:35,0:08:03,6:40:31,2626,12302,7866,755,483,24031,1329,1113,162,1253,1019,153,1449,1194,175,1329,1113,162,Finisher,917
Václav,Hálek,Václav Hálek,1084,M18-24,Male,Praha,Prague,Czech Republic,CZ,0:37:57,3:03:50,2:43:38,0:07:28,0:07:38,6:40:31,2277,11030,9818,448,458,24031,1330,1114,172,767,638,95,1036,892,120,1330,1114,172,Finisher,700
Imre,Nimród,Imre Nimród,1079,M30-34,Male,Fehérvárcsurgó,Fejér,Hungary,HU,0:49:42,3:14:11,2:21:29,0:09:02,0:06:24,6:40:48,2982,11651,8489,542,384,24048,1331,1115,163,1472,1191,176,1391,1158,167,1331,1115,163,Finisher,912
Matej,Micek,Matej Micek,482,M25-29,Male,Karviná,CZ-803,Czech Republic,CZ,0:58:28,3:10:14,2:14:32,0:10:40,0:07:26,6:41:21,3508,11414,8072,640,446,24081,1332,1116,182,1539,1241,206,1435,1186,192,1332,1116,182,Finisher,790
Pavel,Spacek,Pavel Spacek,456,M55-59,Male,Trencianska Tepla,SK-TC,Slovakia,SK,0:47:11,2:57:49,2:40:43,0:08:38,0:07:06,6:41:27,2831,10669,9643,518,426,24087,1333,1117,36,1409,1140,42,1123,964,31,1333,1117,36,Finisher,1454
Anna,Stejskalová,Anna Stejskalová,1076,F18-24,Female,Liberec,Liberec Region,Czech Republic,CZ,0:39:12,3:40:22,2:06:52,0:09:36,0:05:26,6:41:29,2352,13222,7612,576,326,24089,1334,217,32,884,152,24,1487,271,40,1334,217,32,Finisher,1625
Lubomir,Kiesel,Lubomir Kiesel,790,M45-49,Male,Lužianky,foreigner,Slovakia,SK,0:42:41,3:14:10,2:23:27,0:12:56,0:08:26,6:41:39,2561,11650,8607,776,506,24099,1335,1118,109,1175,960,91,1354,1131,108,1335,1118,109,Finisher,919
Eliška,Hujerová,Eliška Hujerová,1728,F25-29,Female,Jablonec nad Nisou,Liberec Region,Czech Republic,CZ,0:42:40,3:08:39,2:36:52,0:08:30,0:05:16,6:41:56,2560,11319,9412,510,316,24116,1336,218,41,1174,215,43,1216,185,36,1336,218,41,Finisher,1300
Richard,Wenzel,Richard Wenzel,347,M45-49,Male,Děčín,CZ-Ústí nad Labem Region,Czech Republic,CZ,0:39:19,3:13:08,2:37:59,0:06:42,0:05:06,6:42:14,2359,11588,9479,402,306,24134,1337,1119,110,895,741,75,1212,1029,98,1337,1119,110,Finisher,908
David,Pluhař,David Pluhař,238,M25-29,Male,Nový Bydžov,Hradec Králové Region,Czech Republic,CZ,0:46:14,3:28:41,2:10:41,0:09:22,0:07:20,6:42:17,2774,12521,7841,562,440,24137,1338,1120,183,1376,1113,178,1465,1204,197,1338,1120,183,Finisher,773
Christian,Schaupp,Christian Schaupp,1134,M35-39,Male,Inzersdorf im Kremstal,AT-AT-foreigner,Austria,AT,0:41:08,3:09:58,2:38:13,0:08:45,0:04:40,6:42:44,2468,11398,9493,525,280,24164,1339,1121,196,1039,849,150,1218,1033,185,1339,1121,196,Finisher,700
Barbora,Vanková,Barbora Vanková,282,F25-29,Female,Františkovy Lázně,Karlovy Vary Region,Czech Republic,CZ,0:54:41,3:21:30,2:12:32,0:08:55,0:05:11,6:42:49,3281,12090,7952,535,311,24169,1340,219,42,1521,291,61,1470,262,55,1340,219,42,Finisher,1284
Petr,Roudný,Petr Roudný,557,M30-34,Male,Pardubice,Pardubice Region,Czech Republic,CZ,0:48:23,3:20:16,2:20:54,0:08:30,0:05:45,6:43:48,2903,12016,8454,510,345,24228,1341,1122,164,1446,1172,173,1425,1180,172,1341,1122,164,Finisher,858
Maeve,Bates,Maeve Bates,1123,F18-24,Female,Linz,foreigner,Austria,AT,0:51:06,3:18:15,2:19:51,0:07:41,0:07:01,6:43:54,3066,11895,8391,461,421,24234,1342,220,33,1497,286,42,1422,244,33,1342,220,33,Finisher,1581
Jan,Bárta,Jan Bárta,220,M25-29,Male,Prague,Prague,Czech Republic,CZ,0:54:17,3:17:47,2:18:47,0:07:42,0:05:21,6:43:55,3257,11867,8327,462,321,24235,1343,1123,184,1520,1230,201,1438,1188,193,1343,1123,184,Finisher,744
Robert,Vida,Robert Vida,1347,M50-54,Male,Strekov,foreigner,Slovakia,SK,0:44:15,3:19:03,2:19:40,0:12:51,0:08:07,6:43:55,2655,11943,8380,771,487,24235,1344,1124,92,1288,1047,91,1413,1170,99,1344,1124,92,Finisher,975
Mirosla,Šindelár,Mirosla Šindelár,271,M45-49,Male,Strančice,Central Bohemian Region,Czech Republic,CZ,0:37:47,3:02:08,2:49:16,0:08:07,0:06:43,6:44:01,2267,10928,10156,487,403,24241,1345,1125,111,750,627,60,1007,866,83,1345,1125,111,Finisher,876
Jan,Piwowarski,Jan Piwowarski,226,M25-29,Male,Ostrava,Moravian-Silesian Region,Czech Republic,CZ,0:38:44,3:20:33,2:33:21,0:06:45,0:04:49,6:44:14,2324,12033,9201,405,289,24254,1346,1126,185,841,698,102,1299,1094,172,1346,1126,185,Finisher,738
Jan,Čulík,Jan Čulík,859,M35-39,Male,Prague,Prague,Czech Republic,CZ,0:41:38,3:11:54,2:39:00,0:06:40,0:05:05,6:44:17,2498,11514,9540,400,305,24257,1347,1127,197,1079,882,156,1221,1036,188,1347,1127,197,Finisher,700
Adéla Anna ,Vašinová,Adéla Anna Vašinová,489,F18-24,Female,Hradec Králové ,Hradec Králové,Czech Republic,CZ,0:38:46,3:27:37,2:23:50,0:07:33,0:06:33,6:44:19,2326,12457,8630,453,393,24259,1348,221,34,844,144,22,1397,236,32,1348,221,34,Finisher,1574
Robert,Vysnovsky,Robert Vysnovsky,1292,M40-44,Male,Prešov,SK-PV,Slovakia,SK,1:06:34,3:14:12,2:09:44,0:08:06,0:05:48,6:44:23,3994,11652,7784,486,348,24263,1349,1128,130,1545,1246,138,1485,1216,137,1349,1128,130,Finisher,896
Martin,Truhlář,Martin Truhlář,1082,M30-34,Male,Malé Kyšice,Central Bohemian Region,Czech Republic,CZ,0:37:42,3:26:24,2:24:36,0:07:32,0:08:10,6:44:24,2262,12384,8676,452,490,24264,1350,1129,165,740,619,84,1373,1146,164,1350,1129,165,Finisher,847
Martin,Herz,Martin Herz,1705,M55-59,Male,Altdorf,DE-BY,Germany,DE,0:38:58,3:08:14,2:42:03,0:08:19,0:07:16,6:44:51,2338,11294,9723,499,436,24291,1351,1130,37,866,718,25,1163,993,34,1351,1130,37,Finisher,1393
Jamie,Taylor,Jamie Taylor,1750,F25-29,Female,Dublin,DUBLIN,Ireland,IE,0:40:29,3:27:51,2:21:52,0:09:43,0:04:56,6:44:51,2429,12471,8512,583,296,24291,1352,222,43,994,178,36,1429,248,51,1352,222,43,Finisher,1247
Andrea,Hnyková,Andrea Hnyková,280,F30-34,Female,Praha,Prague,Czech Republic,CZ,0:44:26,3:07:33,2:34:57,0:09:20,0:08:38,6:44:55,2666,11253,9297,560,518,24295,1353,223,36,1305,248,41,1240,190,28,1353,223,36,Finisher,1303
Eva,Rychterová,Eva Rychterová,1612,F50-54,Female,Hradec Králové,Hradec Králové Region,Czech Republic,CZ,0:45:02,3:18:21,2:26:52,0:08:20,0:06:30,6:45:05,2702,11901,8812,500,390,24305,1354,224,16,1335,254,20,1375,228,19,1354,224,16,Finisher,1724
Andrea,Židlická ,Andrea Židlická,1227,F30-34,Female,Vranovice,South Moravian Region,Czech Republic,CZ,0:44:23,3:15:30,2:27:13,0:09:36,0:08:28,6:45:11,2663,11730,8833,576,508,24311,1355,225,37,1302,245,39,1347,223,36,1355,225,37,Finisher,1298
Adéla,Procházková,Adéla Procházková,691,F30-34,Female,Krupka,Ústí nad Labem Region,Czech Republic,CZ,0:36:26,3:30:24,2:21:12,0:09:11,0:08:08,6:45:21,2186,12624,8472,551,488,24321,1356,226,38,600,95,15,1410,243,40,1356,226,38,Finisher,1295
Jan,Rottenborn,Jan Rottenborn,535,M18-24,Male,Ústí Nad Labem,Ústí nad Labem Region,Czech Republic,CZ,0:39:51,3:25:17,2:28:51,0:07:22,0:04:23,6:45:43,2391,12317,8931,442,263,24343,1357,1131,173,935,775,118,1381,1152,174,1357,1131,173,Finisher,700
Markéta,Novák Arazimová,Markéta Novák Arazimová,671,F50-54,Female,Praha 6 - Suchdol,Prague,Czech Republic,CZ,0:38:21,3:08:51,2:44:36,0:06:35,0:07:23,6:45:46,2301,11331,9876,395,443,24346,1358,227,17,800,137,11,1125,160,15,1358,227,17,Finisher,1712
Kamil,Hudský,Kamil Hudský,1790,M50-54,Male,PŘEDMĚŘICE NAD LABEM,Hradec Králové Region,Czech Republic,CZ,0:39:31,3:22:43,2:32:46,0:06:01,0:04:58,6:45:59,2371,12163,9166,361,298,24359,1359,1132,93,911,755,70,1334,1114,95,1359,1132,93,Finisher,938
Kristýna,Slouková,Kristýna Slouková,1510,F30-34,Female,Měrovice nad Hanou,Olomouc Region,Czech Republic,CZ,0:46:34,3:17:59,2:26:00,0:08:06,0:07:27,6:46:07,2794,11879,8760,486,447,24367,1360,228,39,1385,264,44,1384,231,38,1360,228,39,Finisher,1281
Petra,Belková,Petra Belková,905,F25-29,Female,Prague,Prague,Slovakia,SK,0:43:50,3:24:44,2:22:55,0:09:22,0:05:30,6:46:20,2630,12284,8575,562,330,24380,1361,229,44,1259,236,46,1428,247,50,1361,229,44,Finisher,1220
Lukáš,Veverka,Lukáš Veverka,703,M30-34,Male,Prague,Prague,Czech Republic,CZ,0:43:55,3:17:11,2:31:17,0:08:33,0:05:32,6:46:29,2635,11831,9077,513,332,24389,1362,1133,166,1268,1031,155,1352,1129,159,1362,1133,166,Finisher,810
Nadine,Zidek,Nadine Zidek,1760,F50-54,Female,Neutraubling,Bavaria,Germany,DE,0:38:53,3:05:27,2:43:59,0:06:16,0:11:59,6:46:33,2333,11127,9839,376,719,24393,1363,230,18,854,146,13,1066,151,14,1363,230,18,Finisher,1697
Eliška,Mahdalová,Eliška Mahdalová,902,F18-24,Female,Hradec Králové,Hradec Králové Region,Czech Republic,CZ,0:41:47,3:19:50,2:27:04,0:10:26,0:07:42,6:46:50,2507,11990,8824,626,462,24410,1364,231,35,1092,200,30,1379,229,31,1364,231,35,Finisher,1529
Peter,Švajlen,Peter Švajlen,1746,M25-29,Male,Bratislava,foreigner,Slovakia,SK,0:53:32,3:15:22,2:19:46,0:09:30,0:08:40,6:46:51,3212,11722,8386,570,520,24411,1365,1134,186,1512,1223,199,1430,1182,191,1365,1134,186,Finisher,700
Martin,Štefan,Martin Štefan,1312,M50-54,Male,Mělník,Central Bohemian Region,Czech Republic,CZ,0:43:12,3:06:35,2:42:44,0:08:56,0:05:30,6:46:57,2592,11195,9764,536,330,24417,1366,1135,94,1216,988,87,1205,1022,88,1366,1135,94,Finisher,920
Katerina,Bielena,Katerina Bielena,948,F25-29,Female,Letovice,South Moravian Region,Czech Republic,CZ,0:39:40,3:07:58,2:46:10,0:07:47,0:05:36,6:47:12,2380,11278,9970,467,336,24432,1367,232,45,922,159,32,1161,170,31,1367,232,45,Finisher,1205
Swetank,Sobhani,Swetank Sobhani,1037,M35-39,Male,Vienna,foreigner,India,IN,0:42:51,3:13:38,2:36:53,0:08:04,0:05:50,6:47:16,2571,11618,9413,484,350,24436,1368,1136,198,1188,967,170,1278,1077,195,1368,1136,198,Finisher,700
Rebeka Blanka,Rigó,Rebeka Blanka Rigó,1175,F25-29,Female,Vienna,foreigner,Austria,AT,0:41:06,3:19:04,2:32:23,0:07:29,0:07:18,6:47:19,2466,11944,9143,449,438,24439,1369,233,46,1037,190,38,1325,215,43,1369,233,46,Finisher,1203
Lukáš,Lata,Lukáš Lata,899,M35-39,Male,Praha 10,Prague,Czech Republic,CZ,0:40:04,3:06:36,2:45:59,0:07:52,0:06:49,6:47:20,2404,11196,9959,472,409,24440,1370,1137,199,955,790,141,1140,977,173,1370,1137,199,Finisher,700
Michal,Ružicka,Michal Ružicka,1848,M25-29,Male,Svinare,Central Bohemia,Czech Republic,CZ,0:37:06,3:33:34,2:20:47,0:09:13,0:06:44,6:47:25,2226,12814,8447,553,404,24445,1371,1138,187,689,581,85,1439,1189,194,1371,1138,187,Finisher,700
Kamil,Alfery,Kamil Alfery,366,M18-24,Male,Beroun,STREDOCESKY KRAJ,Czech Republic,CZ,0:39:25,3:19:38,2:33:25,0:09:03,0:06:33,6:48:03,2365,11978,9205,543,393,24483,1372,1139,174,903,748,115,1328,1112,167,1372,1139,174,Finisher,700
Andrej,Forgács,Andrej Forgács,1119,M18-24,Male,Považská Bystrica,foreigner,Slovakia,SK,0:42:19,3:14:39,2:38:14,0:08:56,0:04:18,6:48:26,2539,11679,9494,536,258,24506,1373,1140,175,1142,933,141,1298,1093,163,1373,1140,175,Finisher,700
Jan,Pochobradský,Jan Pochobradský,1124,M50-54,Male,Dobruška,Hradec Králové Region,Czech Republic,CZ,0:26:55,2:57:42,3:13:42,0:04:21,0:06:05,6:48:44,1615,10662,11622,261,365,24524,1374,1141,95,45,40,3,546,494,48,1374,1141,95,Finisher,888
Adriena,Najmanová,Adriena Najmanová,316,F30-34,Female,Prague,Prague,Czech Republic,CZ,0:39:57,3:32:17,2:20:51,0:07:49,0:08:03,6:48:57,2397,12737,8451,469,483,24537,1375,234,40,946,163,20,1440,251,42,1375,234,40,Finisher,1230
Tomáš,Buriánek,Tomáš Buriánek,1773,M18-24,Male,Hradec Králové,Hradec Králové Region,Czech Republic,CZ,0:40:59,3:12:30,2:36:47,0:08:57,0:09:45,6:48:59,2459,11550,9407,537,585,24539,1376,1142,176,1030,845,127,1253,1059,154,1376,1142,176,Finisher,700
Miroslav,Michálek,Miroslav Michálek,896,M45-49,Male,Čelákovice,Central Bohemian Region,Czech Republic,CZ,0:43:46,3:14:07,2:38:24,0:07:21,0:05:22,6:49:00,2626,11647,9504,441,322,24540,1377,1143,112,1251,1017,97,1287,1084,103,1377,1143,112,Finisher,786
Tania,Decleir,Tania Decleir,211,F55-59,Female,Wiener Neustadt,NIEDEROSTERREICH,Belgium,BE,0:43:28,3:14:37,2:37:12,0:08:15,0:05:31,6:49:04,2608,11677,9432,495,331,24544,1378,235,3,1236,230,4,1304,206,3,1378,235,3,Finisher,1947
Jiří ,Kortánek ,Jiří Kortánek,1068,M35-39,Male,,Central Bohemian Region,Czech Republic,CZ,0:48:13,3:14:28,2:32:24,0:08:10,0:05:51,6:49:06,2893,11668,9144,490,351,24546,1379,1144,200,1441,1167,198,1364,1140,202,1379,1144,200,Finisher,700
Alice,CHERIF,Alice CHERIF,930,F18-24,Female,Livry-Gargan,foreigner,France,FR,0:41:56,3:31:11,2:18:11,0:10:05,0:07:47,6:49:10,2516,12671,8291,605,467,24550,1380,236,36,1107,203,31,1460,261,38,1380,236,36,Finisher,1487
Štěpán ,Miškovský ,Štěpán Miškovský,927,M25-29,Male,Prague,Prague,Czech Republic,CZ,0:50:13,3:11:29,2:34:42,0:09:07,0:04:08,6:49:40,3013,11489,9282,547,248,24580,1381,1145,188,1479,1196,191,1362,1138,182,1381,1145,188,Finisher,700
Jakub,Novotny,Jakub Novotny,1145,M45-49,Male,Carlsbad,Karlovy Vary Region,Czech Republic,CZ,0:44:22,3:18:26,2:26:20,0:11:16,0:09:41,6:50:06,2662,11906,8780,676,581,24606,1382,1146,113,1299,1056,99,1398,1162,113,1382,1146,113,Finisher,767
Stergios,Poulios,Stergios Poulios,1644,M50-54,Male,Serres,Serres,Greece,GR,0:35:13,3:18:01,2:32:45,0:13:40,0:10:54,6:50:33,2113,11881,9165,820,654,24633,1383,1147,96,500,427,37,1316,1105,93,1383,1147,96,Finisher,856
Jaroslav,Hrách,Jaroslav Hrách,634,M30-34,Male,Prague,Prague,Czech Republic,CZ,0:47:29,3:27:22,2:18:09,0:11:27,0:06:08,6:50:35,2849,12442,8289,687,368,24635,1384,1148,167,1419,1149,171,1473,1211,179,1384,1148,167,Finisher,736
Daniel,Kostka,Daniel Kostka,320,M25-29,Male,Jablunkov,Moravian-Silesian Region,Czech Republic,CZ,0:51:47,3:08:58,2:37:15,0:08:16,0:04:32,6:50:48,3107,11338,9435,496,272,24648,1385,1149,189,1503,1217,197,1341,1120,180,1385,1149,189,Finisher,700
Beate,Kriemann,Beate Kriemann,1257,F50-54,Female,Kleinmachnow,,Germany,DE,0:39:51,3:18:20,2:35:38,0:10:00,0:07:43,6:51:32,2391,11900,9338,600,463,24692,1386,237,19,936,161,15,1330,218,18,1386,237,19,Finisher,1608
Piergiorgio,Caroletti,Piergiorgio Caroletti,1360,M55-59,Male,roma,IT-RM,Italy,IT,0:35:54,3:16:16,2:44:34,0:08:28,0:06:23,6:51:35,2154,11776,9874,508,383,24695,1387,1150,38,560,477,17,1227,1040,38,1387,1150,38,Finisher,1272
Jan Vojta,Gerych,Jan Vojta Gerych,925,M40-44,Male,Frýdek-Místek,Moravian-Silesian Region,Czech Republic,CZ,0:51:39,3:03:40,2:43:10,0:08:32,0:04:38,6:51:40,3099,11020,9790,512,278,24700,1388,1151,131,1502,1216,135,1271,1070,128,1388,1151,131,Finisher,765
Zsolt,Polacsek,Zsolt Polacsek,437,M45-49,Male,Göd,HU-PE,Hungary,HU,0:43:27,3:13:52,2:41:35,0:06:49,0:06:08,6:51:51,2607,11632,9695,409,368,24711,1389,1152,114,1233,1004,96,1274,1073,102,1389,1152,114,Finisher,735
Tereza,Vinšálková,Tereza Vinšálková,771,F45-49,Female,Hradec Králové,Hradec Králové Region,Czech Republic,CZ,0:42:53,3:20:58,2:35:50,0:07:23,0:05:06,6:52:10,2573,12058,9350,443,306,24730,1390,238,19,1190,222,20,1369,226,18,1390,238,19,Finisher,1454
Karel,Šilhán,Karel Šilhán,860,M40-44,Male,Hradec Králové,Hradec Králové Region,Czech Republic,CZ,0:40:37,3:16:59,2:40:35,0:08:35,0:05:27,6:52:13,2437,11819,9635,515,327,24733,1391,1153,132,1009,830,92,1302,1097,129,1391,1153,132,Finisher,755
Robert,Hudecek,Robert Hudecek,1366,M55-59,Male,Brno,CZ-642,Czech Republic,CZ,0:41:04,3:06:14,2:52:46,0:07:22,0:04:47,6:52:13,2464,11174,10366,442,287,24733,1392,1154,39,1036,847,32,1145,981,33,1392,1154,39,Finisher,1260
Fco. Javier,Almeda Muñoz,Fco. Javier Almeda Muñoz,1199,M55-59,Male,MOSTOLES,,Spain,ES,0:34:18,3:18:41,2:40:20,0:11:48,0:07:10,6:52:16,2058,11921,9620,708,430,24736,1393,1155,40,408,346,11,1280,1079,41,1393,1155,40,Finisher,1259
Filip,Pospíšil,Filip Pospíšil,1548,M30-34,Male,Olomouc,Olomouc Region,Czech Republic,CZ,0:33:17,3:10:00,2:55:24,0:07:47,0:05:49,6:52:17,1997,11400,10524,467,349,24737,1394,1156,168,329,277,31,1077,924,139,1394,1156,168,Finisher,705
Katerina,Horka,Katerina Horka,314,F18-24,Female,Brno,Brno,Czech Republic,CZ,0:34:56,3:36:51,2:24:09,0:09:10,0:07:14,6:52:20,2096,13011,8649,550,434,24740,1395,239,37,464,71,14,1445,255,37,1395,239,37,Finisher,1430
Daniela,Tonarová ,Daniela Tonarová,379,F25-29,Female,Český Brod,Central Bohemian Region,Czech Republic,CZ,0:40:02,3:11:48,2:48:19,0:06:37,0:05:51,6:52:36,2402,11508,10099,397,351,24756,1396,240,47,951,164,34,1200,180,34,1396,240,47,Finisher,1108
Jirka,Chaloupka,Jirka Chaloupka,692,M65-69,Male,Lhenice,Jihočeský kraj,Czech Republic,CZ,0:44:10,3:03:19,2:54:00,0:07:17,0:04:04,6:52:50,2650,10999,10440,437,244,24770,1397,1157,8,1284,1043,6,1146,982,6,1397,1157,8,Finisher,2014
Jana,Janouchová,Jana Janouchová,716,F60-64,Female,Hradec Králové,Hradec Králové Region,Czech Republic,CZ,0:36:37,3:23:31,2:40:19,0:07:59,0:04:32,6:52:57,2197,12211,9619,479,272,24777,1398,241,2,625,99,1,1329,217,2,1398,241,2,Finisher,2603
Jozef,Klimek,Jozef Klimek,857,M40-44,,Senica,foreigner,Slovakia,SK,0:35:10,3:11:16,2:52:26,0:07:30,0:06:36,6:52:58,2110,11476,10346,450,396,24778,1399,1158,133,495,423,49,1130,969,116,1399,1158,133,Finisher,742
David,Jelínek,David Jelínek,1602,M30-34,Male,Praha,Prague,Czech Republic,CZ,0:47:27,3:08:40,2:39:55,0:09:36,0:07:24,6:53:01,2847,11320,9595,576,444,24781,1400,1159,169,1416,1146,169,1293,1089,154,1400,1159,169,Finisher,700
Ingrid,Mužíková,Ingrid Mužíková,1803,F45-49,Female,Pardubice,Pardubice Region,Czech Republic,CZ,0:51:58,3:16:06,2:31:52,0:07:13,0:05:57,6:53:06,3118,11766,9112,433,357,24786,1401,242,20,1505,287,25,1406,240,21,1401,242,20,Finisher,1437
Lucie,Synková,Lucie Synková,364,F30-34,Female,Střešovice,Prague,Czech Republic,CZ,0:41:29,3:20:00,2:38:37,0:06:44,0:06:24,6:53:14,2489,12000,9517,404,384,24794,1402,243,41,1065,195,29,1333,220,35,1402,243,41,Finisher,1153
Petra,Václavková,Petra Václavková,1225,F45-49,Female,Trebechovice pod Orebem,Hradec Králové Region,Czech Republic,CZ,0:46:41,3:27:42,2:27:24,0:06:13,0:05:48,6:53:48,2801,12462,8844,373,348,24828,1403,244,21,1395,267,23,1443,253,22,1403,244,21,Finisher,1425
Anna,Kuropčáková,Anna Kuropčáková,354,F18-24,Female,Ostrava,Moravian-Silesian Region,Czech Republic,CZ,0:42:37,3:28:31,2:33:20,0:05:57,0:03:33,6:53:57,2557,12511,9200,357,213,24837,1404,245,38,1168,214,34,1424,245,34,1404,245,38,Finisher,1400
Karolina,Šmídová,Karolina Šmídová,1613,F25-29,Female,Vejle,foreigner,Czech Republic,CZ,0:31:25,3:35:30,2:37:41,0:06:00,0:03:32,6:54:07,1885,12930,9461,360,212,24847,1405,246,48,201,33,6,1390,233,47,1405,246,48,Finisher,1080
Eliška,Šantorová,Eliška Šantorová,907,F18-24,Female,Roztoky,STREDOCESKY KRAJ,Czech Republic,CZ,0:40:09,3:45:50,2:16:00,0:08:24,0:04:06,6:54:28,2409,13550,8160,504,246,24868,1406,247,39,964,168,26,1504,284,43,1406,247,39,Finisher,1391
Eliška,Horníková,Eliška Horníková,705,F25-29,Female,Pardubice,Pardubice Region,Czech Republic,CZ,0:33:26,3:23:29,2:44:15,0:08:32,0:04:49,6:54:32,2006,12209,9855,512,289,24872,1407,248,49,341,55,10,1289,204,39,1407,248,49,Finisher,1073
Jan Martin,Pucik,Jan Martin Pucik,1027,M30-34,Male,Prague,Prague,Slovakia,SK,0:39:27,3:06:18,2:51:51,0:09:55,0:07:04,6:54:35,2367,11178,10311,595,424,24875,1408,1160,170,906,750,105,1165,995,146,1408,1160,170,Finisher,700
Tereza,Sluková,Tereza Sluková,1667,F25-29,Female,Teplitz,Ústí nad Labem Region,Czech Republic,CZ,0:43:55,3:14:44,2:37:32,0:09:08,0:09:16,6:54:35,2635,11684,9452,548,556,24875,1409,249,50,1267,237,47,1326,216,44,1409,249,50,Finisher,1072
Lukas,Trubnyj,Lukas Trubnyj,483,M40-44,Male,Gräfelfing,foreigner,Germany,DE,0:43:50,3:16:06,2:33:43,0:12:09,0:08:49,6:54:38,2630,11766,9223,729,529,24878,1410,1161,134,1260,1024,113,1380,1151,133,1410,1161,134,Finisher,712
Radek,Mraz,Radek Mraz,588,M45-49,Male,Slavkov u Brna,South Moravia,Czech Republic,CZ,0:39:43,3:21:14,2:37:49,0:08:49,0:07:09,6:54:43,2383,12074,9469,529,429,24883,1411,1162,115,926,767,79,1353,1130,107,1411,1162,115,Finisher,700
Petr,Brádle,Petr Brádle,1097,M30-34,Male,Dobrá Voda u Hořic,Hradec Králové Region,Czech Republic,CZ,0:48:53,3:15:33,2:34:49,0:06:51,0:08:38,6:54:44,2933,11733,9289,411,518,24884,1412,1163,171,1459,1180,175,1370,1144,163,1412,1163,171,Finisher,700
Michaela,Frumarová,Michaela Frumarová,1127,F18-24,Female,Olomouc,Olomouc Region,Czech Republic,CZ,0:42:04,3:22:10,2:36:51,0:06:36,0:07:14,6:54:53,2524,12130,9411,396,434,24893,1413,250,40,1121,208,33,1361,224,30,1413,250,40,Finisher,1384
Pavel,Crha,Pavel Crha,1058,M25-29,Male,Prague,Prague,Czech Republic,CZ,0:50:57,3:18:08,2:30:50,0:08:13,0:07:07,6:55:15,3057,11888,9050,493,427,24915,1414,1164,190,1493,1209,194,1426,1181,190,1414,1164,190,Finisher,700
Martin,Mareš,Martin Mareš,420,M30-34,Male,Praha,"PRAHA, HLAVNI MESTO",Czech Republic,CZ,0:51:36,3:23:14,2:28:07,0:08:55,0:03:28,6:55:21,3096,12194,8887,535,208,24921,1415,1165,172,1501,1215,179,1461,1200,176,1415,1165,172,Finisher,700
Karin,Chytilová,Karin Chytilová,776,F45-49,Female,Olomouc,Olomouc Region,Czech Republic,CZ,0:42:15,3:25:57,2:24:59,0:14:08,0:08:35,6:55:54,2535,12357,8699,848,515,24954,1416,251,22,1141,209,19,1455,259,23,1416,251,22,Finisher,1387
Matyáš,Hrebík,Matyáš Hrebík,815,M18-24,Male,Boskovice,South Moravian Region,Czech Republic,CZ,0:42:20,3:34:01,2:23:59,0:09:35,0:06:15,6:56:10,2540,12841,8639,575,375,24970,1417,1166,177,1145,936,142,1471,1209,184,1417,1166,177,Finisher,700
Samuel,Sivák,Samuel Sivák,1363,M18-24,Male,Bratislava,Bratislava Region,Slovakia,SK,0:54:55,3:17:26,2:27:10,0:09:23,0:07:36,6:56:29,3295,11846,8830,563,456,24989,1418,1167,178,1524,1232,192,1452,1195,179,1418,1167,178,Finisher,700
Tomas,Hettych,Tomas Hettych,1295,M50-54,Male,Bratislava,BRATISLAVSKY KRAJ,Slovakia,SK,0:42:38,3:21:39,2:32:45,0:11:45,0:07:45,6:56:32,2558,12099,9165,705,465,24992,1419,1168,97,1171,957,85,1411,1168,98,1419,1168,97,Finisher,748
Martin,Kopecký,Martin Kopecký,714,M35-39,Male,Pardubice,Pardubice Region,Czech Republic,CZ,0:50:29,3:25:44,2:20:44,0:11:24,0:08:15,6:56:35,3029,12344,8444,684,495,24995,1420,1169,201,1483,1199,204,1479,1213,207,1420,1169,201,Finisher,700
Maria,Hořavová,Maria Hořavová,1567,F25-29,Female,Vyškov,South Moravian Region,Czech Republic,CZ,0:44:03,3:24:21,2:33:15,0:07:16,0:08:00,6:56:54,2643,12261,9195,436,480,25014,1421,252,51,1277,240,48,1408,241,49,1421,252,51,Finisher,1030
Krystian,Tuchmacher,Krystian Tuchmacher,672,M40-44,Male,Warszawa,PL-MZ,Poland,PL,0:43:42,3:25:06,2:33:44,0:07:40,0:06:52,6:57:03,2622,12306,9224,460,412,25023,1422,1170,135,1247,1014,112,1416,1173,135,1422,1170,135,Finisher,700
Aleop,Tur Behar,Aleop Tur Behar,1520,M60-64,Male,NORTH MIAMI,FL,Italy,IT,0:46:30,3:21:06,2:34:06,0:09:13,0:06:33,6:57:27,2790,12066,9246,553,393,25047,1423,1171,16,1383,1120,17,1418,1175,17,1423,1171,16,Finisher,1639
Pavel,Cvrk,Pavel Cvrk,1638,M40-44,Male,Ústí Nad Labem,Vysočina Region,Czech Republic,CZ,0:44:17,3:28:01,2:33:05,0:07:22,0:04:51,6:57:35,2657,12481,9185,442,291,25055,1424,1172,136,1292,1051,118,1436,1187,136,1424,1172,136,Finisher,700
Sylvia,Hehei,Sylvia Hehei,1594,F55-59,Female,St. Pölten,,Austria,AT,0:58:04,3:13:00,2:30:37,0:08:36,0:07:54,6:58:11,3484,11580,9037,516,474,25091,1425,253,4,1536,298,5,1437,250,4,1425,253,4,Finisher,1783
Roman,Holboj,Roman Holboj,497,M25-29,Male,Bratislava,foreigner,Slovakia,SK,0:42:20,3:21:39,2:38:26,0:06:59,0:08:59,6:58:23,2540,12099,9506,419,539,25103,1426,1173,191,1143,934,144,1366,1141,183,1426,1173,191,Finisher,700
Milan,Pokorný,Milan Pokorný,639,M35-39,Male,Benešov,Central Bohemian Region,Czech Republic,CZ,0:39:00,3:11:14,2:41:32,0:11:16,0:15:38,6:58:40,2340,11474,9692,676,938,25120,1427,1174,202,868,719,132,1243,1053,192,1427,1174,202,Finisher,700
Petr,Horky,Petr Horky,336,M25-29,Male,Brno,South Moravian Region,Czech Republic,CZ,0:44:40,3:26:56,2:22:35,0:12:16,0:12:23,6:58:50,2680,12416,8555,736,743,25130,1428,1175,192,1319,1070,169,1462,1201,196,1428,1175,192,Finisher,700
Pavel,Mraček,Pavel Mraček,333,M30-34,Male,Litvínovice,Jihočeský kraj,Czech Republic,CZ,0:41:41,3:34:18,2:28:08,0:08:44,0:06:55,6:59:46,2501,12858,8888,524,415,25186,1429,1176,173,1086,889,129,1469,1208,177,1429,1176,173,Finisher,700
Richard,Prinz,Richard Prinz,360,M30-34,Male,Brno,South Moravia,Czech Republic,CZ,0:43:35,3:20:18,2:40:17,0:09:07,0:06:30,6:59:47,2615,12018,9617,547,390,25187,1430,1177,174,1240,1009,149,1393,1159,168,1430,1177,174,Finisher,700
Patrik,Celoud,Patrik Celoud,1091,M35-39,Male,Přibyslav,Vysočina Region,Czech Republic,CZ,0:37:27,3:21:02,2:47:59,0:06:30,0:07:03,7:00:01,2247,12062,10079,390,423,25201,1431,1178,203,717,601,115,1284,1083,196,1431,1178,203,Finisher,700
Karel,Samek,Karel Samek,1734,M30-34,Male,Mladá Boleslav,Central Bohemian Region,Czech Republic,CZ,0:47:28,3:20:23,2:37:00,0:08:25,0:07:02,7:00:19,2848,12023,9420,505,422,25219,1432,1179,175,1418,1148,170,1415,1172,171,1432,1179,175,Finisher,700
Matěj ,Slaba ,Matěj Slaba,583,M25-29,Male,Straškov-Vodochody,Ústí nad Labem Region,Czech Republic,CZ,0:48:54,3:28:16,2:31:04,0:07:20,0:05:24,7:00:59,2934,12496,9064,440,324,25259,1433,1180,193,1460,1181,189,1468,1207,198,1433,1180,193,Finisher,700
Eva,Benešová,Eva Benešová,773,F35-39,Female,Sovínky,Central Bohemian Region,Czech Republic,CZ,0:43:10,3:27:22,2:38:14,0:08:09,0:04:08,7:01:03,2590,12442,9494,489,248,25263,1434,254,30,1215,228,32,1433,249,32,1434,254,30,Finisher,1007
Markus,Romstorfer,Markus Romstorfer,580,M45-49,Male,Sankt Andrä am Zicksee,AT-1,Austria,AT,0:48:56,3:02:08,2:56:32,0:06:40,0:07:02,7:01:19,2936,10928,10592,400,422,25279,1435,1181,116,1461,1182,119,1184,1010,96,1435,1181,116,Finisher,700
Ján,Potanka,Ján Potanka,412,M50-54,Male,Spálov,Prague,Slovakia,SK,0:38:51,3:01:00,3:05:19,0:06:23,0:10:10,7:01:44,2331,10860,11119,383,610,25304,1436,1182,98,851,706,66,970,838,75,1436,1182,98,Finisher,700
Václav,Štrba,Václav Štrba,473,M25-29,Male,Prague,Prague,Czech Republic,CZ,0:41:19,3:13:34,2:45:56,0:12:04,0:09:13,7:02:06,2479,11614,9956,724,553,25326,1437,1183,194,1052,860,129,1318,1106,175,1437,1183,194,Finisher,700
Ondřej,Pánek,Ondřej Pánek,1381,M25-29,Male,Hradec Králové,Hradec Králové Region,Czech Republic,CZ,0:43:51,3:20:08,2:41:32,0:09:49,0:06:50,7:02:10,2631,12008,9692,589,410,25330,1438,1184,195,1262,1026,157,1396,1161,186,1438,1184,195,Finisher,700
Václav ,Mlateček ,Václav Mlateček,474,M18-24,Male,Skalice,Hradec Králové Region,Czech Republic,CZ,0:47:38,3:22:20,2:32:00,0:14:16,0:05:58,7:02:12,2858,12140,9120,856,358,25332,1439,1185,179,1429,1158,177,1464,1203,182,1439,1185,179,Finisher,700
Martin,Španěl,Martin Španěl,1331,M30-34,Male,Prague,Prague,Czech Republic,CZ,0:53:42,2:55:20,2:57:33,0:09:07,0:06:43,7:02:24,3222,10520,10653,547,403,25344,1440,1186,176,1515,1226,182,1196,1018,149,1440,1186,176,Finisher,700
Lucie,Břicháčková,Lucie Břicháčková,365,F50-54,Female,Kyjov,Jihočeský kraj,Czech Republic,CZ,0:48:57,3:33:41,2:25:55,0:07:16,0:06:37,7:02:26,2937,12821,8755,436,397,25346,1441,255,20,1462,280,23,1489,272,20,1441,255,20,Finisher,1412
Tomáš,Babóš,Tomáš Babóš,965,M45-49,Male,Šaľa,foreigner,Slovakia,SK,0:43:00,3:25:32,2:41:48,0:08:14,0:04:05,7:02:39,2580,12332,9708,494,245,25359,1442,1187,117,1198,975,92,1417,1174,115,1442,1187,117,Finisher,700
Petr,Škoda,Petr Škoda,1346,M18-24,Male,Brada-Rybníček,Hradec Králové Region,Czech Republic,CZ,0:36:03,3:23:37,2:38:46,0:10:31,0:14:02,7:02:59,2163,12217,9526,631,842,25379,1443,1188,180,571,487,70,1356,1133,172,1443,1188,180,Finisher,700
Jakub,Jelačič,Jakub Jelačič,1022,M18-24,Male,Nymburk,Central Bohemian Region,Czech Republic,CZ,0:46:55,3:18:18,2:41:43,0:07:25,0:08:56,7:03:17,2815,11898,9703,445,536,25397,1444,1189,181,1403,1135,174,1383,1153,175,1444,1189,181,Finisher,700
Randi,Ayman,Randi Ayman,1349,F35-39,Female,Luxembourg City,LU-LU,Egypt,EG,0:40:04,3:43:07,2:21:02,0:10:07,0:09:04,7:03:25,2404,13387,8462,607,544,25405,1445,256,31,954,165,20,1500,280,35,1445,256,31,Finisher,965
Lyndsey,Blair,Lyndsey Blair,1114,F45-49,Female,Troon,GB-SAY,United Kingdom,GB,0:32:44,3:42:27,2:35:13,0:07:32,0:05:38,7:03:33,1964,13347,9313,452,338,25413,1446,257,23,289,48,2,1458,260,24,1446,257,23,Finisher,1249
Oldřich,Horák,Oldřich Horák,278,M25-29,Male,Olomouc,Olomouc Region,Czech Republic,CZ,0:51:48,3:12:29,2:44:43,0:08:30,0:06:29,7:03:59,3108,11549,9883,510,389,25439,1447,1190,196,1504,1218,198,1387,1156,185,1447,1190,196,Finisher,700
Barbora,Bačinová,Barbora Bačinová,945,F25-29,Female,Prague,Prague,Czech Republic,CZ,0:53:59,3:27:39,2:25:46,0:10:02,0:06:49,7:04:15,3239,12459,8746,602,409,25455,1448,258,52,1518,290,60,1497,277,57,1448,258,52,Finisher,898
Pavel,Vostárek,Pavel Vostárek,1283,M25-29,Male,,Central Bohemian Region,Czech Republic,CZ,0:58:17,3:31:18,2:20:26,0:07:57,0:06:56,7:04:55,3497,12678,8426,477,416,25495,1449,1191,197,1538,1240,205,1510,1224,201,1449,1191,197,Finisher,700
Iva ,Zipserová ,Iva Zipserová,1499,F18-24,Female,Prague,Prague,Czech Republic,CZ,0:52:14,3:34:31,2:24:15,0:07:25,0:06:42,7:05:06,3134,12871,8655,445,402,25506,1450,259,41,1506,288,43,1503,283,42,1450,259,41,Finisher,1200
Shay,Barash,Shay Barash,1139,M55-59,Male,Saar,Israel,Israel,IL,0:47:27,3:09:33,2:50:03,0:09:31,0:08:43,7:05:17,2847,11373,10203,571,523,25517,1451,1192,41,1417,1147,43,1311,1102,42,1451,1192,41,Finisher,1025
Roman,Kopecký,Roman Kopecký,1000,M55-59,Male,Dobříkov,Pardubice Region,Czech Republic,CZ,0:50:22,3:16:08,2:34:20,0:13:33,0:11:07,7:05:31,3022,11768,9260,813,667,25531,1452,1193,42,1481,1198,44,1441,1190,44,1452,1193,42,Finisher,1021
František,Forgács,František Forgács,1163,M55-59,Male,Považská Bystrica,foreigner,Slovakia,SK,0:40:26,3:09:15,2:58:25,0:07:44,0:10:08,7:05:58,2426,11355,10705,464,608,25558,1453,1194,43,988,814,31,1178,1007,35,1453,1194,43,Finisher,1013
Ales,Neumann,Ales Neumann,565,M45-49,Male,Praha,Prague,Czech Republic,CZ,0:48:11,3:38:18,2:18:11,0:14:50,0:06:37,7:06:07,2891,13098,8291,890,397,25567,1454,1195,118,1440,1166,115,1521,1230,121,1454,1195,118,Finisher,700
Adam,Kalina,Adam Kalina,449,M30-34,Male,Bratislava,foreigner,Slovakia,SK,0:52:33,3:25:21,2:34:59,0:08:13,0:05:05,7:06:11,3153,12321,9299,493,305,25571,1455,1196,177,1508,1220,180,1472,1210,178,1455,1196,177,Finisher,700
Greg,Cox,Greg Cox,1716,M60-64,Male,Warrington,CHS,United Kingdom,GB,0:40:51,3:13:52,2:53:15,0:10:30,0:07:48,7:06:17,2451,11632,10395,630,468,25577,1456,1197,17,1021,839,13,1288,1085,15,1456,1197,17,Finisher,1480
Ľubomír,Toma,Ľubomír Toma,644,M50-54,Male,Zilina,foreigner,Slovakia,SK,0:37:15,3:16:17,3:00:15,0:07:43,0:04:54,7:06:24,2235,11777,10815,463,294,25584,1457,1198,99,700,590,54,1238,1049,90,1457,1198,99,Finisher,700
Julian Daniel,Mauz,Julian Daniel Mauz,1094,M35-39,Male,Schwendi,BW,Germany,DE,0:43:27,3:28:44,2:29:30,0:14:27,0:10:28,7:06:37,2607,12524,8970,867,628,25597,1458,1199,204,1234,1005,177,1477,1212,206,1458,1199,204,Finisher,700
Katharina,Pajzer,Katharina Pajzer,1095,F30-34,Female,Schwendi,BW,Germany,DE,0:43:31,3:28:47,2:29:32,0:14:24,0:10:29,7:06:44,2611,12527,8972,864,629,25604,1459,260,42,1238,231,35,1478,266,44,1459,260,42,Finisher,910
Debbie,Cowie,Debbie Cowie,1107,F50-54,Female,Prague,Central Bohemian Region,United Kingdom,GB,0:59:36,3:43:30,2:12:11,0:06:38,0:04:51,7:06:45,3576,13410,7931,398,291,25605,1460,261,21,1542,299,24,1537,295,24,1460,261,21,Finisher,1334
Ála,Krumbholzová ,Ála Krumbholzová,670,F50-54,Female,Bohušovice nad Ohří,Ústí nad Labem Region,Czech Republic,CZ,0:44:19,3:40:46,2:28:14,0:09:03,0:04:39,7:07:00,2659,13246,8894,543,279,25620,1461,262,22,1294,243,19,1502,282,21,1461,262,22,Finisher,1329
Kateřina,Kopecká,Kateřina Kopecká,1588,F30-34,Female,Brno,South Moravian Region,Czech Republic,CZ,0:45:15,3:34:41,2:30:10,0:10:55,0:06:39,7:07:40,2715,12881,9010,655,399,25660,1462,263,43,1343,258,43,1494,275,48,1462,263,43,Finisher,893
Denisa,Novotná,Denisa Novotná,1639,F30-34,Female,Hradec Králové,Hradec Králové Region,Czech Republic,CZ,0:41:08,3:28:21,2:42:19,0:08:07,0:08:11,7:08:06,2468,12501,9739,487,491,25686,1463,264,44,1040,191,28,1427,246,41,1463,264,44,Finisher,886
Michaela,Forbelská,Michaela Forbelská,227,F25-29,Female,Lánov,Hradec Králové Region,Czech Republic,CZ,0:46:36,3:31:17,2:35:28,0:08:34,0:06:12,7:08:07,2796,12677,9328,514,372,25687,1464,265,53,1387,265,53,1474,263,56,1464,265,53,Finisher,828
Aneta,Faina,Aneta Faina,530,F35-39,Female,Mžany,Hradec Králové Region,Czech Republic,CZ,0:42:24,3:09:25,3:05:07,0:06:50,0:04:32,7:08:17,2544,11365,11107,410,272,25697,1465,266,32,1150,210,27,1202,182,25,1465,266,32,Finisher,877
Joanne,Williams,Joanne Williams,995,F35-39,Female,Hemel Hempstead,foreigner,United Kingdom,GB,0:40:06,3:44:33,2:29:21,0:08:59,0:06:11,7:09:10,2406,13473,8961,539,371,25750,1466,267,33,957,166,21,1501,281,36,1466,267,33,Finisher,861
Anna,Weixelbaum,Anna Weixelbaum,531,F35-39,Female,Wien,AT-9,Austria,AT,0:45:14,3:35:42,2:32:05,0:09:16,0:07:27,7:09:45,2714,12942,9125,556,447,25785,1467,268,34,1340,257,34,1490,273,34,1467,268,34,Finisher,851
Jan,Brandejs,Jan Brandejs,279,M40-44,Male,Hradec Králové,Hradec Králové Region,Czech Republic,CZ,0:47:01,3:12:57,2:53:00,0:11:41,0:06:12,7:10:50,2821,11577,10380,701,372,25850,1468,1200,137,1406,1137,127,1374,1147,132,1468,1200,137,Finisher,700
Jiří,Hanák,Jiří Hanák,981,M18-24,Male,Sloupno,Hradec Králové Region,Czech Republic,CZ,0:49:38,3:25:49,2:40:14,0:08:58,0:06:48,7:11:28,2978,12349,9614,538,408,25888,1469,1201,182,1469,1189,183,1466,1205,183,1469,1201,182,Finisher,700
Kateřina,Dušková,Kateřina Dušková,455,F18-24,Female,Předměřice nad Labem,KRALOVEHRADECKY KRAJ,Czech Republic,CZ,0:43:37,3:39:16,2:34:09,0:08:52,0:07:04,7:12:59,2617,13156,9249,532,424,25979,1470,269,42,1243,233,36,1499,279,41,1470,269,42,Finisher,1058
Natálie,Novotná,Natálie Novotná,991,F30-34,Female,Vysoká nad Labem,Hradec Králové Region,Czech Republic,CZ,0:40:29,3:41:35,2:40:57,0:06:18,0:04:06,7:13:25,2429,13295,9657,378,246,26005,1471,270,45,993,177,25,1483,268,45,1471,270,45,Finisher,790
Jakub ,Vostárek ,Jakub Vostárek,1284,M25-29,Male,Malá Hraštice,Central Bohemian Region,Czech Republic,CZ,0:56:15,3:28:56,2:29:43,0:11:52,0:07:22,7:14:08,3375,12536,8983,712,442,26048,1472,1202,198,1533,1236,203,1508,1223,200,1472,1202,198,Finisher,700
Fantapie,Mathias,Fantapie Mathias,1461,M18-24,Male,Grignols,foreigner,France,FR,0:44:21,3:19:30,2:56:35,0:07:57,0:05:47,7:14:10,2661,11970,10595,477,347,26050,1473,1203,183,1298,1055,162,1376,1148,173,1473,1203,183,Finisher,700
Pavlína,Saudková,Pavlína Saudková,918,F40-44,Female,Prague,Prague,Czech Republic,CZ,0:49:40,3:14:01,2:51:53,0:09:10,0:09:26,7:14:10,2980,11641,10313,550,566,26050,1474,271,34,1470,281,35,1389,232,33,1474,271,34,Finisher,939
Dominik,Kána,Dominik Kána,894,M30-34,Male,Havirov,Moravian-Silesian Region,Czech Republic,CZ,0:42:31,3:18:36,2:53:46,0:09:19,0:10:06,7:14:17,2551,11916,10426,559,606,26057,1475,1204,178,1159,948,141,1358,1135,160,1475,1204,178,Finisher,700
Adam,Lefner,Adam Lefner,1024,M25-29,Male,Brno,South Moravian Region,Czech Republic,CZ,0:44:32,3:43:00,2:29:19,0:10:56,0:07:03,7:14:50,2672,13380,8959,656,423,26090,1476,1205,199,1315,1067,168,1514,1226,203,1476,1205,199,Finisher,700
Jan,Kaisler,Jan Kaisler,1534,M25-29,Male,Brno,South Moravian Region,Czech Republic,CZ,0:46:29,3:32:18,2:39:55,0:10:49,0:05:22,7:14:53,2789,12738,9595,649,322,26093,1477,1206,200,1382,1119,180,1488,1217,199,1477,1206,200,Finisher,700
Jakub,Čopák,Jakub Čopák,594,M25-29,Male,Prackovice nad Labem,Vysočina Region,Czech Republic,CZ,0:44:23,3:27:56,2:47:39,0:09:04,0:06:30,7:15:31,2663,12476,10059,544,390,26131,1478,1207,201,1300,1057,163,1448,1193,195,1478,1207,201,Finisher,700
Tereza,Bořutová,Tereza Bořutová,952,F25-29,Female,Jeseník,Olomouc,Czech Republic,CZ,0:37:05,3:38:14,2:47:40,0:06:31,0:06:02,7:15:32,2225,13094,10060,391,362,26132,1479,272,54,688,108,19,1453,258,54,1479,272,54,Finisher,700
Luboš ,Vavrda,Luboš Vavrda,797,M50-54,Male,Hradec Králové,Hradec Králové Region,Czech Republic,CZ,0:43:48,3:29:40,2:49:17,0:07:41,0:05:11,7:15:37,2628,12580,10157,461,311,26137,1480,1208,100,1256,1022,88,1447,1192,101,1480,1208,100,Finisher,700
Jakub,Drs,Jakub Drs,770,M35-39,Male,Mažice,Jihočeský kraj,Czech Republic,CZ,0:38:44,3:28:11,2:51:38,0:09:53,0:07:20,7:15:46,2324,12491,10298,593,440,26146,1481,1209,205,840,697,129,1419,1176,205,1481,1209,205,Finisher,700
Radek,Novák,Radek Novák,1468,M25-29,Male,Staré Město,Olomouc Region,Czech Republic,CZ,0:39:08,3:28:13,2:54:48,0:07:21,0:06:19,7:15:49,2348,12493,10488,441,379,26149,1482,1210,202,877,727,107,1401,1164,188,1482,1210,202,Finisher,700
Jan,Valoušek,Jan Valoušek,239,M45-49,Male,Brušperk,Moravian-Silesian Region,Czech Republic,CZ,0:46:45,3:33:26,2:42:14,0:08:00,0:05:31,7:15:57,2805,12806,9734,480,331,26157,1483,1211,119,1399,1131,109,1481,1214,120,1483,1211,119,Finisher,700
Alexandr,Karanevič,Alexandr Karanevič,1379,M18-24,Male,Olomouc,Olomouc Region,Czech Republic,CZ,0:36:38,3:50:52,2:30:19,0:09:20,0:09:05,7:16:13,2198,13852,9019,560,545,26173,1484,1212,184,627,528,78,1507,1222,188,1484,1212,184,Finisher,700
Nazar,Systrenskyi,Nazar Systrenskyi,1338,M18-24,Male,,,Ukraine,UA,0:53:24,3:44:19,2:19:14,0:11:39,0:07:52,7:16:27,3204,13459,8354,699,472,26187,1485,1213,185,1511,1222,191,1536,1242,192,1485,1213,185,Finisher,700
Zuzana,Obracajová,Zuzana Obracajová,783,F35-39,Female,Úvaly,CZ-Central Bohemian Region,Czech Republic,CZ,0:43:05,3:25:35,2:54:30,0:07:20,0:06:15,7:16:45,2585,12335,10470,440,375,26205,1486,273,35,1205,225,30,1409,242,31,1486,273,35,Finisher,725
Elisabeth,Mehlhorn,Elisabeth Mehlhorn,1556,F25-29,Female,Lauter-Bernsbach,foreigner,Germany,DE,0:37:30,3:15:14,3:07:15,0:09:21,0:08:14,7:17:34,2250,11714,11235,561,494,26254,1487,274,55,723,117,22,1247,192,37,1487,274,55,Finisher,700
Sára,Miklóšová,Sára Miklóšová,476,F30-34,Female,Bratislava,foreigner,Slovakia,SK,0:50:25,3:27:14,2:45:01,0:10:53,0:05:12,7:18:46,3025,12434,9901,653,312,26326,1488,275,46,1482,284,49,1484,269,46,1488,275,46,Finisher,700
Markéta,Ptáčníková,Markéta Ptáčníková,268,F25-29,Female,Brno,South Moravia,Czech Republic,CZ,0:46:38,3:27:13,2:48:50,0:07:42,0:08:24,7:18:48,2798,12433,10130,462,504,26328,1489,276,56,1391,266,54,1451,257,53,1489,276,56,Finisher,700
Petra,Doubková,Petra Doubková,904,F35-39,Female,Kly,Central Bohemian Region,Czech Republic,CZ,0:47:54,3:32:29,2:46:16,0:06:07,0:07:00,7:19:45,2874,12749,9976,367,420,26385,1490,277,36,1433,273,35,1475,264,33,1490,277,36,Finisher,700
Leos,Kocman,Leos Kocman,819,M50-54,Male,Hradec Králové,Hradec Králové Region,Czech Republic,CZ,0:54:43,3:08:44,3:02:09,0:09:17,0:05:42,7:20:35,3283,11324,10929,557,342,26435,1491,1214,101,1523,1231,103,1386,1155,97,1491,1214,101,Finisher,700
Aneta,Plachtovičová,Aneta Plachtovičová,1636,F30-34,Female,Prague,Prague,Czech Republic,CZ,0:35:16,3:27:45,3:02:13,0:07:54,0:07:49,7:20:58,2116,12465,10933,474,469,26458,1492,278,47,509,75,9,1365,225,37,1492,278,47,Finisher,700
Adéla,Pokorná,Adéla Pokorná,883,F18-24,Female,Starý Plzenec,South Bohemian Region,Czech Republic,CZ,0:39:02,3:40:25,2:48:03,0:08:16,0:06:13,7:21:58,2342,13225,10083,496,373,26518,1493,279,43,870,150,23,1480,267,39,1493,279,43,Finisher,896
Elisabeth,Valera Fidalgo,Elisabeth Valera Fidalgo,1102,F30-34,Female,Castledermot,foreigner,Spain,ES,0:40:22,3:41:27,2:45:11,0:08:43,0:06:45,7:22:27,2422,13287,9911,523,405,26547,1494,280,48,984,174,24,1493,274,47,1494,280,48,Finisher,700
Michal,Mašek,Michal Mašek,1460,M25-29,Male,Hradec Králové,Hradec Králové Region,Czech Republic,CZ,0:48:05,3:35:54,2:36:33,0:13:45,0:08:14,7:22:30,2885,12954,9393,825,494,26550,1495,1215,203,1439,1165,186,1511,1225,202,1495,1215,203,Finisher,700
Jakub,Bartek,Jakub Bartek,908,M30-34,Male,Bratislava,foreigner,Slovakia,SK,0:48:35,3:23:05,2:49:41,0:09:22,0:11:49,7:22:32,2915,12185,10181,562,709,26552,1496,1216,179,1450,1175,174,1446,1191,174,1496,1216,179,Finisher,700
Simon,Staudinger,Simon Staudinger,1285,M18-24,Male,Schlatt,foreigner,Austria,AT,0:45:41,3:35:42,2:41:22,0:08:52,0:10:57,7:22:33,2741,12942,9682,532,657,26553,1497,1217,186,1358,1097,169,1491,1218,186,1497,1217,186,Finisher,700
Lucie,Kostalova,Lucie Kostalova,524,F25-29,Female,Sendrazice,,Czech Republic,CZ,0:42:43,3:30:50,2:55:14,0:07:59,0:05:49,7:22:35,2563,12650,10514,479,349,26555,1498,281,57,1180,216,44,1450,256,52,1498,281,57,Finisher,700
Gabriela,Becickova,Gabriela Becickova,1454,F25-29,Female,Hořice,Hradec Králové,Czech Republic,CZ,0:46:43,3:43:05,2:39:05,0:08:33,0:05:29,7:22:55,2803,13385,9545,513,329,26575,1499,282,58,1397,268,55,1513,288,59,1499,282,58,Finisher,700
Patrik,Masopust,Patrik Masopust,1266,M18-24,Male,Křelov-Břuchotín,Olomouc Region,Czech Republic,CZ,0:46:46,3:28:14,2:51:34,0:09:11,0:07:46,7:23:31,2806,12494,10294,551,466,26611,1500,1218,187,1400,1132,172,1463,1202,181,1500,1218,187,Finisher,700
Florian,Leixnering,Florian Leixnering,818,M35-39,Male,Vienna,AT-foreigner,Austria,AT,0:50:06,3:11:02,3:05:30,0:09:18,0:07:50,7:23:46,3006,11462,11130,558,470,26626,1501,1219,206,1477,1195,203,1359,1136,201,1501,1219,206,Finisher,700
Monika,Fast,Monika Fast,1478,F50-54,Female,Traun,,Austria,AT,0:47:41,3:43:21,2:38:41,0:08:24,0:05:49,7:23:57,2861,13401,9521,504,349,26637,1502,283,23,1430,272,22,1517,289,22,1502,283,23,Finisher,1024
Vojtěch,Ižol,Vojtěch Ižol,618,M18-24,Male,Hradec Králové,Česká republika,Czech Republic,CZ,0:50:45,3:40:35,2:37:10,0:07:56,0:07:47,7:24:13,3045,13235,9430,476,467,26653,1503,1220,188,1488,1204,188,1516,1228,190,1503,1220,188,Finisher,700
Tomas,Wiesner,Tomas Wiesner,1314,M35-39,Male,Prague,Prague,Czech Republic,CZ,0:36:33,3:25:33,3:06:11,0:09:07,0:06:57,7:24:21,2193,12333,11171,547,417,26661,1504,1221,207,619,521,93,1368,1143,203,1504,1221,207,Finisher,700
Marek,Tlapa,Marek Tlapa,1782,M18-24,Male,Vodňany,Jihočeský kraj,Czech Republic,CZ,0:42:03,3:33:48,2:55:19,0:06:44,0:06:52,7:24:46,2523,12828,10519,404,412,26686,1505,1222,189,1119,912,138,1456,1197,180,1505,1222,189,Finisher,700
Helmut,Fitz,Helmut Fitz,1764,M60-64,Male,Bisamberg,2,Austria,AT,0:35:45,4:02:35,2:35:33,0:06:56,0:04:45,7:25:34,2145,14555,9333,416,285,26734,1506,1223,18,554,471,9,1532,1238,18,1506,1223,18,Finisher,1133
Petra,Cerná,Petra Cerná,1287,F45-49,Female,Hořice,Hradec Králové Region,Czech Republic,CZ,0:44:01,3:35:43,2:49:31,0:09:26,0:08:07,7:26:48,2641,12943,10171,566,487,26808,1507,284,24,1275,239,22,1486,270,25,1507,284,24,Finisher,831
Radek,Miller,Radek Miller,343,M25-29,Male,Běštín,Central Bohemian Region,Czech Republic,CZ,0:51:16,3:38:44,2:38:33,0:09:50,0:08:28,7:26:52,3076,13124,9513,590,508,26812,1508,1224,204,1498,1212,195,1518,1229,204,1508,1224,204,Finisher,700
Marta,Paprocka,Marta Paprocka,737,F45-49,Female,Rabka-Zdrój,małopolskie,Poland,PL,0:55:36,3:50:35,2:26:00,0:07:49,0:08:02,7:28:01,3336,13835,8760,469,482,26881,1509,285,25,1529,296,26,1540,298,26,1509,285,25,Finisher,809
Nela,Šindelářová,Nela Šindelářová,710,F18-24,Female,Jemnice,Vysočina Region,Czech Republic,CZ,0:54:41,3:41:48,2:38:10,0:07:25,0:06:38,7:28:43,3281,13308,9490,445,398,26923,1510,286,44,1522,292,44,1527,293,44,1510,286,44,Finisher,775
Martin,Vambera,Martin Vambera,1618,M50-54,Male,Ceské Budejovice,Jihočeský kraj,Czech Republic,CZ,0:46:07,3:29:40,2:48:41,0:15:04,0:10:09,7:29:41,2767,12580,10121,904,609,26981,1511,1225,102,1373,1110,96,1495,1220,103,1511,1225,102,Finisher,700
Peter,Hanic,Peter Hanic,1672,M45-49,Male,Beckov,foreigner,Slovakia,SK,0:39:52,3:29:55,2:55:46,0:12:27,0:11:57,7:29:56,2392,12595,10546,747,717,26996,1512,1226,120,939,778,81,1454,1196,117,1512,1226,120,Finisher,700
Zuzana,Matašová,Zuzana Matašová,881,F30-34,Female,Hradec Králové,Hradec Králové Region,Slovakia,SK,0:56:12,3:27:15,2:50:51,0:08:15,0:07:29,7:30:01,3372,12435,10251,495,449,27001,1513,287,49,1532,297,53,1498,278,49,1513,287,49,Finisher,700
Blanka,Dvorak,Blanka Dvorak,285,F50-54,Female,Cairns,QLD,Czech Republic,CZ,0:42:32,3:47:38,2:44:23,0:10:08,0:06:55,7:31:35,2552,13658,9863,608,415,27095,1514,288,24,1161,212,18,1519,290,23,1514,288,24,Finisher,887
Julia,Tudaj,Julia Tudaj,1696,F40-44,Female,Poprad,foreigner,Slovakia,SK,0:50:13,3:35:08,2:49:59,0:09:10,0:08:12,7:32:41,3013,12908,10199,550,492,27161,1515,289,35,1478,283,36,1505,285,35,1515,289,35,Finisher,700
Purevjargal,Gansukh,Purevjargal Gansukh,1449,F25-29,Female,Loděnice,Central Bohemian Region,Mongolia,MN,0:52:54,3:38:12,2:43:41,0:09:51,0:08:12,7:32:50,3174,13092,9821,591,492,27170,1516,290,59,1509,289,59,1520,291,60,1516,290,59,Finisher,700
Šimon,Švadleňák,Šimon Švadleňák,1420,M18-24,Male,Pozlovice,Zlín Region,Czech Republic,CZ,0:50:54,3:36:06,2:44:45,0:12:08,0:09:06,7:32:59,3054,12966,9885,728,546,27179,1517,1227,190,1490,1206,189,1515,1227,189,1517,1227,190,Finisher,700
Karolina,BURESOVA,Karolina BURESOVA,1607,F40-44,Female,Prague,Prague,Czech Republic,CZ,0:44:53,3:45:37,2:35:36,0:14:28,0:13:15,7:33:49,2693,13537,9336,868,795,27229,1518,291,36,1330,252,33,1530,294,36,1518,291,36,Finisher,700
Megha,Jose,Megha Jose,1561,F30-34,Female,Coimbatore,Tamil Nadu,India,IN,0:55:35,3:33:14,2:51:28,0:08:43,0:05:44,7:34:44,3335,12794,10288,523,344,27284,1519,292,50,1528,295,52,1509,286,50,1519,292,50,Finisher,700
Lukáš,Petříček,Lukáš Petříček,1228,M18-24,Male,Kuřim,South Moravian Region,Czech Republic,CZ,0:48:04,3:32:42,2:54:47,0:09:40,0:11:23,7:36:35,2884,12762,10487,580,683,27395,1520,1228,191,1438,1164,179,1492,1219,187,1520,1228,191,Finisher,700
Marianthi,Tsiaousi,Marianthi Tsiaousi,1643,F55-59,Female,Serres,Serres,Greece,GR,0:37:33,3:42:06,2:56:11,0:11:15,0:09:36,7:36:41,2253,13326,10571,675,576,27401,1521,293,5,725,118,2,1496,276,5,1521,293,5,Finisher,1090
František,Kocáb,František Kocáb,1171,M25-29,Male,Kunčice,Hradec Králové Region,Czech Republic,CZ,0:35:19,3:59:41,2:49:47,0:07:12,0:04:57,7:36:55,2119,14381,10187,432,297,27415,1522,1229,205,516,439,65,1524,1233,205,1522,1229,205,Finisher,700
Sára,Hejtmanská ,Sára Hejtmanská,1770,F25-29,Female,Slaný,Central Bohemian Region,Czech Republic,CZ,0:48:26,3:40:19,2:51:12,0:09:03,0:08:22,7:37:22,2906,13219,10272,543,502,27442,1523,294,60,1447,275,56,1512,287,58,1523,294,60,Finisher,700
Patrik,Omasta,Patrik Omasta,1050,M18-24,Male,Dunajská Streda,foreigner,Slovakia,SK,0:50:32,3:43:06,2:48:53,0:10:22,0:07:02,7:39:56,3032,13386,10133,622,422,27596,1524,1230,192,1486,1202,186,1528,1235,191,1524,1230,192,Finisher,700
Petr,Prošek,Petr Prošek,487,M30-34,Male,Králův Dvůr,Central Bohemian Region,Czech Republic,CZ,0:53:34,3:37:24,2:52:14,0:11:28,0:07:29,7:42:09,3214,13044,10334,688,449,27729,1525,1231,180,1513,1224,181,1525,1234,181,1525,1231,180,Finisher,700
Ing.,Špelina,Ing. Špelina,1043,M50-54,Male,Středokluky,Central Bohemian Region,Czech Republic,CZ,0:54:05,3:38:17,2:54:25,0:09:33,0:06:28,7:42:48,3245,13097,10465,573,388,27768,1526,1232,103,1519,1229,102,1523,1232,105,1526,1232,103,Finisher,700
Anke,Sembacher ,Anke Sembacher,212,F45-49,Female,Oberwaltersdorf,NIEDEROSTERREICH,Austria,AT,0:40:53,3:25:15,3:25:27,0:06:56,0:06:45,7:45:16,2453,12315,12327,416,405,27916,1527,295,26,1022,183,17,1394,235,20,1527,295,26,Finisher,700
Gabriela,van de Graaf,Gabriela van de Graaf,1714,F30-34,Female,Papendrecht,foreigner,Netherlands,NL,0:55:15,3:43:36,2:48:09,0:11:55,0:07:07,7:46:01,3315,13416,10089,715,427,27961,1528,296,51,1525,293,50,1539,297,52,1528,296,51,Finisher,700
Anna,Klimánková ,Anna Klimánková,1042,F25-29,Female,Prague,Prague,Czech Republic,CZ,0:51:04,3:42:15,2:59:13,0:09:18,0:04:26,7:46:17,3064,13335,10753,558,266,27977,1529,297,61,1496,285,58,1526,292,61,1529,297,61,Finisher,700
Michael,Rudolf,Michael Rudolf,614,M55-59,Male,Prague,Prague,Czech Republic,CZ,0:43:24,3:55:29,2:56:07,0:06:07,0:06:51,7:47:58,2604,14129,10567,367,411,28078,1530,1233,44,1228,1000,38,1531,1237,45,1530,1233,44,Finisher,700
Simona,Tomanová,Simona Tomanová,1490,F30-34,Female,Havířov,Moravian-Silesian Region,Czech Republic,CZ,0:46:57,3:56:47,2:52:40,0:06:37,0:05:53,7:48:54,2817,14207,10360,397,353,28134,1531,298,52,1404,269,45,1538,296,51,1531,298,52,Finisher,700
Milan,Linhart,Milan Linhart,718,M60-64,Male,Dobruska,,Czech Republic,CZ,0:59:56,3:33:34,2:54:19,0:12:33,0:10:00,7:50:23,3596,12814,10459,753,600,28223,1532,1234,19,1543,1244,19,1533,1239,19,1532,1234,19,Finisher,700
Raghav,Goel,Raghav Goel,1763,M40-44,Male,Safdarjang development area,foreigner,India,IN,0:56:08,3:37:10,2:51:29,0:14:02,0:12:21,7:51:11,3368,13030,10289,842,741,28271,1533,1235,138,1531,1235,137,1535,1241,138,1533,1235,138,Finisher,700
Martin,Šereda,Martin Šereda,1390,M55-59,Male,Praha 4,Prague,Czech Republic,CZ,0:35:00,3:24:30,3:30:38,0:09:50,0:11:58,7:51:56,2100,12270,12638,590,718,28316,1534,1236,45,474,403,13,1344,1123,43,1534,1236,45,Finisher,700
Tomáš,Šebek,Tomáš Šebek,234,M25-29,Male,,Central Bohemian Region,Czech Republic,CZ,0:48:28,3:49:26,3:00:00,0:09:07,0:05:55,7:52:57,2908,13766,10800,547,355,28377,1535,1237,206,1448,1173,187,1534,1240,206,1535,1237,206,Finisher,700
Kryštof,Hauser,Kryštof Hauser,807,M18-24,Male,liberec,LIBEREC,Czech Republic,CZ,0:49:18,4:07:20,2:43:08,0:09:25,0:05:15,7:54:27,2958,14840,9788,565,315,28467,1536,1238,193,1466,1186,182,1542,1244,193,1536,1238,193,Finisher,700
Pawel,Kaszynski,Pawel Kaszynski,1323,M45-49,Male,Warszawa,mazowieckie,Poland,PL,0:44:42,3:48:43,2:59:54,0:11:23,0:11:45,7:56:26,2682,13723,10794,683,705,28586,1537,1239,121,1321,1072,100,1529,1236,122,1537,1239,121,Finisher,700
Jakub,Michna,Jakub Michna,793,M30-34,Male,Brno,CZ-642,Czech Republic,CZ,0:44:19,4:28:35,2:33:05,0:09:25,0:06:48,8:02:12,2659,16115,9185,565,408,28932,1538,1240,181,1296,1053,157,1543,1245,182,1538,1240,181,Finisher,700
Tomáš,Hovorka,Tomáš Hovorka,772,M50-54,Male,Pardubice,CZ-532,Czech Republic,CZ,0:59:27,3:26:25,3:21:36,0:09:20,0:05:47,8:02:35,3567,12385,12096,560,347,28955,1539,1241,104,1541,1243,105,1506,1221,104,1539,1241,104,Finisher,700
Kalpesh,Doshi,Kalpesh Doshi,1430,M50-54,Male,Mumbai,,India,IN,0:58:38,3:48:37,3:00:13,0:08:53,0:08:10,8:04:31,3518,13717,10813,533,490,29071,1540,1242,105,1540,1242,104,1541,1243,106,1540,1242,105,Finisher,700
Przemyslaw,Jurczak,Przemyslaw Jurczak,1788,MGuide,Male,Legnica,dolnośląskie,Poland,PL,0:50:54,4:31:00,2:26:26,0:08:14,0:08:48,8:05:23,3054,16260,8786,494,528,29123,1541,1243,1,1491,1207,1,1545,1246,1,1541,1243,1,Finisher,3500
Robin,Krejci,Robin Krejci,827,M45-49,Male,Saint Petersburg,FL,Czech Republic,CZ,0:49:50,3:25:27,3:38:16,0:09:10,0:06:31,8:09:13,2990,12327,13096,550,391,29353,1542,1244,122,1475,1194,121,1467,1206,119,1542,1244,122,Finisher,700
Jan,Vondrák,Jan Vondrák,1051,M50-54,Male,Hostouň,Central Bohemian Region,Czech Republic,CZ,0:39:03,3:31:29,3:43:07,0:12:04,0:06:44,8:12:26,2343,12689,13387,724,404,29546,1543,1245,106,871,721,68,1457,1198,102,1543,1245,106,Finisher,700
Tomáš,Voves,Tomáš Voves,1330,M30-34,Male,Líbeznice,Central Bohemian Region,Slovakia,SK,0:45:18,3:46:45,3:21:40,0:09:46,0:09:27,8:12:57,2718,13605,12100,586,567,29577,1544,1246,182,1347,1088,163,1522,1231,180,1544,1246,182,Finisher,700
Tanya ,Benito,Tanya Benito,1014,F30-34,Female,Chorvátsky Grob,foreigner,Mexico,MX,0:55:17,4:15:30,2:55:48,0:11:46,0:07:56,8:26:18,3317,15330,10548,706,476,30378,1545,299,53,1526,294,51,1544,299,53,1545,299,53,Finisher,700
Adam,Mojžíšek,Adam Mojžíšek,267,M40-44,Male,Dolní Lutyně,Moravian-Silesian Region,Czech Republic,CZ,,,,0:00:00,0:00:00,,0,0,0,0,0,0,99999,99999,99999,99999,99999,99999,99999,99999,99999,99999,99999,99999,DNS,0
Roman,Tyr,Roman Tyr,478,M45-49,Male,Tetín,Central Bohemian Region,Czech Republic,CZ,,,,0:00:00,0:00:00,,0,0,0,0,0,0,99999,99999,99999,99999,99999,99999,99999,99999,99999,99999,99999,99999,DNS,0
Tomáš,Růžička,Tomáš Růžička,383,M25-29,Male,Brno,BRNO-MESTO,Czech Republic,CZ,0:39:43,,,0:08:17,0:00:00,,2383,0,0,497,0,0,99999,99999,99999,99999,99999,99999,99999,99999,99999,99999,99999,99999,DNF,0
Jannis,Hauerwaas,Jannis Hauerwaas,1606,M25-29,Male,Ergersheim,Bayern,Germany,DE,,,,0:00:00,0:00:00,,0,0,0,0,0,0,99999,99999,99999,99999,99999,99999,99999,99999,99999,99999,99999,99999,DNS,0
Jannik,Schaufler,Jannik Schaufler,4,MPRO,Male,Weingarten,BW,Germany,DE,,,,0:00:00,0:00:00,,0,0,0,0,0,0,99999,99999,99999,99999,99999,99999,99999,99999,99999,99999,99999,99999,DNS,0
Pavel,Bonaventura,Pavel Bonaventura,339,M30-34,Male,Carlsbad,Karlovy Vary Region,Czech Republic,CZ,,,,0:00:00,0:00:00,,0,0,0,0,0,0,99999,99999,99999,99999,99999,99999,99999,99999,99999,99999,99999,99999,DNS,0
Daniel,Zajíc,Daniel Zajíc,974,M45-49,Male,Stará Paka,Hradec Králové Region,Czech Republic,CZ,,,,0:00:00,0:00:00,,0,0,0,0,0,0,99999,99999,99999,99999,99999,99999,99999,99999,99999,99999,99999,99999,DNS,0
Jan,Havranek,Jan Havranek,1824,M25-29,Male,Tábor,CZ-317,Czech Republic,CZ,,,,0:00:00,0:00:00,,0,0,0,0,0,0,99999,99999,99999,99999,99999,99999,99999,99999,99999,99999,99999,99999,DNS,0
Klára,Szromková,Klára Szromková,747,F18-24,Female,Křelov,foreigner,Czech Republic,CZ,,,,0:00:00,0:00:00,,0,0,0,0,0,0,99999,99999,99999,99999,99999,99999,99999,99999,99999,99999,99999,99999,DNS,0
Matěj,Gubiš,Matěj Gubiš,1104,M18-24,Male,Rožďalovice,Central Bohemian Region,Czech Republic,CZ,,,,0:00:00,0:00:00,,0,0,0,0,0,0,99999,99999,99999,99999,99999,99999,99999,99999,99999,99999,99999,99999,DNS,0
Petr,Weisser,Petr Weisser,1569,M30-34,Male,Prague,Prague,Czech Republic,CZ,0:55:06,3:45:51,,0:12:08,0:15:40,,3306,13551,0,728,940,0,99999,99999,99999,99999,99999,99999,99999,99999,99999,99999,99999,99999,DNF,0
Barbora,Ježková,Barbora Ježková,983,F18-24,Female,Hradec Králové,Hradec Králové Region,Czech Republic,CZ,,,,0:00:00,0:00:00,,0,0,0,0,0,0,99999,99999,99999,99999,99999,99999,99999,99999,99999,99999,99999,99999,DNF,0
Gui Muglia,Campos,Gui Muglia Campos,24,MPRO,Male,Boulder,CO,United States,US,,,,0:00:00,0:00:00,,0,0,0,0,0,0,99999,99999,99999,99999,99999,99999,99999,99999,99999,99999,99999,99999,DNS,0
Dominik,Krejčí,Dominik Krejčí,701,M18-24,Male,Bezděz,Liberec Region,Czech Republic,CZ,,,,0:00:00,0:00:00,,0,0,0,0,0,0,99999,99999,99999,99999,99999,99999,99999,99999,99999,99999,99999,99999,DNS,0
Tereza,Žilková,Tereza Žilková,567,F35-39,Female,Hradec Králové,Hradec Králové Region,Czech Republic,CZ,,,,0:00:00,0:00:00,,0,0,0,0,0,0,99999,99999,99999,99999,99999,99999,99999,99999,99999,99999,99999,99999,DNS,0
Giuseppe,Esposito,Giuseppe Esposito,1684,M40-44,Male,Canepina,,Italy,IT,0:49:51,3:40:28,,0:09:39,0:04:31,,2991,13228,0,579,271,0,99999,99999,99999,99999,99999,99999,99999,99999,99999,99999,99999,99999,DNF,0
Ole,Rasmussen,Ole Rasmussen,1483,M55-59,Male,EjbyLille Skensved,,Denmark,DK,,,,0:00:00,0:00:00,,0,0,0,0,0,0,99999,99999,99999,99999,99999,99999,99999,99999,99999,99999,99999,99999,DNS,0
Verena,Fetzer,Verena Fetzer,121,F30-34,Female,München,DE-BY,Germany,DE,,,,0:00:00,0:00:00,,0,0,0,0,0,0,99999,99999,99999,99999,99999,99999,99999,99999,99999,99999,99999,99999,DNS,0
Milan,Markovič,Milan Markovič,1375,M45-49,Male,Bašť,Central Bohemian Region,Czech Republic,CZ,,,,0:00:00,0:00:00,,0,0,0,0,0,0,99999,99999,99999,99999,99999,99999,99999,99999,99999,99999,99999,99999,DNS,0
Kirsten,Smith,Kirsten Smith,1547,F45-49,Female,Hamilton,Scotland,United Kingdom,GB,0:40:41,3:47:59,,0:10:38,0:00:00,,2441,13679,0,638,0,0,99999,99999,99999,99999,99999,99999,99999,99999,99999,99999,99999,99999,DNF,0
Marek,Lukavský,Marek Lukavský,913,M18-24,Male,Pardubice,Pardubice Region,Czech Republic,CZ,,,,0:00:00,0:00:00,,0,0,0,0,0,0,99999,99999,99999,99999,99999,99999,99999,99999,99999,99999,99999,99999,DNS,0
Daniela,Kamarádová,Daniela Kamarádová,240,F50-54,Female,Dolní Lomnice,Central Bohemian Region,Czech Republic,CZ,,,,0:00:00,0:00:00,,0,0,0,0,0,0,99999,99999,99999,99999,99999,99999,99999,99999,99999,99999,99999,99999,DNS,0
Marek,Nevrklo,Marek Nevrklo,243,M50-54,Male,Prague,Prague,Czech Republic,CZ,,,,0:00:00,0:00:00,,0,0,0,0,0,0,99999,99999,99999,99999,99999,99999,99999,99999,99999,99999,99999,99999,DNS,0
Šimon,Vostrý,Šimon Vostrý,844,M45-49,Male,Prague,Prague,Czech Republic,CZ,,,,0:00:00,0:00:00,,0,0,0,0,0,0,99999,99999,99999,99999,99999,99999,99999,99999,99999,99999,99999,99999,DNS,0
Juraj,Tkáč,Juraj Tkáč,728,M45-49,Male,Svratka,Vysočina Region,Slovakia,SK,,,,0:00:00,0:00:00,,0,0,0,0,0,0,99999,99999,99999,99999,99999,99999,99999,99999,99999,99999,99999,99999,DNS,0
Lukas,Fritz,Lukas Fritz,502,M30-34,Male,Haar,BAYERN,Germany,DE,,,,0:00:00,0:00:00,,0,0,0,0,0,0,99999,99999,99999,99999,99999,99999,99999,99999,99999,99999,99999,99999,DNS,0
Daniel ,Schager,Daniel Schager,1776,M40-44,,Pirching am Traubenberg,foreigner,Austria,AT,,,,0:00:00,0:00:00,,0,0,0,0,0,0,99999,99999,99999,99999,99999,99999,99999,99999,99999,99999,99999,99999,DNS,0
Filip,Koutecký,Filip Koutecký,1553,M18-24,Male,Prague,Prague,Czech Republic,CZ,,,,0:00:00,0:00:00,,0,0,0,0,0,0,99999,99999,99999,99999,99999,99999,99999,99999,99999,99999,99999,99999,DNS,0
Lisa-Maria,Dornauer,Lisa-Maria Dornauer,5004,FPRO,Female,Finkenberg,TIROL,Austria,AT,0:25:56,2:19:41,,0:03:27,0:03:16,,1556,8381,0,207,196,0,99999,99999,99999,99999,99999,99999,99999,99999,99999,99999,99999,99999,DNF,0
Lena,Martens,Lena Martens,1010,F25-29,Female,Hamburg,,Germany,DE,,,,0:00:00,0:00:00,,0,0,0,0,0,0,99999,99999,99999,99999,99999,99999,99999,99999,99999,99999,99999,99999,DNS,0
Jan,Mašek,Jan Mašek,425,M40-44,Male,Blatno,Ústí nad Labem Region,Czech Republic,CZ,,,,0:00:00,0:00:00,,0,0,0,0,0,0,99999,99999,99999,99999,99999,99999,99999,99999,99999,99999,99999,99999,DNS,0
Štefan,Kuchtiak,Štefan Kuchtiak,592,M35-39,Male,Topoľčany,SK-NI,Slovakia,SK,,,,0:00:00,0:00:00,,0,0,0,0,0,0,99999,99999,99999,99999,99999,99999,99999,99999,99999,99999,99999,99999,DNS,0
Fatih,Ören,Fatih Ören,1432,M40-44,Male,Istanbul,TR-34,Turkey,TR,,,,0:00:00,0:00:00,,0,0,0,0,0,0,99999,99999,99999,99999,99999,99999,99999,99999,99999,99999,99999,99999,DNS,0
Dorka,Soós,Dorka Soós,5014,FPRO,Female,,,Hungary,HU,0:25:57,,,0:03:18,0:00:00,,1557,0,0,198,0,0,99999,99999,99999,99999,99999,99999,99999,99999,99999,99999,99999,99999,DNF,0
Tomas,Toman,Tomas Toman,539,M40-44,Male,Suchohrdly u Miroslavi,South Moravian Region,Czech Republic,CZ,,,,0:00:00,0:00:00,,0,0,0,0,0,0,99999,99999,99999,99999,99999,99999,99999,99999,99999,99999,99999,99999,DNS,0
dhanraj,sansare,dhanraj sansare,1429,M55-59,Male,Mumbai,foreigner,India,IN,,,,0:00:00,0:00:00,,0,0,0,0,0,0,99999,99999,99999,99999,99999,99999,99999,99999,99999,99999,99999,99999,DNF,0
Przemyslaw,Kossakowski,Przemyslaw Kossakowski,516,M35-39,Male,Warszawa,mazowieckie,Poland,PL,,,,0:00:00,0:00:00,,0,0,0,0,0,0,99999,99999,99999,99999,99999,99999,99999,99999,99999,99999,99999,99999,DNS,0
Tomas,Krenc,Tomas Krenc,1100,M50-54,Male,Most,CZ-USTECKY KRAJ,Czech Republic,CZ,,,,0:00:00,0:00:00,,0,0,0,0,0,0,99999,99999,99999,99999,99999,99999,99999,99999,99999,99999,99999,99999,DNS,0
Michal,Ryba,Michal Ryba,1073,M35-39,Male,Střezimíř,Central Bohemian Region,Czech Republic,CZ,,,,0:00:00,0:00:00,,0,0,0,0,0,0,99999,99999,99999,99999,99999,99999,99999,99999,99999,99999,99999,99999,DNS,0
Martin,Andrs,Martin Andrs,176,M35-39,Male,Zeleneč,Central Bohemian Region,Czech Republic,CZ,0:26:08,,,0:03:56,0:00:00,,1568,0,0,236,0,0,99999,99999,99999,99999,99999,99999,99999,99999,99999,99999,99999,99999,DNF,0
Vladimir,Wunsch,Vladimir Wunsch,1344,M25-29,Male,Liberec,Liberec Region,Czech Republic,CZ,,,,0:00:00,0:00:00,,0,0,0,0,0,0,99999,99999,99999,99999,99999,99999,99999,99999,99999,99999,99999,99999,DNS,0
Josef,Vomacka,Josef Vomacka,152,M45-49,Male,Hradec Kralove,Hradec Králové Region,Czech Republic,CZ,0:32:27,,,0:04:32,0:00:00,,1947,0,0,272,0,0,99999,99999,99999,99999,99999,99999,99999,99999,99999,99999,99999,99999,DNF,0
Matthias,Hadwiger,Matthias Hadwiger,973,M18-24,Male,Jihlava,Vysočina Region,Czech Republic,CZ,,,,0:00:00,0:00:00,,0,0,0,0,0,0,99999,99999,99999,99999,99999,99999,99999,99999,99999,99999,99999,99999,DNS,0
Lukáš ,Křižánek ,Lukáš Křižánek,1258,M30-34,Male,Těrlicko,Moravian-Silesian Region,Czech Republic,CZ,,,,0:00:00,0:00:00,,0,0,0,0,0,0,99999,99999,99999,99999,99999,99999,99999,99999,99999,99999,99999,99999,DNS,0
Martin,Lacko,Martin Lacko,1120,M30-34,Male,Považská Bystrica,foreigner,Slovakia,SK,,,,0:00:00,0:00:00,,0,0,0,0,0,0,99999,99999,99999,99999,99999,99999,99999,99999,99999,99999,99999,99999,DNS,0
Hugo,Gál,Hugo Gál,1234,M18-24,Male,Michalovce,foreigner,Slovakia,SK,0:36:40,,,0:07:01,0:00:00,,2200,0,0,421,0,0,99999,99999,99999,99999,99999,99999,99999,99999,99999,99999,99999,99999,DNF,0
Khoi Nguyen,Vu,Khoi Nguyen Vu,622,M18-24,Male,Olomouc,foreigner,Vietnam,VN,,,,0:00:00,0:00:00,,0,0,0,0,0,0,99999,99999,99999,99999,99999,99999,99999,99999,99999,99999,99999,99999,DNF,0
Filip,Zárobský,Filip Zárobský,864,M25-29,Male,Svrkyně,Central Bohemian Region,Czech Republic,CZ,,,,0:00:00,0:00:00,,0,0,0,0,0,0,99999,99999,99999,99999,99999,99999,99999,99999,99999,99999,99999,99999,DNS,0
Michal,Terka,Michal Terka,923,M40-44,Male,Stratford-upon-Avon,Warwickshire,Poland,PL,,,,0:00:00,0:00:00,,0,0,0,0,0,0,99999,99999,99999,99999,99999,99999,99999,99999,99999,99999,99999,99999,DNS,0
Martin,Šostok,Martin Šostok,606,M18-24,Male,Šenov u Nového Jičína,Moravian-Silesian Region,Czech Republic,CZ,,,,0:00:00,0:00:00,,0,0,0,0,0,0,99999,99999,99999,99999,99999,99999,99999,99999,99999,99999,99999,99999,DNS,0
Arne,Leiss,Arne Leiss,6,MPRO,Male,Freiburg,BW,Germany,DE,,,,0:00:00,0:00:00,,0,0,0,0,0,0,99999,99999,99999,99999,99999,99999,99999,99999,99999,99999,99999,99999,DNS,0
Stanislav,Zemach,Stanislav Zemach,1698,M30-34,Male,Pardubice,Pardubice Region,Czech Republic,CZ,,,,0:00:00,0:00:00,,0,0,0,0,0,0,99999,99999,99999,99999,99999,99999,99999,99999,99999,99999,99999,99999,DNS,0
Nicolas,Hostaléry,Nicolas Hostaléry,1054,M40-44,Male,Orphin,foreigner,France,FR,,,,0:00:00,0:00:00,,0,0,0,0,0,0,99999,99999,99999,99999,99999,99999,99999,99999,99999,99999,99999,99999,DNS,0
Jakub,Jurczak,Jakub Jurczak,1789,PC/ID,Male,Legnica,dolnośląskie,Poland,PL,0:50:54,4:31:00,2:26:27,0:08:15,0:08:47,8:05:22,3054,16260,8787,495,527,29122,99999,99999,99999,99999,99999,99999,99999,99999,99999,99999,99999,99999,Finisher,700
Lauren,Davenport,Lauren Davenport,1778,F30-34,Female,Scranton,PA,United States,US,,,,0:00:00,0:00:00,,0,0,0,0,0,0,99999,99999,99999,99999,99999,99999,99999,99999,99999,99999,99999,99999,DNS,0
Luboš,Kunc,Luboš Kunc,371,M40-44,Male,Žďár nad Metují,Hradec Králové Region,Czech Republic,CZ,,,,0:00:00,0:00:00,,0,0,0,0,0,0,99999,99999,99999,99999,99999,99999,99999,99999,99999,99999,99999,99999,DNS,0
Jakub,Mokrý,Jakub Mokrý,558,M35-39,Male,Holice,Pardubice Region,Czech Republic,CZ,,,,0:00:00,0:00:00,,0,0,0,0,0,0,99999,99999,99999,99999,99999,99999,99999,99999,99999,99999,99999,99999,DNS,0
Tarassov ,Nikita ,Tarassov Nikita,1690,M25-29,Male,"Slapy, Rabyně, Buš, Štěchovice",Prague,Kazakhstan,KZ,,,,0:00:00,0:00:00,,0,0,0,0,0,0,99999,99999,99999,99999,99999,99999,99999,99999,99999,99999,99999,99999,DNS,0
Stanislav,Fischer,Stanislav Fischer,1730,M35-39,Male,Loket,Karlovy Vary Region,Czech Republic,CZ,,,,0:00:00,0:00:00,,0,0,0,0,0,0,99999,99999,99999,99999,99999,99999,99999,99999,99999,99999,99999,99999,DNS,0
Julia,Jedwabny,Julia Jedwabny,1681,F40-44,Female,Calpe,ES-A,Poland,PL,0:49:09,2:42:11,,0:06:07,0:06:37,,2949,9731,0,367,397,0,99999,99999,99999,99999,99999,99999,99999,99999,99999,99999,99999,99999,DNF,0
Hana,Štefaničová,Hana Štefaničová,1658,F50-54,Female,Čáslav,Central Bohemian Region,Czech Republic,CZ,,,,0:00:00,0:00:00,,0,0,0,0,0,0,99999,99999,99999,99999,99999,99999,99999,99999,99999,99999,99999,99999,DNS,0
Dana,Klempírová,Dana Klempírová,787,F50-54,Female,Vrané nad Vltavou,Central Bohemian Region,Czech Republic,CZ,,,,0:00:00,0:00:00,,0,0,0,0,0,0,99999,99999,99999,99999,99999,99999,99999,99999,99999,99999,99999,99999,DNS,0
Gustavo,Hernandez,Gustavo Hernandez,1108,M35-39,Male,Ingelheim am Rhein,foreigner,Mexico,MX,,,,0:00:00,0:00:00,,0,0,0,0,0,0,99999,99999,99999,99999,99999,99999,99999,99999,99999,99999,99999,99999,DNS,0
Daria,Alic,Daria Alic,1202,F18-24,Female,Vienna,foreigner,Germany,DE,,,,0:00:00,0:00:00,,0,0,0,0,0,0,99999,99999,99999,99999,99999,99999,99999,99999,99999,99999,99999,99999,DNS,0
Emma,Moretzsohn,Emma Moretzsohn,1231,F35-39,Female,Philadelphia,PA,United States,US,,,,0:00:00,0:00:00,,0,0,0,0,0,0,99999,99999,99999,99999,99999,99999,99999,99999,99999,99999,99999,99999,DNS,0
Aneta,Brozova,Aneta Brozova,1727,F30-34,Female,Belp,,Czech Republic,CZ,0:47:46,,,0:09:17,0:00:00,,2866,0,0,557,0,0,99999,99999,99999,99999,99999,99999,99999,99999,99999,99999,99999,99999,DNF,0
Steven,Ho,Steven Ho,1648,M50-54,Male,Central,CN-91,Hong Kong,HK,,,,0:00:00,0:00:00,,0,0,0,0,0,0,99999,99999,99999,99999,99999,99999,99999,99999,99999,99999,99999,99999,DNS,0
Gyula,VOLLÁR,Gyula VOLLÁR,851,M55-59,Male,Szigetszentmiklós,HU-PE,Hungary,HU,0:45:43,3:30:05,,0:08:39,0:09:16,,2743,12605,0,519,556,0,99999,99999,99999,99999,99999,99999,99999,99999,99999,99999,99999,99999,DNF,0
Filip,Funiok,Filip Funiok,1316,M25-29,Male,Janovice,Moravian-Silesian Region,Czech Republic,CZ,,,,0:00:00,0:00:00,,0,0,0,0,0,0,99999,99999,99999,99999,99999,99999,99999,99999,99999,99999,99999,99999,DNS,0
David,Brenner,David Brenner,784,M30-34,Male,Brno,South Moravian Region,Czech Republic,CZ,,,,0:00:00,0:00:00,,0,0,0,0,0,0,99999,99999,99999,99999,99999,99999,99999,99999,99999,99999,99999,99999,DNS,0
Jan,Macháček,Jan Macháček,1271,M30-34,Male,Březnice,Central Bohemian Region,Czech Republic,CZ,,,,0:00:00,0:00:00,,0,0,0,0,0,0,99999,99999,99999,99999,99999,99999,99999,99999,99999,99999,99999,99999,DNS,0
Pavel,Bohatec,Pavel Bohatec,1310,M35-39,Male,Kutná Hora,Central Bohemian Region,Czech Republic,CZ,,,,0:00:00,0:00:00,,0,0,0,0,0,0,99999,99999,99999,99999,99999,99999,99999,99999,99999,99999,99999,99999,DNS,0
Martin,Špacek,Martin Špacek,1695,M45-49,Male,Trutnov,Hradec Králové Region,Czech Republic,CZ,,,,0:00:00,0:00:00,,0,0,0,0,0,0,99999,99999,99999,99999,99999,99999,99999,99999,99999,99999,99999,99999,DNS,0
Martin,Vais,Martin Vais,1357,M60-64,,,,Czech Republic,CZ,,,,0:00:00,0:00:00,,0,0,0,0,0,0,99999,99999,99999,99999,99999,99999,99999,99999,99999,99999,99999,99999,DNS,0
Nelly,Wojtasinski,Nelly Wojtasinski,1453,F65-69,Female,CADOLIVE,,France,FR,,,,0:00:00,0:00:00,,0,0,0,0,0,0,99999,99999,99999,99999,99999,99999,99999,99999,99999,99999,99999,99999,DNS,0
Lucie,Fialová,Lucie Fialová,377,F45-49,Female,Slavkov u Bna,South Moravian Region,Czech Republic,CZ,0:33:36,2:33:21,,0:04:57,0:03:31,,2016,9201,0,297,211,0,99999,99999,99999,99999,99999,99999,99999,99999,99999,99999,99999,99999,DNF,0
Jaromír,Korístka,Jaromír Korístka,1318,M40-44,Male,Loučka,Moravian-Silesian Region,Czech Republic,CZ,,,,0:00:00,0:00:00,,0,0,0,0,0,0,99999,99999,99999,99999,99999,99999,99999,99999,99999,99999,99999,99999,DNS,0
Marko,Krajnc,Marko Krajnc,1474,M40-44,Male,Ptuj,,Slovenia,SI,,,,0:00:00,0:00:00,,0,0,0,0,0,0,99999,99999,99999,99999,99999,99999,99999,99999,99999,99999,99999,99999,DNS,0
Kamila,Surovcova,Kamila Surovcova,1436,F25-29,Female,Blučina,South Moravian Region,Czech Republic,CZ,,,,0:00:00,0:00:00,,0,0,0,0,0,0,99999,99999,99999,99999,99999,99999,99999,99999,99999,99999,99999,99999,DNS,0
Robert,Pirnbacher,Robert Pirnbacher,193,M55-59,Male,Weyregg am Attersee,OBEROSTERREICH,Austria,AT,0:30:27,2:17:50,,0:06:05,0:00:00,,1827,8270,0,365,0,0,99999,99999,99999,99999,99999,99999,99999,99999,99999,99999,99999,99999,DNF,0
Norbert,Paňko,Norbert Paňko,410,M30-34,Male,Prague,foreigner,Slovakia,SK,,,,0:00:00,0:00:00,,0,0,0,0,0,0,99999,99999,99999,99999,99999,99999,99999,99999,99999,99999,99999,99999,DNS,0
Martin,Dvorák,Martin Dvorák,1092,M50-54,Male,Březí,Central Bohemian Region,Czech Republic,CZ,,,,0:00:00,0:00:00,,0,0,0,0,0,0,99999,99999,99999,99999,99999,99999,99999,99999,99999,99999,99999,99999,DNS,0
Eugen,Prichodko,Eugen Prichodko,541,M45-49,Male,Praha,Prague,Czech Republic,CZ,,,,0:00:00,0:00:00,,0,0,0,0,0,0,99999,99999,99999,99999,99999,99999,99999,99999,99999,99999,99999,99999,DNS,0
Antonio,Rodriguez Castellanos,Antonio Rodriguez Castellanos,854,M45-49,Male,Salamanca,,Spain,ES,,,,0:00:00,0:00:00,,0,0,0,0,0,0,99999,99999,99999,99999,99999,99999,99999,99999,99999,99999,99999,99999,DNS,0
Jiří ,Krejčí,Jiří Krejčí,725,M35-39,Male,Stašov,Central Bohemian Region,Czech Republic,CZ,,,,0:00:00,0:00:00,,0,0,0,0,0,0,99999,99999,99999,99999,99999,99999,99999,99999,99999,99999,99999,99999,DNS,0
David,Sebek,David Sebek,335,M25-29,Male,,Central Bohemian Region,Czech Republic,CZ,,,,0:00:00,0:00:00,,0,0,0,0,0,0,99999,99999,99999,99999,99999,99999,99999,99999,99999,99999,99999,99999,DNS,0
Zbynek,Šmejkal,Zbynek Šmejkal,322,M40-44,Male,Poříčany,Central Bohemian Region,Czech Republic,CZ,0:37:11,,,0:05:43,0:00:00,,2231,0,0,343,0,0,99999,99999,99999,99999,99999,99999,99999,99999,99999,99999,99999,99999,DNF,0
Jakub,Mičulka,Jakub Mičulka,1339,M35-39,Male,"Protivín, Žďár, Paseky, Skály, Heřmaň, Ražice, Albrechtice nad Vltavou, Tálín",Jihočeský kraj,Czech Republic,CZ,,,,0:00:00,0:00:00,,0,0,0,0,0,0,99999,99999,99999,99999,99999,99999,99999,99999,99999,99999,99999,99999,DNS,0
Martin,Busa,Martin Busa,1128,M50-54,Male,Prague 4 - Kunratice,Czech Republic,Czech Republic,CZ,,,,0:00:00,0:00:00,,0,0,0,0,0,0,99999,99999,99999,99999,99999,99999,99999,99999,99999,99999,99999,99999,DNS,0
Vojtěch,Herel,Vojtěch Herel,961,M30-34,Male,Hradec Králové,Hradec Králové Region,Czech Republic,CZ,,,,0:00:00,0:00:00,,0,0,0,0,0,0,99999,99999,99999,99999,99999,99999,99999,99999,99999,99999,99999,99999,DNS,0
Lukáš,Tomko,Lukáš Tomko,216,M30-34,Male,Prague,Prague,Czech Republic,CZ,,,,0:00:00,0:00:00,,0,0,0,0,0,0,99999,99999,99999,99999,99999,99999,99999,99999,99999,99999,99999,99999,DNS,0
Vladimír,Machácek,Vladimír Machácek,115,M45-49,Male,Olšany u Prostějova,CZ-712,Czech Republic,CZ,,,,0:00:00,0:00:00,,0,0,0,0,0,0,99999,99999,99999,99999,99999,99999,99999,99999,99999,99999,99999,99999,DNS,0
Christian,Teufel,Christian Teufel,1491,M45-49,Male,Illerkirchberg,BADEN-WURTTEMBERG,Germany,DE,,,,0:00:00,0:00:00,,0,0,0,0,0,0,99999,99999,99999,99999,99999,99999,99999,99999,99999,99999,99999,99999,DNS,0
Petr,Janýr,Petr Janýr,673,M50-54,Male,Rudná,Central Bohemian Region,Czech Republic,CZ,,,,0:00:00,0:00:00,,0,0,0,0,0,0,99999,99999,99999,99999,99999,99999,99999,99999,99999,99999,99999,99999,DNS,0
Viljami,Hökkä,Viljami Hökkä,1503,M18-24,Male,Oulu,foreigner,Finland,FI,,,,0:00:00,0:00:00,,0,0,0,0,0,0,99999,99999,99999,99999,99999,99999,99999,99999,99999,99999,99999,99999,DNS,0
Lukas,Czerny-Reindl,Lukas Czerny-Reindl,159,M40-44,Male,Mistelbach,foreigner,Austria,AT,,,,0:00:00,0:00:00,,0,0,0,0,0,0,99999,99999,99999,99999,99999,99999,99999,99999,99999,99999,99999,99999,DNS,0
James,Camilleri,James Camilleri,1217,M40-44,Male,Birkirkara,MT-04,Malta,MT,,,,0:00:00,0:00:00,,0,0,0,0,0,0,99999,99999,99999,99999,99999,99999,99999,99999,99999,99999,99999,99999,DNS,0
Jakub,Lorenc,Jakub Lorenc,1435,M30-34,Male,Praha,PRAHA 7,Czech Republic,CZ,,,,0:00:00,0:00:00,,0,0,0,0,0,0,99999,99999,99999,99999,99999,99999,99999,99999,99999,99999,99999,99999,DNS,0
Lukáš,Tondl,Lukáš Tondl,471,M30-34,Male,Prague,Prague,Czech Republic,CZ,,,,0:00:00,0:00:00,,0,0,0,0,0,0,99999,99999,99999,99999,99999,99999,99999,99999,99999,99999,99999,99999,DNS,0
David,Jurčo,David Jurčo,1733,M25-29,Male,"Protivín, Žďár, Paseky, Skály, Heřmaň, Ražice, Albrechtice nad Vltavou, Tálín",South Bohemian Region,Czech Republic,CZ,,,,0:00:00,0:00:00,,0,0,0,0,0,0,99999,99999,99999,99999,99999,99999,99999,99999,99999,99999,99999,99999,DNS,0
Michal,Polách,Michal Polách,617,M50-54,Male,Otrokovice,South Moravian Region,Czech Republic,CZ,,,,0:00:00,0:00:00,,0,0,0,0,0,0,99999,99999,99999,99999,99999,99999,99999,99999,99999,99999,99999,99999,DNS,0
Petr,Nejedly,Petr Nejedly,1096,M30-34,Male,Brno,South Moravian Region,Czech Republic,CZ,,,,0:00:00,0:00:00,,0,0,0,0,0,0,99999,99999,99999,99999,99999,99999,99999,99999,99999,99999,99999,99999,DNS,0
Marek,Jantošovic,Marek Jantošovic,325,M50-54,Male,Mokrá,South Moravian Region,Czech Republic,CZ,,,,0:00:00,0:00:00,,0,0,0,0,0,0,99999,99999,99999,99999,99999,99999,99999,99999,99999,99999,99999,99999,DNF,0
Hannah,Arlom,Hannah Arlom,5009,FPRO,Female,Emsdetten,Nordrhein-Westfalen,Germany,DE,,,,0:00:00,0:00:00,,0,0,0,0,0,0,99999,99999,99999,99999,99999,99999,99999,99999,99999,99999,99999,99999,DNS,0
Boleslav,Novák,Boleslav Novák,327,M55-59,Male,Praha 6 - Suchdol,Prague,Czech Republic,CZ,,,,0:00:00,0:00:00,,0,0,0,0,0,0,99999,99999,99999,99999,99999,99999,99999,99999,99999,99999,99999,99999,DNS,0
Marie,Kubátová ,Marie Kubátová,1063,F18-24,Female,Opatov,Vysočina Region,Czech Republic,CZ,,,,0:00:00,0:00:00,,0,0,0,0,0,0,99999,99999,99999,99999,99999,99999,99999,99999,99999,99999,99999,99999,DNS,0
Miloslav,Blažek,Miloslav Blažek,1222,M40-44,Male,Ústí Nad Labem,Moravian-Silesian Region,Czech Republic,CZ,,,,0:00:00,0:00:00,,0,0,0,0,0,0,99999,99999,99999,99999,99999,99999,99999,99999,99999,99999,99999,99999,DNS,0
Marek,Svoboda,Marek Svoboda,116,M55-59,Male,Hustopeče u Brna,CZ-South Moravian Region,Czech Republic,CZ,,,,0:00:00,0:00:00,,0,0,0,0,0,0,99999,99999,99999,99999,99999,99999,99999,99999,99999,99999,99999,99999,DNS,0
Karin,Hochschornerová,Karin Hochschornerová,1780,F35-39,Female,Bratislava,Slovakia,Slovakia,SK,,,,0:00:00,0:00:00,,0,0,0,0,0,0,99999,99999,99999,99999,99999,99999,99999,99999,99999,99999,99999,99999,DNS,0
Pavel,Moravec,Pavel Moravec,1697,M45-49,Male,Bohdašín,Hradec Králové Region,Czech Republic,CZ,,,,0:00:00,0:00:00,,0,0,0,0,0,0,99999,99999,99999,99999,99999,99999,99999,99999,99999,99999,99999,99999,DNS,0
Michal,Malát,Michal Malát,1493,M18-24,Male,Borek,Jihočeský kraj,Czech Republic,CZ,,,,0:00:00,0:00:00,,0,0,0,0,0,0,99999,99999,99999,99999,99999,99999,99999,99999,99999,99999,99999,99999,DNS,0
Robert,Crisan,Robert Crisan,1023,M30-34,Male,Bucharest,foreigner,Romania,RO,,,,0:00:00,0:00:00,,0,0,0,0,0,0,99999,99999,99999,99999,99999,99999,99999,99999,99999,99999,99999,99999,DNS,0
Máté,Hadházi,Máté Hadházi,1762,M35-39,Male,Erdőkertes,foreigner,Hungary,HU,,,,0:00:00,0:00:00,,0,0,0,0,0,0,99999,99999,99999,99999,99999,99999,99999,99999,99999,99999,99999,99999,DNS,0
Filip,Roden,Filip Roden,1663,M25-29,Male,Prague,Prague,Czech Republic,CZ,,,,0:00:00,0:00:00,,0,0,0,0,0,0,99999,99999,99999,99999,99999,99999,99999,99999,99999,99999,99999,99999,DNF,0
Vojtěch,Sodomka,Vojtěch Sodomka,374,M25-29,Male,Prague,Prague,Czech Republic,CZ,,,,0:00:00,0:00:00,,0,0,0,0,0,0,99999,99999,99999,99999,99999,99999,99999,99999,99999,99999,99999,99999,DNS,0
Václav,Havlík,Václav Havlík,1413,M30-34,,,,Czech Republic,CZ,,,,0:00:00,0:00:00,,0,0,0,0,0,0,99999,99999,99999,99999,99999,99999,99999,99999,99999,99999,99999,99999,DNS,0
Martin,Mlsna,Martin Mlsna,1566,M40-44,Male,Horoušany,Central Bohemian Region,Czech Republic,CZ,,,,0:00:00,0:00:00,,0,0,0,0,0,0,99999,99999,99999,99999,99999,99999,99999,99999,99999,99999,99999,99999,DNS,0
Jakub,Stadnik,Jakub Stadnik,1837,M18-24,Male,Simonovice,Liberecky kraj,Czech Republic,CZ,,,,0:00:00,0:00:00,,0,0,0,0,0,0,99999,99999,99999,99999,99999,99999,99999,99999,99999,99999,99999,99999,DNS,0
Filip,Koršňák,Filip Koršňák,505,M18-24,Male,Hodonín,South Moravian Region,Czech Republic,CZ,,,,0:00:00,0:00:00,,0,0,0,0,0,0,99999,99999,99999,99999,99999,99999,99999,99999,99999,99999,99999,99999,DNS,0
Jakub,Trojek,Jakub Trojek,1151,M40-44,Male,Budisovice,CZ-Moravian-Silesian Region,Czech Republic,CZ,,,,0:00:00,0:00:00,,0,0,0,0,0,0,99999,99999,99999,99999,99999,99999,99999,99999,99999,99999,99999,99999,DNS,0
Daniel,Hendrych,Daniel Hendrych,1683,M35-39,Male,Klasterec nad ohri,Ústí nad Labem Region,Czech Republic,CZ,0:36:38,2:38:01,,0:06:23,0:07:14,,2198,9481,0,383,434,0,99999,99999,99999,99999,99999,99999,99999,99999,99999,99999,99999,99999,DNF,0
Adriana,Gaňová,Adriana Gaňová,806,F18-24,Female,Prague,Prague,Czech Republic,CZ,,,,0:00:00,0:00:00,,0,0,0,0,0,0,99999,99999,99999,99999,99999,99999,99999,99999,99999,99999,99999,99999,DNS,0
Lukas,Liska,Lukas Liska,1674,M40-44,Male,Zvolen,foreigner,Slovakia,SK,0:58:09,3:13:51,,0:08:46,0:06:05,,3489,11631,0,526,365,0,99999,99999,99999,99999,99999,99999,99999,99999,99999,99999,99999,99999,DNF,0
Lukáš,Rumian,Lukáš Rumian,261,M30-34,Male,Říčany,CZ-20,Czech Republic,CZ,,,,0:00:00,0:00:00,,0,0,0,0,0,0,99999,99999,99999,99999,99999,99999,99999,99999,99999,99999,99999,99999,DNS,0
Karel,Kubík,Karel Kubík,977,M18-24,Male,Praha 4 - Modřany,Prague,Czech Republic,CZ,,,,0:00:00,0:00:00,,0,0,0,0,0,0,99999,99999,99999,99999,99999,99999,99999,99999,99999,99999,99999,99999,DNS,0
Jaromir,SANTRUCEK,Jaromir SANTRUCEK,627,M45-49,Male,Zdiby,CZ-209,Czech Republic,CZ,,,,0:00:00,0:00:00,,0,0,0,0,0,0,99999,99999,99999,99999,99999,99999,99999,99999,99999,99999,99999,99999,DNF,0
Radek,Švajcr,Radek Švajcr,870,M50-54,Male,Plzeň 6,Wes Bohemian Region,Czech Republic,CZ,,,,0:00:00,0:00:00,,0,0,0,0,0,0,99999,99999,99999,99999,99999,99999,99999,99999,99999,99999,99999,99999,DNS,0
Filip,Morávek,Filip Morávek,903,M25-29,Male,Horní Benešov,Moravian-Silesian Region,Czech Republic,CZ,,,,0:00:00,0:00:00,,0,0,0,0,0,0,99999,99999,99999,99999,99999,99999,99999,99999,99999,99999,99999,99999,DNS,0
Linda,Kmoch skodova,Linda Kmoch skodova,845,F45-49,Female,Poděbrady,Central Bohemian Region,Czech Republic,CZ,,,,0:00:00,0:00:00,,0,0,0,0,0,0,99999,99999,99999,99999,99999,99999,99999,99999,99999,99999,99999,99999,DNS,0
Isabelle,Mair-Köck,Isabelle Mair-Köck,1396,F45-49,Female,,,Austria,AT,0:38:28,,,0:09:11,0:00:00,,2308,0,0,551,0,0,99999,99999,99999,99999,99999,99999,99999,99999,99999,99999,99999,99999,DNF,0
Zuzka,Bacíková,Zuzka Bacíková,1206,F35-39,Female,Havlíčkův Brod,Vysočina Region,Czech Republic,CZ,,,,0:00:00,0:00:00,,0,0,0,0,0,0,99999,99999,99999,99999,99999,99999,99999,99999,99999,99999,99999,99999,DNS,0
Juan,Macias,Juan Macias,1232,M40-44,Male,STEINHAUSEN AN DER ROTTUM,foreigner,Mexico,MX,,,,0:00:00,0:00:00,,0,0,0,0,0,0,99999,99999,99999,99999,99999,99999,99999,99999,99999,99999,99999,99999,DNS,0
David,Vaculík,David Vaculík,1153,M25-29,Male,Havířov,Moravian-Silesian Region,Czech Republic,CZ,,,,0:00:00,0:00:00,,0,0,0,0,0,0,99999,99999,99999,99999,99999,99999,99999,99999,99999,99999,99999,99999,DNS,0
Radim,Frolík,Radim Frolík,1598,M30-34,Male,Hradec Králové,Hradec Králové Region,Czech Republic,CZ,,,,0:00:00,0:00:00,,0,0,0,0,0,0,99999,99999,99999,99999,99999,99999,99999,99999,99999,99999,99999,99999,DNS,0
Markéta ,Zvolská,Markéta Zvolská,1270,F35-39,Female,Brno,South Moravian Region,Czech Republic,CZ,,,,0:00:00,0:00:00,,0,0,0,0,0,0,99999,99999,99999,99999,99999,99999,99999,99999,99999,99999,99999,99999,DNF,0
Lukas,Buzek,Lukas Buzek,1484,M40-44,Male,Bratislava,Bratislava,Slovakia,SK,0:41:02,,,0:07:06,0:00:00,,2462,0,0,426,0,0,99999,99999,99999,99999,99999,99999,99999,99999,99999,99999,99999,99999,DNF,0
František,Kareš,František Kareš,230,M18-24,Male,Nymburk,Central Bohemian Region,Czech Republic,CZ,,,,0:00:00,0:00:00,,0,0,0,0,0,0,99999,99999,99999,99999,99999,99999,99999,99999,99999,99999,99999,99999,DNS,0
Juraj,Holeček,Juraj Holeček,1253,M35-39,Male,Ročov,Liberec Region,Czech Republic,CZ,,,,0:00:00,0:00:00,,0,0,0,0,0,0,99999,99999,99999,99999,99999,99999,99999,99999,99999,99999,99999,99999,DNF,0
Petr,Švarc,Petr Švarc,1827,M60-64,Male,Příbram,Central Bohemian Region,Czech Republic,CZ,0:35:27,2:49:52,,0:05:04,0:04:19,,2127,10192,0,304,259,0,99999,99999,99999,99999,99999,99999,99999,99999,99999,99999,99999,99999,DNF,0
Andreas,Harloff,Andreas Harloff,758,M55-59,Male,39619 Arendsee,foreigner,Germany,DE,0:34:33,3:06:08,,0:07:34,0:00:00,,2073,11168,0,454,0,0,99999,99999,99999,99999,99999,99999,99999,99999,99999,99999,99999,99999,DNF,0
Susanne,Ort,Susanne Ort,969,F40-44,Female,Germany,foreigner,Germany,DE,,,,0:00:00,0:00:00,,0,0,0,0,0,0,99999,99999,99999,99999,99999,99999,99999,99999,99999,99999,99999,99999,DNS,0
Yelyzaveta,Shebalkova,Yelyzaveta Shebalkova,1487,F25-29,Female,Ceské Budejovice,Jihočeský kraj,Ukraine,UA,,,,0:00:00,0:00:00,,0,0,0,0,0,0,99999,99999,99999,99999,99999,99999,99999,99999,99999,99999,99999,99999,DNS,0
Denis,Křižánek,Denis Křižánek,744,M30-34,Male,,Moravian-Silesian Region,Czech Republic,CZ,,,,0:00:00,0:00:00,,0,0,0,0,0,0,99999,99999,99999,99999,99999,99999,99999,99999,99999,99999,99999,99999,DNS,0
Vojtech,Licman,Vojtech Licman,323,M35-39,Male,Žlutava,Hradec Králové Region,Czech Republic,CZ,,,,0:00:00,0:00:00,,0,0,0,0,0,0,99999,99999,99999,99999,99999,99999,99999,99999,99999,99999,99999,99999,DNS,0
Jirí,Prášek,Jirí Prášek,809,M55-59,Male,Děčín,Ústí nad Labem Region,Czech Republic,CZ,,,,0:00:00,0:00:00,,0,0,0,0,0,0,99999,99999,99999,99999,99999,99999,99999,99999,99999,99999,99999,99999,DNS,0
Miroslav,Wolf,Miroslav Wolf,822,M50-54,Male,Vrchlabí,Hradec Králové Region,Czech Republic,CZ,0:39:19,3:30:02,,0:08:37,0:04:32,,2359,12602,0,517,272,0,99999,99999,99999,99999,99999,99999,99999,99999,99999,99999,99999,99999,DNF,0
Antonín,Ježek,Antonín Ježek,715,M18-24,Male,Prague,Prague,Czech Republic,CZ,,,,0:00:00,0:00:00,,0,0,0,0,0,0,99999,99999,99999,99999,99999,99999,99999,99999,99999,99999,99999,99999,DNS,0
Tomáš,Král,Tomáš Král,1508,M35-39,Male,Větřní,South Bohemian Region,Czech Republic,CZ,,,,0:00:00,0:00:00,,0,0,0,0,0,0,99999,99999,99999,99999,99999,99999,99999,99999,99999,99999,99999,99999,DNS,0
Kristofe,Shu,Kristofe Shu,198,M45-49,Male,TKO,CN-71,Taiwan,TW,,,,0:00:00,0:00:00,,0,0,0,0,0,0,99999,99999,99999,99999,99999,99999,99999,99999,99999,99999,99999,99999,DNS,0
Sebastian,Waldschütz,Sebastian Waldschütz,27,MPRO,Male,Burgschleinitz,,Austria,AT,0:28:27,2:23:43,,0:02:57,0:00:00,,1707,8623,0,177,0,0,99999,99999,99999,99999,99999,99999,99999,99999,99999,99999,99999,99999,DNF,0
Filip,Le,Filip Le,348,M30-34,Male,Liberec,Liberec Region,Czech Republic,CZ,,,,0:00:00,0:00:00,,0,0,0,0,0,0,99999,99999,99999,99999,99999,99999,99999,99999,99999,99999,99999,99999,DNS,0
Torbjörn,Wernersson,Torbjörn Wernersson,1352,M40-44,Male,Uddevalla,foreigner,Sweden,SE,0:37:32,3:02:38,,0:06:54,0:08:15,,2252,10958,0,414,495,0,99999,99999,99999,99999,99999,99999,99999,99999,99999,99999,99999,99999,DNF,0
Franziska,Gimbel,Franziska Gimbel,174,F30-34,Female,Darmstadt,DE-HE,Germany,DE,,,,0:00:00,0:00:00,,0,0,0,0,0,0,99999,99999,99999,99999,99999,99999,99999,99999,99999,99999,99999,99999,DNS,0
Ondřej,Novák,Ondřej Novák,1154,M18-24,Male,Prague,Czech republic ,Czech Republic,CZ,0:33:11,2:46:58,,0:06:33,0:04:19,,1991,10018,0,393,259,0,99999,99999,99999,99999,99999,99999,99999,99999,99999,99999,99999,99999,DNF,0
Markus,Krupp,Markus Krupp,1654,M50-54,Male,Leverkusen,NW,Germany,DE,0:39:02,,,0:08:43,0:00:00,,2342,0,0,523,0,0,99999,99999,99999,99999,99999,99999,99999,99999,99999,99999,99999,99999,DNF,0
Juraj,Durec,Juraj Durec,1525,M30-34,Male,Stará Myjava,foreigner,Slovakia,SK,,,,0:00:00,0:00:00,,0,0,0,0,0,0,99999,99999,99999,99999,99999,99999,99999,99999,99999,99999,99999,99999,DNS,0
Jičí,Soldán,Jičí Soldán,624,M18-24,Male,Ostrava,Moravian-Silesian Region,Czech Republic,CZ,0:57:42,4:20:54,,0:08:52,0:00:00,,3462,15654,0,532,0,0,99999,99999,99999,99999,99999,99999,99999,99999,99999,99999,99999,99999,DNF,0
Vit,Štrupl,Vit Štrupl,1275,M45-49,Male,Týn nad Vltavou,Jihočeský kraj,Czech Republic,CZ,,,,0:00:00,0:00:00,,0,0,0,0,0,0,99999,99999,99999,99999,99999,99999,99999,99999,99999,99999,99999,99999,DNS,0
Bianca,Kretschmer,Bianca Kretschmer,1021,F50-54,Female,Leipzig,SN,Germany,DE,,,,0:00:00,0:00:00,,0,0,0,0,0,0,99999,99999,99999,99999,99999,99999,99999,99999,99999,99999,99999,99999,DNS,0
Vojtech,Hansl,Vojtech Hansl,1580,M35-39,Male,Výrava,Hradec Králové Region,Czech Republic,CZ,0:29:05,2:44:50,,0:05:20,0:02:44,,1745,9890,0,320,164,0,99999,99999,99999,99999,99999,99999,99999,99999,99999,99999,99999,99999,DNF,0
Romana,Vlasakova,Romana Vlasakova,1205,F55-59,Female,Česká Lipa ,Liberec Region,Czech Republic,CZ,,,,0:00:00,0:00:00,,0,0,0,0,0,0,99999,99999,99999,99999,99999,99999,99999,99999,99999,99999,99999,99999,DNS,0
Ondrej,Brokeš,Ondrej Brokeš,175,M25-29,Male,Vysoká lhota,Central Bohemian Region,Czech Republic,CZ,0:32:34,2:23:35,,0:04:16,0:02:26,,1954,8615,0,256,146,0,99999,99999,99999,99999,99999,99999,99999,99999,99999,99999,99999,99999,DNF,0
Denisa,Dvorská,Denisa Dvorská,136,F30-34,Female,Hôrka,Central Bohemian Region,Slovakia,SK,,,,0:00:00,0:00:00,,0,0,0,0,0,0,99999,99999,99999,99999,99999,99999,99999,99999,99999,99999,99999,99999,DNS,0
Samuel,Evinic,Samuel Evinic,625,M40-44,Male,Praha 9,Prague,Slovakia,SK,0:45:34,2:53:14,,0:08:17,0:00:00,,2734,10394,0,497,0,0,99999,99999,99999,99999,99999,99999,99999,99999,99999,99999,99999,99999,DNF,0
Martin,Glajch,Martin Glajch,1611,M50-54,,,,Czech Republic,CZ,,,,0:00:00,0:00:00,,0,0,0,0,0,0,99999,99999,99999,99999,99999,99999,99999,99999,99999,99999,99999,99999,DNS,0
Ricardo,Aguilar Laudo,Ricardo Aguilar Laudo,154,M50-54,Male,MADRID,ES-MD,Spain,ES,0:32:38,2:48:11,,0:06:02,0:03:54,,1958,10091,0,362,234,0,99999,99999,99999,99999,99999,99999,99999,99999,99999,99999,99999,99999,DNF,0
Robert,Balla,Robert Balla,647,M30-34,Male,Prague,Prague,Slovakia,SK,0:55:54,4:01:52,,0:10:22,0:06:14,,3354,14512,0,622,374,0,99999,99999,99999,99999,99999,99999,99999,99999,99999,99999,99999,99999,DNF,0
Adam,Šebesta,Adam Šebesta,661,M18-24,Male,Plzeň,South Bohemian Region,Czech Republic,CZ,,,,0:00:00,0:00:00,,0,0,0,0,0,0,99999,99999,99999,99999,99999,99999,99999,99999,99999,99999,99999,99999,DNS,0
Martin,Bystroň,Martin Bystroň,1729,M30-34,Male,,Pardubice Region,Czech Republic,CZ,,,,0:00:00,0:00:00,,0,0,0,0,0,0,99999,99999,99999,99999,99999,99999,99999,99999,99999,99999,99999,99999,DNS,0
Marta,Dmochowska,Marta Dmochowska,1263,F35-39,Female,Gdynia,pomorskie,Poland,PL,,,,0:00:00,0:00:00,,0,0,0,0,0,0,99999,99999,99999,99999,99999,99999,99999,99999,99999,99999,99999,99999,DNS,0
Lukas,Belovsky,Lukas Belovsky,874,M40-44,Male,Jilove u Prahy,Central Bohemian Region,Czech Republic,CZ,0:38:44,3:44:57,,0:09:46,0:00:00,,2324,13497,0,586,0,0,99999,99999,99999,99999,99999,99999,99999,99999,99999,99999,99999,99999,DNF,0
Kristína,Fulleová,Kristína Fulleová,897,F30-34,Female,Bratislava,Slovensko,Slovakia,SK,0:58:31,4:13:52,,0:10:27,0:08:03,,3511,15232,0,627,483,0,99999,99999,99999,99999,99999,99999,99999,99999,99999,99999,99999,99999,DNF,0
Matthias,Gimbel,Matthias Gimbel,892,M30-34,Male,Weiterstadt,DE-HE,Germany,DE,,,,0:00:00,0:00:00,,0,0,0,0,0,0,99999,99999,99999,99999,99999,99999,99999,99999,99999,99999,99999,99999,DNS,0
Jakub,Hájek,Jakub Hájek,221,M18-24,Male,Hradec Králové,Hradec Králové Region,Czech Republic,CZ,0:37:33,,,0:08:10,0:00:00,,2253,0,0,490,0,0,99999,99999,99999,99999,99999,99999,99999,99999,99999,99999,99999,99999,DNF,0
Aurelia,Boulanger,Aurelia Boulanger,5012,FPRO,Female,PARIS,,France,FR,,,,0:00:00,0:00:00,,0,0,0,0,0,0,99999,99999,99999,99999,99999,99999,99999,99999,99999,99999,99999,99999,DNS,0
Bjoern,Scheele,Bjoern Scheele,1329,M50-54,Male,Wendisch Evern,foreigner,Germany,DE,,,,0:00:00,0:00:00,,0,0,0,0,0,0,99999,99999,99999,99999,99999,99999,99999,99999,99999,99999,99999,99999,DNS,0
Lydie,Urbankova,Lydie Urbankova,847,F35-39,Female,Nusle,Prague,Czech Republic,CZ,,,,0:00:00,0:00:00,,0,0,0,0,0,0,99999,99999,99999,99999,99999,99999,99999,99999,99999,99999,99999,99999,DNS,0
Ulf,Toense,Ulf Toense,1393,M50-54,Male,Lüneburg,,Germany,DE,,,,0:00:00,0:00:00,,0,0,0,0,0,0,99999,99999,99999,99999,99999,99999,99999,99999,99999,99999,99999,99999,DNS,0
Vlastislav,Brabec,Vlastislav Brabec,1386,M45-49,Male,Praha 10,Prague,Czech Republic,CZ,,,,0:00:00,0:00:00,,0,0,0,0,0,0,99999,99999,99999,99999,99999,99999,99999,99999,99999,99999,99999,99999,DNS,0
Martin,Chyba,Martin Chyba,635,M30-34,Male,Žďár,Central Bohemian Region,Czech Republic,CZ,,,,0:00:00,0:00:00,,0,0,0,0,0,0,99999,99999,99999,99999,99999,99999,99999,99999,99999,99999,99999,99999,DNS,0
Michael,Wintersberger,Michael Wintersberger,1470,M18-24,Male,Vienna,AT-9,Austria,AT,,,,0:00:00,0:00:00,,0,0,0,0,0,0,99999,99999,99999,99999,99999,99999,99999,99999,99999,99999,99999,99999,DNS,0
Adam,Marcinik,Adam Marcinik,736,M35-39,Male,Prague,Prague,Czech Republic,CZ,,,,0:00:00,0:00:00,,0,0,0,0,0,0,99999,99999,99999,99999,99999,99999,99999,99999,99999,99999,99999,99999,DNS,0
Matthias,Elwart,Matthias Elwart,204,M60-64,Male,Seevetal,foreigner,Germany,DE,,,,0:00:00,0:00:00,,0,0,0,0,0,0,99999,99999,99999,99999,99999,99999,99999,99999,99999,99999,99999,99999,DNS,0
Milan,Dvorak,Milan Dvorak,1754,M45-49,Male,Most,Central Bohemian Region,Czech Republic,CZ,,,,0:00:00,0:00:00,,0,0,0,0,0,0,99999,99999,99999,99999,99999,99999,99999,99999,99999,99999,99999,99999,DNS,0
Lukas,Piwowarski,Lukas Piwowarski,342,M25-29,Male,Kopřivnice,Moravian-Silesian Region,Czech Republic,CZ,,,,0:00:00,0:00:00,,0,0,0,0,0,0,99999,99999,99999,99999,99999,99999,99999,99999,99999,99999,99999,99999,DNS,0
Jan,Kalivoda,Jan Kalivoda,1629,M30-34,Male,Mainz,foreigner,Czech Republic,CZ,,,,0:00:00,0:00:00,,0,0,0,0,0,0,99999,99999,99999,99999,99999,99999,99999,99999,99999,99999,99999,99999,DNS,0
Matej,Svoboda,Matej Svoboda,510,M25-29,Male,Praha 6 Dejvice,Prague,Czech Republic,CZ,0:32:43,2:43:40,,0:06:57,0:00:00,,1963,9820,0,417,0,0,99999,99999,99999,99999,99999,99999,99999,99999,99999,99999,99999,99999,DNF,0
David,Strnad,David Strnad,1771,M35-39,Male,Prague,Prague,Czech Republic,CZ,,,,0:00:00,0:00:00,,0,0,0,0,0,0,99999,99999,99999,99999,99999,99999,99999,99999,99999,99999,99999,99999,DNS,0
Petr,Valo,Petr Valo,681,M50-54,Male,Praha 1,Prague,Czech Republic,CZ,,,,0:00:00,0:00:00,,0,0,0,0,0,0,99999,99999,99999,99999,99999,99999,99999,99999,99999,99999,99999,99999,DNS,0
Tomáš,Brokeš,Tomáš Brokeš,931,M30-34,Male,Čerčany,Central Bohemian Region,Czech Republic,CZ,0:39:21,3:10:33,,0:06:45,0:05:39,,2361,11433,0,405,339,0,99999,99999,99999,99999,99999,99999,99999,99999,99999,99999,99999,99999,DNF,0
Radek,Czichon,Radek Czichon,662,M30-34,Male,Prague,Prague,Czech Republic,CZ,,,,0:00:00,0:00:00,,0,0,0,0,0,0,99999,99999,99999,99999,99999,99999,99999,99999,99999,99999,99999,99999,DNS,0
Václav,Bureš,Václav Bureš,480,M35-39,Male,Pardubice,Pardubice Region,Czech Republic,CZ,,,,0:00:00,0:00:00,,0,0,0,0,0,0,99999,99999,99999,99999,99999,99999,99999,99999,99999,99999,99999,99999,DNS,0
Lukáš,Hodan,Lukáš Hodan,1077,M45-49,Male,Plzeň,South Bohemian Region,Czech Republic,CZ,,,,0:00:00,0:00:00,,0,0,0,0,0,0,99999,99999,99999,99999,99999,99999,99999,99999,99999,99999,99999,99999,DNS,0
Lukáš,Kyrián,Lukáš Kyrián,527,M18-24,Male,Hradec Králové,Hradec Králové Region,Czech Republic,CZ,,,,0:00:00,0:00:00,,0,0,0,0,0,0,99999,99999,99999,99999,99999,99999,99999,99999,99999,99999,99999,99999,DNS,0
Roman,Furo,Roman Furo,1651,M40-44,Male,Prievidza,foreigner,Slovakia,SK,,,,0:00:00,0:00:00,,0,0,0,0,0,0,99999,99999,99999,99999,99999,99999,99999,99999,99999,99999,99999,99999,DNS,0
Ivan,Klimcak,Ivan Klimcak,1168,M35-39,Male,Prague,,Slovakia,SK,,,,0:00:00,0:00:00,,0,0,0,0,0,0,99999,99999,99999,99999,99999,99999,99999,99999,99999,99999,99999,99999,DNS,0
Pavel,Hep,Pavel Hep,1600,M45-49,Male,Hradec Králové,Hradec Králové Region,Czech Republic,CZ,,,,0:00:00,0:00:00,,0,0,0,0,0,0,99999,99999,99999,99999,99999,99999,99999,99999,99999,99999,99999,99999,DNS,0
Žiga,Leskovšek,Žiga Leskovšek,1167,M25-29,,Tržič,foreigner,Slovenia,SI,,,,0:00:00,0:00:00,,0,0,0,0,0,0,99999,99999,99999,99999,99999,99999,99999,99999,99999,99999,99999,99999,DNS,0
Maciej ,Glowacki,Maciej Glowacki,1538,M40-44,Male,Zabrze,śląskie,Poland,PL,,,,0:00:00,0:00:00,,0,0,0,0,0,0,99999,99999,99999,99999,99999,99999,99999,99999,99999,99999,99999,99999,DNS,0
Miroslav,Capoušek,Miroslav Capoušek,1802,M55-59,Male,Hradec Králové,Hradec Králové Region,Czech Republic,CZ,0:29:51,2:56:04,,0:04:53,0:05:12,,1791,10564,0,293,312,0,99999,99999,99999,99999,99999,99999,99999,99999,99999,99999,99999,99999,DNF,0
Manfred,Seybold,Manfred Seybold,168,M50-54,Male,Neu-Ulm,foreigner,Germany,DE,,,,0:00:00,0:00:00,,0,0,0,0,0,0,99999,99999,99999,99999,99999,99999,99999,99999,99999,99999,99999,99999,DNS,0
Dominik,Hájek,Dominik Hájek,1181,M18-24,Male,Ořech,Central Bohemian Region,Czech Republic,CZ,,,,0:00:00,0:00:00,,0,0,0,0,0,0,99999,99999,99999,99999,99999,99999,99999,99999,99999,99999,99999,99999,DNS,0
Minh Duc,Pham,Minh Duc Pham,1385,M30-34,Male,Prague,Prague,Czech Republic,CZ,,,,0:00:00,0:00:00,,0,0,0,0,0,0,99999,99999,99999,99999,99999,99999,99999,99999,99999,99999,99999,99999,DNS,0
Kateřina,Suchá,Kateřina Suchá,405,F25-29,Female,Rychnovek,Hradec Králové Region,Czech Republic,CZ,0:47:24,3:50:54,,0:10:52,0:05:14,,2844,13854,0,652,314,0,99999,99999,99999,99999,99999,99999,99999,99999,99999,99999,99999,99999,DNF,0
Vaclav,Janecek,Vaclav Janecek,1237,M25-29,Male,Kutná Hora,Central Bohemian Region,Czech Republic,CZ,,,,0:00:00,0:00:00,,0,0,0,0,0,0,99999,99999,99999,99999,99999,99999,99999,99999,99999,99999,99999,99999,DNS,0
Pavel,Mikulecký,Pavel Mikulecký,1465,M35-39,Male,Tisová,Pardubice Region,Czech Republic,CZ,0:43:48,2:38:27,,0:06:11,0:22:09,,2628,9507,0,371,1329,0,99999,99999,99999,99999,99999,99999,99999,99999,99999,99999,99999,99999,DNF,0
Ema,Kalenska,Ema Kalenska,1129,F30-34,Female,Dresden,,Slovakia,SK,,,,0:00:00,0:00:00,,0,0,0,0,0,0,99999,99999,99999,99999,99999,99999,99999,99999,99999,99999,99999,99999,DNS,0
Mirka,Pachutová,Mirka Pachutová,1457,F30-34,Female,Hrabovčík,foreigner,Slovakia,SK,,,,0:00:00,0:00:00,,0,0,0,0,0,0,99999,99999,99999,99999,99999,99999,99999,99999,99999,99999,99999,99999,DNS,0
Daniel,Stehula,Daniel Stehula,1545,M45-49,Male,Zurich,foreigner,Switzerland,CH,,,,0:00:00,0:00:00,,0,0,0,0,0,0,99999,99999,99999,99999,99999,99999,99999,99999,99999,99999,99999,99999,DNS,0
Petr,Kadlec,Petr Kadlec,1047,M30-34,Male,Prague,Prague,Czech Republic,CZ,,,,0:00:00,0:00:00,,0,0,0,0,0,0,99999,99999,99999,99999,99999,99999,99999,99999,99999,99999,99999,99999,DNS,0
Michal,Vnenk,Michal Vnenk,597,M35-39,Male,Praha,Central Bohemia,Czech Republic,CZ,,,,0:00:00,0:00:00,,0,0,0,0,0,0,99999,99999,99999,99999,99999,99999,99999,99999,99999,99999,99999,99999,DNS,0
