FirstName,LastName,FullName,Bib,AgeGroup,Gender,City,State,Country,CountryISO,SwimTime,BikeTime,RunTime,T1Time,T2Time,FinishTime,SwimSeconds,BikeSeconds,RunSeconds,T1Seconds,T2Seconds,FinishSeconds,OverallRank,GenderRank,AgeGroupRank,SwimRankOverall,SwimRankGender,SwimRankGroup,BikeRankOverall,BikeRankGender,BikeRankGroup,RunRankOverall,RunRankGender,RunRankGroup,Status,Points
Ognjen,Stojanovic,Ognjen Stojanovic,9,MPRO,Male,Novi Sad,foreigner,Serbia,RS,0:23:12,2:04:38,1:17:38,0:04:07,0:01:17,3:50:52,1392,7478,4658,247,77,13852,1,1,1,2,2,2,5,5,5,1,1,1,Finisher,3500
Enzo,Krauss,Enzo Krauss,6,MPRO,Male,Balneário Camboriú,BR-SC,Brazil,BR,0:24:43,2:03:24,1:19:38,0:03:43,0:01:18,3:52:46,1483,7404,4778,223,78,13966,2,2,2,14,14,14,1,1,1,2,2,2,Finisher,3465
Martin,Baeza,Martin Baeza,3,MPRO,Male,Temuco,CL-AR,Chile,CL,0:24:19,2:03:52,1:22:45,0:03:44,0:01:12,3:55:53,1459,7432,4965,224,72,14153,3,3,3,13,13,13,4,4,4,3,3,3,Finisher,3409
Andre,Lopes,Andre Lopes,4,MPRO,Male,Longmont,CO,United States,US,0:24:18,2:03:55,1:23:38,0:03:42,0:01:15,3:56:48,1458,7435,5018,222,75,14208,4,4,4,12,12,12,3,3,3,4,4,4,Finisher,3393
Alexandre,Nobre,Alexandre Nobre,24,MPRO,Male,Alverca,,Portugal,PT,0:24:16,2:13:46,1:17:08,0:03:45,0:01:26,4:00:21,1456,8026,4628,225,86,14421,5,5,5,8,8,8,12,12,12,5,5,5,Finisher,3329
Martin,Ulloa,Martin Ulloa,13,MPRO,Male,Santiago,CL-RM,Chile,CL,0:24:15,2:03:44,1:28:13,0:03:53,0:01:20,4:01:26,1455,7424,5293,233,80,14486,6,6,6,7,7,7,2,2,2,6,6,6,Finisher,3309
Yago,Alves,Yago Alves,12,MPRO,Male,Balneário Camboriú,BR-SC,Brazil,BR,0:24:17,2:08:44,1:23:46,0:03:43,0:01:46,4:02:16,1457,7724,5026,223,106,14536,7,7,7,11,11,11,8,8,8,7,7,7,Finisher,3294
Danilo,Pimentel,Danilo Pimentel,10,MPRO,Male,Boulder,CO,Brazil,BR,0:24:06,2:06:16,1:27:16,0:03:58,0:01:37,4:03:12,1446,7576,5236,238,97,14592,8,8,8,3,3,3,7,7,7,8,8,8,Finisher,3278
Denis,Santana Vera,Denis Santana Vera,166,M25-29,Male,Sao Paulo,SP,Brazil,BR,0:29:22,2:16:06,1:15:34,0:04:27,0:01:33,4:07:02,1762,8166,4534,267,93,14822,9,9,1,66,61,11,22,21,3,9,9,1,Finisher,3500
Mateus,De Farias Antunes,Mateus De Farias Antunes,694,M35-39,Male,Araraquara,BR-BR-SP,Brazil,BR,0:27:01,2:11:28,1:22:06,0:04:38,0:01:50,4:07:03,1621,7888,4926,278,110,14823,10,10,1,26,23,2,14,14,1,10,10,1,Finisher,3500
Diogo,Andrade Villarinho,Diogo Andrade Villarinho,21,MPRO,Male,Belo Horizonte,MG,Brazil,BR,0:23:08,2:11:04,1:29:39,0:03:57,0:01:37,4:09:25,1388,7864,5379,237,97,14965,11,11,9,1,1,1,9,9,9,11,11,9,Finisher,3166
Vinicius,Bello,Vinicius Bello,183,M25-29,Male,Recife,BR-PE,Brazil,BR,0:24:58,2:17:43,1:22:06,0:04:22,0:01:10,4:10:19,1498,8263,4926,262,70,15019,12,12,2,16,16,1,17,17,1,12,12,2,Finisher,3440
Santiago,Ascenco,Santiago Ascenco,1736,M45-49,Male,Goiânia,Goiás,Brazil,BR,0:27:26,2:11:53,1:25:24,0:04:27,0:01:24,4:10:33,1646,7913,5124,267,84,15033,13,13,1,30,27,2,15,15,1,13,13,1,Finisher,3500
Gabriel,Klein,Gabriel Klein,14,MPRO,Male,torres,BR-RS,Brazil,BR,0:25:20,2:18:31,1:23:24,0:04:21,0:01:32,4:13:08,1520,8311,5004,261,92,15188,14,14,10,17,17,16,18,18,15,14,14,10,Finisher,3099
Luis,Ohde,Luis Ohde,16,MPRO,Male,Curitiba,BR-PR,Brazil,BR,0:24:14,2:18:20,1:26:05,0:04:12,0:00:57,4:13:48,1454,8300,5165,252,57,15228,15,15,11,5,5,5,16,16,14,15,15,11,Finisher,3087
Alexandre,Stocco,Alexandre Stocco,15,MPRO,Male,Ponta Grossa,BR-PR,Brazil,BR,0:29:12,2:15:47,1:24:02,0:04:08,0:01:05,4:14:14,1752,8147,5042,248,65,15254,16,16,12,59,54,20,20,20,16,16,16,12,Finisher,3079
Djenyfer,Arnold,Djenyfer Arnold,5001,FPRO,Female,sao bento do sul,BR-SC,Brazil,BR,0:25:23,2:19:18,1:23:27,0:04:29,0:01:38,4:14:15,1523,8358,5007,269,98,15255,17,1,1,18,1,1,21,1,1,17,1,1,Finisher,3500
RAFAEL,CAMARA,RAFAEL CAMARA,25,MPRO,Male,JACAREI,SP,Brazil,BR,0:32:25,2:13:53,1:22:35,0:04:40,0:01:30,4:15:03,1945,8033,4955,280,90,15303,18,17,13,154,144,23,25,24,18,18,17,13,Finisher,3064
Joao,Maldonado,Joao Maldonado,20,MPRO,Male,Rio De Janeiro,RJ,Brazil,BR,0:29:21,2:16:19,1:24:36,0:04:15,0:01:26,4:15:57,1761,8179,5076,255,86,15357,19,18,14,65,60,21,23,22,17,19,18,14,Finisher,3048
MATHEUS,BITTENCOURT VITORINO,MATHEUS BITTENCOURT VITORINO,1741,M30-34,Male,Florianópolis ,SANTA CATARINA,Brazil,BR,0:28:11,2:21:46,1:21:10,0:05:00,0:01:30,4:17:37,1691,8506,4870,300,90,15457,20,19,1,39,36,3,40,39,5,20,19,1,Finisher,3500
BRENO,NASCIMENTO,BRENO NASCIMENTO,1183,M40-44,Male,PIRASSUNUNGA,SP,Brazil,BR,0:30:10,2:17:38,1:24:03,0:04:54,0:01:29,4:18:14,1810,8258,5043,294,89,15494,21,20,1,87,81,9,31,30,2,21,20,1,Finisher,3500
RODRIGO,MALDI PASSINI,RODRIGO MALDI PASSINI,597,M35-39,Male,ITAPIRA,SP,Brazil,BR,0:28:29,2:18:08,1:26:04,0:04:32,0:01:23,4:18:35,1709,8288,5164,272,83,15515,22,21,2,45,42,6,26,25,2,22,21,2,Finisher,3292
Luca,Parizotto,Luca Parizotto,1726,M25-29,Male,Sao Paulo,SP,Brazil,BR,0:29:48,2:19:29,1:21:53,0:05:30,0:02:20,4:19:01,1788,8369,4913,330,140,15541,23,22,3,78,73,12,38,37,6,23,22,3,Finisher,3284
Alejandro,Guzmán Medina,Alejandro Guzmán Medina,17,MPRO,Male,Cajica,CO-CUN,Colombia,CO,0:28:31,2:08:47,1:36:42,0:04:29,0:01:39,4:20:08,1711,7727,5802,269,99,15608,24,23,15,46,43,19,13,13,13,24,23,15,Finisher,2973
GUILHERME,GUIDO VALENTE PALMA,GUILHERME GUIDO VALENTE PALMA,1024,M40-44,Male,RIO DE JANEIRO,RJ,Brazil,BR,0:29:09,2:18:20,1:25:46,0:05:23,0:02:00,4:20:37,1749,8300,5146,323,120,15637,25,24,2,58,53,4,32,31,3,25,24,2,Finisher,3457
Francisco,Neto,Francisco Neto,1044,M40-44,Male,6268,BR-PR,Brazil,BR,0:28:09,2:24:33,1:22:07,0:04:30,0:01:48,4:21:07,1689,8673,4927,270,108,15667,26,25,3,37,34,2,42,41,4,26,25,3,Finisher,3448
LUCAS,ANDRADE CABRAL,LUCAS ANDRADE CABRAL,23,MPRO,Male,Natal,Rio Grande do Norte,Brazil,BR,0:25:50,2:22:29,1:28:36,0:04:16,0:01:39,4:22:51,1550,8549,5316,256,99,15771,27,26,16,19,18,17,28,27,20,27,26,16,Finisher,2924
Marcelo,Bodanese,Marcelo Bodanese,1042,M40-44,Male,Porto Alegre,,Brazil,BR,0:28:20,2:19:38,1:28:22,0:04:39,0:01:53,4:22:52,1700,8378,5302,279,113,15772,28,27,4,41,38,3,29,28,1,28,27,4,Finisher,3416
EDUARDO,FELIPE FRANCA,EDUARDO FELIPE FRANCA,402,M30-34,Male,CACADOR,SC,Brazil,BR,0:27:42,2:21:33,1:27:58,0:04:43,0:01:31,4:23:28,1662,8493,5278,283,91,15808,29,28,2,33,30,1,35,34,2,29,28,2,Finisher,3394
Pamella,Nascimento De Oliveira,Pamella Nascimento De Oliveira,5002,FPRO,Female,Balneário Camboriú,BR-SC,Brazil,BR,0:26:23,2:26:43,1:26:05,0:04:25,0:01:08,4:24:44,1583,8803,5165,265,68,15884,30,2,2,21,2,2,44,2,2,30,2,2,Finisher,3311
LEONARDO,MELGAR,LEONARDO MELGAR,424,M30-34,Male,SAO PAULO,SP,Brazil,BR,0:27:50,2:24:04,1:26:09,0:05:34,0:01:36,4:25:13,1670,8644,5169,334,96,15913,31,29,3,34,31,2,43,42,6,31,29,3,Finisher,3363
Kaique ,Carneiro Rodrigues,Kaique Carneiro Rodrigues,229,M25-29,Male,Balneário Camboriú,BR-SC,Brazil,BR,0:26:43,2:17:14,1:35:37,0:04:32,0:01:37,4:25:43,1603,8234,5737,272,97,15943,32,30,4,23,20,2,19,19,2,32,30,4,Finisher,3163
FILIPE,DE AMARAL TEIXEIRA,FILIPE DE AMARAL TEIXEIRA,560,M30-34,Male,PETROPOLIS,BR-RJ,Brazil,BR,0:28:58,2:25:11,1:26:25,0:05:01,0:01:34,4:27:09,1738,8711,5185,301,94,16029,33,31,4,53,48,6,52,50,7,33,31,4,Finisher,3328
Rafael,Goncalves,Rafael Goncalves,1292,M45-49,Male,Rio De Janeiro,RJ,Brazil,BR,0:32:02,2:22:07,1:26:07,0:05:10,0:02:05,4:27:29,1922,8527,5167,310,125,16049,34,32,2,135,125,9,53,51,3,34,32,2,Finisher,3195
Joao,Pedro Gomide Cardoso,Joao Pedro Gomide Cardoso,227,M25-29,Male,Rio de Janeiro,BR-RJ,Brazil,BR,0:29:04,2:24:27,1:27:24,0:05:21,0:01:27,4:27:43,1744,8667,5244,321,87,16063,35,33,5,55,50,8,47,45,8,35,33,5,Finisher,3127
Rodrigo,Bodanese,Rodrigo Bodanese,796,M35-39,Male,Porto Alegre,RS,Brazil,BR,0:28:21,2:25:47,1:26:38,0:05:22,0:02:23,4:28:31,1701,8747,5198,322,143,16111,36,34,3,42,39,5,56,54,6,36,34,3,Finisher,3113
EDUARDO,SIROTO DANGELO,EDUARDO SIROTO DANGELO,19,MPRO,Male,SAO PAULO,SP,Brazil,BR,0:31:20,2:15:17,1:36:41,0:04:57,0:01:05,4:29:19,1880,8117,5801,297,65,16159,37,35,17,119,110,22,27,26,19,37,35,17,Finisher,2807
Caio,Baker,Caio Baker,231,M25-29,Male,SAO PAULO,BR-SP,Brazil,BR,0:29:16,2:20:15,1:32:38,0:05:34,0:01:41,4:29:24,1756,8415,5558,334,101,16164,38,36,6,61,56,9,41,40,7,38,36,6,Finisher,3097
Guilherme,Ferreira,Guilherme Ferreira,407,M30-34,Male,Vila Olimpia,BR-SP,Brazil,BR,0:32:42,2:21:20,1:27:30,0:06:21,0:02:04,4:29:57,1962,8480,5250,381,124,16197,39,37,5,161,151,26,62,60,10,39,37,5,Finisher,3278
Bruno,Teixeira Kuntz,Bruno Teixeira Kuntz,259,M25-29,Male,Sao paulo,BR-SP,Brazil,BR,0:30:00,2:24:02,1:29:32,0:04:52,0:01:45,4:30:11,1800,8642,5372,292,105,16211,40,38,7,81,75,13,49,47,9,40,38,7,Finisher,3083
Gabriel,Garrido,Gabriel Garrido,196,M25-29,Male,Faro,Faro,Brazil,BR,0:28:09,2:17:34,1:37:45,0:04:56,0:01:55,4:30:19,1689,8254,5865,296,115,16219,41,39,8,38,35,6,24,23,4,41,39,8,Finisher,3080
Vitor ,Freitas,Vitor Freitas,163,M25-29,Male,Belo Horizonte,MINAS GERAIS,Brazil,BR,0:34:23,2:24:12,1:25:43,0:05:50,0:01:39,4:31:47,2063,8652,5143,350,99,16307,42,40,9,240,227,29,69,67,12,42,40,9,Finisher,3054
Lucas,Antonetti,Lucas Antonetti,1573,M50-54,Male,Rosario,AR-AR-S,Argentina,AR,0:29:04,2:24:33,1:32:21,0:05:47,0:02:15,4:34:01,1744,8673,5541,347,135,16441,43,41,1,54,49,1,55,53,1,43,41,1,Finisher,3500
Paulo,Farina,Paulo Farina,571,M30-34,Male,Lins,BR-SP,Brazil,BR,0:28:25,2:19:42,1:39:40,0:04:55,0:01:26,4:34:08,1705,8382,5980,295,86,16448,44,42,6,44,41,4,33,32,1,44,42,6,Finisher,3202
Rodrigo,Zalaquett,Rodrigo Zalaquett,158,M18-24,Male,São Paulo,São Paulo,Brazil,BR,0:27:58,2:26:11,1:33:51,0:04:45,0:01:35,4:34:19,1678,8771,5631,285,95,16459,45,43,1,36,33,1,48,46,1,45,43,1,Finisher,3500
João Pedro,Afonso Ferreira,João Pedro Afonso Ferreira,233,M25-29,Male,Rio de Janeiro,,Brazil,BR,0:27:14,2:20:51,1:40:20,0:05:00,0:01:19,4:34:44,1634,8451,6020,300,79,16484,46,44,10,28,25,4,34,33,5,46,44,10,Finisher,3001
Guilherme Luiz,Emidio,Guilherme Luiz Emidio,676,M35-39,Male,Campo Grande,Mato Grosso do Sul,Brazil,BR,0:30:30,2:21:31,1:35:14,0:05:44,0:02:12,4:35:11,1830,8491,5714,344,132,16511,47,45,4,100,92,14,45,43,3,47,45,4,Finisher,2993
Mattia,Ambrosini,Mattia Ambrosini,792,M35-39,Male,Gorizia,IT-GO,Italy,IT,0:32:09,2:22:27,1:34:35,0:04:32,0:01:46,4:35:29,1929,8547,5675,272,106,16529,48,46,5,143,133,22,50,48,5,48,46,5,Finisher,2988
Tiago,Bunning Mendes,Tiago Bunning Mendes,619,M35-39,Male,Campo Grande,BR-MS,Brazil,BR,0:29:18,2:23:42,1:35:10,0:05:35,0:01:47,4:35:32,1758,8622,5710,335,107,16532,49,47,6,64,59,8,46,44,4,49,47,6,Finisher,2987
TIAGO,LESSA,TIAGO LESSA,1335,M45-49,Male,Rio de Janeiro,BR-RJ,Brazil,BR,0:33:31,2:24:59,1:30:24,0:05:12,0:01:56,4:36:02,2011,8699,5424,312,116,16562,50,48,3,201,190,21,65,63,4,50,48,3,Finisher,3041
Nicholas,Augusto Reid,Nicholas Augusto Reid,1721,M25-29,Male,Sao Paulo,SP,Brazil,BR,0:28:35,2:29:20,1:30:55,0:05:47,0:01:26,4:36:04,1715,8960,5455,347,86,16564,51,49,11,47,44,7,66,64,11,51,49,11,Finisher,2977
Mateus,Vidigal,Mateus Vidigal,1324,M45-49,Male,SAO PAULO,BR-SP,Brazil,BR,0:27:31,2:20:29,1:39:19,0:06:19,0:02:39,4:36:17,1651,8429,5959,379,159,16577,52,50,4,32,29,3,36,35,2,52,50,4,Finisher,3036
Ericson,Vinicius Costa Maia,Ericson Vinicius Costa Maia,836,M35-39,Male,Rio De Janeiro,RJ,Brazil,BR,0:27:56,2:31:50,1:31:29,0:04:48,0:01:16,4:37:18,1676,9110,5489,288,76,16638,53,51,7,35,32,3,70,68,9,53,51,7,Finisher,2955
Regis,Azevedo Kapp,Regis Azevedo Kapp,181,M25-29,Male,Carazinho,BR-RS,Brazil,BR,0:30:53,2:24:14,1:35:28,0:04:48,0:02:26,4:37:50,1853,8654,5728,288,146,16670,54,52,12,110,101,17,58,56,10,54,52,12,Finisher,2945
Gustavo,Gaspar,Gustavo Gaspar,1139,M40-44,Male,Rio de janeiro,BR-RJ,Brazil,BR,0:29:18,2:24:29,1:37:01,0:06:03,0:01:53,4:38:45,1758,8669,5821,363,113,16725,55,53,5,63,58,5,57,55,5,55,53,5,Finisher,3130
Pietra,Meneghini,Pietra Meneghini,5005,FPRO,Female,Curitiba,BR-PR,Brazil,BR,0:31:34,2:29:34,1:31:39,0:04:55,0:01:09,4:38:50,1894,8974,5499,295,69,16730,56,3,3,123,10,6,76,3,3,56,3,3,Finisher,3057
LARISSA,MARYA FABRINI DE OLIVEIRA,LARISSA MARYA FABRINI DE OLIVEIRA,981,F35-39,Female,NOVA LIMA,MG,Brazil,BR,0:35:09,2:26:42,1:30:13,0:04:57,0:01:50,4:38:51,2109,8802,5413,297,110,16731,57,4,1,286,17,2,81,4,1,57,4,1,Finisher,3500
GABRIEL,CAJU RODRIGUES,GABRIEL CAJU RODRIGUES,514,M30-34,Male,RIO DE JANEIRO,RJ,Brazil,BR,0:32:37,2:29:39,1:30:04,0:04:59,0:02:09,4:39:27,1957,8979,5404,299,129,16767,58,54,7,158,148,25,84,79,13,58,54,7,Finisher,3107
Gabriel,Dias Aguilera Fernandes,Gabriel Dias Aguilera Fernandes,1016,M40-44,Male,Sao Paulo,SP,Brazil,BR,0:36:05,2:30:22,1:25:03,0:05:51,0:02:08,4:39:29,2165,9022,5103,351,128,16769,59,55,6,369,341,46,114,109,16,59,55,6,Finisher,3117
Matheus,Sampaio Paes,Matheus Sampaio Paes,631,M35-39,Male,,,Brazil,BR,0:30:58,2:29:26,1:30:16,0:06:02,0:03:05,4:39:47,1858,8966,5416,362,185,16787,60,56,8,112,103,17,80,77,12,60,56,8,Finisher,2910
Gustavo,Retz,Gustavo Retz,826,M35-39,Male,Bauru,SP,Brazil,BR,0:29:39,2:29:35,1:36:03,0:05:54,0:01:55,4:43:05,1779,8975,5763,354,115,16985,61,57,9,74,69,9,71,69,10,61,57,9,Finisher,2851
Murilo,Souza Pinter,Murilo Souza Pinter,455,M30-34,Male,Sao Paulo,SP,Brazil,BR,0:31:10,2:28:12,1:36:41,0:06:15,0:01:04,4:43:21,1870,8892,5801,375,64,17001,62,58,8,116,107,13,73,71,12,62,58,8,Finisher,3036
GABRIEL,ROSA DE CARVALHO,GABRIEL ROSA DE CARVALHO,1015,M40-44,Male,SAO PAULO,BR-SP,Brazil,BR,0:34:06,2:30:52,1:31:32,0:05:00,0:01:57,4:43:27,2046,9052,5492,300,117,17007,63,59,7,222,209,29,96,91,10,63,59,7,Finisher,3046
Samuel,Miranda,Samuel Miranda,140,M18-24,Male,Belo Horizonte,MG,Brazil,BR,0:34:32,2:23:14,1:39:00,0:04:53,0:01:56,4:43:35,2072,8594,5940,293,116,17015,64,60,2,252,239,12,63,61,2,64,60,2,Finisher,3333
JORGE,THIAGO LEMES,JORGE THIAGO LEMES,606,M35-39,Male,CAMPINAS,SP,Brazil,BR,0:35:44,2:35:53,1:22:53,0:06:56,0:02:10,4:43:36,2144,9353,4973,416,130,17016,65,61,10,333,307,68,187,173,37,65,61,10,Finisher,2842
Lucas,Alves,Lucas Alves,735,M35-39,Male,Niterói,BR-RJ,Brazil,BR,0:30:42,2:27:41,1:37:43,0:05:52,0:02:17,4:44:15,1842,8861,5863,352,137,17055,66,62,11,107,98,16,68,66,8,66,62,11,Finisher,2830
Rafael Murray Cambraia De Souza,Rafael Cambraia,Rafael Murray Cambraia De Souza Rafael Cambraia,496,M30-34,Male,Petrópolis,BR-RJ,Brazil,BR,0:32:58,2:24:17,1:39:10,0:05:31,0:02:32,4:44:28,1978,8657,5950,331,152,17068,67,63,9,173,163,29,64,62,11,67,63,9,Finisher,3016
Christian,Lenz-Cesar,Christian Lenz-Cesar,1647,M55-59,Male,Rio de Janeiro,BR-RJ,Brazil,BR,0:29:29,2:27:35,1:38:38,0:06:51,0:02:15,4:44:49,1769,8855,5918,411,135,17089,68,64,1,69,64,4,67,65,2,68,64,1,Finisher,3500
Luiz Felipe,Carvalho Matos,Luiz Felipe Carvalho Matos,1304,M45-49,Male,Rio de Janeiro,BR-RJ,Brazil,BR,0:32:32,2:26:41,1:38:27,0:06:02,0:01:20,4:45:02,1952,8801,5907,362,80,17102,69,65,5,156,146,11,72,70,5,69,65,5,Finisher,2879
Jehovah,Guimarães Tavares,Jehovah Guimarães Tavares,1048,M40-44,Male,Guaçuí,BR-ES,Brazil,BR,0:36:45,2:32:38,1:28:33,0:05:36,0:01:32,4:45:03,2205,9158,5313,336,92,17103,70,66,8,421,386,56,140,131,21,70,66,8,Finisher,3017
Luiz Felipe,Ribeiro,Luiz Felipe Ribeiro,780,M35-39,Male,Rio de Janeiro,,Brazil,BR,0:28:16,2:31:40,1:36:57,0:06:28,0:01:53,4:45:14,1696,9100,5817,388,113,17114,71,67,12,40,37,4,78,75,11,71,67,12,Finisher,2812
Bernardo,De Azevedo Pizzo,Bernardo De Azevedo Pizzo,454,M30-34,Male,Niterói,BR-RJ,Brazil,BR,0:32:09,2:32:44,1:33:11,0:05:39,0:01:33,4:45:16,1929,9164,5591,339,93,17116,72,68,10,142,132,21,106,101,17,72,68,10,Finisher,3002
Marcelo,Antonio Ferreira Lessa Filho,Marcelo Antonio Ferreira Lessa Filho,244,M25-29,Male,Maceio,BR-ALAGOAS,Brazil,BR,0:30:11,2:30:48,1:37:10,0:06:16,0:01:32,4:45:56,1811,9048,5830,376,92,17156,73,69,13,88,82,14,83,78,13,73,69,13,Finisher,2799
Rafael,Braga Passos,Rafael Braga Passos,438,M30-34,Male,Rio de Janeiro,Rio de Janeiro,Brazil,BR,0:30:31,2:38:59,1:29:48,0:05:24,0:01:16,4:45:58,1831,9539,5388,324,76,17158,74,70,11,101,93,11,138,129,24,74,70,11,Finisher,2989
Daniel,Moulin,Daniel Moulin,1085,M40-44,Male,Mexico City,MX-CMX,Brazil,BR,0:33:39,2:29:18,1:33:44,0:06:14,0:03:19,4:46:14,2019,8958,5624,374,199,17174,75,71,9,206,193,24,90,85,9,75,71,9,Finisher,2996
Marco,Antonio Lins,Marco Antonio Lins,209,M25-29,Male,Recife,BR-PE,Brazil,BR,0:33:00,2:29:09,1:35:43,0:06:29,0:02:00,4:46:20,1980,8949,5743,389,120,17180,76,72,14,175,165,22,87,82,14,76,72,14,Finisher,2792
Danilo , lico,Danilo lico,194,M25-29,Male,São Paulo,,Brazil,BR,0:30:28,2:35:34,1:34:02,0:04:50,0:01:34,4:46:29,1828,9334,5642,290,94,17189,77,73,15,97,90,15,107,102,16,77,73,15,Finisher,2789
Caio,Maffei,Caio Maffei,173,M25-29,Male,São Paulo,SP,Brazil,BR,0:35:40,2:32:11,1:28:42,0:07:54,0:02:03,4:46:29,2140,9131,5322,474,123,17189,78,74,16,324,300,41,152,141,22,78,74,16,Finisher,2789
Rafael,Gomes,Rafael Gomes,447,M30-34,Male,Porto Alegre,RS,Brazil,BR,0:35:48,2:28:52,1:33:44,0:06:13,0:02:08,4:46:44,2148,8932,5624,373,128,17204,79,75,12,338,311,52,108,103,18,79,75,12,Finisher,2975
André,Coneglian Weyand,André Coneglian Weyand,1650,M55-59,Male,São Paulo,SP,Brazil,BR,0:28:39,2:23:54,1:45:17,0:06:36,0:02:22,4:46:48,1719,8634,6317,396,142,17208,80,76,2,49,46,2,51,49,1,80,76,2,Finisher,3464
Giovanna, Opipari,Giovanna Opipari,5006,FPRO,Female,São Paulo,São Paulo,Brazil,BR,0:28:49,2:39:48,1:31:46,0:05:17,0:01:11,4:46:51,1729,9588,5506,317,71,17211,81,5,4,52,5,5,127,7,5,81,5,4,Finisher,2913
Agustin ,Palermo ,Agustin Palermo,616,M35-39,Male,canelones,UY-CA,Uruguay,UY,0:31:23,2:31:19,1:34:38,0:07:40,0:02:30,4:47:31,1883,9079,5678,460,150,17251,82,77,13,121,112,19,104,99,17,82,77,13,Finisher,2771
João Pedro,Scarpel,João Pedro Scarpel,129,M18-24,Male,Rio de Janeiro,Rio de Janeiro,Brazil,BR,0:29:55,2:30:24,1:40:15,0:05:47,0:01:16,4:47:38,1795,9024,6015,347,76,17258,83,78,3,80,74,5,77,74,3,83,78,3,Finisher,3260
Vitoria,Rezende Amaro Gomes,Vitoria Rezende Amaro Gomes,927,F30-34,Female,Rio de Janeiro,BR-RJ,Brazil,BR,0:36:38,2:33:44,1:31:19,0:04:41,0:02:03,4:48:26,2198,9224,5479,281,123,17306,84,6,1,412,34,4,142,10,1,84,6,1,Finisher,3500
Diogo,DeGruttolaRamblas,Diogo DeGruttolaRamblas,128,M18-24,Male,Miami,Florida,Brazil,BR,0:31:40,2:31:15,1:38:04,0:06:18,0:01:21,4:48:38,1900,9075,5884,378,81,17318,85,79,4,127,117,7,91,86,5,85,79,4,Finisher,3242
Leandro,Coutinho,Leandro Coutinho,870,M35-39,Male,,,Brazil,BR,0:35:43,2:27:22,1:36:46,0:06:39,0:02:26,4:48:57,2143,8842,5806,399,146,17337,86,80,14,329,303,65,92,87,14,86,80,14,Finisher,2745
Leonardo,Lopes Braz,Leonardo Lopes Braz,1734,M40-44,Male,Sao Paulo,SP,Brazil,BR,0:30:32,2:29:52,1:41:03,0:05:27,0:02:16,4:49:10,1832,8992,6063,327,136,17350,87,81,10,102,94,13,75,73,8,87,81,10,Finisher,2943
Raphael,Falcao,Raphael Falcao,1362,M45-49,Male,São Paulo,São Paulo,Brazil,BR,0:30:54,2:33:51,1:37:22,0:05:07,0:01:59,4:49:12,1854,9231,5842,307,119,17352,88,82,6,111,102,5,95,90,7,88,82,6,Finisher,2804
GUSTAVO,LIMA DE FARIAS,GUSTAVO LIMA DE FARIAS,1252,M45-49,Male,RIO DE JANEIRO,BR-RJ,Brazil,BR,0:34:05,2:32:10,1:33:06,0:07:40,0:02:27,4:49:27,2045,9130,5586,460,147,17367,89,83,7,221,208,24,128,121,9,89,83,7,Finisher,2799
Idilson,Branco,Idilson Branco,119,M18-24,Male,Curitiba,PR,Brazil,BR,0:29:38,2:30:39,1:40:51,0:06:07,0:02:25,4:49:41,1778,9039,6051,367,145,17381,90,84,5,72,67,4,79,76,4,90,84,5,Finisher,3223
Anna,Reiff,Anna Reiff,293,F18-24,Female,Erpeldange sur Sure,LU-DI,Luxembourg,LU,0:36:23,2:34:01,1:30:45,0:06:46,0:01:57,4:49:53,2183,9241,5445,406,117,17393,91,7,1,390,31,3,175,13,2,91,7,1,Finisher,3500
Luiza,Pais,Luiza Pais,5007,FPRO,Female,Niterói,BR-RJ,Brazil,BR,0:26:25,2:35:24,1:41:54,0:05:09,0:01:12,4:50:04,1585,9324,6114,309,72,17404,92,8,5,22,3,3,82,5,4,92,8,5,Finisher,2855
EDUARDO,MACCARIO SOARES,EDUARDO MACCARIO SOARES,1068,M40-44,Male,CATANDUVA,SP,Brazil,BR,0:33:52,2:29:52,1:37:07,0:06:44,0:02:35,4:50:10,2032,8992,5827,404,155,17410,93,85,11,210,197,26,105,100,14,93,85,11,Finisher,2925
Leonardo,Lopes Pereira,Leonardo Lopes Pereira,521,M30-34,Male,Rio De Janeiro,RJ,Brazil,BR,0:35:50,2:32:47,1:34:06,0:05:39,0:01:56,4:50:18,2150,9167,5646,339,116,17418,94,86,13,342,315,55,130,123,22,94,86,13,Finisher,2911
Lucas,Von Dollinger Souza,Lucas Von Dollinger Souza,641,M35-39,Male,Belo Horizonte,MG,Brazil,BR,0:35:44,2:28:30,1:39:48,0:05:37,0:01:49,4:51:27,2144,8910,5988,337,109,17487,95,87,15,331,305,67,94,89,15,95,87,15,Finisher,2700
Thiago,Rodrigues Carneiro Lopes,Thiago Rodrigues Carneiro Lopes,1201,M40-44,Male,Rio de Janeiro,RJ,Brazil,BR,0:32:55,2:25:56,1:43:08,0:06:50,0:03:08,4:51:56,1975,8756,6188,410,188,17516,96,88,12,170,160,21,74,72,7,96,88,12,Finisher,2893
Matheus,Queiroz Ribeiro,Matheus Queiroz Ribeiro,235,M25-29,Male,Brasilia,BR-DF,Brazil,BR,0:32:03,2:33:56,1:39:00,0:05:15,0:01:42,4:51:56,1923,9236,5940,315,102,17516,97,89,17,138,128,21,109,104,17,97,89,17,Finisher,2691
Matheus,De Paula Ramos Gilberti,Matheus De Paula Ramos Gilberti,427,M30-34,Male,,,Brazil,BR,0:30:26,2:37:29,1:35:52,0:06:05,0:02:08,4:52:00,1826,9449,5752,365,128,17520,98,90,14,96,89,10,129,122,21,98,90,14,Finisher,2881
Marc,Szlezynger,Marc Szlezynger,1722,M55-59,Male,São Paulo,SP,Brazil,BR,0:29:25,2:38:23,1:35:50,0:05:51,0:02:53,4:52:22,1765,9503,5750,351,173,17542,99,91,3,67,62,3,124,118,3,99,91,3,Finisher,3364
Eduardo,Bublitz Anton,Eduardo Bublitz Anton,1072,M40-44,Male,Florianópolis,SC,Brazil,BR,0:33:12,2:30:56,1:39:38,0:06:00,0:02:44,4:52:30,1992,9056,5978,360,164,17550,100,92,13,184,173,22,99,94,11,100,92,13,Finisher,2883
Bruno,Barreto,Bruno Barreto,727,M35-39,Male,São Luís ,MA,Brazil,BR,0:32:22,2:35:01,1:33:42,0:08:28,0:02:58,4:52:32,1942,9301,5622,508,178,17552,101,93,16,150,140,25,154,143,29,101,93,16,Finisher,2681
Fabio,Henrique Dias Pontes,Fabio Henrique Dias Pontes,723,M35-39,Male,Sao Paulo,SP,Brazil,BR,0:34:56,2:31:33,1:38:48,0:05:51,0:01:41,4:52:49,2096,9093,5928,351,101,17569,102,94,17,269,253,52,115,110,19,102,94,17,Finisher,2676
Osmar,Cortes,Osmar Cortes,1394,M45-49,Male,Brasília,BR-BR-DF,Brazil,BR,0:33:17,2:30:13,1:40:32,0:06:31,0:02:39,4:53:12,1997,9013,6032,391,159,17592,103,95,8,188,177,17,98,93,8,103,95,8,Finisher,2732
Leonardo,Fernando Sartori,Leonardo Fernando Sartori,361,M30-34,Male,Curitiba,PR,Brazil,BR,0:32:00,2:30:34,1:42:03,0:06:25,0:02:10,4:53:13,1920,9034,6123,385,130,17593,104,96,15,133,123,17,89,84,15,104,96,15,Finisher,2859
EVERTON,LOPES,EVERTON LOPES,688,M35-39,Male,São Paulo,SP,Brazil,BR,0:39:46,2:34:48,1:30:55,0:06:14,0:02:04,4:53:48,2386,9288,5455,374,124,17628,105,97,18,679,597,120,214,200,45,105,97,18,Finisher,2658
Lucas,Niccioli,Lucas Niccioli,419,M30-34,Male,Sao Paulo,SP,Brazil,BR,0:30:44,2:18:18,1:58:04,0:05:18,0:01:48,4:54:13,1844,8298,7084,318,108,17653,106,98,16,108,99,12,37,36,3,106,98,16,Finisher,2841
Lucas,Lima Lameirinhas,Lucas Lima Lameirinhas,612,M35-39,Male,Rio De Janeiro,RJ,Brazil,BR,0:39:45,2:29:02,1:36:46,0:06:43,0:02:16,4:54:33,2385,8942,5806,403,136,17673,107,99,19,675,593,118,149,138,27,107,99,19,Finisher,2645
Pedro D M De,Maia,Pedro D M De Maia,1173,M40-44,Male,Niterói,,Brazil,BR,0:30:15,2:24:24,1:52:29,0:05:43,0:01:50,4:54:42,1815,8664,6749,343,110,17682,108,100,14,91,85,10,61,59,6,108,100,14,Finisher,2843
RAFAEL,SOUZA CARDOSO,RAFAEL SOUZA CARDOSO,436,M30-34,Male,ANAPOLIS,BR-GO,Brazil,BR,0:35:15,2:30:57,1:36:50,0:08:14,0:03:46,4:55:02,2115,9057,5810,494,226,17702,109,101,17,296,278,50,134,127,23,109,101,17,Finisher,2826
Julia,Quarezemin,Julia Quarezemin,331,F25-29,Female,Florianópolis,BR-SC,Brazil,BR,0:30:29,2:37:11,1:40:19,0:05:01,0:02:04,4:55:05,1829,9431,6019,301,124,17705,110,9,1,99,8,2,117,6,1,110,9,1,Finisher,3500
Tiago,De Almeida Da Silva,Tiago De Almeida Da Silva,660,M35-39,Male,Joao Pessoa,PB,Brazil,BR,0:33:59,2:37:51,1:34:41,0:06:49,0:01:46,4:55:06,2039,9471,5681,409,106,17706,111,102,20,213,200,43,188,174,38,111,102,20,Finisher,2635
Rafael,Ximenes,Rafael Ximenes,704,M35-39,Male,petropolis,rio de janeiro,Brazil,BR,0:35:07,2:31:03,1:38:43,0:07:23,0:02:56,4:55:12,2107,9063,5923,443,176,17712,112,103,21,281,265,55,123,117,21,112,103,21,Finisher,2633
VINICIUS,PESSOA GALVAO,VINICIUS PESSOA GALVAO,602,M35-39,Male,RIO DE JANEIRO,RJ,Brazil,BR,0:32:45,2:33:05,1:41:39,0:05:54,0:02:17,4:55:39,1965,9185,6099,354,137,17739,113,104,22,166,156,29,112,107,18,113,104,22,Finisher,2625
Bernardo,Ayres,Bernardo Ayres,835,M35-39,Male,Rio De Janeiro,RIO DE JANEIRO,Brazil,BR,0:32:43,2:34:05,1:40:28,0:06:21,0:02:18,4:55:56,1963,9245,6028,381,138,17756,114,105,23,163,153,28,120,114,20,114,105,23,Finisher,2620
VINICIUS,PAZETTE FREITAS,VINICIUS PAZETTE FREITAS,857,M35-39,Male,RIO DE JANEIRO,RJ,Brazil,BR,0:32:14,2:22:34,1:54:20,0:05:08,0:01:50,4:56:05,1934,8554,6860,308,110,17765,115,106,24,147,137,24,59,57,7,115,106,24,Finisher,2617
Raphael Bittencourt,Fernandes Leal,Raphael Bittencourt Fernandes Leal,1254,M45-49,Male,Campo Grande,MS,Brazil,BR,0:31:58,2:28:14,1:46:20,0:07:39,0:02:44,4:56:55,1918,8894,6380,459,164,17815,116,107,9,131,121,8,85,80,6,116,107,9,Finisher,2665
Vinicius,Rocha Pereira,Vinicius Rocha Pereira,151,M18-24,Male,Sao Paulo,SP,Brazil,BR,0:36:44,2:35:43,1:37:37,0:05:57,0:01:01,4:57:02,2204,9343,5857,357,61,17822,117,108,6,420,385,22,185,171,9,117,108,6,Finisher,3091
Karina,Golfetto Freitas De Amorim,Karina Golfetto Freitas De Amorim,1737,F30-34,Female,Rio de Janeiro,BR-RJ,Brazil,BR,0:35:57,2:34:55,1:37:00,0:07:07,0:02:10,4:57:10,2157,9295,5820,427,130,17830,118,10,2,357,28,2,180,14,2,118,10,2,Finisher,3342
Jose,Vasconcelos Guerra,Jose Vasconcelos Guerra,682,M35-39,Male,Barra da Tijuca,BR-RJ,Brazil,BR,0:32:11,2:31:26,1:44:51,0:06:32,0:02:22,4:57:21,1931,9086,6291,392,142,17841,119,109,25,144,134,23,100,95,16,119,109,25,Finisher,2594
Philip Jose,Van Liefland Lopez,Philip Jose Van Liefland Lopez,1010,M40-44,Male,MATA DE SÃO JOÃO,Bahia,Brazil,BR,0:33:46,2:32:01,1:43:40,0:05:47,0:02:11,4:57:26,2026,9121,6220,347,131,17846,120,110,15,208,195,25,111,106,15,120,110,15,Finisher,2794
Leonardo,Urso,Leonardo Urso,831,M35-39,Male,Sao Paulo,SP,Brazil,BR,0:35:16,2:32:14,1:40:43,0:06:50,0:02:27,4:57:29,2116,9134,6043,410,147,17849,121,111,26,298,280,59,132,125,24,121,111,26,Finisher,2592
Thais,Bustillo Freitas,Thais Bustillo Freitas,306,F18-24,Female,Santos,SP,Brazil,BR,0:35:46,2:32:33,1:40:59,0:06:19,0:02:04,4:57:41,2146,9153,6059,379,124,17861,122,11,2,335,27,2,135,8,1,122,11,2,Finisher,3359
Alex,De Oliveira,Alex De Oliveira,773,M35-39,Male,Santana de Parnaíba,São Paulo,Brazil,BR,0:39:14,2:30:23,1:38:27,0:06:48,0:02:50,4:57:42,2354,9023,5907,408,170,17862,123,112,27,630,556,112,162,150,30,123,112,27,Finisher,2588
Joao,Antonio Sucena Fonseca,Joao Antonio Sucena Fonseca,778,M35-39,Male,Brasilia,DF,Brazil,BR,0:39:08,2:26:05,1:37:18,0:09:50,0:05:28,4:57:49,2348,8765,5838,590,328,17869,124,113,28,619,547,106,141,132,25,124,113,28,Finisher,2586
Myke,Cesca De Almeida,Myke Cesca De Almeida,506,M30-34,Male,,,Brazil,BR,0:32:01,2:29:59,1:46:18,0:06:54,0:02:40,4:57:51,1921,8999,6378,414,160,17871,125,114,18,134,124,18,88,83,14,125,114,18,Finisher,2775
Joao,Victor Carvalho Trigueiro Da Silva,Joao Victor Carvalho Trigueiro Da Silva,104,M18-24,Male,Joao Pessoa,PB,Brazil,BR,0:29:13,2:36:04,1:46:34,0:04:43,0:01:26,4:58:00,1753,9364,6394,283,86,17880,126,115,7,60,55,3,97,92,6,126,115,7,Finisher,3073
Evelin,Silveira Bombonatto,Evelin Silveira Bombonatto,894,F30-34,Female,São Paulo,BR-SP,Brazil,BR,0:37:38,2:43:06,1:30:36,0:05:16,0:01:26,4:58:02,2258,9786,5436,316,86,17882,127,12,3,489,51,9,270,21,3,127,12,3,Finisher,3327
Bruno,Teles Vidal,Bruno Teles Vidal,134,M18-24,Male,,,Brazil,BR,0:30:59,2:40:00,1:37:16,0:07:01,0:02:53,4:58:07,1859,9600,5836,421,173,17887,128,116,8,113,104,6,179,166,8,128,116,8,Finisher,3071
Carlos,Nogueira De Souza,Carlos Nogueira De Souza,206,M25-29,Male,Rio De Janeiro,RJ,Brazil,BR,0:35:49,2:42:25,1:31:55,0:07:08,0:01:05,4:58:22,2149,9745,5515,428,65,17902,129,117,18,340,313,42,264,244,34,129,117,18,Finisher,2576
Gabriela,Silva Vergilio,Gabriela Silva Vergilio,323,F25-29,Female,Franca,São Paulo,Brazil,BR,0:30:34,2:40:30,1:40:52,0:05:06,0:01:31,4:58:33,1834,9630,6052,306,91,17913,130,13,2,103,9,3,159,12,2,130,13,2,Finisher,3437
Anderson,Cleiton Lenhardt,Anderson Cleiton Lenhardt,843,M35-39,Male,Bela Vista,MS,Brazil,BR,0:38:26,2:31:59,1:39:55,0:06:12,0:02:06,4:58:39,2306,9119,5995,372,126,17919,131,118,29,566,503,96,163,151,31,131,118,29,Finisher,2571
Lucas,Bessegato,Lucas Bessegato,466,M30-34,Male,,,Brazil,BR,0:34:00,2:35:26,1:41:18,0:06:00,0:02:04,4:58:48,2040,9326,6078,360,124,17928,132,119,19,214,201,35,148,137,27,132,119,19,Finisher,2758
ERICH,SIGOLO,ERICH SIGOLO,718,M35-39,Male,SAO CARLOS,SP,Brazil,BR,0:30:11,2:39:04,1:37:06,0:07:44,0:04:46,4:58:50,1811,9544,5826,464,286,17930,133,120,30,89,83,13,170,158,33,133,120,30,Finisher,2567
Lenon,Cardoso,Lenon Cardoso,719,M35-39,Male,São Paulo,SP,Brazil,BR,0:34:26,2:38:54,1:34:41,0:08:09,0:02:41,4:58:51,2066,9534,5681,489,161,17931,134,121,31,245,232,47,227,212,47,134,121,31,Finisher,2567
Francioni,Navona,Francioni Navona,781,M35-39,Male,Araçatuba,Sao Paulo,Brazil,BR,0:39:59,2:27:17,1:42:28,0:06:37,0:02:35,4:58:55,2399,8837,6148,397,155,17935,135,122,32,693,606,122,126,120,22,135,122,32,Finisher,2566
Gustavo,Junqueira Carneiro Ferreira Costa,Gustavo Junqueira Carneiro Ferreira Costa,744,M35-39,Male,Cruzeiro,SP,Brazil,BR,0:34:39,2:36:09,1:36:02,0:08:35,0:03:57,4:59:23,2079,9369,5762,515,237,17963,136,123,33,257,243,49,197,183,40,136,123,33,Finisher,2558
Felipe,Alves,Felipe Alves,675,M35-39,Male,Campo Grande,MS,Brazil,BR,0:32:52,2:37:21,1:41:00,0:06:44,0:01:39,4:59:36,1972,9441,6060,404,99,17976,137,124,34,169,159,31,169,157,32,137,124,34,Finisher,2554
Cristian,Rodrigues Pereira,Cristian Rodrigues Pereira,470,M30-34,Male,,,Brazil,BR,0:40:31,2:41:04,1:29:02,0:07:37,0:01:23,4:59:37,2431,9664,5342,457,83,17977,138,125,20,745,650,121,308,284,56,138,125,20,Finisher,2744
Mauricio,Arcanjo De Oliveira,Mauricio Arcanjo De Oliveira,1633,M55-59,Male,São Paulo,BR-SP,Brazil,BR,0:38:35,2:36:05,1:34:16,0:07:17,0:03:24,4:59:37,2315,9365,5656,437,204,17977,139,126,4,579,512,21,231,216,7,139,126,4,Finisher,3233
Rafael,De Castro E Silva Pinheiro,Rafael De Castro E Silva Pinheiro,611,M35-39,Male,Rio De Janeiro,RJ,Brazil,BR,0:32:51,2:37:29,1:37:47,0:08:39,0:02:54,4:59:40,1971,9449,5867,519,174,17980,140,127,35,168,158,30,194,180,39,140,127,35,Finisher,2552
FABIO,VAZ DE LIMA,FABIO VAZ DE LIMA,1178,M40-44,Male,LEME,SAO PAULO,Brazil,BR,0:30:26,2:33:32,1:47:08,0:06:19,0:02:21,4:59:46,1826,9212,6428,379,141,17986,141,128,16,95,88,12,101,96,12,141,128,16,Finisher,2752
Alexandre,Birman,Alexandre Birman,1507,M50-54,Male,São Paulo,SP,Brazil,BR,0:29:42,2:33:50,1:43:15,0:09:29,0:03:34,4:59:51,1782,9230,6195,569,214,17991,142,129,2,77,72,3,119,113,2,142,129,2,Finisher,3035
Mateus,Moura,Mateus Moura,215,M25-29,Male,Campinas,SP,Brazil,BR,0:30:36,2:42:13,1:39:17,0:05:55,0:02:00,5:00:01,1836,9733,5957,355,120,18001,143,130,19,104,95,16,190,176,25,143,130,19,Finisher,2546
Kirby,Freeland,Kirby Freeland,797,M35-39,Male,Charlotte,NC,United States,US,0:33:37,2:33:12,1:43:34,0:07:28,0:02:24,5:00:15,2017,9192,6214,448,144,18015,144,131,36,205,192,41,131,124,23,144,131,36,Finisher,2542
Frederico,De Souza Santos Conti,Frederico De Souza Santos Conti,396,M30-34,Male,,,Brazil,BR,0:32:23,2:35:41,1:41:03,0:08:04,0:03:05,5:00:17,1943,9341,6063,484,185,18017,145,132,21,152,142,23,158,147,29,145,132,21,Finisher,2732
Joao,Henrique Mendonca Moreira,Joao Henrique Mendonca Moreira,1082,M40-44,Male,Niteroi,RJ,Brazil,BR,0:30:39,2:35:11,1:44:36,0:06:55,0:03:08,5:00:29,1839,9311,6276,415,188,18029,146,133,17,105,96,14,118,112,17,146,133,17,Finisher,2739
Santiago,Allen,Santiago Allen,1157,M40-44,Male,Capital federal,AR-B,Argentina,AR,0:35:47,2:32:00,1:45:02,0:05:56,0:01:48,5:00:34,2147,9120,6302,356,108,18034,147,134,18,336,309,38,125,119,19,147,134,18,Finisher,2738
Pedro,Henrique Da Silva Goncalves,Pedro Henrique Da Silva Goncalves,399,M30-34,Male,,,Brazil,BR,0:33:01,2:32:55,1:45:21,0:07:19,0:02:22,5:00:58,1981,9175,6321,439,142,18058,148,135,22,177,167,31,121,115,20,148,135,22,Finisher,2719
Fernanda,Penkal,Fernanda Penkal,5009,FPRO,Female,Curitiba,Paraná,Brazil,BR,0:35:36,2:33:29,1:44:54,0:06:01,0:01:32,5:01:32,2136,9209,6294,361,92,18092,149,14,6,318,22,8,143,11,7,149,14,6,Finisher,2648
Alexandre,Evangelista Rodrigues,Alexandre Evangelista Rodrigues,651,M35-39,Male,Goiania,Goias,Brazil,BR,0:33:37,2:41:40,1:37:22,0:06:40,0:02:42,5:02:02,2017,9700,5842,400,162,18122,150,136,37,204,191,40,232,217,49,150,136,37,Finisher,2510
Joao Pedro,Santos,Joao Pedro Santos,154,M18-24,Male,São Paulo,São Paulo,Brazil,BR,0:37:41,2:36:49,1:39:03,0:06:30,0:02:12,5:02:14,2261,9409,5943,390,132,18134,151,137,9,494,442,26,219,204,10,151,137,9,Finisher,2997
Saulo,Rabelo Lima Verde,Saulo Rabelo Lima Verde,1665,M55-59,Male,FORTALEZA,CE,Brazil,BR,0:35:28,2:45:48,1:29:15,0:07:29,0:04:18,5:02:18,2128,9948,5355,449,258,18138,152,138,5,306,287,13,303,279,10,152,138,5,Finisher,3185
Leon,Simeoni,Leon Simeoni,269,M25-29,Male,Jesolo,,Italy,IT,0:36:37,2:40:40,1:33:27,0:09:25,0:02:26,5:02:35,2197,9640,5607,565,146,18155,153,139,20,410,377,50,278,256,37,153,139,20,Finisher,2500
Lucas,Horst Maidana,Lucas Horst Maidana,541,M30-34,Male,Chapadão do Sul,Mato Grosso do Sul,Brazil,BR,0:36:42,2:39:08,1:37:37,0:07:33,0:01:42,5:02:43,2202,9548,5857,453,102,18163,154,140,23,418,383,66,245,229,45,154,140,23,Finisher,2688
Matheus,Almeida Rodrigues,Matheus Almeida Rodrigues,433,M30-34,Male,,,Brazil,BR,0:37:21,2:27:25,1:48:55,0:06:28,0:02:35,5:02:45,2241,8845,6535,388,155,18165,155,141,24,470,424,75,110,105,19,155,141,24,Finisher,2687
Alexandre,Gabriel Mohr,Alexandre Gabriel Mohr,509,M30-34,Male,,,Brazil,BR,0:36:50,2:34:32,1:43:34,0:05:51,0:02:01,5:02:48,2210,9272,6214,351,121,18168,156,142,25,428,393,68,176,163,33,156,142,25,Finisher,2686
Celio,Somma,Celio Somma,537,M30-34,Male,São Paulo,SP,Brazil,BR,0:37:16,2:41:16,1:33:35,0:08:14,0:02:27,5:02:48,2236,9676,5615,494,147,18168,157,143,26,463,419,73,281,259,51,157,143,26,Finisher,2686
Leonardo,Goncalves Motta,Leonardo Goncalves Motta,172,M25-29,Male,,,Brazil,BR,0:31:51,2:43:04,1:41:49,0:04:52,0:01:45,5:03:22,1911,9784,6109,292,105,18202,158,144,21,129,119,20,204,190,29,158,144,21,Finisher,2486
Eduardo,Costa Sobreira,Eduardo Costa Sobreira,188,M25-29,Male,Rio De Janeiro,RJ,Brazil,BR,0:34:20,2:29:14,1:51:50,0:06:12,0:02:10,5:03:46,2060,8954,6710,372,130,18226,159,145,22,238,225,28,93,88,15,159,145,22,Finisher,2478
Felipe,Seman,Felipe Seman,1205,M40-44,Male,Curitiba,PR,Brazil,BR,0:37:42,2:32:12,1:43:43,0:07:52,0:02:34,5:04:03,2262,9132,6223,472,154,18243,160,146,19,499,446,70,178,165,25,160,146,19,Finisher,2675
Joao,Hadad,Joao Hadad,457,M30-34,Male,VILA VELHA,BR-ES,Brazil,BR,0:29:09,2:42:08,1:44:55,0:05:39,0:02:18,5:04:09,1749,9728,6295,339,138,18249,161,147,27,57,52,7,167,155,32,161,147,27,Finisher,2662
Daniel,Caeira Gomes,Daniel Caeira Gomes,213,M25-29,Male,Sao Goncalo,RJ,Brazil,BR,0:34:59,2:31:05,1:50:37,0:06:21,0:01:39,5:04:40,2099,9065,6637,381,99,18280,162,148,23,273,257,34,116,111,19,162,148,23,Finisher,2462
Fan,Yang,Fan Yang,1226,M40-44,Male,昆明市,云南省,China,CN,0:35:53,2:37:26,1:40:55,0:08:48,0:01:49,5:04:51,2153,9446,6055,528,109,18291,163,149,20,347,320,40,235,219,32,163,149,20,Finisher,2660
Emerson,Alves Ribeiro,Emerson Alves Ribeiro,1322,M45-49,Male,São Bernardo do Campo,BR-SP,Brazil,BR,0:40:23,2:36:16,1:38:40,0:07:57,0:02:16,5:05:31,2423,9376,5920,477,136,18331,164,150,10,730,636,81,254,236,22,164,150,10,Finisher,2510
Thyago ,Lisboa ,Thyago Lisboa,191,M25-29,Male,Belém,Pará ,Brazil,BR,0:37:05,2:42:01,1:34:55,0:06:48,0:04:44,5:05:33,2225,9721,5695,408,284,18333,165,151,24,445,407,55,268,248,35,165,151,24,Finisher,2446
Gustavo,Santos Dauaire,Gustavo Santos Dauaire,275,M25-29,Male,,,Brazil,BR,0:33:48,2:40:23,1:43:00,0:06:27,0:01:55,5:05:34,2028,9623,6180,387,115,18334,166,152,25,209,196,26,212,198,32,166,152,25,Finisher,2446
Hugo,Santana Alves,Hugo Santana Alves,851,M35-39,Male,NITERÓI,RJ,Brazil,BR,0:37:56,2:29:34,,0:07:47,0:00:00,5:05:36,2276,8974,0,467,0,18336,167,153,38,517,460,84,146,135,26,167,153,38,Finisher,2446
Victor,Alessandro Nolasco Cajueiro,Victor Alessandro Nolasco Cajueiro,549,M30-34,Male,Rio De Janeiro,RJ,Brazil,BR,0:32:13,2:31:50,1:51:53,0:06:16,0:03:26,5:05:38,1933,9110,6713,376,206,18338,168,154,28,146,136,22,102,97,16,168,154,28,Finisher,2635
Matheus,Arthur Barros De Mattos Almeida,Matheus Arthur Barros De Mattos Almeida,277,M25-29,Male,,,Brazil,BR,0:35:14,2:35:54,1:42:03,0:09:04,0:03:45,5:06:01,2114,9354,6123,544,225,18361,169,155,26,294,277,36,208,194,30,169,155,26,Finisher,2438
Alexandre,Gomes Fonseca,Alexandre Gomes Fonseca,1673,M55-59,Male,Paraty,Rio de janeiro,Brazil,BR,0:29:38,2:40:09,1:47:00,0:06:38,0:02:40,5:06:05,1778,9609,6420,398,160,18365,170,156,6,73,68,5,161,149,4,170,156,6,Finisher,3117
Juan,Costa Leite,Juan Costa Leite,155,M18-24,Male,Duque De Caxias,RJ,Brazil,BR,0:32:57,2:37:32,1:46:58,0:06:36,0:02:03,5:06:06,1977,9452,6418,396,123,18366,171,157,10,171,161,10,173,161,7,171,157,10,Finisher,2927
Chan,Jie xin,Chan Jie xin,389,M30-34,Male,Rio de janeiro,BR-RJ,Brazil,BR,0:38:10,2:30:10,1:48:29,0:07:19,0:02:09,5:06:18,2290,9010,6509,439,129,18378,172,158,29,541,482,86,151,140,28,172,158,29,Finisher,2623
Gustavo,Henrique,Gustavo Henrique,197,M25-29,Male,Belo Horizonte,MG,Brazil,BR,0:37:41,2:32:17,1:48:12,0:05:50,0:02:19,5:06:19,2261,9137,6492,350,139,18379,173,159,27,495,443,61,153,142,23,173,159,27,Finisher,2432
Andre,Felipe Lins Tiburtino Dos Santos,Andre Felipe Lins Tiburtino Dos Santos,543,M30-34,Male,Paulista,PE,Brazil,BR,0:37:19,2:45:44,1:33:24,0:07:29,0:02:34,5:06:30,2239,9944,5604,449,154,18390,174,160,30,464,420,74,330,304,62,174,160,30,Finisher,2620
GLAUCO,ABE HECKMANN,GLAUCO ABE HECKMANN,1308,M45-49,Male,VILHENA,RO,Brazil,BR,0:36:32,2:32:44,1:43:44,0:09:29,0:04:05,5:06:33,2192,9164,6224,569,245,18393,175,161,11,405,373,46,191,177,14,175,161,11,Finisher,2492
Claudio,Machado Leal Filho,Claudio Machado Leal Filho,278,M25-29,Male,,,Brazil,BR,0:33:22,2:39:01,1:45:53,0:06:48,0:01:34,5:06:37,2002,9541,6353,408,94,18397,176,162,28,195,184,25,195,181,26,176,162,28,Finisher,2427
Daniel,Thome Schroder,Daniel Thome Schroder,1387,M45-49,Male,Cascavel,PR,Brazil,BR,0:32:57,2:36:55,1:44:36,0:07:14,0:04:57,5:06:40,1977,9415,6276,434,297,18400,177,163,12,172,162,14,174,162,13,177,163,12,Finisher,2489
Vinicius,Augusto Fernandes,Vinicius Augusto Fernandes,522,M30-34,Male,Curitiba,Paraná,Brazil,BR,0:32:02,2:38:16,1:44:56,0:07:56,0:03:41,5:06:51,1922,9496,6296,476,221,18411,178,164,31,136,126,19,182,168,34,178,164,31,Finisher,2613
Joaquin,Garcia Arismendiz,Joaquin Garcia Arismendiz,175,M25-29,Male,Santiago de Surco,NC,Peru,PE,0:34:30,2:38:07,1:44:00,0:07:09,0:03:15,5:07:01,2070,9487,6240,429,195,18421,179,165,29,249,236,30,203,189,28,179,165,29,Finisher,2420
Gabriel,Barbalho De Castro,Gabriel Barbalho De Castro,822,M35-39,Male,,,Brazil,BR,0:35:24,2:33:43,1:49:41,0:06:31,0:01:57,5:07:17,2124,9223,6581,391,117,18437,180,166,39,302,283,60,150,139,28,180,166,39,Finisher,2415
Gianmarco,Libano,Gianmarco Libano,1546,M50-54,Male,Sao Paulo,SAO PAULO,Italy,IT,0:35:33,2:31:54,1:47:01,0:09:18,0:03:34,5:07:20,2133,9114,6421,558,214,18440,181,167,3,313,293,15,164,152,4,181,167,3,Finisher,2900
Davi,Miranda Ramos Lucena Dorea,Davi Miranda Ramos Lucena Dorea,1001,M40-44,Male,Joao Pessoa,PB,Brazil,BR,0:36:16,2:36:01,1:46:33,0:06:27,0:02:14,5:07:32,2176,9361,6393,387,134,18452,182,168,21,380,352,50,192,178,27,182,168,21,Finisher,2612
Julia,Renno,Julia Renno,316,F25-29,Female,Belo Horizonte,BR-BR-MG,Brazil,BR,0:35:34,2:38:23,1:42:47,0:08:09,0:02:50,5:07:43,2134,9503,6167,489,170,18463,183,15,3,317,21,5,234,16,3,183,15,3,Finisher,3272
Angelo,Altino Machado Filho,Angelo Altino Machado Filho,1648,M55-59,Male,Governador Valadares,MG,Brazil,BR,0:36:14,2:44:44,1:38:28,0:06:03,0:02:16,5:07:44,2174,9884,5908,363,136,18464,184,169,7,377,349,15,286,264,9,184,169,7,Finisher,3087
Jailson ,Flores,Jailson Flores,1346,M45-49,Male,Blumenau,BR-SC,Brazil,BR,0:30:50,2:42:58,1:46:51,0:05:29,0:01:46,5:07:55,1850,9778,6411,329,106,18475,185,170,13,109,100,4,196,182,15,185,170,13,Finisher,2467
Macarena,Salazar,Macarena Salazar,5004,FPRO,Female,Santiago,CL-RM,Chile,CL,0:28:49,2:40:41,1:51:18,0:05:10,0:02:04,5:08:01,1729,9641,6678,310,124,18481,186,16,7,51,4,4,137,9,6,186,16,7,Finisher,2532
Diogo,Goncalves,Diogo Goncalves,1521,M50-54,Male,Sao Paulo,BR-SP,Brazil,BR,0:39:41,2:35:21,1:45:04,0:06:09,0:01:51,5:08:07,2381,9321,6304,369,111,18487,187,171,4,668,586,40,221,206,6,187,171,4,Finisher,2886
Taghore,Aquino,Taghore Aquino,503,M30-34,Male,Londrina,PR,Brazil,BR,0:36:14,2:37:14,1:45:33,0:07:23,0:02:04,5:08:28,2174,9434,6333,443,124,18508,188,172,32,378,350,61,215,201,38,188,172,32,Finisher,2584
Joice Carolina ,Farinelli ,Joice Carolina Farinelli,958,F35-39,Female,São Paulo ,São Paulo ,Brazil,BR,0:35:39,2:42:23,1:42:51,0:05:48,0:02:08,5:08:49,2139,9743,6171,348,128,18529,189,17,2,321,24,3,248,17,2,189,17,2,Finisher,2960
José Alvaro,Frattini Santos,José Alvaro Frattini Santos,165,M25-29,Male,Sao Paulo,BR-SP,Brazil,BR,0:35:15,2:44:36,1:40:51,0:06:56,0:01:23,5:09:01,2115,9876,6051,416,83,18541,190,173,30,297,279,37,280,258,38,190,173,30,Finisher,2384
Luiza,Fomtella,Luiza Fomtella,299,F18-24,Female,Rio de Janeiro,Rio de Janeir,Brazil,BR,0:43:52,2:40:23,1:36:19,0:07:08,0:01:37,5:09:18,2632,9623,5779,428,97,18558,191,18,3,984,139,12,348,30,4,191,18,3,Finisher,3150
Gabriel,Malkut Llorens De Castro,Gabriel Malkut Llorens De Castro,240,M25-29,Male,,,Brazil,BR,0:34:32,2:44:02,1:38:32,0:08:24,0:04:01,5:09:31,2072,9842,5912,504,241,18571,192,174,31,250,237,31,285,263,39,192,174,31,Finisher,2375
Marcos,Felipe Rodolfo Leite Da Silva,Marcos Felipe Rodolfo Leite Da Silva,448,M30-34,Male,,,Brazil,BR,0:42:19,2:30:25,1:48:22,0:05:55,0:02:54,5:09:55,2539,9025,6502,355,174,18595,193,175,33,875,758,145,189,175,35,193,175,33,Finisher,2558
MATHEUS,PEREIRA DE SOUSA LIMA,MATHEUS PEREIRA DE SOUSA LIMA,630,M35-39,Male,,,Brazil,BR,0:33:23,2:38:19,1:49:02,0:06:33,0:02:40,5:09:57,2003,9499,6542,393,160,18597,194,176,40,196,185,38,183,169,36,194,176,40,Finisher,2367
Frederico,Cury,Frederico Cury,1723,M35-39,Male,Belo Horizonte,BR-MG,Brazil,BR,0:43:00,2:43:33,1:35:13,0:05:44,0:02:28,5:09:59,2580,9813,5713,344,148,18599,195,177,41,925,797,163,362,329,72,195,177,41,Finisher,2367
Andre,Castellar Faria,Andre Castellar Faria,698,M35-39,Male,,,Brazil,BR,0:32:24,2:41:17,1:46:06,0:07:37,0:02:46,5:10:09,1944,9677,6366,457,166,18609,196,178,42,153,143,26,225,210,46,196,178,42,Finisher,2364
Di Stefano,Marques,Di Stefano Marques,1104,M40-44,Male,Belo Horizonte,MG,Brazil,BR,0:37:59,2:52:31,1:30:50,0:06:58,0:01:52,5:10:10,2279,10351,5450,418,112,18610,197,179,22,521,464,77,441,401,67,197,179,22,Finisher,2565
Gabriel,Goncalves Resende,Gabriel Goncalves Resende,428,M30-34,Male,,,Brazil,BR,0:35:50,2:32:08,1:53:24,0:06:57,0:01:58,5:10:17,2150,9128,6804,417,118,18617,198,180,34,341,314,54,139,130,25,198,180,34,Finisher,2552
JOHNNY,CALDAS,JOHNNY CALDAS,1547,M50-54,Male,SAO PAULO,SP,Brazil,BR,0:36:35,2:37:14,1:46:27,0:07:42,0:02:22,5:10:21,2195,9434,6387,462,142,18621,199,181,5,408,375,22,228,213,8,199,181,5,Finisher,2846
Ricardo,De Souza Baranda,Ricardo De Souza Baranda,1126,M40-44,Male,,,Brazil,BR,0:36:49,2:33:01,1:51:37,0:06:09,0:02:52,5:10:27,2209,9181,6697,369,172,18627,200,182,23,427,392,61,155,144,22,200,182,23,Finisher,2560
Gustavo,Vaz,Gustavo Vaz,806,M35-39,Male,São Paulo,BR-SP,Brazil,BR,0:35:09,2:39:07,1:46:59,0:07:24,0:01:49,5:10:28,2109,9547,6419,444,109,18628,201,183,43,284,268,57,229,214,48,201,183,43,Finisher,2358
ALEXANDRE,BULHOES PEREIRA,ALEXANDRE BULHOES PEREIRA,553,M30-34,Male,SANTANA DE PARNAIBA,SP,Brazil,BR,0:34:20,2:42:07,1:42:40,0:08:02,0:03:27,5:10:35,2060,9727,6160,482,207,18635,202,184,35,237,224,40,253,235,48,202,184,35,Finisher,2546
Gabriel,Franco De Campos,Gabriel Franco De Campos,1087,M40-44,Male,Goiania,BR-GO,Brazil,BR,0:29:33,2:41:43,1:49:27,0:07:13,0:02:51,5:10:46,1773,9703,6567,433,171,18646,203,185,24,71,66,6,186,172,26,203,185,24,Finisher,2554
Danilo,Henrique Silva Araujo,Danilo Henrique Silva Araujo,706,M35-39,Male,,,Brazil,BR,0:38:45,2:40:19,1:41:54,0:07:42,0:02:27,5:11:07,2325,9619,6114,462,147,18667,204,186,44,593,525,99,279,257,57,204,186,44,Finisher,2346
Daniel,Attie,Daniel Attie,544,M30-34,Male,Rio de Janeiro,,Brazil,BR,0:31:58,2:37:59,1:52:36,0:06:15,0:02:29,5:11:16,1918,9479,6756,375,149,18676,205,187,36,132,122,16,160,148,30,205,187,36,Finisher,2534
RACHEL,LIMA DE FARIAS,RACHEL LIMA DE FARIAS,1450,F40-44,Female,RIO DE JANEIRO,RJ,Brazil,BR,0:37:39,2:35:28,1:47:36,0:07:47,0:02:48,5:11:19,2259,9328,6456,467,168,18679,206,19,1,490,52,10,217,15,1,206,19,1,Finisher,3500
Artur,De Holanda Paes Pinto,Artur De Holanda Paes Pinto,1113,M40-44,Male,,,Brazil,BR,0:44:17,2:37:20,1:37:08,0:09:38,0:03:00,5:11:23,2657,9440,5828,578,180,18683,207,188,25,1005,859,140,344,315,45,207,188,25,Finisher,2543
Gustavo,De Souza Martins,Gustavo De Souza Martins,740,M35-39,Male,Rio De Janeiro,RJ,Brazil,BR,0:42:09,2:31:47,1:46:28,0:08:28,0:02:43,5:11:35,2529,9107,6388,508,163,18695,208,189,45,862,746,155,239,223,51,208,189,45,Finisher,2338
Jesiel,De Castro Filho,Jesiel De Castro Filho,121,M18-24,Male,,,Brazil,BR,0:34:44,2:46:36,1:42:04,0:05:34,0:02:40,5:11:39,2084,9996,6124,334,160,18699,209,190,11,263,248,13,284,262,13,209,190,11,Finisher,2828
Becca,Maria,Becca Maria,885,F30-34,Female,Rio de Janeiro,Rio de Janeiro,Brazil,BR,0:35:43,2:46:51,1:41:16,0:05:40,0:02:11,5:11:40,2143,10011,6076,340,131,18700,210,20,4,328,26,1,293,23,5,210,20,4,Finisher,3081
JUNIOR,QUEIROZ,JUNIOR QUEIROZ,572,M30-34,Male,MARINGA,PR,Brazil,BR,0:31:13,2:22:59,2:09:30,0:05:10,0:02:49,5:11:41,1873,8579,7770,310,169,18701,211,191,37,118,109,14,54,52,8,211,191,37,Finisher,2526
Caio,Costa,Caio Costa,591,M35-39,Male,Campinas,BR-São paulo,Brazil,BR,0:36:02,2:35:59,1:49:01,0:08:08,0:02:32,5:11:42,2162,9359,6541,488,152,18702,212,192,46,364,336,69,206,192,43,212,192,46,Finisher,2336
Gabriel,Roiek Niedziela,Gabriel Roiek Niedziela,190,M25-29,Male,,,Brazil,BR,0:33:13,2:35:32,1:54:11,0:05:55,0:03:02,5:11:52,1993,9332,6851,355,182,18712,213,193,32,185,174,24,136,128,20,213,193,32,Finisher,2333
Henrique,Bulla,Henrique Bulla,1137,M40-44,Male,Maringa,BR-PR,Brazil,BR,0:38:34,2:36:43,1:46:07,0:07:30,0:02:59,5:11:53,2314,9403,6367,450,179,18713,214,194,26,578,511,84,243,227,33,214,194,26,Finisher,2534
Luis,Pedroso,Luis Pedroso,861,M35-39,Male,Canoas,BR-RS,Brazil,BR,0:40:24,2:36:38,1:44:40,0:08:21,0:02:37,5:12:40,2424,9398,6280,501,157,18760,215,195,47,732,638,131,265,245,53,215,195,47,Finisher,2318
Guilherme,Duarte Alhadas,Guilherme Duarte Alhadas,601,M35-39,Male,,,Brazil,BR,0:31:54,2:48:04,1:43:06,0:06:56,0:02:41,5:12:41,1914,10084,6186,416,161,18761,216,196,48,130,120,20,283,261,58,216,196,48,Finisher,2318
Joao,Vitor Villamarin,Joao Vitor Villamarin,168,M25-29,Male,Santos,SP,Brazil,BR,0:34:56,2:30:11,1:59:01,0:06:40,0:01:54,5:12:42,2096,9011,7141,400,114,18762,217,197,33,271,255,33,113,108,18,217,197,33,Finisher,2318
Elson,Araujo Dos Santos,Elson Araujo Dos Santos,1036,M40-44,Male,Rio De Janeiro,RJ,Brazil,BR,0:35:55,2:42:36,1:45:23,0:06:15,0:02:37,5:12:47,2155,9756,6323,375,157,18767,218,198,27,354,327,42,257,238,34,218,198,27,Finisher,2518
Thiago,Nobre Ribeiro,Thiago Nobre Ribeiro,1035,M40-44,Male,Governador Valadares,MG,Brazil,BR,0:35:51,2:38:30,1:49:07,0:06:35,0:02:57,5:13:00,2151,9510,6547,395,177,18780,219,199,28,344,317,39,218,203,29,219,199,28,Finisher,2514
Cristian,Pereira Da Cruz,Cristian Pereira Da Cruz,1740,M45-49,Male,Niteroi,,Brazil,BR,0:35:11,2:37:18,1:50:03,0:07:02,0:03:32,5:13:07,2111,9438,6603,422,212,18787,220,200,14,289,272,34,201,187,16,220,200,14,Finisher,2373
Lucas,Souza,Lucas Souza,404,M30-34,Male,Campos dos Goytacazes,Rio de Janeiro,Brazil,BR,0:32:44,2:41:06,1:51:05,0:06:13,0:02:14,5:13:21,1964,9666,6665,373,134,18801,221,201,38,164,154,27,205,191,37,221,201,38,Finisher,2496
Ornella,Mandarano,Ornella Mandarano,918,F30-34,Female,Buenos Aires,AR-C,Argentina,AR,0:37:14,2:41:57,1:44:55,0:06:53,0:02:25,5:13:24,2234,9717,6295,413,145,18804,222,21,5,458,42,6,272,22,4,222,21,5,Finisher,3050
Nicolas,Rotholtz,Nicolas Rotholtz,1653,M55-59,Male,BUENOS AIRES,AR-C,Argentina,AR,0:36:37,2:45:46,1:40:40,0:08:16,0:02:20,5:13:39,2197,9946,6040,496,140,18819,223,202,8,411,378,18,331,305,12,223,202,8,Finisher,2981
Edson,Gonçalves Carneiro da Silva,Edson Gonçalves Carneiro da Silva,1176,M40-44,Male,Macaé,TX,Brazil,BR,0:33:21,2:34:04,1:56:50,0:06:58,0:02:31,5:13:43,2001,9244,7010,418,151,18823,224,203,29,193,182,23,133,126,20,224,203,29,Finisher,2501
Bruno,Balbinot,Bruno Balbinot,1170,M40-44,Male,Sao Paulo,SP,Brazil,BR,0:34:39,2:33:03,1:54:22,0:08:26,0:03:17,5:13:47,2079,9183,6862,506,197,18827,225,204,30,256,242,32,157,146,23,225,204,30,Finisher,2500
Bernardo,Duarte,Bernardo Duarte,1381,M45-49,Male,Salvador,BR-Bahia,Brazil,BR,0:40:12,2:42:24,1:40:22,0:07:20,0:03:51,5:14:09,2412,9744,6022,440,231,18849,226,205,15,708,617,77,322,296,30,226,205,15,Finisher,2355
Diego,Muniz Silva,Diego Muniz Silva,776,M35-39,Male,Poços de Caldas,BR-MG,Brazil,BR,0:38:26,2:32:00,1:55:44,0:06:36,0:01:36,5:14:22,2306,9120,6944,396,96,18862,227,206,49,565,502,95,171,159,34,227,206,49,Finisher,2288
Rafael,Dos Santos Silva,Rafael Dos Santos Silva,482,M30-34,Male,Barra Mansa,RJ,Brazil,BR,0:35:57,2:47:26,1:42:07,0:06:59,0:02:23,5:14:52,2157,10046,6127,419,143,18892,228,207,39,356,329,57,329,303,61,228,207,39,Finisher,2469
Lucas,Alves Justo,Lucas Alves Justo,1265,M45-49,Male,,,Brazil,BR,0:34:36,2:36:15,1:56:14,0:06:12,0:01:36,5:14:54,2076,9375,6974,372,96,18894,229,208,16,255,241,31,172,160,12,229,208,16,Finisher,2341
Sergio,Kendy De Castro Oliveira Igarashi,Sergio Kendy De Castro Oliveira Igarashi,502,M30-34,Male,Londrina,PR,Brazil,BR,0:39:21,2:34:48,1:51:32,0:06:58,0:02:19,5:14:59,2361,9288,6692,418,139,18899,230,209,40,641,565,103,220,205,40,230,209,40,Finisher,2467
Pedro,Ricardo Pereira De Almeida,Pedro Ricardo Pereira De Almeida,247,M25-29,Male,Belo Horizonte,Minas Gerais,Brazil,BR,0:26:47,2:42:01,1:57:14,0:06:18,0:02:41,5:15:01,1607,9721,7034,378,161,18901,231,210,34,25,22,3,144,133,21,231,210,34,Finisher,2276
Andre,Pestana,Andre Pestana,219,M25-29,Male,Rio de Janeiro,RJ,Brazil,BR,0:31:11,2:41:00,1:53:15,0:07:16,0:02:28,5:15:09,1871,9660,6795,436,148,18909,232,211,35,117,108,18,198,184,27,232,211,35,Finisher,2273
Charlston,Cabral Rodrigues,Charlston Cabral Rodrigues,1347,M45-49,Male,PALMAS,CO,Brazil,BR,0:34:25,2:41:30,1:49:43,0:06:42,0:02:52,5:15:12,2065,9690,6583,402,172,18912,233,212,17,242,229,29,240,224,19,233,212,17,Finisher,2336
Lucas,Tiburski,Lucas Tiburski,575,M30-34,Male,Ponta Grossa,Paraná,Brazil,BR,0:38:09,2:43:31,1:44:01,0:06:55,0:02:43,5:15:18,2289,9811,6241,415,163,18918,234,213,41,538,480,85,299,275,54,234,213,41,Finisher,2461
ALEJANDRO,REBELO,ALEJANDRO REBELO,1516,M50-54,Male,Porto,PT-13,Brazil,BR,0:37:13,2:38:22,1:50:24,0:06:33,0:02:48,5:15:20,2233,9502,6624,393,168,18920,235,214,6,455,414,25,236,220,9,235,214,6,Finisher,2756
Lucas,Drummond,Lucas Drummond,842,M35-39,Male,São Paulo,BR-BR-SP,Brazil,BR,0:41:19,2:47:08,1:34:43,0:09:22,0:02:55,5:15:26,2479,10028,5683,562,175,18926,236,215,50,815,708,148,446,405,90,236,215,50,Finisher,2269
Bruno,Leao,Bruno Leao,426,M30-34,Male,Sao paulo,Sao paulo,Brazil,BR,0:36:26,2:46:28,1:43:19,0:06:55,0:02:35,5:15:42,2186,9988,6199,415,155,18942,237,216,42,393,361,63,320,294,58,237,216,42,Finisher,2454
JOAO,MARINO MAGALHAES,JOAO MARINO MAGALHAES,816,M35-39,Male,,,Brazil,BR,0:33:25,2:38:25,1:51:44,0:07:46,0:04:27,5:15:47,2005,9505,6704,466,267,18947,238,217,51,198,187,39,202,188,42,238,217,51,Finisher,2262
Victor,Pinto Albuquerque De Oliveira,Victor Pinto Albuquerque De Oliveira,1069,M40-44,Male,Vila Velha,BR-ES,Brazil,BR,0:30:00,2:41:45,1:56:25,0:05:34,0:02:21,5:16:05,1800,9705,6985,334,141,18965,239,218,31,82,76,7,177,164,24,239,218,31,Finisher,2458
Mauro,Giorchino,Mauro Giorchino,1724,M55-59,Male,São Paulo,SP,Brazil,BR,0:33:27,2:36:09,1:56:12,0:07:21,0:03:07,5:16:16,2007,9369,6972,441,187,18976,240,219,9,199,188,8,168,156,5,240,219,9,Finisher,2933
Igor,Brito,Igor Brito,224,M25-29,Male,Rio de Janeiro,Rio de Janeiro,Brazil,BR,0:35:54,2:47:28,1:45:06,0:06:06,0:01:57,5:16:31,2154,10048,6306,366,117,18991,241,220,36,351,324,45,315,290,43,241,220,36,Finisher,2249
Cristiano,Souza Gimenez,Cristiano Souza Gimenez,1300,M45-49,Male,Dourados,MS,Brazil,BR,0:38:33,2:30:05,1:53:55,0:08:16,0:06:08,5:16:57,2313,9005,6835,496,368,19017,242,221,18,577,510,58,166,154,11,242,221,18,Finisher,2304
ANDERSON,RAMOS,ANDERSON RAMOS,1280,M45-49,Male,SANTO ANDRE,SP,Brazil,BR,0:44:42,2:38:42,1:43:58,0:07:23,0:02:14,5:16:58,2682,9522,6238,443,134,19018,243,222,19,1029,879,118,334,307,32,243,222,19,Finisher,2304
Pedro ,Baeta,Pedro Baeta,112,M18-24,Male,São Paulo,SAO PAULO,Brazil,BR,0:37:41,2:38:50,1:51:02,0:07:19,0:02:28,5:17:20,2261,9530,6662,439,148,19040,244,223,12,497,445,27,250,232,11,244,223,12,Finisher,2725
Christian,Vieira De Oliveira,Christian Vieira De Oliveira,469,M30-34,Male,,,Brazil,BR,0:37:23,2:39:10,1:51:25,0:07:11,0:02:23,5:17:32,2243,9550,6685,431,143,19052,245,224,43,473,427,76,247,231,46,245,224,43,Finisher,2421
FERNANDA ,CARVALHO MARQUES DE OLIVEIRA,FERNANDA CARVALHO MARQUES DE OLIVEIRA,1464,F40-44,Female,Goiânia,Goiás,Brazil,BR,0:36:57,2:46:36,1:45:27,0:07:26,0:01:32,5:17:58,2217,9996,6327,446,92,19078,246,22,2,434,37,5,338,28,3,246,22,2,Finisher,3380
Moises Gustavo,Dolis,Moises Gustavo Dolis,1377,M45-49,Male,Londrina,Parana,Brazil,BR,0:39:50,2:36:41,1:48:53,0:09:33,0:03:04,5:18:01,2390,9401,6533,573,184,19081,247,225,20,682,600,73,271,250,25,247,225,20,Finisher,2285
Giampiero,Rosmo,Giampiero Rosmo,1378,M45-49,Male,Brasilia,DF,Brazil,BR,0:37:32,2:45:08,1:43:52,0:08:34,0:03:03,5:18:09,2252,9908,6232,514,183,19089,248,226,21,478,430,52,343,314,33,248,226,21,Finisher,2283
GUILHERME,LUIZ RAMOS FERREIRA BRUM DUARTE,GUILHERME LUIZ RAMOS FERREIRA BRUM DUARTE,1134,M40-44,Male,BOM JESUS DOS PERDOES,SP,Brazil,BR,0:36:48,2:41:43,1:49:44,0:07:43,0:02:12,5:18:10,2208,9703,6584,463,132,19090,249,227,32,425,390,59,276,254,38,249,227,32,Finisher,2421
Thaina,Michaela Renosto Veiga,Thaina Michaela Renosto Veiga,881,F30-34,Female,Chapeco,SANTA CATARINA,Brazil,BR,0:39:29,2:43:29,1:46:20,0:06:42,0:02:12,5:18:12,2369,9809,6380,402,132,19092,250,23,6,652,80,15,317,26,7,250,23,6,Finisher,2964
Christian,Ramon Cordeiro Taguchi,Christian Ramon Cordeiro Taguchi,1086,M40-44,Male,Rio De Janeiro,RJ,Brazil,BR,0:38:55,2:44:56,1:42:56,0:09:10,0:02:25,5:18:22,2335,9896,6176,550,145,19102,251,228,33,604,533,87,374,340,51,251,228,33,Finisher,2417
Mauro,Sergio De Souza,Mauro Sergio De Souza,1578,M50-54,Male,Caraguatatuba,SP,Brazil,BR,0:36:29,2:45:06,1:47:05,0:07:06,0:02:37,5:18:24,2189,9906,6425,426,157,19104,252,229,7,400,368,21,302,278,11,252,229,7,Finisher,2701
Joao,Pedro Cardillofilho Neiva Moreira,Joao Pedro Cardillofilho Neiva Moreira,282,M25-29,Male,Rio De Janeiro,RJ,Brazil,BR,0:35:28,2:48:28,1:45:51,0:06:23,0:02:22,5:18:32,2128,10108,6351,383,142,19112,253,230,37,305,286,39,328,302,46,253,230,37,Finisher,2213
Carlos Angel,González Aragón,Carlos Angel González Aragón,1224,M40-44,Male,Brooklyn,BR-BR-SP,Spain,ES,0:36:29,2:46:09,1:40:23,0:09:27,0:06:10,5:18:38,2189,9969,6023,567,370,19118,254,231,34,399,367,53,358,325,48,254,231,34,Finisher,2412
JOAO,RICARDO PROCHMANN,JOAO RICARDO PROCHMANN,617,M35-39,Male,SAO BENTO DO SUL,SC,Brazil,BR,0:31:21,2:30:26,2:08:54,0:06:12,0:01:51,5:18:45,1881,9026,7734,372,111,19125,255,232,52,120,111,18,86,81,13,255,232,52,Finisher,2209
Lincoln,Rocha De Lacerda Santiago,Lincoln Rocha De Lacerda Santiago,819,M35-39,Male,,,Brazil,BR,0:26:45,2:46:52,1:56:43,0:06:59,0:01:32,5:18:51,1605,10012,7003,419,92,19131,256,233,53,24,21,1,211,197,44,256,233,53,Finisher,2207
Ilan,Goldberg,Ilan Goldberg,1519,M50-54,Male,Rio De Janeiro,RJ,Brazil,BR,0:35:55,2:38:49,1:53:44,0:06:29,0:04:03,5:19:00,2155,9529,6824,389,243,19140,257,234,8,353,326,17,222,207,7,257,234,8,Finisher,2690
Rafael,DeMarco,Rafael DeMarco,730,M35-39,Male,São Gabriel do Oeste,MATO GROSSO DO SUL,Brazil,BR,0:39:14,2:31:11,1:58:27,0:07:42,0:02:33,5:19:06,2354,9071,7107,462,153,19146,258,235,54,627,554,111,181,167,35,258,235,54,Finisher,2203
Luis,Guilherme Silva De Lima,Luis Guilherme Silva De Lima,441,M30-34,Male,Sao Paulo,SP,Brazil,BR,0:36:45,2:47:16,1:45:12,0:06:47,0:03:16,5:19:16,2205,10036,6312,407,196,19156,259,236,44,423,388,67,336,309,63,259,236,44,Finisher,2390
Felipe,Vieira Da Cunha Carvalho,Felipe Vieira Da Cunha Carvalho,563,M30-34,Male,,,Brazil,BR,0:34:07,2:50:17,1:44:22,0:08:30,0:02:00,5:19:17,2047,10217,6262,510,120,19157,260,237,45,223,210,37,371,337,65,260,237,45,Finisher,2390
Robson,Brito,Robson Brito,1248,M45-49,Male,RIO DE JANEIRO,BR-RJ,Brazil,BR,0:47:48,2:38:25,1:43:51,0:07:22,0:01:52,5:19:18,2868,9505,6231,442,112,19158,261,238,22,1178,996,138,382,348,37,261,238,22,Finisher,2262
Fábio,Esteves Estrada,Fábio Esteves Estrada,1079,M40-44,Male,Campo Grande,MS,Brazil,BR,0:34:34,2:39:18,1:54:58,0:07:35,0:02:57,5:19:21,2074,9558,6898,455,177,19161,262,239,35,253,240,31,226,211,30,262,239,35,Finisher,2399
Daniel,Deracco Coutinho,Daniel Deracco Coutinho,1236,M45-49,Male,São Paulo,São Paulo,Brazil,BR,0:39:29,2:44:47,1:45:03,0:07:15,0:02:50,5:19:23,2369,9887,6303,435,170,19163,263,240,23,653,573,68,349,319,34,263,240,23,Finisher,2261
Edelmo,Jose De Azevedo Filho,Edelmo Jose De Azevedo Filho,1560,M50-54,Male,BRASILIA,Distrito Federal,Brazil,BR,0:45:47,2:39:01,1:40:15,0:10:09,0:04:16,5:19:29,2747,9541,6015,609,256,19169,264,241,9,1093,932,61,405,367,17,264,241,9,Finisher,2681
Felipe,Feldman De Mendonca Camillo,Felipe Feldman De Mendonca Camillo,362,M30-34,Male,Curitiba,PR,Brazil,BR,0:41:11,2:35:29,1:50:50,0:08:38,0:03:24,5:19:32,2471,9329,6650,518,204,19172,265,242,46,809,704,135,263,243,49,265,242,46,Finisher,2385
Iago,Pinto Azeredo,Iago Pinto Azeredo,479,M30-34,Male,,,Brazil,BR,0:32:34,2:41:06,1:54:30,0:08:29,0:02:55,5:19:34,1954,9666,6870,509,175,19174,266,243,47,157,147,24,237,221,42,266,243,47,Finisher,2384
Silvio,Luis Dos Santos Junior,Silvio Luis Dos Santos Junior,422,M30-34,Male,Rio De Janeiro,RJ,Brazil,BR,0:34:26,2:46:25,1:49:15,0:06:45,0:02:51,5:19:42,2066,9985,6555,405,171,19182,267,244,48,244,231,41,290,268,52,267,244,48,Finisher,2382
ERICK,Nasser,ERICK Nasser,180,M25-29,Male,Rio de Janeiro,BR-BR-RJ,Brazil,BR,0:29:17,2:40:49,1:58:07,0:08:15,0:03:17,5:19:45,1757,9649,7087,495,197,19185,268,245,38,62,57,10,184,170,24,268,245,38,Finisher,2191
Mielle,Messias Santos Pimentel,Mielle Messias Santos Pimentel,1222,M40-44,Male,Sao Jose Do Rio Preto,SP,Brazil,BR,0:41:00,2:45:36,1:41:10,0:07:50,0:04:10,5:19:45,2460,9936,6070,470,250,19185,269,246,36,787,686,112,395,360,55,269,246,36,Finisher,2392
RAFAEL,ALVES SIMPLICIO,RAFAEL ALVES SIMPLICIO,795,M35-39,Male,RIO DE JANEIRO,RJ,Brazil,BR,0:39:45,2:47:17,1:43:38,0:07:02,0:02:14,5:19:56,2385,10037,6218,422,134,19196,270,247,55,676,594,119,388,354,80,270,247,55,Finisher,2188
Luiz,Matos,Luiz Matos,1129,M40-44,Male,fortaleza,ce,Brazil,BR,0:37:58,2:43:29,1:48:12,0:07:13,0:03:06,5:19:58,2278,9809,6492,433,186,19198,271,248,37,519,462,75,301,277,41,271,248,37,Finisher,2388
Luiz,Gustavo Lemos Dos Santos,Luiz Gustavo Lemos Dos Santos,1518,M50-54,Male,,,Brazil,BR,0:32:06,2:36:04,2:01:39,0:07:53,0:02:20,5:20:02,1926,9364,7299,473,140,19202,272,249,10,140,130,6,156,145,3,272,249,10,Finisher,2671
Silvia,Helena Barbosa Prado,Silvia Helena Barbosa Prado,1481,F45-49,Female,São José dos Campos,,Brazil,BR,0:38:31,2:45:59,1:45:10,0:07:13,0:03:12,5:20:07,2311,9959,6310,433,192,19207,273,24,1,575,66,5,354,32,3,273,24,1,Finisher,3500
Marcel,Kenzo Vilalba Onizuka,Marcel Kenzo Vilalba Onizuka,784,M35-39,Male,Campo Grande,MS,Brazil,BR,0:35:44,2:45:37,,0:08:05,0:00:00,5:20:11,2144,9937,0,485,0,19211,274,250,56,330,304,66,312,287,62,274,250,56,Finisher,2183
Lucas,Trocilo,Lucas Trocilo,710,M35-39,Male,Itaperuna ,Rj,Brazil,BR,0:40:31,2:42:40,1:44:27,0:09:43,0:02:51,5:20:12,2431,9760,6267,583,171,19212,275,251,57,747,652,134,370,336,75,275,251,57,Finisher,2183
Lucas,Pereira Thomaz,Lucas Pereira Thomaz,782,M35-39,Male,Niteroi,RIO DE JANEIRO,Brazil,BR,0:33:03,2:42:28,1:55:35,0:06:31,0:02:36,5:20:13,1983,9748,6935,391,156,19213,276,252,58,179,169,33,233,218,50,276,252,58,Finisher,2183
Rafael,Capanema,Rafael Capanema,1250,M45-49,Male,Petrópolis ,Rio de Janeiro,Brazil,BR,0:39:01,2:55:53,1:36:04,0:06:42,0:02:44,5:20:25,2341,10553,5764,402,164,19225,277,253,24,610,538,62,518,467,53,277,253,24,Finisher,2242
Henrique,Sauer,Henrique Sauer,681,M35-39,Male,São Paulo,SAO PAULO,Brazil,BR,0:38:48,2:46:47,1:43:36,0:07:46,0:03:28,5:20:26,2328,10007,6216,466,208,19226,278,254,59,598,529,101,377,343,78,278,254,59,Finisher,2179
Alexandre,Garcia Padilha,Alexandre Garcia Padilha,1162,M40-44,Male,Sao Paulo,SP,Brazil,BR,0:31:09,2:51:40,,0:06:37,0:00:00,5:20:28,1869,10300,0,397,0,19228,279,255,38,115,106,15,311,286,43,279,255,38,Finisher,2379
Guilherme,Augusto Dos Santos Britto,Guilherme Augusto Dos Santos Britto,1117,M40-44,Male,,,Brazil,BR,0:40:45,2:51:56,1:39:33,0:06:19,0:01:57,5:20:29,2445,10316,5973,379,117,19229,280,256,39,767,668,107,470,426,70,280,256,39,Finisher,2379
Isadora,De Carvalho Reis,Isadora De Carvalho Reis,337,F25-29,Female,Rio de Janeiro,RJ,Brazil,BR,0:38:46,2:49:19,1:42:52,0:06:44,0:02:48,5:20:29,2326,10159,6172,404,168,19229,281,25,4,595,69,12,400,36,6,281,25,4,Finisher,3042
Fabricio,Lopes,Fabricio Lopes,370,M30-34,Male,Rio De Janeiro,RJ,Brazil,BR,0:35:09,2:50:27,1:44:19,0:07:56,0:02:41,5:20:32,2109,10227,6259,476,161,19232,282,257,49,285,269,48,379,345,66,282,257,49,Finisher,2367
Felipe,Augusto Cavichiolo,Felipe Augusto Cavichiolo,648,M35-39,Male,,,Brazil,BR,0:36:39,2:39:40,,0:07:32,0:00:00,5:20:41,2199,9580,0,452,0,19241,283,258,60,414,380,77,251,233,52,283,258,60,Finisher,2174
Arthur,Bravo,Arthur Bravo,452,M30-34,Male,Niteroi,RIO DE JANEIRO,Brazil,BR,0:38:21,2:50:59,1:40:27,0:08:33,0:02:34,5:20:55,2301,10259,6027,513,154,19255,284,259,50,558,495,89,447,406,73,284,259,50,Finisher,2360
Gustavo,Siqueira Do Amaral E Silva,Gustavo Siqueira Do Amaral E Silva,559,M30-34,Male,,,Brazil,BR,0:34:11,2:34:20,2:01:24,0:06:50,0:04:10,5:20:55,2051,9260,7284,410,250,19255,285,260,51,225,212,38,147,136,26,285,260,51,Finisher,2360
Danilo,Oshiro,Danilo Oshiro,1270,M45-49,Male,Rio de Janeiro,BR-RJ,Brazil,BR,0:33:03,2:48:42,1:50:54,0:06:33,0:02:18,5:21:30,1983,10122,6654,393,138,19290,286,261,25,178,168,15,295,272,27,286,261,25,Finisher,2222
Joao,Felipe Calarge Wollner,Joao Felipe Calarge Wollner,393,M30-34,Male,Rio De Janeiro,Rio De Janeiro,Brazil,BR,0:35:00,2:39:10,1:58:03,0:06:42,0:02:42,5:21:37,2100,9550,7083,402,162,19297,287,262,52,275,259,46,216,202,39,287,262,52,Finisher,2348
Luiz,Fernando Pereira Zottich,Luiz Fernando Pereira Zottich,524,M30-34,Male,Rio De Janeiro,RJ,Brazil,BR,0:36:13,2:37:01,1:57:39,0:08:02,0:02:44,5:21:40,2173,9421,7059,482,164,19300,288,263,53,376,348,60,224,209,41,288,263,53,Finisher,2347
Fabricio,Meirelles Lofrano,Fabricio Meirelles Lofrano,1495,M50-54,Male,Rio das Ostras,South America,Brazil,BR,0:33:18,2:55:03,1:42:28,0:07:49,0:03:07,5:21:45,1998,10503,6148,469,187,19305,289,264,11,189,178,7,421,381,18,289,264,11,Finisher,2640
ANGELO,NARDI ALBANESE,ANGELO NARDI ALBANESE,1497,M50-54,Male,SAO PAULO,SP,Brazil,BR,0:37:48,2:48:11,1:44:44,0:07:58,0:03:15,5:21:57,2268,10091,6284,478,195,19317,290,265,12,506,451,31,386,352,16,290,265,12,Finisher,2637
Ravel ,Veiga,Ravel Veiga,999,M40-44,Male,Belo Horizonte ,Minas Gerais,Brazil,BR,0:40:50,2:44:11,1:47:14,0:06:39,0:03:09,5:22:04,2450,9851,6434,399,189,19324,291,266,40,777,678,111,352,321,47,291,266,40,Finisher,2351
Simon,Brochard,Simon Brochard,1167,M40-44,Male,San Isidro,AR-B,Argentina,AR,0:35:53,2:51:33,1:44:21,0:07:42,0:02:35,5:22:04,2153,10293,6261,462,155,19324,292,267,41,349,322,41,409,370,57,292,267,41,Finisher,2351
Bruno,Cesar Faustino,Bruno Cesar Faustino,711,M35-39,Male,São Paulo,BR-SP,Brazil,BR,0:47:40,2:41:22,1:40:16,0:08:08,0:04:45,5:22:11,2860,9682,6016,488,285,19331,293,268,61,1172,992,215,432,392,85,293,268,61,Finisher,2147
Tiago,Felipe Andrade,Tiago Felipe Andrade,1153,M40-44,Male,Rio de Janeiro,Rio de Janeiro,Brazil,BR,0:43:01,2:38:17,1:50:23,0:07:48,0:03:07,5:22:35,2581,9497,6623,468,187,19355,294,269,42,926,798,127,306,282,42,294,269,42,Finisher,2341
Alana,Ventura ,Alana Ventura,966,F35-39,Female,SALVADOR,Bahia,Brazil,BR,0:42:09,2:40:43,1:47:35,0:08:43,0:03:35,5:22:46,2529,9643,6455,523,215,19366,295,26,3,863,117,20,350,31,3,295,26,3,Finisher,2709
Camila,Campelo Maia,Camila Campelo Maia,311,F25-29,Female,Belo Horizonte,MG,Brazil,BR,0:29:52,2:53:15,1:51:41,0:06:12,0:01:45,5:22:46,1792,10395,6701,372,105,19366,296,27,5,79,6,1,310,25,4,296,27,5,Finisher,3001
Marlon,Araujo,Marlon Araujo,1525,M50-54,Male,,,Brazil,BR,0:36:11,2:47:00,1:48:53,0:07:56,0:02:59,5:22:59,2171,10020,6533,476,179,19379,297,270,13,372,344,19,341,313,13,297,270,13,Finisher,2618
Phelipe,Vergara Ferreira De Freitas,Phelipe Vergara Ferreira De Freitas,380,M30-34,Male,Rio de Janeiro,Rio de Janeiro,Brazil,BR,0:37:42,2:42:49,1:53:21,0:07:54,0:01:16,5:23:01,2262,9769,6801,474,76,19381,298,271,54,501,447,79,296,273,53,298,271,54,Finisher,2322
Arthur,Vieira Bussedi,Arthur Vieira Bussedi,1732,M25-29,Male,Niteroi,RJ,Brazil,BR,0:38:39,2:32:39,1:58:26,0:09:10,0:04:13,5:23:07,2319,9159,7106,550,253,19387,299,272,39,583,515,69,209,195,31,299,272,39,Finisher,2130
Henrique,Carsalade Martins,Henrique Carsalade Martins,1514,M50-54,Male,,,Brazil,BR,0:29:29,2:55:46,1:46:42,0:08:18,0:02:57,5:23:12,1769,10546,6402,498,177,19392,300,273,14,70,65,2,381,347,15,300,273,14,Finisher,2614
Luiz,Arator Carvalho Vaz,Luiz Arator Carvalho Vaz,1038,M40-44,Male,Rio Bonito,Rio De Janeiro,Brazil,BR,0:34:11,2:43:57,1:55:06,0:07:39,0:02:23,5:23:15,2051,9837,6906,459,143,19395,301,274,43,226,213,30,267,247,36,301,274,43,Finisher,2329
Robledo ,Rampaso de Oliveira,Robledo Rampaso de Oliveira,774,M35-39,Male,Volta Redonda,Rio de janeiro,Brazil,BR,0:44:09,2:37:07,1:47:57,0:10:05,0:04:04,5:23:22,2649,9427,6477,605,244,19402,302,275,62,996,852,176,347,318,68,302,275,62,Finisher,2126
MAURICIO,MAFUZ,MAURICIO MAFUZ,1212,M40-44,Male,Santos,SP,Brazil,BR,0:38:30,2:48:00,1:46:04,0:07:35,0:03:30,5:23:39,2310,10080,6364,455,210,19419,303,276,44,570,506,82,390,356,54,303,276,44,Finisher,2322
Luiz,Fernando Porto Silva,Luiz Fernando Porto Silva,1364,M45-49,Male,,,Brazil,BR,,2:43:10,1:55:38,0:00:00,0:05:17,5:23:40,0,9790,6938,0,317,19420,304,277,26,99999,99999,99999,242,226,20,304,277,26,Finisher,2183
Alberto,Jorge Muniz Junior,Alberto Jorge Muniz Junior,1215,M40-44,Male,Campo Grande,MS,Brazil,BR,0:31:46,2:39:37,2:02:25,0:07:24,0:02:30,5:23:41,1906,9577,7345,444,150,19421,305,278,45,128,118,17,193,179,28,305,278,45,Finisher,2321
ANA,BEATRIZ BIOLCHINI,ANA BEATRIZ BIOLCHINI,302,F18-24,Female,RIO DE JANEIRO,RJ,Brazil,BR,0:33:07,2:45:46,1:57:17,0:05:54,0:01:41,5:23:45,1987,9946,7037,354,101,19425,306,28,4,181,11,1,256,19,3,306,28,4,Finisher,2890
Igor,Jose Ribeiro De Sampaio,Igor Jose Ribeiro De Sampaio,1237,M45-49,Male,Rio De Janeiro,RJ,Brazil,BR,0:35:06,2:48:18,1:48:46,0:08:48,0:02:48,5:23:46,2106,10098,6526,528,168,19426,307,279,27,280,264,33,360,327,35,307,279,27,Finisher,2182
Mario,Angelo Guarnieri Martins,Mario Angelo Guarnieri Martins,731,M35-39,Male,,,Brazil,BR,0:39:06,2:44:33,1:48:21,0:08:03,0:03:47,5:23:50,2346,9873,6501,483,227,19430,308,280,63,617,545,105,353,322,70,308,280,63,Finisher,2117
Saulo,Peruzzi,Saulo Peruzzi,856,M35-39,Male,RIO DE JANEIRO,Rj,Brazil,BR,0:28:37,2:43:11,2:01:14,0:07:42,0:03:11,5:23:55,1717,9791,7274,462,191,19435,309,281,64,48,45,7,199,185,41,309,281,64,Finisher,2116
Emanuel,Normando,Emanuel Normando,1354,M45-49,Male,TERESINA,PIAUÍ,Brazil,BR,0:40:47,2:47:46,1:43:31,0:08:51,0:03:07,5:24:03,2447,10066,6211,531,187,19443,310,282,28,769,670,87,437,397,43,310,282,28,Finisher,2177
Aristides,Silva Dos Santos Neto,Aristides Silva Dos Santos Neto,430,M30-34,Male,Salvador,BA,Brazil,BR,0:36:34,2:45:48,1:51:15,0:07:41,0:02:45,5:24:03,2194,9948,6675,461,165,19443,311,283,55,407,374,64,325,299,60,311,283,55,Finisher,2304
Juan,Bianco,Juan Bianco,1564,M50-54,Male,"Córdoba, Argentina",Córdoba,Argentina,AR,0:30:29,2:52:15,,0:07:26,0:00:00,5:24:15,1829,10335,0,446,0,19455,312,284,15,98,91,5,326,300,12,312,284,15,Finisher,2595
Andrey,Gusmao Rousseau Guimaraes,Andrey Gusmao Rousseau Guimaraes,785,M35-39,Male,Campo Grande,MS,Brazil,BR,0:40:43,2:42:49,1:48:51,0:09:05,0:02:58,5:24:26,2443,9769,6531,545,178,19466,313,285,65,765,666,139,366,332,73,313,285,65,Finisher,2107
Paulo,Cesar Manoel Soares Junior,Paulo Cesar Manoel Soares Junior,671,M35-39,Male,,,Brazil,BR,0:41:23,2:42:05,1:49:14,0:08:39,0:03:06,5:24:28,2483,9725,6554,519,186,19468,314,286,66,822,713,149,359,326,71,314,286,66,Finisher,2106
Celeste,Pizarro,Celeste Pizarro,1443,F40-44,Female,Martínez,AR-B,Argentina,AR,0:39:52,2:39:09,1:57:18,0:06:15,0:02:15,5:24:49,2392,9549,7038,375,135,19489,315,29,3,685,84,18,262,20,2,315,29,3,Finisher,3257
Rogerio,Veras De Vasconcelos,Rogerio Veras De Vasconcelos,582,M30-34,Male,Sao Paulo,SP,Brazil,BR,0:35:48,2:38:32,1:58:12,0:07:57,0:04:24,5:24:54,2148,9512,7092,477,264,19494,316,287,56,339,312,53,238,222,43,316,287,56,Finisher,2288
Thales,Alaerte Rocha Ildefonso,Thales Alaerte Rocha Ildefonso,262,M25-29,Male,,,Brazil,BR,0:37:34,2:44:02,1:53:40,0:07:12,0:02:31,5:24:59,2254,9842,6820,432,151,19499,317,288,40,484,436,60,304,280,41,317,288,40,Finisher,2096
Felipe,Bertuol Delmondes,Felipe Bertuol Delmondes,143,M18-24,Male,,,Brazil,BR,0:35:33,2:53:20,1:44:03,0:09:12,0:02:54,5:25:03,2133,10400,6243,552,174,19503,318,289,13,314,294,16,453,412,22,318,289,13,Finisher,2586
Denise,Fernandes,Denise Fernandes,991,F35-39,Female,Curitiba,Paraná,Brazil,BR,0:36:32,2:51:57,1:47:27,0:06:27,0:02:41,5:25:04,2192,10317,6447,387,161,19504,319,30,4,406,33,4,404,38,4,319,30,4,Finisher,2668
Gabriel,Eduardo Arrigoni Lopes,Gabriel Eduardo Arrigoni Lopes,707,M35-39,Male,Aracaju,SE,Brazil,BR,0:39:36,2:42:37,1:54:12,0:06:05,0:02:37,5:25:08,2376,9757,6852,365,157,19508,320,290,67,661,580,115,294,271,61,320,290,67,Finisher,2094
Fernanda,Longuinho,Fernanda Longuinho,935,F30-34,Female,CAMPO GRANDE,MS,Brazil,BR,0:37:19,2:43:52,1:54:29,0:07:15,0:02:15,5:25:11,2239,9832,6869,435,135,19511,321,31,7,465,45,8,298,24,6,321,31,7,Finisher,2838
Thiago,De Seixas Correa,Thiago De Seixas Correa,1090,M40-44,Male,Rio De Janeiro,RJ,Brazil,BR,0:38:44,2:53:12,1:39:57,0:09:32,0:03:50,5:25:15,2324,10392,5997,572,230,19515,322,291,46,592,524,85,516,465,78,322,291,46,Finisher,2293
Marcelo,Florentino Bahia,Marcelo Florentino Bahia,211,M25-29,Male,,,Brazil,BR,0:33:10,2:46:00,1:57:15,0:06:48,0:02:13,5:25:26,1990,9960,7035,408,133,19526,323,292,41,183,172,23,269,249,36,323,292,41,Finisher,2088
Francisco,Garcia,Francisco Garcia,1114,M40-44,Male,LONDRINA,PARANA,Brazil,BR,0:39:38,2:40:18,1:54:52,0:08:00,0:02:42,5:25:31,2378,9618,6892,480,162,19531,324,293,47,665,584,93,292,270,40,324,293,47,Finisher,2288
Bruno,Ribas,Bruno Ribas,236,M25-29,Male,Curitiba,PR,Brazil,BR,0:35:12,2:42:03,1:58:22,0:08:00,0:01:55,5:25:31,2112,9723,7102,480,115,19531,325,294,42,290,273,35,261,242,33,325,294,42,Finisher,2087
Bernardo,Vita,Bernardo Vita,802,M35-39,Male,sao paulo,BR-SP,Brazil,BR,0:36:12,2:52:46,1:48:30,0:05:44,0:02:20,5:25:32,2172,10366,6510,344,140,19532,326,295,68,373,345,72,398,363,81,326,295,68,Finisher,2087
Rafael,Taramelli,Rafael Taramelli,1021,M40-44,Male,São Sebastião da Grama,BR-SP,Brazil,BR,0:39:49,2:39:55,,0:06:26,0:00:00,5:25:39,2389,9595,0,386,0,19539,327,296,48,681,599,95,274,252,37,327,296,48,Finisher,2286
Daniel,Mendes,Daniel Mendes,1407,M45-49,Male,Rio de Janeiro,Rio de Janeiro,Brazil,BR,0:31:02,2:46:25,1:55:50,0:07:45,0:04:42,5:25:43,1862,9985,6950,465,282,19543,328,297,29,114,105,6,260,241,24,328,297,29,Finisher,2147
PABLO,COSTA SARMENTO,PABLO COSTA SARMENTO,1177,M40-44,Male,NITEROI,BR-RJ,Brazil,BR,0:32:31,2:45:32,1:58:14,0:07:01,0:02:37,5:25:55,1951,9932,7094,421,157,19555,329,298,49,155,145,19,259,240,35,329,298,49,Finisher,2281
Leda,Maria Cocco Goncalves De Miranda,Leda Maria Cocco Goncalves De Miranda,1448,F40-44,Female,Rio de Janeiro,Rio de Janeiro,Brazil,BR,0:37:27,2:54:48,1:41:38,0:08:52,0:03:10,5:25:55,2247,10488,6098,532,190,19555,330,32,4,475,47,9,512,51,7,330,32,4,Finisher,3237
Paulo,Henrique Pereira Costa,Paulo Henrique Pereira Costa,379,M30-34,Male,,,Brazil,BR,0:39:38,2:40:53,1:54:08,0:08:29,0:02:48,5:25:57,2378,9653,6848,509,168,19557,331,299,57,666,585,108,305,281,55,331,299,57,Finisher,2270
Octavio,Ferro,Octavio Ferro,238,M25-29,Male,Cotia,SP,Brazil,BR,0:36:31,2:44:53,1:53:21,0:08:31,0:02:41,5:25:58,2191,9893,6801,511,161,19558,332,300,43,403,371,49,321,295,44,332,300,43,Finisher,2079
Vitor,Soave Chiodini,Vitor Soave Chiodini,117,M18-24,Male,Rio claro ,São Paulo ,Brazil,BR,0:32:12,2:55:45,1:46:00,0:07:37,0:04:30,5:26:04,1932,10545,6360,457,270,19564,333,301,14,145,135,8,414,374,20,333,301,14,Finisher,2568
Nicolas,Chaim,Nicolas Chaim,257,M25-29,Male,Sao Paulo,BR-SP,Brazil,BR,0:36:52,2:44:56,1:52:26,0:09:12,0:02:45,5:26:10,2212,9896,6746,552,165,19570,334,302,44,429,394,51,339,311,47,334,302,44,Finisher,2075
Moisés,silva,Moisés silva,114,M18-24,Male,sao paulo,BR-sao paulo,Brazil,BR,0:35:48,2:47:21,1:53:39,0:07:38,0:02:03,5:26:28,2148,10041,6819,458,123,19588,335,303,15,337,310,18,335,308,14,335,303,15,Finisher,2561
Vitor,Hugo Morfim Da Silva,Vitor Hugo Morfim Da Silva,643,M35-39,Male,,,Brazil,BR,0:36:30,2:52:39,1:45:24,0:08:30,0:03:27,5:26:30,2190,10359,6324,510,207,19590,336,304,69,401,369,76,443,402,88,336,304,69,Finisher,2069
Guilherme,Belanga,Guilherme Belanga,567,M30-34,Male,Jundiaí,BR-SP,Brazil,BR,0:34:48,2:44:07,1:57:29,0:07:17,0:03:21,5:27:01,2088,9847,7049,437,201,19621,337,305,58,267,252,44,275,253,50,337,305,58,Finisher,2250
Nayara,Tavares,Nayara Tavares,963,F35-39,Female,GUACUI,BR-ES,Brazil,BR,0:42:27,2:47:41,1:44:45,0:09:09,0:03:00,5:27:02,2547,10061,6285,549,180,19622,338,33,5,885,121,22,477,46,6,338,33,5,Finisher,2632
Jessica ,Assuncao Fossati,Jessica Assuncao Fossati,336,F25-29,Female,São Paulo,BR-SP,Brazil,BR,0:37:37,2:46:58,,0:06:06,0:00:00,5:27:18,2257,10018,0,366,0,19638,339,34,6,486,49,8,333,27,5,339,34,6,Finisher,2920
Caio,Lima,Caio Lima,624,M35-39,Male,Fortaleza,BR-CE,Brazil,BR,0:40:28,2:47:01,1:49:15,0:07:36,0:03:00,5:27:20,2428,10021,6555,456,180,19640,340,306,70,743,648,133,408,369,82,340,306,70,Finisher,2054
Vitor,Sanglard Fontes,Vitor Sanglard Fontes,669,M35-39,Male,Barra Mansa,RJ,Brazil,BR,0:32:59,2:48:48,1:54:36,0:08:00,0:03:06,5:27:28,1979,10128,6876,480,186,19648,341,307,71,174,164,32,319,293,64,341,307,71,Finisher,2052
Anderson Augusto,Carlos De Souza,Anderson Augusto Carlos De Souza,1728,M45-49,Male,Rio de Janeiro,RJ,Brazil,BR,0:36:01,2:49:57,1:50:05,0:08:43,0:02:42,5:27:28,2161,10197,6605,523,162,19648,342,308,30,363,335,40,397,362,39,342,308,30,Finisher,2115
Thomas,Schmidt,Thomas Schmidt,167,M25-29,Male,,,Brazil,BR,0:36:59,2:59:27,1:40:52,0:07:49,0:02:48,5:27:55,2219,10767,6052,469,168,19675,343,309,45,435,398,52,552,497,60,343,309,45,Finisher,2044
Carlos Eduardo,Cappato da Silva,Carlos Eduardo Cappato da Silva,132,M18-24,Male,VILA VELHA,ESPIRITO SANTO,Brazil,BR,0:35:13,2:42:16,2:00:33,0:07:21,0:02:45,5:28:08,2113,9736,7233,441,165,19688,344,310,16,293,276,14,258,239,12,344,310,16,Finisher,2531
Filipe,Vicente,Filipe Vicente,462,M30-34,Male,,,Brazil,BR,0:42:29,2:43:26,1:51:00,0:08:24,0:03:03,5:28:23,2549,9806,6660,504,183,19703,345,311,59,889,767,148,393,358,67,345,311,59,Finisher,2226
SERGIO,RICARDO MENDONCA DE OLIVEIRA,SERGIO RICARDO MENDONCA DE OLIVEIRA,1383,M45-49,Male,JOAO PESSOA,PB,Brazil,BR,0:36:56,2:45:21,1:54:08,0:08:23,0:03:36,5:28:24,2216,9921,6848,503,216,19704,346,312,31,433,397,48,332,306,31,346,312,31,Finisher,2098
Rudi Carlos,Mella jr,Rudi Carlos Mella jr,1119,M40-44,Male,Campo bom,BR-RS,Brazil,BR,0:41:53,2:41:17,1:54:24,0:08:09,0:02:44,5:28:28,2513,9677,6864,489,164,19708,347,313,50,850,735,120,346,317,46,347,313,50,Finisher,2235
Telmo,Chauffaille Martins,Telmo Chauffaille Martins,1192,M40-44,Male,,,Brazil,BR,0:36:59,2:45:08,1:54:40,0:08:43,0:03:01,5:28:31,2219,9908,6880,523,181,19711,348,314,51,436,399,62,337,310,44,348,314,51,Finisher,2234
Bernardo,Camargo,Bernardo Camargo,1285,M45-49,Male,Petrópolis,Rio de Janeiro,Brazil,BR,0:36:06,2:44:31,1:57:13,0:07:49,0:02:52,5:28:31,2166,9871,7033,469,172,19711,349,315,32,370,342,42,297,274,28,349,315,32,Finisher,2096
Paulo,Jorge Cabral De Lira Neto,Paulo Jorge Cabral De Lira Neto,185,M25-29,Male,,,Brazil,BR,0:40:27,2:48:11,1:50:02,0:07:29,0:02:28,5:28:36,2427,10091,6602,449,148,19716,350,316,46,736,642,76,420,380,52,350,316,46,Finisher,2031
Alessandro,Outeiro,Alessandro Outeiro,1363,M45-49,Male,Cabo Frio,BR-RJ,Brazil,BR,0:42:14,2:42:41,1:51:01,0:09:50,0:02:58,5:28:43,2534,9761,6661,590,178,19723,351,317,33,866,749,103,399,364,40,351,317,33,Finisher,2093
Julia ,Cassar ,Julia Cassar,297,F18-24,Female,Rio de Janeiro,BR-RJ,Brazil,BR,0:38:21,2:56:56,1:44:33,0:06:35,0:02:19,5:28:44,2301,10616,6273,395,139,19724,352,35,5,557,63,5,522,53,6,352,35,5,Finisher,2800
Eduardo,Azevedo Carvalho,Eduardo Azevedo Carvalho,451,M30-34,Male,,,Brazil,BR,0:35:54,2:39:04,2:02:51,0:07:45,0:03:18,5:28:52,2154,9544,7371,465,198,19732,353,318,60,350,323,56,241,225,44,353,318,60,Finisher,2217
Bruno,Camarini Salerno,Bruno Camarini Salerno,484,M30-34,Male,São Paulo,BR-São Paulo,Brazil,BR,0:33:00,2:36:33,2:07:22,0:07:18,0:04:49,5:29:02,1980,9393,7642,438,289,19742,354,319,61,176,166,30,165,153,31,354,319,61,Finisher,2214
Cristiano,Burile Caldart,Cristiano Burile Caldart,767,M35-39,Male,Itajai,SC,Brazil,BR,0:34:57,2:51:36,1:54:26,0:06:19,0:02:02,5:29:21,2097,10296,6866,379,122,19761,355,320,72,272,256,53,368,334,74,355,320,72,Finisher,2018
Leonardo,Queiroz De Oliveira Venancio,Leonardo Queiroz De Oliveira Venancio,1384,M45-49,Male,Londrina,PR,Brazil,BR,0:36:12,2:43:22,1:57:01,0:09:32,0:03:16,5:29:24,2172,9802,7021,572,196,19764,356,321,34,374,346,43,307,283,29,356,321,34,Finisher,2080
laydisson,Douglas,laydisson Douglas,223,M25-29,Male,sete lagoas,MINAS GERAIS,Brazil,BR,0:44:54,2:54:13,1:43:00,0:05:43,0:01:52,5:29:42,2694,10453,6180,343,112,19782,357,322,47,1041,890,96,565,509,62,357,322,47,Finisher,2012
Eduardo,Midena melo nobrega,Eduardo Midena melo nobrega,811,M35-39,Male,,,Brazil,BR,0:44:55,2:51:12,1:40:57,0:09:33,0:03:15,5:29:51,2695,10272,6057,573,195,19791,358,323,73,1044,893,191,585,526,118,358,323,73,Finisher,2009
Diogo,Menegaz,Diogo Menegaz,1584,M50-54,Male,Rio de Janeiro,RIO DE JANEIRO,Brazil,BR,0:30:14,2:42:25,2:06:53,0:07:33,0:02:48,5:29:54,1814,9745,7613,453,168,19794,359,324,16,90,84,4,207,193,5,359,324,16,Finisher,2494
Francisco,Viotto,Francisco Viotto,101,M18-24,Male,Ribeirão Preto,BR-SP,Brazil,BR,0:38:17,2:54:50,1:46:21,0:07:44,0:02:47,5:29:59,2297,10490,6381,464,167,19799,360,325,17,555,493,30,505,457,26,360,325,17,Finisher,2498
Martin,Fernandez Lacuesta,Martin Fernandez Lacuesta,487,M30-34,Male,Punta del Este,UY-MA,Uruguay,UY,0:38:44,2:58:21,1:39:44,0:10:04,0:03:06,5:29:59,2324,10701,5984,604,186,19799,361,326,62,591,523,95,617,555,100,361,326,62,Finisher,2197
Thiago,Bronzatto,Thiago Bronzatto,863,M35-39,Male,Brasília ,Brasília ,Brazil,BR,0:45:24,2:45:48,1:48:17,0:07:01,0:03:32,5:30:01,2724,9948,6497,421,212,19801,362,327,74,1069,913,198,457,415,92,362,327,74,Finisher,2006
Rodrigo ,Moreira,Rodrigo Moreira,351,M30-34,Male,Sete Lagoas ,Minas Gerais,Brazil,BR,0:32:02,3:16:34,1:30:41,0:08:35,0:02:09,5:30:02,1922,11794,5441,515,129,19802,363,328,63,137,127,20,784,698,135,363,328,63,Finisher,2196
Breno,Fernandes,Breno Fernandes,658,M35-39,Male,Niteroi,RJ,Brazil,BR,0:30:09,2:48:18,2:01:32,0:07:19,0:02:55,5:30:13,1809,10098,7292,439,175,19813,364,329,75,85,79,12,266,246,54,364,329,75,Finisher,2003
Felipe,Augusto Campos,Felipe Augusto Campos,279,M25-29,Male,Belo Horizonte,MG,Brazil,BR,0:38:31,2:44:58,1:55:26,0:08:21,0:03:02,5:30:17,2311,9898,6926,501,182,19817,365,330,48,572,507,68,355,323,48,365,330,48,Finisher,2001
Junior,Ferreira Machado,Junior Ferreira Machado,1367,M45-49,Male,Rio De Janeiro,Rio De Janeiro,Brazil,BR,0:33:25,2:59:10,1:48:21,0:06:40,0:02:42,5:30:18,2005,10750,6501,400,162,19818,366,331,35,197,186,20,476,431,46,366,331,35,Finisher,2064
Alessandra,Barbosa Batista,Alessandra Barbosa Batista,917,F30-34,Female,Belo Horizonte,MG,Brazil,BR,0:41:22,2:58:38,1:40:34,0:07:22,0:02:31,5:30:27,2482,10718,6034,442,151,19827,367,36,8,820,109,20,621,64,12,367,36,8,Finisher,2743
Fabiano,Agostinho Pereira,Fabiano Agostinho Pereira,1360,M45-49,Male,JACAREÍ,São Paulo,Brazil,BR,0:41:00,2:43:59,1:54:23,0:07:29,0:03:39,5:30:30,2460,9839,6863,449,219,19830,368,332,36,788,687,90,365,331,36,368,332,36,Finisher,2060
Iury,Rodrigues,Iury Rodrigues,1098,M40-44,Male,Fortaleza,Ceará,Brazil,BR,0:36:15,2:49:20,1:51:26,0:09:45,0:03:49,5:30:34,2175,10160,6686,585,229,19834,369,333,52,379,351,49,410,371,58,369,333,52,Finisher,2198
Guilherme,De Morais Guedes,Guilherme De Morais Guedes,687,M35-39,Male,,,Brazil,BR,0:33:04,3:05:56,1:39:10,0:08:47,0:03:53,5:30:49,1984,11156,5950,527,233,19849,370,334,76,180,170,34,629,564,126,370,334,76,Finisher,1992
Filipi,Ramos,Filipi Ramos,542,M30-34,Male,Gravataí,Rio Grande do Sul,Brazil,BR,0:40:10,2:57:57,1:41:29,0:07:22,0:03:56,5:30:53,2410,10677,6089,442,236,19853,371,335,64,707,616,115,580,522,92,371,335,64,Finisher,2181
Adel,Jundi Calarge,Adel Jundi Calarge,512,M30-34,Male,Sao Paulo,São Paulo,Brazil,BR,0:34:43,2:55:16,1:47:58,0:09:33,0:03:24,5:30:54,2083,10516,6478,573,204,19854,372,336,65,262,247,43,480,434,81,372,336,65,Finisher,2180
Mateus,Gaio,Mateus Gaio,663,M35-39,Male,Londrina,PR,Brazil,BR,0:33:20,2:53:28,1:53:27,0:08:59,0:01:43,5:30:57,2000,10408,6807,539,103,19857,373,337,77,191,180,37,417,377,83,373,337,77,Finisher,1989
Felipe,Musser,Felipe Musser,849,M35-39,Male,Rio de Janeiro,RIO DE JANEIRO,Brazil,BR,0:35:08,2:44:15,2:01:58,0:06:45,0:02:52,5:30:58,2108,9855,7318,405,172,19858,374,338,78,283,267,56,273,251,55,374,338,78,Finisher,1989
Marcio,Bastos Ferreira,Marcio Bastos Ferreira,1691,M60-64,Male,Niteroi,RJ,Brazil,BR,0:35:01,2:46:55,1:57:29,0:07:29,0:04:04,5:30:58,2101,10015,7049,449,244,19858,375,339,1,278,262,1,313,288,1,375,339,1,Finisher,3500
Alexandre,Machado,Alexandre Machado,1336,M45-49,Male,Los Angeles,CA,Brazil,BR,0:36:18,2:40:33,2:05:24,0:06:43,0:02:10,5:31:07,2178,9633,7524,403,130,19867,376,340,37,382,353,44,246,230,21,376,340,37,Finisher,2049
ANA,CAROLINA  FIGUEIREDO DE OLIVEIRA COSTA,ANA CAROLINA  FIGUEIREDO DE OLIVEIRA COSTA,1482,F45-49,Female,Niterói ,Rio de Janeiro,Brazil,BR,0:34:50,2:51:42,1:53:22,0:08:17,0:03:00,5:31:11,2090,10302,6802,497,180,19871,377,37,2,268,16,2,400,36,4,377,37,2,Finisher,3300
Guilherme,Carvalho,Guilherme Carvalho,385,M30-34,Male,São Paulo,,Brazil,BR,0:34:28,2:41:33,2:03:23,0:08:00,0:03:49,5:31:13,2068,9693,7403,480,229,19873,378,341,66,248,235,42,252,234,47,378,341,66,Finisher,2175
Ramenn,Witkowski Lima,Ramenn Witkowski Lima,810,M35-39,Male,,,Brazil,BR,0:43:50,2:50:43,1:46:16,0:08:03,0:02:21,5:31:14,2630,10243,6376,483,141,19874,379,342,79,981,843,174,529,476,105,379,342,79,Finisher,1984
Leandro,De Oliveira Sant Ana,Leandro De Oliveira Sant Ana,1211,M40-44,Male,,,Brazil,BR,0:36:46,2:56:12,1:42:05,0:11:42,0:04:31,5:31:15,2206,10572,6125,702,271,19875,380,343,53,424,389,58,561,506,83,380,343,53,Finisher,2185
Francisco,De Assis Fonseca Rodrigues Junior,Francisco De Assis Fonseca Rodrigues Junior,1255,M45-49,Male,Campo Grande,MS,Brazil,BR,0:38:38,2:32:45,2:06:18,0:09:25,0:04:13,5:31:19,2318,9165,7578,565,253,19879,381,344,38,582,514,59,213,199,18,381,344,38,Finisher,2046
Aline,Steffens,Aline Steffens,294,F18-24,Female,,,Brazil,BR,0:43:10,2:52:46,1:42:57,0:09:21,0:03:09,5:31:23,2590,10366,6177,561,189,19883,382,38,6,938,131,11,576,58,8,382,38,6,Finisher,2753
Augusto,Cesar Viana Soares Filho,Augusto Cesar Viana Soares Filho,1037,M40-44,Male,,,Brazil,BR,0:34:01,2:53:39,1:52:59,0:08:08,0:02:47,5:31:34,2041,10419,6779,488,167,19894,383,345,54,216,203,28,418,378,61,383,345,54,Finisher,2180
Ramon,Leal Santos,Ramon Leal Santos,720,M35-39,Male,,,Brazil,BR,0:44:17,2:50:09,1:47:22,0:07:11,0:02:49,5:31:48,2657,10209,6442,431,169,19908,384,346,80,1007,860,178,519,468,104,384,346,80,Finisher,1974
Leonardo ,Benevenuto Coelho,Leonardo Benevenuto Coelho,352,M30-34,Male,Sete Lagoas,MINAS GERAIS,Brazil,BR,0:33:27,2:59:58,1:47:38,0:07:30,0:03:16,5:31:50,2007,10798,6458,450,196,19910,385,347,67,200,189,33,507,459,84,385,347,67,Finisher,2164
Melina,Guedes,Melina Guedes,1488,F45-49,Female,Rio de Janeiro,RJ,Brazil,BR,0:36:17,2:48:29,1:57:48,0:06:22,0:02:58,5:31:55,2177,10109,7068,382,178,19915,386,39,3,381,29,3,342,29,2,386,39,3,Finisher,3287
Marlus,Martins,Marlus Martins,1501,M50-54,Male,Rio de janeiro,Rio de Janeiro ,Brazil,BR,0:39:45,2:54:43,1:45:49,0:07:50,0:04:01,5:32:08,2385,10483,6349,470,241,19928,387,348,17,673,591,42,526,473,25,387,348,17,Finisher,2453
Camila,Cortez,Camila Cortez,970,F35-39,Female,recife,pernambuco,Brazil,BR,0:37:44,2:52:06,1:51:25,0:08:28,0:02:46,5:32:29,2264,10326,6685,508,166,19949,388,40,6,502,55,9,459,44,5,388,40,6,Finisher,2534
Fausto,Lopes Nobrega,Fausto Lopes Nobrega,1392,M45-49,Male,Curitiba,PR,Brazil,BR,0:31:37,2:41:56,2:09:55,0:07:01,0:02:18,5:32:47,1897,9716,7795,421,138,19967,389,349,39,125,115,7,210,196,17,389,349,39,Finisher,2019
Rafael,Janzen Duck,Rafael Janzen Duck,353,M30-34,Male,,,Brazil,BR,0:44:33,2:44:08,1:55:09,0:06:45,0:02:19,5:32:55,2673,9848,6909,405,139,19975,390,350,68,1020,871,164,413,373,71,390,350,68,Finisher,2144
Diego,Jose Monteiro Simoes,Diego Jose Monteiro Simoes,817,M35-39,Male,Rio De Janeiro,RIO DE JANEIRO,Brazil,BR,0:40:16,2:55:13,1:44:56,0:08:43,0:03:47,5:32:56,2416,10513,6296,523,227,19976,391,351,81,720,628,128,549,494,112,391,351,81,Finisher,1954
Matheus,Rayol,Matheus Rayol,566,M30-34,Male,Rio De Janeiro,RJ,Brazil,BR,0:42:36,2:46:52,1:53:36,0:06:48,0:03:27,5:33:18,2556,10012,6816,408,207,19998,392,352,69,894,772,150,423,383,72,392,352,69,Finisher,2137
EWERSON,RODRIGUES ROCHA,EWERSON RODRIGUES ROCHA,679,M35-39,Male,,,Brazil,BR,0:38:03,2:45:37,1:59:39,0:06:02,0:03:59,5:33:20,2283,9937,7179,362,239,20000,393,353,82,531,474,85,318,292,63,393,353,82,Finisher,1946
MARCO,DOLIS,MARCO DOLIS,1496,M50-54,Male,Salvador,BR-BA,Brazil,BR,0:41:17,2:50:36,1:47:40,0:09:05,0:04:46,5:33:24,2477,10236,6460,545,286,20004,394,354,18,814,707,46,509,461,23,394,354,18,Finisher,2431
Jose,Roberto Ferreira Lobato,Jose Roberto Ferreira Lobato,1327,M45-49,Male,Guarani,MG,Brazil,BR,0:39:46,2:49:43,1:51:47,0:08:25,0:03:45,5:33:25,2386,10183,6707,505,225,20005,395,355,40,678,596,72,448,407,44,395,355,40,Finisher,2008
Adriano,Sodre Magalhaes Novaes,Adriano Sodre Magalhaes Novaes,845,M35-39,Male,Nova Iguacu,RJ,Brazil,BR,0:34:43,2:50:34,1:57:12,0:07:55,0:03:03,5:33:28,2083,10234,7032,475,183,20008,396,356,83,261,246,51,376,342,77,396,356,83,Finisher,1944
GUILHERME,CARVALHO,GUILHERME CARVALHO,1508,M50-54,Male,RIO DE JANEIRO,RJ,Brazil,BR,0:35:59,2:39:38,2:07:38,0:07:29,0:02:55,5:33:40,2159,9578,7658,449,175,20020,397,357,19,360,332,18,244,228,10,397,357,19,Finisher,2426
Israel,De Lima Antunes,Israel De Lima Antunes,423,M30-34,Male,,,Brazil,BR,0:38:41,2:50:05,1:56:39,0:05:49,0:02:26,5:33:40,2321,10205,6999,349,146,20020,398,358,70,587,519,93,396,361,69,398,358,70,Finisher,2131
Wendell,Alencar Dos Santos,Wendell Alencar Dos Santos,261,M25-29,Male,Belem,PA,Brazil,BR,0:38:03,2:54:51,1:50:31,0:06:47,0:03:29,5:33:40,2283,10491,6631,407,209,20020,399,359,49,530,473,65,483,436,56,399,359,49,Finisher,1940
Gustavo,Barcellos,Gustavo Barcellos,593,M35-39,Male,Sao Paulo,SP,Brazil,BR,0:40:07,2:52:33,1:48:49,0:08:15,0:04:14,5:33:58,2407,10353,6529,495,254,20038,400,360,84,703,613,124,506,458,102,400,360,84,Finisher,1935
Bruno Isidoro,Montanucci,Bruno Isidoro Montanucci,1101,M40-44,Male,BUENOS AIRES,AR-AR-C,Argentina,AR,0:40:50,2:49:29,1:50:42,0:09:33,0:03:33,5:34:07,2450,10169,6642,573,213,20047,401,361,55,776,677,110,486,439,72,401,361,55,Finisher,2134
Lucio,Menezes Da Silva Junior,Lucio Menezes Da Silva Junior,494,M30-34,Male,Rio de Janeiro,RIO DE JANEIRO,Brazil,BR,0:34:17,2:37:02,2:09:08,0:08:12,0:05:28,5:34:08,2057,9422,7748,492,328,20048,402,362,71,236,223,39,200,186,36,402,362,71,Finisher,2122
Pedro,Caetano,Pedro Caetano,548,M30-34,Male,São Paulo,São Paulo,Brazil,BR,0:36:52,2:53:56,1:52:25,0:08:18,0:02:44,5:34:16,2212,10436,6745,498,164,20056,403,363,72,430,395,69,473,429,80,403,363,72,Finisher,2120
Maciel,Model,Maciel Model,1330,M45-49,Male,Novo Hamburgo,BR-RS,Brazil,BR,0:44:54,2:48:08,1:52:14,0:07:10,0:01:52,5:34:18,2694,10088,6734,430,112,20058,404,364,41,1042,891,119,492,445,48,404,364,41,Finisher,1992
Petterson,Guedes,Petterson Guedes,932,M35-39,Male,Novo Hamburgo,BR-RS,Brazil,BR,0:40:14,2:43:23,2:01:35,0:07:28,0:01:44,5:34:25,2414,9803,7295,448,104,20065,405,365,85,715,623,126,340,312,66,405,365,85,Finisher,1927
Alex,Dos Santos Carneiro,Alex Dos Santos Carneiro,1299,M45-49,Male,Macaé,Rio De Janeiro,Brazil,BR,0:41:33,2:52:21,1:51:06,0:06:24,0:03:19,5:34:42,2493,10341,6666,384,199,20082,406,366,42,827,717,94,494,447,49,406,366,42,Finisher,1985
Maria,Teresa Curi,Maria Teresa Curi,1452,F40-44,Female,Rio De Janeiro,RJ,Brazil,BR,0:41:44,2:59:32,1:41:47,0:09:22,0:02:21,5:34:46,2504,10772,6107,562,141,20086,407,41,5,840,113,24,669,70,10,407,41,5,Finisher,3077
Heloisa,Benzati,Heloisa Benzati,968,F35-39,Female,Araraquara,São Paulo,Brazil,BR,0:38:08,2:54:18,1:51:03,0:08:41,0:02:38,5:34:48,2288,10458,6663,521,158,20088,408,42,7,535,58,10,511,50,8,408,42,7,Finisher,2492
Manuela,Kirschner do Amaral,Manuela Kirschner do Amaral,1484,F45-49,Female,Brasília,Distrito Federal,Brazil,BR,0:33:34,2:43:01,2:07:47,0:07:15,0:03:11,5:34:48,2014,9781,7667,435,191,20088,409,43,4,203,13,1,249,18,1,409,43,4,Finisher,3235
Nicolas,Vasquez Pernes,Nicolas Vasquez Pernes,536,M30-34,Male,,,Brazil,BR,0:39:57,2:52:00,1:46:00,0:12:05,0:04:55,5:34:57,2397,10320,6360,725,295,20097,410,367,73,692,605,112,546,492,89,410,367,73,Finisher,2108
Rodrigo,Baltazar,Rodrigo Baltazar,1026,M40-44,Male,,,Brazil,BR,0:31:37,2:32:45,2:20:16,0:05:58,0:04:20,5:34:58,1897,9165,8416,358,260,20098,411,368,56,126,116,16,103,98,13,411,368,56,Finisher,2118
Claudio,Ribeiro Da Silva,Claudio Ribeiro Da Silva,1637,M55-59,Male,Araraquara,SP,Brazil,BR,0:34:28,2:52:55,1:55:19,0:09:50,0:02:34,5:35:05,2068,10375,6919,590,154,20105,412,369,10,247,234,10,434,394,14,412,369,10,Finisher,2595
Marcelo,Silva,Marcelo Silva,523,M30-34,Male,Resende,Rio de Janeiro,Brazil,BR,0:35:33,2:59:54,1:47:02,0:09:27,0:03:13,5:35:10,2133,10794,6422,567,193,20110,413,370,74,316,296,51,567,511,91,413,370,74,Finisher,2104
IZAUL KARLOS,SILVA SOUZA,IZAUL KARLOS SILVA SOUZA,1716,M40-44,Male,Cuiaba,MT,Brazil,BR,0:44:16,2:44:47,1:50:23,0:11:53,0:04:04,5:35:22,2656,9887,6623,713,244,20122,414,371,57,1004,858,139,508,460,76,414,371,57,Finisher,2111
Carlos,Eduardo De Oliveira E Souza,Carlos Eduardo De Oliveira E Souza,1264,M45-49,Male,Rio de Janeiro,Rio de Janeiro,Brazil,BR,0:47:43,2:51:23,1:40:31,0:10:11,0:05:38,5:35:26,2863,10283,6031,611,338,20126,415,372,43,1177,995,137,647,580,72,415,372,43,Finisher,1972
Leticia,Sales Leite Ramalho Lima,Leticia Sales Leite Ramalho Lima,318,F25-29,Female,Fortaleza,CE,Brazil,BR,0:37:04,,,0:07:57,0:00:00,5:35:30,2224,0,0,477,0,20130,416,44,7,443,38,7,99999,99999,99999,416,44,7,Finisher,2772
Nivaldo,Robson Di Genova,Nivaldo Robson Di Genova,1075,M40-44,Male,Sao Paulo,SP,Brazil,BR,0:38:45,2:50:05,1:53:00,0:08:19,0:05:34,5:35:43,2325,10205,6780,499,334,20143,417,373,58,594,526,86,431,391,64,417,373,58,Finisher,2105
Leonardo,Caramelo Pereira,Leonardo Caramelo Pereira,225,M25-29,Male,São Paulo,São Paulo,Brazil,BR,0:37:33,2:45:55,2:04:26,0:05:48,0:02:15,5:35:57,2253,9955,7466,348,135,20157,418,374,50,483,435,59,309,285,42,418,374,50,Finisher,1899
Joni,Quirino,Joni Quirino,1527,M50-54,Male,Curitiba,Paraná,Brazil,BR,0:41:56,2:49:50,1:50:44,0:08:57,0:04:36,5:36:02,2516,10190,6644,537,276,20162,419,375,20,852,736,47,501,453,22,419,375,20,Finisher,2383
Douglas,Jose Rufino Bastos Junior,Douglas Jose Rufino Bastos Junior,652,M35-39,Male,,,Brazil,BR,0:38:22,2:47:22,1:58:48,0:07:47,0:03:43,5:36:02,2302,10042,7128,467,223,20162,420,376,86,561,498,92,380,346,79,420,376,86,Finisher,1898
Thiago,Fronteira,Thiago Fronteira,1043,M40-44,Male,Santo André,São Paulo,Brazil,BR,0:43:02,2:42:48,1:59:41,0:07:39,0:03:05,5:36:15,2582,9768,7181,459,185,20175,421,377,59,929,801,128,378,344,52,421,377,59,Finisher,2095
Everton,Adriano,Everton Adriano,1197,M40-44,Male,blumenau,Santa Catarina,Brazil,BR,0:35:56,2:46:25,1:59:08,0:10:36,0:04:28,5:36:33,2156,9985,7148,636,268,20193,422,378,60,355,328,43,372,338,49,422,378,60,Finisher,2090
Raioni,Santos,Raioni Santos,712,M35-39,Male,São Paulo,SAO PAULO,Brazil,BR,0:30:05,3:14:32,1:41:09,0:07:54,0:02:52,5:36:34,1805,11672,6069,474,172,20194,423,379,87,84,78,11,700,624,139,423,379,87,Finisher,1888
Jefferson,De Decco Teixeira,Jefferson De Decco Teixeira,1739,M50-54,Male,Rio de Janeiro,Rio de Janeiro,Brazil,BR,0:37:22,2:48:23,1:59:51,0:07:08,0:03:53,5:36:38,2242,10103,7191,428,233,20198,424,380,21,471,425,27,369,335,14,424,380,21,Finisher,2372
Jessica,Carvalhais Paiva Ferreira,Jessica Carvalhais Paiva Ferreira,937,F30-34,Female,Rio de Janeiro,Rio de Janeiro,Brazil,BR,0:38:12,2:45:58,1:59:54,0:10:02,0:02:32,5:36:38,2292,9958,7194,602,152,20198,425,45,9,543,61,11,392,35,9,425,45,9,Finisher,2632
Gustavo,Franzoni,Gustavo Franzoni,122,M18-24,Male,,,Brazil,BR,0:36:41,2:50:58,1:57:02,0:08:37,0:03:24,5:36:40,2201,10258,7022,517,204,20200,426,381,18,415,381,21,422,382,21,426,381,18,Finisher,2377
Mirella,Freitas Guedes,Mirella Freitas Guedes,300,F18-24,Female,Novo Hamburgo,RS,Brazil,BR,0:48:23,2:48:53,1:50:46,0:06:55,0:01:53,5:36:50,2903,10133,6646,415,113,20210,427,46,7,1201,186,13,548,55,7,427,46,7,Finisher,2654
Marcos,Barbosa,Marcos Barbosa,821,M35-39,Male,Rio de Janeiro,RJ,Brazil,BR,0:38:13,2:56:51,1:50:18,0:07:52,0:03:37,5:36:50,2293,10611,6618,472,217,20210,428,382,88,548,486,90,535,482,106,428,382,88,Finisher,1883
Raúl Andrés,Rodgers Guzmán,Raúl Andrés Rodgers Guzmán,529,M30-34,Male,CARTAGENA,BOLIVAR,Colombia,CO,0:42:26,2:46:47,1:55:48,0:08:51,0:03:06,5:36:57,2546,10007,6948,531,186,20217,429,383,75,883,763,146,452,411,75,429,383,75,Finisher,2072
Bruna,Barbosa,Bruna Barbosa,1418,F40-44,Female,,,Brazil,BR,0:39:56,2:52:49,1:52:33,0:08:19,0:03:21,5:36:58,2396,10369,6753,499,201,20218,430,47,6,691,87,20,510,49,6,430,47,6,Finisher,3038
Afranio,Alves Vieira Junior,Afranio Alves Vieira Junior,284,M25-29,Male,,,Brazil,BR,0:42:58,2:49:11,1:55:18,0:07:05,0:02:32,5:37:04,2578,10151,6918,425,152,20224,431,384,51,923,795,89,475,430,55,431,384,51,Finisher,1879
Stefany,Bomm,Stefany Bomm,920,F30-34,Female,,,Brazil,BR,0:37:50,2:46:38,2:02:29,0:07:52,0:02:21,5:37:09,2270,9998,7349,472,141,20229,432,48,10,510,56,10,363,34,8,432,48,10,Finisher,2623
Caio,Carvalho,Caio Carvalho,432,M30-34,Male,Maisons-Laffitte,Yvelines,Brazil,BR,0:36:18,2:51:15,2:00:13,0:07:32,0:01:59,5:37:17,2178,10275,7213,452,119,20237,433,385,76,383,354,62,407,368,70,433,385,76,Finisher,2066
Felipe,Moura Torres,Felipe Moura Torres,789,M35-39,Male,,,Brazil,BR,0:44:23,2:47:15,1:56:14,0:07:16,0:02:08,5:37:17,2663,10035,6974,436,128,20237,434,386,89,1011,863,179,466,422,94,434,386,89,Finisher,1875
Rafael,Martiniano De Miranda Moura,Rafael Martiniano De Miranda Moura,1190,M40-44,Male,Belo Horizonte,BR-BR-MG,Brazil,BR,0:40:15,2:49:49,1:57:00,0:07:21,0:02:57,5:37:22,2415,10189,7020,441,177,20242,435,387,61,717,625,100,439,399,65,435,387,61,Finisher,2075
Jefferson ,Silva,Jefferson Silva,751,M35-39,Male,Rio de janeiro ,Rio de janeiro ,Brazil,BR,0:45:50,2:55:28,1:42:28,0:10:22,0:03:26,5:37:34,2750,10528,6148,622,206,20254,436,388,90,1094,933,204,689,616,135,436,388,90,Finisher,1870
Job,De Jesus Hernandez Vazquez,Job De Jesus Hernandez Vazquez,135,M18-24,Male,,,Brazil,BR,0:42:16,2:49:43,1:54:57,0:08:48,0:01:59,5:37:44,2536,10183,6897,528,119,20264,437,389,19,870,753,37,503,455,25,437,389,19,Finisher,2358
EMMANUEL,BIAR DE SOUZA,EMMANUEL BIAR DE SOUZA,1286,M45-49,Male,PETROPOLIS,RJ,Brazil,BR,0:37:14,2:42:26,2:05:32,0:08:09,0:04:26,5:37:46,2234,9746,7532,489,266,20266,438,390,44,457,416,51,291,269,26,438,390,44,Finisher,1930
Victor,Hugo De Almeida Camilo,Victor Hugo De Almeida Camilo,349,M30-34,Male,,,Brazil,BR,0:34:56,2:47:02,2:02:35,0:07:31,0:05:43,5:37:47,2096,10022,7355,451,343,20267,439,391,77,270,254,45,316,291,57,439,391,77,Finisher,2057
Christina,Volpe,Christina Volpe,911,F30-34,Female,Santos,SP,Brazil,BR,0:36:24,2:54:26,1:58:16,0:07:19,0:01:38,5:38:03,2184,10466,7096,439,98,20283,440,49,11,391,32,3,455,42,10,440,49,11,Finisher,2606
Guilherme,Mosmann,Guilherme Mosmann,580,M30-34,Male,Formosa,GO,Brazil,BR,0:42:54,2:53:14,1:49:06,0:08:28,0:04:26,5:38:08,2574,10394,6546,508,266,20288,441,392,78,917,790,154,559,504,90,441,392,78,Finisher,2050
Umberto,Paradiso,Umberto Paradiso,118,M18-24,Male,Torino,,Italy,IT,0:34:16,2:49:14,2:01:55,0:08:53,0:03:57,5:38:16,2056,10154,7315,533,237,20296,442,393,20,233,220,11,364,330,15,442,393,20,Finisher,2348
João Victor,Mattos,João Victor Mattos,610,M35-39,Male,Vila Velha,Espirito Santo,Brazil,BR,0:41:10,2:50:08,1:54:15,0:09:01,0:03:43,5:38:18,2470,10208,6855,541,223,20298,443,394,91,807,703,146,495,448,101,443,394,91,Finisher,1857
Marcelo,Tabosa Dutra Sanches,Marcelo Tabosa Dutra Sanches,779,M35-39,Male,São Paulo - SP,São Paulo,Brazil,BR,0:36:04,2:58:48,1:45:11,0:12:27,0:05:49,5:38:19,2164,10728,6311,747,349,20299,444,395,92,368,340,71,620,557,124,444,395,92,Finisher,1857
Hans,Portugal,Hans Portugal,798,M35-39,Male,Lima,Lima,Peru,PE,0:40:09,3:04:47,1:40:55,0:08:38,0:03:49,5:38:19,2409,11087,6055,518,229,20299,445,396,93,706,615,125,724,643,143,445,396,93,Finisher,1857
Juan Carlos,Peña Soriano,Juan Carlos Peña Soriano,574,M30-34,Male,Mosquera,CO-CUN,Colombia,CO,0:42:16,2:49:53,1:50:26,0:10:18,0:05:30,5:38:23,2536,10193,6626,618,330,20303,446,397,79,869,752,143,528,475,85,446,397,79,Finisher,2046
Paulo,Campana Jr,Paulo Campana Jr,1136,M40-44,Male,Cascavel,Pr,Brazil,BR,0:40:49,2:56:29,1:51:33,0:07:14,0:02:27,5:38:32,2449,10589,6693,434,147,20312,447,398,62,773,674,109,558,503,82,447,398,62,Finisher,2054
Thiago,Ornelas,Thiago Ornelas,1008,M40-44,Male,,,Brazil,BR,0:46:14,2:40:01,1:59:57,0:08:36,0:03:48,5:38:35,2774,9601,7197,516,228,20315,448,399,63,1110,945,155,402,365,56,448,399,63,Finisher,2053
Sandra Mara,Kawasaki,Sandra Mara Kawasaki,1604,F50-54,Female,Rio de Janeiro,BR-RJ,Brazil,BR,0:38:09,2:53:28,1:57:34,0:07:34,0:02:03,5:38:48,2289,10408,7054,454,123,20328,449,50,1,539,59,3,474,45,1,449,50,1,Finisher,3500
Allan,Gomes,Allan Gomes,465,M30-34,Male,,,Brazil,BR,0:35:07,2:54:21,1:57:54,0:08:33,0:02:53,5:38:48,2107,10461,7074,513,173,20328,450,400,80,282,266,47,450,409,74,450,400,80,Finisher,2038
ALAN,CARLOS MANSO LOPES GOMES,ALAN CARLOS MANSO LOPES GOMES,1206,M40-44,Male,Rio de Janeiro,RJ,Brazil,BR,0:37:19,2:47:32,2:01:55,0:08:07,0:03:56,5:38:49,2239,10052,7315,487,236,20329,451,401,64,467,422,65,373,339,50,451,401,64,Finisher,2049
Felipe,Santos,Felipe Santos,450,M30-34,Male,Juiz de Fora,Minas Gerais,Brazil,BR,0:35:58,2:46:26,2:03:56,0:09:29,0:03:10,5:38:58,2158,9986,7436,569,190,20338,452,402,81,359,331,59,356,324,64,452,402,81,Finisher,2035
Italo,Moreno Barros Matheus,Italo Moreno Barros Matheus,491,M30-34,Male,,,Brazil,BR,0:32:44,2:59:06,1:58:15,0:06:35,0:02:25,5:39:06,1964,10746,7095,395,145,20346,453,403,82,165,155,28,461,417,76,453,403,82,Finisher,2033
Ramiro,Rodrigues Ortiz,Ramiro Rodrigues Ortiz,1208,M40-44,Male,Curitiba,PR,Brazil,BR,0:43:05,2:48:07,1:54:33,0:09:14,0:04:11,5:39:10,2585,10087,6873,554,251,20350,454,404,65,931,802,129,496,449,74,454,404,65,Finisher,2043
Leonardo ,Fonseca,Leonardo Fonseca,193,M25-29,Male,Campo grande,Mato grosso do sul,Brazil,BR,0:52:22,2:35:13,2:02:10,0:06:23,0:03:13,5:39:22,3142,9313,7330,383,193,20362,455,405,52,1300,1091,114,387,353,50,455,405,52,Finisher,1838
DANILO,GARBAZZA VIEIRA,DANILO GARBAZZA VIEIRA,715,M35-39,Male,RIO DE JANEIRO,RJ,Brazil,BR,0:38:25,2:54:14,1:56:34,0:07:32,0:02:37,5:39:23,2305,10454,6994,452,157,20363,456,406,94,564,501,94,491,444,100,456,406,94,Finisher,1838
Ricardo,Conte Gaspar De Carvalho,Ricardo Conte Gaspar De Carvalho,267,M25-29,Male,,,Brazil,BR,0:37:33,2:46:39,2:01:38,0:06:03,0:07:32,5:39:25,2253,9999,7298,363,452,20365,457,407,53,480,432,58,327,301,45,457,407,53,Finisher,1837
Marcos,Toshio Silva Nagai,Marcos Toshio Silva Nagai,526,M30-34,Female,Rio de janeiro,Rio de janeiro,Brazil,BR,0:39:45,3:02:52,1:40:18,0:10:46,0:05:46,5:39:27,2385,10972,6018,646,346,20367,458,408,83,672,590,110,718,638,119,458,408,83,Finisher,2027
Felippe,Pismel Rocha Cruz,Felippe Pismel Rocha Cruz,1009,M40-44,Male,,,Brazil,BR,0:39:37,2:58:21,1:51:11,0:07:57,0:02:24,5:39:28,2377,10701,6671,477,144,20368,459,409,66,663,582,92,592,532,89,459,409,66,Finisher,2037
Ana Lidia,Carneiro,Ana Lidia Carneiro,987,F35-39,Female,Macaé,Rio de Janeiro,Brazil,BR,0:40:17,2:51:38,1:54:30,0:09:43,0:03:24,5:39:32,2417,10298,6870,583,204,20372,460,51,8,723,93,14,520,52,9,460,51,8,Finisher,2407
Rodrigo,Dos Anjos Rebello,Rodrigo Dos Anjos Rebello,1334,M45-49,Male,Boa Vista,BR-RJ,Brazil,BR,0:36:42,2:53:45,1:57:24,0:08:31,0:03:10,5:39:33,2202,10425,7044,511,190,20373,461,410,45,417,382,47,468,424,45,461,410,45,Finisher,1898
Felipe,Eduardo Ramos,Felipe Eduardo Ramos,867,M35-39,Male,,,Brazil,BR,0:37:10,2:49:16,1:57:43,0:10:56,0:04:29,5:39:34,2230,10156,7063,656,269,20374,462,411,95,451,410,78,436,396,87,462,411,95,Finisher,1834
Gabriel,Figueiral,Gabriel Figueiral,511,M30-34,Male,Rio De Janeiro,RJ,Brazil,BR,0:35:58,3:03:23,1:51:04,0:06:59,0:02:12,5:39:36,2158,11003,6664,419,132,20376,463,412,84,358,330,58,600,539,97,463,412,84,Finisher,2024
Luiz,Augusto De Paula Barzotto,Luiz Augusto De Paula Barzotto,1214,M40-44,Male,Campo Grande,MS,Brazil,BR,0:34:47,3:05:11,1:46:19,0:08:34,0:04:50,5:39:40,2087,11111,6379,514,290,20380,464,413,67,266,251,34,639,573,98,464,413,67,Finisher,2034
CESAR,AUGUSTO NETTO FERRAZ DE CARVALHO,CESAR AUGUSTO NETTO FERRAZ DE CARVALHO,1664,M55-59,Male,PETROPOLIS,RJ,Brazil,BR,0:28:22,2:58:49,1:59:34,0:09:13,0:03:43,5:39:42,1702,10729,7174,553,223,20382,465,414,11,43,40,1,424,384,13,465,414,11,Finisher,2512
Rafael,Ferrari,Rafael Ferrari,1128,M40-44,Male,Rio de Janeiro,Rio de Janeiro,Brazil,BR,0:37:53,2:53:40,1:56:16,0:08:09,0:03:54,5:39:52,2273,10420,6976,489,234,20392,466,415,68,512,455,73,484,437,71,466,415,68,Finisher,2030
Yashmim,Danielle Santos Silva,Yashmim Danielle Santos Silva,296,F18-24,Female,Goiania,GO,Brazil,BR,0:39:29,2:53:40,1:58:23,0:06:30,0:01:54,5:39:57,2369,10420,7103,390,114,20397,467,52,8,654,81,8,482,47,5,467,52,8,Finisher,2598
JOILSON,JUNIOR,JOILSON JUNIOR,1225,M40-44,Male,Vila Velha,ES,Brazil,BR,0:32:40,3:00:38,1:55:38,0:07:31,0:03:41,5:40:08,1960,10838,6938,451,221,20408,468,416,69,159,149,20,504,456,75,468,416,69,Finisher,2025
Robson,Alverne Omena De Vasconcelos,Robson Alverne Omena De Vasconcelos,1332,M45-49,Male,Rio de Janeiro,BR-Rio de Janeiro,Brazil,BR,0:36:03,2:38:56,2:13:02,0:09:37,0:02:34,5:40:13,2163,9536,7982,577,154,20413,469,417,46,366,338,41,255,237,23,469,417,46,Finisher,1886
Cesar,Elias Reinbold Filho,Cesar Elias Reinbold Filho,531,M30-34,Male,,,Brazil,BR,0:40:54,3:01:45,1:46:10,0:08:18,0:03:16,5:40:23,2454,10905,6370,498,196,20423,470,418,85,782,682,130,673,603,111,470,418,85,Finisher,2010
Miguel Luciano,Bispo dos Santos,Miguel Luciano Bispo dos Santos,1260,M45-49,Male,Rio de Janeiro,BR-RJ,Brazil,BR,0:38:12,2:52:15,1:57:42,0:09:03,0:03:19,5:40:31,2292,10335,7062,543,199,20431,471,419,47,546,485,57,479,433,47,471,419,47,Finisher,1880
Alicia,Blanco,Alicia Blanco,325,F25-29,Female,Rio De Janeiro,RJ,Brazil,BR,0:35:19,2:55:28,2:00:21,0:06:45,0:02:39,5:40:31,2119,10528,7221,405,159,20431,472,53,8,299,19,4,442,41,8,472,53,8,Finisher,2682
jennifer,elis pires,jennifer elis pires,942,F35-39,Female,,,Brazil,BR,0:42:24,2:57:58,1:50:19,0:07:01,0:03:06,5:40:48,2544,10678,6619,421,186,20448,473,54,9,880,119,21,623,65,11,473,54,9,Finisher,2384
JEFFERSON,BRUNO BENTO,JEFFERSON BRUNO BENTO,1111,M40-44,Male,SAO GONCALO,RJ,Brazil,BR,0:50:22,2:45:47,1:50:46,0:11:13,0:02:46,5:40:53,3022,9947,6646,673,166,20453,474,420,70,1246,1047,177,622,558,97,474,420,70,Finisher,2012
Rodrigo,Meirelles,Rodrigo Meirelles,848,M35-39,Male,Cabo Frio,BR-RJ,Brazil,BR,0:36:27,2:51:37,1:55:56,0:11:55,0:05:01,5:40:56,2187,10297,6956,715,301,20456,475,421,96,394,362,75,487,440,97,475,421,96,Finisher,1810
Anderson,Cardoso De Almeida,Anderson Cardoso De Almeida,1339,M45-49,Male,São Gonçalo,Rio de Janeiro,Brazil,BR,0:38:50,2:55:16,1:49:46,0:11:08,0:06:01,5:41:01,2330,10516,6586,668,361,20461,476,422,48,600,530,61,574,517,63,476,422,48,Finisher,1871
Ely,Mansur,Ely Mansur,169,M25-29,Male,São Paulo,SP,Brazil,BR,0:38:16,3:05:51,1:45:57,0:08:04,0:02:55,5:41:04,2296,11151,6357,484,175,20464,477,423,54,554,492,66,693,619,71,477,423,54,Finisher,1807
GUILHERME,DE ABREU MAINART,GUILHERME DE ABREU MAINART,388,M30-34,Male,,,Brazil,BR,0:38:00,2:57:48,1:50:21,0:10:13,0:04:51,5:41:13,2280,10668,6621,613,291,20473,478,424,86,525,468,83,595,535,95,478,424,86,Finisher,1995
Bruno,Barbosa Urbano,Bruno Barbosa Urbano,202,M25-29,Male,,,Brazil,BR,0:43:02,2:40:29,2:04:09,0:10:39,0:02:59,5:41:19,2582,9629,7449,639,179,20479,479,425,55,928,800,90,391,357,51,479,425,55,Finisher,1802
GIANFRANCO,NARDINI,GIANFRANCO NARDINI,1727,M30-34,Male,SAO PAULO,BR-SP,Brazil,BR,0:28:49,2:25:06,2:37:33,0:06:16,0:03:37,5:41:20,1729,8706,9453,376,217,20480,480,426,87,50,47,5,60,58,9,480,426,87,Finisher,1993
Pedro,Feldmann,Pedro Feldmann,268,M25-29,Male,Porto Alegre,,Brazil,BR,0:36:28,2:55:18,1:57:54,0:08:46,0:02:55,5:41:21,2188,10518,7074,526,175,20481,481,427,56,398,366,48,497,450,57,481,427,56,Finisher,1802
TULIO,MACEDO,TULIO MACEDO,1512,M50-54,Male,UBERLANDIA,BR-MG,Brazil,BR,0:43:24,2:44:17,1:58:17,0:10:28,0:04:56,5:41:22,2604,9857,7097,628,296,20482,482,428,22,950,816,54,456,414,20,482,428,22,Finisher,2287
Rafael,Couto Martins,Rafael Couto Martins,1065,M40-44,Male,,,Brazil,BR,0:44:43,2:44:11,1:59:54,0:07:51,0:04:45,5:41:23,2683,9851,7194,471,285,20483,483,429,71,1031,881,143,428,388,63,483,429,71,Finisher,2003
Matias,Dechow,Matias Dechow,1554,M50-54,Male,Martinez,Buenos Aires,Argentina,AR,0:37:14,2:51:40,1:57:53,0:09:35,0:05:02,5:41:23,2234,10300,7073,575,302,20483,484,430,23,456,415,26,462,418,21,484,430,23,Finisher,2287
Alisson,De Sousa Valente,Alisson De Sousa Valente,844,M35-39,Male,,,Brazil,BR,0:37:35,2:59:31,1:52:29,0:08:30,0:03:19,5:41:24,2255,10771,6749,510,199,20484,485,431,97,485,437,82,583,525,117,485,431,97,Finisher,1801
Felippe,Barbosa De Oliveira,Felippe Barbosa De Oliveira,847,M35-39,Male,Rio De Janeiro,RJ,Brazil,BR,0:40:24,3:01:24,1:44:52,0:11:02,0:03:42,5:41:25,2424,10884,6292,662,222,20485,486,432,98,732,638,131,703,626,140,486,432,98,Finisher,1801
Pedro,Moreira,Pedro Moreira,243,M25-29,Male,,,Brazil,BR,0:27:21,2:58:48,2:06:44,0:06:04,0:02:33,5:41:30,1641,10728,7604,364,153,20490,487,433,57,29,26,5,361,328,49,487,433,57,Finisher,1799
Fernando,Lang,Fernando Lang,683,M35-39,Male,Aracaju,SE,Brazil,BR,0:39:13,2:50:01,2:01:59,0:07:48,0:02:33,5:41:35,2353,10201,7319,468,153,20495,488,434,99,625,552,109,429,389,84,488,434,99,Finisher,1798
MARCIO,RAMOS,MARCIO RAMOS,1638,M55-59,Male,FLORIANOPOLIS,SC,Brazil,BR,0:32:08,2:43:18,2:18:55,0:05:47,0:01:49,5:41:58,1928,9798,8335,347,109,20518,489,435,12,141,131,7,223,208,6,489,435,12,Finisher,2471
MARIO,HENRIQUE QUEIROZ SILVA,MARIO HENRIQUE QUEIROZ SILVA,1204,M40-44,Male,MATA DE SAO JOAO,BA,Brazil,BR,0:40:13,2:47:46,1:59:41,0:09:28,0:04:54,5:42:02,2413,10066,7181,568,294,20522,490,436,72,712,621,98,440,400,66,490,436,72,Finisher,1991
Joao,Pedro Soares De Souza,Joao Pedro Soares De Souza,153,M18-24,Male,Sao Paulo,SP,Brazil,BR,0:39:35,2:45:21,2:07:08,0:07:45,0:02:20,5:42:07,2375,9921,7628,465,140,20527,491,437,21,659,578,34,367,333,16,491,437,21,Finisher,2279
Vitor,Luos Vieira Da Motta,Vitor Luos Vieira Da Motta,1002,M40-44,Male,Ilheus,BR-BA,Brazil,BR,0:40:13,2:51:21,1:59:50,0:08:38,0:02:15,5:42:16,2413,10281,7190,518,135,20536,492,438,73,713,622,99,490,443,73,492,438,73,Finisher,1987
Geraldo,Augustus Miranda Goncalves,Geraldo Augustus Miranda Goncalves,1326,M45-49,Male,Niteroi,RJ,Brazil,BR,0:40:20,3:00:16,1:48:38,0:09:20,0:03:59,5:42:32,2420,10816,6518,560,239,20552,493,439,49,725,632,79,663,594,75,493,439,49,Finisher,1844
Artur,Reuter,Artur Reuter,664,M35-39,Male,,,Brazil,BR,0:35:09,2:59:26,1:54:44,0:08:38,0:04:36,5:42:33,2109,10766,6884,518,276,20553,494,440,100,287,270,58,537,484,107,494,440,100,Finisher,1781
Munir,Safadi,Munir Safadi,1013,M40-44,Male,Foz do Iguaçu,PARANA,Brazil,BR,0:37:56,2:42:35,2:12:31,0:06:48,0:02:51,5:42:41,2276,9755,7951,408,171,20561,495,441,74,516,459,74,288,266,39,495,441,74,Finisher,1979
Eder,Maêta,Eder Maêta,1258,M45-49,Male,Rio de Janeiro,Rio de Janeiro,Brazil,BR,0:43:33,2:54:54,1:50:17,0:09:31,0:04:27,5:42:42,2613,10494,6617,571,267,20562,496,442,50,966,830,111,633,568,70,496,442,50,Finisher,1841
Alexandre,Coquet De Abreu,Alexandre Coquet De Abreu,1245,M45-49,Male,Sao Paulo,SP,Brazil,BR,0:35:53,3:01:22,1:54:09,0:07:59,0:03:19,5:42:43,2153,10882,6849,479,199,20563,497,443,51,348,321,38,573,516,62,497,443,51,Finisher,1841
Luiz,Felipe Rodrigues De Lima,Luiz Felipe Rodrigues De Lima,1028,M40-44,Male,,,Brazil,BR,0:37:58,2:58:30,1:51:36,0:10:03,0:04:38,5:42:45,2278,10710,6696,603,278,20565,498,444,75,520,463,76,606,544,92,498,444,75,Finisher,1978
Joao,Pedro Almeida Magalhaes,Joao Pedro Almeida Magalhaes,124,M18-24,Male,,,Brazil,BR,0:36:35,2:53:55,2:00:03,0:08:33,0:03:41,5:42:47,2195,10435,7203,513,221,20567,499,445,22,409,376,20,472,428,23,499,445,22,Finisher,2267
Matheus,Jose Da Silva Guedes,Matheus Jose Da Silva Guedes,285,M25-29,Male,,,Brazil,BR,0:45:18,3:00:07,1:46:04,0:08:16,0:03:17,5:43:01,2718,10807,6364,496,197,20581,500,446,58,1063,907,100,726,645,74,500,446,58,Finisher,1772
Bernardo,Chieppe,Bernardo Chieppe,824,M35-39,Male,Vitoria,BR-ES,Brazil,BR,0:33:52,2:43:19,2:13:01,0:09:18,0:03:35,5:43:04,2032,9799,7981,558,215,20584,501,447,101,211,198,42,277,255,56,501,447,101,Finisher,1771
Rafael,Marra,Rafael Marra,1158,M40-44,Male,São Paulo,SP,Brazil,BR,0:53:19,2:43:24,1:54:26,0:08:39,0:03:26,5:43:13,3199,9804,6866,519,206,20593,502,448,76,1313,1102,193,579,521,87,502,448,76,Finisher,1970
Juan David,Castano Bustos,Juan David Castano Bustos,485,M30-34,Male,Cartagena,Bolívar,Colombia,CO,0:43:48,2:48:53,1:57:03,0:10:06,0:03:24,5:43:14,2628,10133,7023,606,204,20594,503,449,88,977,839,160,533,480,86,503,449,88,Finisher,1958
Eduardo,Fernandes Silva,Eduardo Fernandes Silva,1020,M40-44,Male,São José dos Campos,SAO PAULO,Brazil,BR,0:40:24,2:48:02,2:05:08,0:06:57,0:03:01,5:43:33,2424,10082,7508,417,181,20613,504,450,77,734,640,102,412,372,59,504,450,77,Finisher,1964
Deividy,Trevisan De Abreu,Deividy Trevisan De Abreu,239,M25-29,Male,,,Brazil,BR,0:42:44,2:51:41,1:56:28,0:09:59,0:02:46,5:43:39,2564,10301,6988,599,166,20619,505,451,59,903,779,85,557,502,61,505,451,59,Finisher,1760
Leo,Takahashi,Leo Takahashi,1202,M40-44,Male,Rio De Janeiro,RJ,Brazil,BR,0:32:18,2:55:36,2:02:27,0:09:47,0:03:32,5:43:41,1938,10536,7347,587,212,20621,506,452,78,149,139,18,445,404,68,506,452,78,Finisher,1961
Flavio,Henrique De Carvalho Castrioto Botelho,Flavio Henrique De Carvalho Castrioto Botelho,127,M18-24,Male,,,Brazil,BR,0:37:33,2:50:10,2:07:26,0:06:21,0:02:22,5:43:52,2253,10210,7646,381,142,20632,507,453,23,481,433,25,389,355,18,507,453,23,Finisher,2248
Leticia,De Avila Carvalho,Leticia De Avila Carvalho,303,F18-24,Female,Formosa,GO,Brazil,BR,0:40:04,2:58:23,1:55:59,0:07:18,0:02:19,5:44:03,2404,10703,6959,438,139,20643,508,55,9,698,89,9,590,60,9,508,55,9,Finisher,2525
Marcelo,Yukio Hirayama,Marcelo Yukio Hirayama,748,M35-39,Male,Rio De Janeiro,RJ,Brazil,BR,0:34:59,2:58:05,1:57:26,0:07:06,0:06:38,5:44:15,2099,10685,7046,426,398,20655,509,454,102,274,258,54,489,442,99,509,454,102,Finisher,1750
Giovana,Cajado,Giovana Cajado,307,F25-29,Female,Rio De Janeiro,RJ,Brazil,BR,0:38:27,2:49:30,2:05:57,0:07:26,0:02:56,5:44:17,2307,10170,7557,446,176,20657,510,56,9,567,64,10,411,40,7,510,56,9,Finisher,2614
Monica,Kneip,Monica Kneip,1617,F55-59,Female,rio de janeiro,BR-RJ,Brazil,BR,0:41:29,2:57:00,1:55:58,0:07:37,0:02:14,5:44:19,2489,10620,6958,457,134,20659,511,57,1,826,110,3,596,61,1,511,57,1,Finisher,3500
Rafael,Morelli,Rafael Morelli,555,M30-34,Male,Bauru,SP,Brazil,BR,0:42:57,2:55:54,1:52:42,0:08:35,0:04:19,5:44:28,2577,10554,6762,515,259,20668,512,455,89,921,793,155,625,560,102,512,455,89,Finisher,1936
Rafael,Borges De Jesus Rafael,Rafael Borges De Jesus Rafael,859,M35-39,Male,Aparecida De Goiania,BR-GO,China,CN,0:38:08,2:43:30,2:08:59,0:09:57,0:04:01,5:44:36,2288,9810,7739,597,241,20676,513,456,103,536,478,88,351,320,69,513,456,103,Finisher,1744
Guillermo,Acuna,Guillermo Acuna,1049,M40-44,Male,Lima,PE-LIM,Peru,PE,0:36:08,3:00:59,1:54:30,0:07:48,0:05:20,5:44:45,2168,10859,6870,468,320,20685,514,457,79,371,343,47,568,512,85,514,457,79,Finisher,1942
Yuri,Castropil,Yuri Castropil,376,M30-34,Male,São Paulo,São Paulo,Brazil,BR,0:39:32,2:52:33,2:01:38,0:08:12,0:03:03,5:44:57,2372,10353,7298,492,183,20697,515,458,90,656,575,106,493,446,82,515,458,90,Finisher,1928
Matheus,Henrique Nassimbem,Matheus Henrique Nassimbem,221,M25-29,Male,Monte Alto,SP,Brazil,BR,0:49:50,2:50:48,1:53:15,0:07:12,0:03:54,5:44:58,2990,10248,6795,432,234,20698,516,459,60,1233,1038,110,630,565,67,516,459,60,Finisher,1737
Danniel,Curvelo,Danniel Curvelo,1349,M45-49,Male,RIO DE JANEIRO,RIO DE JANEIRO,Brazil,BR,0:39:54,2:58:42,1:57:55,0:06:41,0:01:52,5:45:05,2394,10722,7075,401,112,20705,517,460,52,687,603,75,577,519,64,517,460,52,Finisher,1798
Thayna,Ferreira Silva,Thayna Ferreira Silva,333,F25-29,Female,,,Brazil,BR,0:45:15,2:58:53,1:50:25,0:07:24,0:03:10,5:45:07,2715,10733,6625,444,190,20707,518,58,10,1061,156,26,685,71,10,518,58,10,Finisher,2599
DRIAN,DINIZ,DRIAN DINIZ,734,M35-39,Male,SAO PAULO,SAO PAULO,Brazil,BR,0:44:39,3:01:43,1:45:05,0:10:26,0:03:20,5:45:13,2679,10903,6305,626,200,20713,519,461,104,1028,878,187,776,691,156,519,461,104,Finisher,1733
Andre Luiz De Moraes,Vodopives,Andre Luiz De Moraes Vodopives,1659,M55-59,Male,niteroi,rio de janeiro,Brazil,BR,0:38:40,3:01:41,1:53:29,0:06:29,0:04:56,5:45:15,2320,10901,6809,389,296,20715,520,462,13,585,517,22,609,547,23,520,462,13,Finisher,2412
Fabio Nuno,Gomes Martins,Fabio Nuno Gomes Martins,1357,M45-49,Male,São Paulo,Brasil,Brazil,BR,0:40:28,3:18:25,1:34:42,0:08:47,0:03:00,5:45:21,2428,11905,5682,527,180,20721,521,463,53,741,646,82,937,824,113,521,463,53,Finisher,1793
Diogo,Nascimento Chuairi,Diogo Nascimento Chuairi,753,M35-39,Male,Cabo Frio,RJ,Brazil,BR,0:35:43,,,0:00:00,0:00:00,5:45:22,2143,0,0,0,0,20722,522,464,105,327,302,64,99999,99999,99999,522,464,105,Finisher,1730
Luiza ,Pereira,Luiza Pereira,330,F25-29,Female,São Paulo,São Paulo,Brazil,BR,0:43:03,2:59:03,1:49:29,0:10:29,0:03:22,5:45:26,2583,10743,6569,629,202,20726,523,59,11,930,129,22,701,77,13,523,59,11,Finisher,2593
Artur,Felipe De Matos Moulie Rodrigues,Artur Felipe De Matos Moulie Rodrigues,517,M30-34,Male,Campo Grande,MS,Brazil,BR,0:40:39,2:46:53,2:02:52,0:11:24,0:03:47,5:45:35,2439,10013,7372,684,227,20735,524,465,91,758,660,126,467,423,78,524,465,91,Finisher,1916
Joao,Victor Da Silva Soares,Joao Victor Da Silva Soares,237,M25-29,Male,Cuiaba,MT,Brazil,BR,0:43:05,2:45:59,2:05:46,0:07:59,0:02:50,5:45:39,2585,9959,7546,479,170,20739,525,466,61,932,803,91,430,390,53,525,466,61,Finisher,1724
Federico,Marcolongo,Federico Marcolongo,1654,M55-59,Male,Buenos Aires,Buenos Aires,Argentina,AR,0:38:24,2:57:50,1:56:00,0:09:46,0:03:43,5:45:41,2304,10670,6960,586,223,20741,526,467,14,562,499,19,594,534,21,526,467,14,Finisher,2404
MIGUEL,AROUCA,MIGUEL AROUCA,152,M18-24,Male,São Paulo,SP,Brazil,BR,0:39:02,2:55:11,1:59:06,0:08:33,0:03:50,5:45:42,2342,10511,7146,513,230,20742,527,468,24,612,540,32,532,479,27,527,468,24,Finisher,2215
Guilherme,Silveira Seguro De Carvalho,Guilherme Silveira Seguro De Carvalho,737,M35-39,Male,,,Brazil,BR,0:40:19,2:39:55,2:16:00,0:06:58,0:02:35,5:45:48,2419,9595,8160,418,155,20748,528,469,106,724,631,130,287,265,59,528,469,106,Finisher,1722
Santiago andres,Diaz,Santiago andres Diaz,736,M35-39,Male,Muñiz,AR-B,Argentina,AR,0:37:32,3:04:46,1:50:17,0:08:23,0:04:51,5:45:49,2252,11086,6617,503,291,20749,529,470,107,479,431,80,670,600,133,529,470,107,Finisher,1722
DENIS,SILVEIRA,DENIS SILVEIRA,1238,M45-49,Male,8853,BR-RJ,Brazil,BR,0:46:18,2:56:21,1:46:35,0:12:19,0:04:17,5:45:51,2778,10581,6395,739,257,20751,530,471,54,1116,949,127,743,661,81,530,471,54,Finisher,1784
CHRISTIAN,GALLO,CHRISTIAN GALLO,632,M35-39,Male,Cabo Frio,Rio de Janeiro,Brazil,BR,0:39:50,3:07:26,1:46:14,0:09:30,0:02:55,5:45:54,2390,11246,6374,570,175,20754,531,472,108,683,601,121,775,690,155,531,472,108,Finisher,1720
Leandro Kiyoshi,Yamamoto,Leandro Kiyoshi Yamamoto,814,M35-39,Male,Jacareí,São Paulo,Brazil,BR,0:30:41,3:00:08,2:02:56,0:09:17,0:02:53,5:45:55,1841,10808,7376,557,173,20755,532,473,109,106,97,15,488,441,98,532,473,109,Finisher,1720
Davi,Payão,Davi Payão,171,M25-29,Male,,,Brazil,BR,0:34:09,3:04:05,1:56:36,0:08:16,0:02:54,5:46:00,2049,11045,6996,496,174,20760,533,474,62,224,211,27,605,543,65,533,474,62,Finisher,1718
Lia,Liserra,Lia Liserra,1453,F40-44,Female,NITEROI,Rio de Janeiro,Brazil,BR,0:37:07,2:50:03,2:07:58,0:07:50,0:03:02,5:46:00,2227,10203,7678,470,182,20760,534,60,7,450,41,7,406,39,4,534,60,7,Finisher,2875
Douglas,Rafael De Souza Brandao,Douglas Rafael De Souza Brandao,210,M25-29,Male,,,Brazil,BR,0:38:01,2:57:49,2:00:21,0:06:52,0:02:57,5:46:01,2281,10669,7221,412,177,20761,535,475,63,528,471,64,531,478,59,535,475,63,Finisher,1718
Pedro,Luengo Garcia Junior,Pedro Luengo Garcia Junior,568,M30-34,Male,Sao Paulo,SP,Brazil,BR,0:47:49,2:58:57,1:46:36,0:08:32,0:04:09,5:46:04,2869,10737,6396,512,249,20764,536,476,92,1179,997,183,747,665,124,536,476,92,Finisher,1907
Jorge Alberto,Goncalves,Jorge Alberto Goncalves,1275,M45-49,Male,Broussard,LA,Brazil,BR,0:34:25,3:06:30,1:52:39,0:08:52,0:03:41,5:46:07,2065,11190,6759,532,221,20767,537,477,55,241,228,28,659,590,74,537,477,55,Finisher,1779
William,Hsu,William Hsu,1084,M40-44,Male,São Paulo,SP,Brazil,BR,0:38:59,2:53:05,2:00:54,0:09:19,0:03:51,5:46:07,2339,10385,7254,559,231,20767,538,478,80,608,537,88,515,464,77,538,478,80,Finisher,1918
Jessica,Duarte De Souza,Jessica Duarte De Souza,909,F30-34,Female,,,Brazil,BR,0:46:37,2:55:40,1:52:48,0:07:22,0:03:43,5:46:10,2797,10540,6768,442,223,20770,539,61,12,1131,170,36,653,68,13,539,61,12,Finisher,2460
Augusto,De Menezes Vaz,Augusto De Menezes Vaz,1703,M65-69,Male,Rio de janeiro,Rio dejaneiro,Brazil,BR,0:35:11,2:53:28,2:06:47,0:07:53,0:03:01,5:46:21,2111,10408,7607,473,181,20781,540,479,1,288,271,1,425,385,1,540,479,1,Finisher,3500
Eduardo,Giannotti Felisette,Eduardo Giannotti Felisette,1247,M45-49,Male,Sao Paulo,SP,Brazil,BR,0:39:16,2:55:38,1:57:24,0:10:41,0:03:28,5:46:27,2356,10538,7044,641,208,20787,541,480,56,633,558,64,582,524,65,541,480,56,Finisher,1773
Antonio,Inacio Amorim,Antonio Inacio Amorim,108,M18-24,Male,Curitiba,PR,Brazil,BR,0:49:05,2:54:23,1:52:15,0:07:24,0:03:19,5:46:27,2945,10463,6735,444,199,20787,542,481,25,1215,1026,45,672,602,31,542,481,25,Finisher,2201
Michele,Rodrigues Mauro Sotero,Michele Rodrigues Mauro Sotero,1435,F40-44,Female,Recreio dos Bandeirantes,Rio de Janeiro,Brazil,BR,0:46:10,2:58:27,1:52:18,0:07:05,0:02:33,5:46:33,2770,10707,6738,425,153,20793,543,62,8,1107,164,32,690,74,12,543,62,8,Finisher,2865
Mateus,Queiroz Martins,Mateus Queiroz Martins,449,M30-34,Male,Londrina,PR,Brazil,BR,0:41:21,3:00:22,1:51:01,0:10:33,0:03:18,5:46:36,2481,10822,6661,633,198,20796,544,482,93,818,710,136,695,620,115,544,482,93,Finisher,1898
Rafael,Nogueira Ferreira,Rafael Nogueira Ferreira,1132,M40-44,Male,,,Brazil,BR,0:35:01,2:52:36,2:06:24,0:08:56,0:03:39,5:46:36,2101,10356,7584,536,219,20796,545,483,81,277,261,36,426,386,62,545,483,81,Finisher,1909
Thiago,Lima,Thiago Lima,550,M30-34,Male,Niteroi,RIO DE JANEIRO,Brazil,BR,0:39:24,2:57:32,1:55:57,0:09:49,0:04:02,5:46:44,2364,10652,6957,589,242,20804,546,484,94,645,568,104,608,546,99,546,484,94,Finisher,1895
Giovani,Branco Meneguim,Giovani Branco Meneguim,289,M25-29,Male,,,Brazil,BR,0:39:20,2:54:37,2:01:49,0:07:58,0:03:02,5:46:45,2360,10477,7309,478,182,20805,547,485,64,639,563,73,523,470,58,547,485,64,Finisher,1705
Marcela,Moulin,Marcela Moulin,1431,F40-44,Female,Mexico City,MX-CMX,Brazil,BR,0:38:12,3:14:10,1:44:05,0:08:06,0:02:31,5:47:04,2292,11650,6245,486,151,20824,548,63,9,547,62,12,841,99,19,548,63,9,Finisher,2856
Allen,Wylder Holanda Arruda,Allen Wylder Holanda Arruda,1243,M45-49,Male,Joao Pessoa,PB,Brazil,BR,0:40:49,2:58:45,1:51:15,0:11:31,0:04:45,5:47:05,2449,10725,6675,691,285,20825,549,486,57,771,672,88,677,607,77,549,486,57,Finisher,1762
Andre Gustavo,De Souza Soares,Andre Gustavo De Souza Soares,1543,M50-54,Male,SAO PAULO,,Brazil,BR,0:34:25,3:00:20,1:56:54,0:08:12,0:07:18,5:47:08,2065,10820,7014,492,438,20828,550,487,24,243,230,12,536,483,26,550,487,24,Finisher,2183
JAIME,DE ANDRADE FILHO,JAIME DE ANDRADE FILHO,1663,M55-59,Male,RIO DE JANEIRO,RJ,Brazil,BR,0:40:50,2:52:09,1:59:09,0:09:40,0:05:26,5:47:15,2450,10329,7149,580,326,20835,551,488,15,780,680,25,530,477,19,551,488,15,Finisher,2376
Filipe,Alexandre De Souza Fonseca,Filipe Alexandre De Souza Fonseca,815,M35-39,Male,,,Brazil,BR,0:40:00,2:54:57,1:59:16,0:08:58,0:04:10,5:47:20,2400,10497,7156,538,250,20840,552,489,110,694,607,123,545,491,111,552,489,110,Finisher,1694
Julio,Cesar De Melo Martins,Julio Cesar De Melo Martins,177,M25-29,Male,Santo Andre,SP,Brazil,BR,0:45:33,2:50:52,1:58:20,0:08:55,0:03:41,5:47:22,2733,10252,7100,535,221,20842,553,490,65,1080,922,101,578,520,64,553,490,65,Finisher,1694
Luciano,Duré,Luciano Duré,545,M30-34,Male,Balneário Camboriú,BR-SC,Brazil,BR,0:44:49,2:47:37,2:06:02,0:06:35,0:02:22,5:47:26,2689,10057,7562,395,142,20846,554,491,95,1038,888,168,471,427,79,554,491,95,Finisher,1883
Gabriel,Serrao Seabra,Gabriel Serrao Seabra,655,M35-39,Male,Rio de Janeiro,Rio de Janeiro,Brazil,BR,0:43:06,2:49:35,2:00:25,0:11:08,0:03:18,5:47:31,2586,10175,7225,668,198,20851,555,492,111,933,804,165,543,489,110,555,492,111,Finisher,1691
Joao,Felipe Vilela Dos Reis,Joao Felipe Vilela Dos Reis,446,M30-34,Male,,,Brazil,BR,0:43:30,2:55:10,1:57:18,0:08:42,0:02:50,5:47:31,2610,10510,7038,522,170,20851,556,493,96,962,826,159,624,559,101,556,493,96,Finisher,1881
Eduardo,Norden De Oliveira,Eduardo Norden De Oliveira,264,M25-29,Male,,,Brazil,BR,0:35:28,2:53:20,2:05:21,0:09:15,0:04:19,5:47:42,2128,10400,7521,555,259,20862,557,494,66,304,285,38,451,410,54,557,494,66,Finisher,1688
Eduardo,Straliotto,Eduardo Straliotto,1125,M40-44,Male,Rondonópolis,Mato Grosso,Brazil,BR,0:43:10,2:52:04,1:58:09,0:09:59,0:04:23,5:47:45,2590,10324,7089,599,263,20865,558,495,82,937,807,130,570,514,86,558,495,82,Finisher,1888
Danilo,Peres Casabona,Danilo Peres Casabona,1567,M50-54,Male,Sao Paulo,SP,Brazil,BR,0:38:43,3:02:53,1:54:06,0:08:34,0:03:33,5:47:48,2323,10973,6846,514,213,20868,559,496,25,589,521,35,665,596,29,559,496,25,Finisher,2171
Pablo Andres,Soto,Pablo Andres Soto,1342,M45-49,Male,Ituzaingo,AR-AR-B,Argentina,AR,0:35:54,2:57:32,2:03:51,0:08:06,0:02:28,5:47:51,2154,10652,7431,486,148,20871,560,497,58,352,325,39,517,466,52,560,497,58,Finisher,1748
Rodrigo,Silva Dos Anjos,Rodrigo Silva Dos Anjos,1045,M40-44,Male,,,Brazil,BR,0:45:53,2:54:21,1:56:23,0:08:47,0:02:37,5:48:01,2753,10461,6983,527,157,20881,561,498,83,1098,937,153,642,575,99,561,498,83,Finisher,1883
Ricardo,Liberman Lopes Da Silva,Ricardo Liberman Lopes Da Silva,138,M18-24,Male,Sao Paulo,SP,Brazil,BR,0:35:21,2:55:36,2:04:42,0:08:42,0:03:40,5:48:01,2121,10536,7482,522,220,20881,562,499,26,300,281,15,481,435,24,562,499,26,Finisher,2173
Ana,Arteaga Vasquez,Ana Arteaga Vasquez,1469,F40-44,Female,Indaiatuba,Cundinamarca,Colombia,CO,0:37:53,2:58:53,2:00:42,0:07:57,0:02:45,5:48:10,2273,10733,7242,477,165,20890,563,64,10,511,57,11,563,56,8,563,64,10,Finisher,2836
Caio,Barbosa,Caio Barbosa,823,M35-39,Male,Caxambu,Minas Gerais,Brazil,BR,0:37:33,2:58:40,2:00:05,0:09:20,0:02:47,5:48:25,2253,10720,7205,560,167,20905,564,500,112,482,434,81,581,523,116,564,500,112,Finisher,1675
Diogo,Pinheiro Rodrigues,Diogo Pinheiro Rodrigues,1213,M40-44,Male,Rio De Janeiro,RJ,Brazil,BR,0:36:00,3:08:21,1:51:29,0:09:15,0:03:43,5:48:48,2160,11301,6689,555,223,20928,565,501,84,361,333,44,725,644,106,565,501,84,Finisher,1869
Diego,Oscar Pacheco De Araujo,Diego Oscar Pacheco De Araujo,670,M35-39,Male,Belford Roxo,RJ,Brazil,BR,0:39:04,2:52:17,2:08:05,0:06:33,0:02:53,5:48:52,2344,10337,7685,393,173,20932,566,502,113,614,542,103,449,408,91,566,502,113,Finisher,1667
Julio,Fernando Da Silva Prado,Julio Fernando Da Silva Prado,1656,M55-59,Male,Sao Jose Do Rio Preto,SP,Brazil,BR,0:41:33,2:56:13,1:58:58,0:08:29,0:04:04,5:49:17,2493,10573,7138,509,244,20957,567,503,16,829,718,29,598,537,22,567,503,16,Finisher,2339
José,Joaquim Da Silva,José Joaquim Da Silva,1702,M60-64,Male,Campinas,SAO PAULO,Brazil,BR,0:41:01,3:11:17,1:40:02,0:10:52,0:06:18,5:49:29,2461,11477,6002,652,378,20969,568,504,2,789,688,6,881,777,6,568,504,2,Finisher,3166
Athos,Nolasco,Athos Nolasco,189,M25-29,Male,Rio de Janeiro,Rio de Janeiro,Brazil,BR,0:43:30,3:03:29,1:48:43,0:10:33,0:03:21,5:49:37,2610,11009,6523,633,201,20977,569,505,67,961,825,92,793,705,79,569,505,67,Finisher,1653
Maysa,Amanda Ferrari Rissi,Maysa Amanda Ferrari Rissi,980,F35-39,Female,Itu ,São Paulo,Brazil,BR,0:40:56,3:03:00,1:54:21,0:08:25,0:02:55,5:49:37,2456,10980,6861,505,175,20977,570,65,10,785,101,17,697,76,12,570,65,10,Finisher,2226
ANDRÉ,BOGÉA ANCHIETA,ANDRÉ BOGÉA ANCHIETA,770,M35-39,Male,SAO LUIS,BR-MA,Brazil,BR,0:35:39,2:45:12,2:13:53,0:10:27,0:04:27,5:49:39,2139,9912,8033,627,267,20979,571,506,114,322,298,62,345,316,67,571,506,114,Finisher,1653
RODOLFO,BRUM GEHREN,RODOLFO BRUM GEHREN,722,M35-39,Male,SAO PAULO,SP,Brazil,BR,0:34:01,3:00:24,2:02:31,0:08:50,0:04:01,5:49:48,2041,10824,7351,530,241,20988,572,507,115,218,205,44,538,485,108,572,507,115,Finisher,1650
Maicol,Ribeiro,Maicol Ribeiro,594,M35-39,Male,Lagoa da Prata,Minas Gerais,Brazil,BR,0:47:53,2:59:11,1:51:27,0:08:53,0:02:28,5:49:52,2873,10751,6687,533,148,20992,573,508,116,1184,1001,218,754,672,149,573,508,116,Finisher,1649
joao paulo,polli,joao paulo polli,1064,M40-44,Male,colombo,BR-PR,Brazil,BR,0:36:45,2:58:06,2:02:06,0:09:51,0:03:14,5:50:01,2205,10686,7326,591,194,21001,574,509,85,422,387,57,562,507,84,574,509,85,Finisher,1847
Vitor,Barbosa Paiva,Vitor Barbosa Paiva,794,M35-39,Male,,,Brazil,BR,0:33:18,2:59:03,2:04:32,0:09:02,0:04:12,5:50:07,1998,10743,7472,542,252,21007,575,510,117,190,179,36,514,463,103,575,510,117,Finisher,1644
Daniel,Sampaio Bertone,Daniel Sampaio Bertone,1017,M40-44,Male,,,Brazil,BR,0:30:05,3:14:18,1:56:26,0:06:47,0:02:33,5:50:10,1805,11658,6986,407,153,21010,576,511,86,83,77,8,678,608,103,576,511,86,Finisher,1845
Emerson,Timba,Emerson Timba,384,M30-34,Male,Sorocaba,SP,Brazil,BR,0:47:15,2:54:35,1:57:14,0:07:34,0:03:36,5:50:14,2835,10475,7034,454,216,21014,577,512,97,1155,979,180,651,584,107,577,512,97,Finisher,1832
Pablo,Couto Ferreira,Pablo Couto Ferreira,1536,M50-54,Male,Vitoria ,BR-ES,Brazil,BR,0:34:16,3:00:26,2:05:31,0:07:31,0:02:30,5:50:15,2056,10826,7531,451,150,21015,578,513,26,234,221,11,525,472,24,578,513,26,Finisher,2127
Daniel,Coimbra Amorim,Daniel Coimbra Amorim,855,M35-39,Male,Fortaleza,CE,Brazil,BR,0:42:19,2:53:31,2:00:12,0:10:00,0:04:17,5:50:18,2539,10411,7212,600,257,21018,579,514,118,874,757,157,591,531,120,579,514,118,Finisher,1641
Kaue,Moreira Schreiner,Kaue Moreira Schreiner,775,M35-39,Male,Manaus,AM,Brazil,BR,0:34:32,2:54:55,2:08:28,0:07:44,0:04:41,5:50:20,2072,10495,7708,464,281,21020,580,515,119,251,238,48,433,393,86,580,515,119,Finisher,1640
Rodolfo,Macedo,Rodolfo Macedo,382,M30-34,Male,Juiz de Fora,Minas Gerais,Brazil,BR,0:40:34,3:05:54,1:50:16,0:09:30,0:04:07,5:50:22,2434,11154,6616,570,247,21022,581,516,98,752,656,123,756,674,128,581,516,98,Finisher,1830
Matheus,Freitas Alcaide,Matheus Freitas Alcaide,387,M30-34,Male,Rio De Janeiro,RJ,Brazil,BR,0:39:09,2:47:26,2:12:48,0:07:47,0:03:23,5:50:33,2349,10046,7968,467,203,21033,582,517,99,623,550,100,394,359,68,582,517,99,Finisher,1827
Luiz,Felipe Correa Camargo,Luiz Felipe Correa Camargo,377,M30-34,Male,,,Brazil,BR,0:40:25,3:03:56,1:53:42,0:08:47,0:03:49,5:50:38,2425,11036,6822,527,229,21038,583,518,100,735,641,120,713,635,118,583,518,100,Finisher,1825
Rafael Freitas de,Amorim,Rafael Freitas de Amorim,1313,M45-49,Male,Rio de Janeiro,BR-RJ,Brazil,BR,0:37:47,2:55:20,2:05:40,0:08:06,0:03:55,5:50:48,2267,10520,7540,486,235,21048,584,519,59,505,450,53,513,462,51,584,519,59,Finisher,1695
Gustavo,Lacombe Santana,Gustavo Lacombe Santana,656,M35-39,Male,,,Brazil,BR,0:40:33,3:02:06,1:55:06,0:09:46,0:03:17,5:50:48,2433,10926,6906,586,197,21048,585,520,120,751,655,135,698,622,137,585,520,120,Finisher,1632
DIOGO,MEDINA,DIOGO MEDINA,1046,M40-44,Male,JUIZ DE FORA,MINAS GERAIS,Brazil,BR,0:35:01,3:02:18,2:05:08,0:06:11,0:02:16,5:50:54,2101,10938,7508,371,136,21054,586,521,87,276,260,35,539,486,80,586,521,87,Finisher,1832
Jimmy,Taylor Ferreira,Jimmy Taylor Ferreira,1348,M45-49,Male,,,Brazil,BR,0:35:31,2:49:49,2:13:17,0:08:37,0:03:46,5:51:00,2131,10189,7997,517,226,21060,587,522,60,310,290,36,385,351,38,587,522,60,Finisher,1691
Max,Philipe De Almeida Carvalho,Max Philipe De Almeida Carvalho,280,M25-29,Male,,,Brazil,BR,0:41:21,3:04:58,1:54:28,0:07:12,0:03:05,5:51:05,2481,11098,6868,432,185,21065,588,523,68,817,709,78,723,642,73,588,523,68,Finisher,1627
Milvard,Luz Martins,Milvard Luz Martins,1570,M50-54,Male,Macae,RJ,Brazil,BR,0:47:19,2:53:53,1:57:38,0:09:08,0:03:09,5:51:07,2839,10433,7058,548,189,21067,589,524,27,1161,983,67,668,599,30,589,524,27,Finisher,2112
Hebert,Soares Bernardino,Hebert Soares Bernardino,1163,M40-44,Male,,,Brazil,BR,0:43:52,3:01:43,1:53:41,0:08:17,0:03:36,5:51:09,2632,10903,6821,497,216,21069,590,525,88,985,846,137,728,647,107,590,525,88,Finisher,1827
Ruan,Da Costa Peixoto,Ruan Da Costa Peixoto,621,M35-39,Male,Rio De Janeiro,RJ,Brazil,BR,0:45:21,2:48:57,2:01:15,0:10:32,0:05:08,5:51:14,2721,10137,7275,632,308,21074,591,526,121,1065,909,195,566,510,115,591,526,121,Finisher,1624
Ramon,Luiz Canthe Vidinhas Valim,Ramon Luiz Canthe Vidinhas Valim,623,M35-39,Male,,,Brazil,BR,0:40:17,3:02:52,1:58:08,0:08:10,0:01:48,5:51:15,2417,10972,7088,490,108,21075,592,527,122,722,630,129,682,612,134,592,527,122,Finisher,1624
Carlo,Marassi,Carlo Marassi,1643,M55-59,Male,Rio de Janeiro,RJ,Brazil,BR,0:36:27,2:53:23,2:09:55,0:08:19,0:03:12,5:51:16,2187,10403,7795,499,192,21076,593,528,17,395,363,17,454,413,16,593,528,17,Finisher,2303
Gustavo,De Marca,Gustavo De Marca,649,M35-39,Male,Campo Grande,BR-MS,Brazil,BR,0:40:39,2:49:18,2:07:00,0:09:31,0:04:51,5:51:18,2439,10158,7620,571,291,21078,594,529,123,759,661,136,478,432,95,594,529,123,Finisher,1623
Mario,Henrique Lopes Dos Santos,Mario Henrique Lopes Dos Santos,627,M35-39,Male,,,Brazil,BR,0:44:46,3:00:50,1:57:08,0:06:54,0:02:03,5:51:41,2686,10850,7028,414,123,21101,595,530,124,1034,884,189,699,623,138,595,530,124,Finisher,1616
Marcelo,Fernandes Mendes,Marcelo Fernandes Mendes,1644,M55-59,Male,,,Brazil,BR,0:29:40,2:51:02,2:23:02,0:06:08,0:01:56,5:51:48,1780,10262,8582,368,116,21108,596,531,18,75,70,6,282,260,8,596,531,18,Finisher,2294
Ari,Custodio,Ari Custodio,793,M35-39,Male,Rio De Janeiro,BR-RJ,Brazil,BR,0:45:36,2:44:02,2:08:44,0:08:43,0:04:47,5:51:53,2736,9842,7724,523,287,21113,597,532,125,1084,926,203,460,416,93,597,532,125,Finisher,1613
Pedro,Henrique Ferreira Pedras,Pedro Henrique Ferreira Pedras,218,M25-29,Male,,,Brazil,BR,0:38:22,2:56:42,2:03:30,0:10:12,0:03:17,5:52:04,2302,10602,7410,612,197,21124,598,533,69,560,497,67,575,518,63,598,533,69,Finisher,1609
Joao,Paulo Maciel De Carvalho Lima,Joao Paulo Maciel De Carvalho Lima,281,M25-29,Male,Maraba,PA,Brazil,BR,0:42:49,3:11:42,1:46:18,0:07:33,0:03:50,5:52:11,2569,11502,6378,453,230,21131,599,534,70,909,785,86,864,762,84,599,534,70,Finisher,1607
Paulo,Marques da Silva ,Paulo Marques da Silva,1168,M40-44,Male,Catalão ,Goiás ,Brazil,BR,0:48:18,2:41:42,2:09:02,0:08:58,0:04:30,5:52:31,2898,9702,7742,538,270,21151,600,535,89,1199,1014,170,469,425,69,600,535,89,Finisher,1802
Luana,Wernersbach Salume,Luana Wernersbach Salume,298,F18-24,Female,Vitoria,ES,Brazil,BR,0:37:42,3:00:57,2:01:44,0:08:38,0:03:34,5:52:35,2262,10857,7304,518,214,21155,601,66,10,500,54,4,619,63,10,601,66,10,Finisher,2371
Pedro,Folly,Pedro Folly,505,M30-34,Male,Rio de Janeiro,Rio de Janeiro,Brazil,BR,0:36:39,2:53:04,2:11:06,0:09:05,0:02:53,5:52:46,2199,10384,7866,545,173,21166,602,536,101,413,379,65,463,419,77,602,536,101,Finisher,1787
Rebeca,Fernandes De Oliveira Lima Sobreira,Rebeca Fernandes De Oliveira Lima Sobreira,315,F25-29,Female,Joao Pessoa,PB,Brazil,BR,0:35:37,2:56:39,2:06:30,0:11:25,0:02:36,5:52:46,2137,10599,7590,685,156,21166,603,67,12,319,23,6,541,54,9,603,67,12,Finisher,2461
Carlos,Eduardo,Carlos Eduardo,1320,M45-49,Male,,,Brazil,BR,0:47:58,3:02:38,1:46:03,0:10:49,0:05:23,5:52:51,2878,10958,6363,649,323,21171,604,537,61,1187,1003,139,852,751,98,604,537,61,Finisher,1658
Davi,De Andrade Neves Haidamus,Davi De Andrade Neves Haidamus,146,M18-24,Male,,,Brazil,BR,0:38:01,2:48:52,2:15:09,0:08:02,0:02:49,5:52:52,2281,10132,8109,482,169,21172,605,538,27,527,470,28,403,366,19,605,538,27,Finisher,2086
Nathaly,Valdez Pareja Motti,Nathaly Valdez Pareja Motti,878,F30-34,Female,Niteroi,RJ,Brazil,BR,0:38:50,3:11:17,1:50:29,0:08:23,0:04:12,5:53:12,2330,11477,6629,503,252,21192,606,68,13,601,71,12,811,95,18,606,68,13,Finisher,2334
lucas,pereira da silva consalter,lucas pereira da silva consalter,701,M35-39,Male,,,Brazil,BR,0:39:10,2:57:33,1:59:47,0:12:56,0:03:54,5:53:20,2350,10653,7187,776,234,21200,607,539,126,624,551,108,654,586,130,607,539,126,Finisher,1586
Jose,Pedro Ortiz Dos Santos,Jose Pedro Ortiz Dos Santos,476,M30-34,Male,,,Brazil,BR,0:38:21,2:58:05,2:04:36,0:07:28,0:04:53,5:53:23,2301,10685,7476,448,293,21203,608,540,102,559,496,90,544,490,88,608,540,102,Finisher,1776
Leonardo,Cesar Victorino,Leonardo Cesar Victorino,738,M35-39,Male,Macaé,RJ,Brazil,BR,0:32:04,3:03:10,2:03:24,0:08:59,0:05:47,5:53:25,1924,10990,7404,539,347,21205,609,541,127,139,129,21,550,495,113,609,541,127,Finisher,1585
Paulo,Augusto Lima Da Silva,Paulo Augusto Lima Da Silva,1398,M45-49,Male,Rio De Janeiro,BR-RJ,Brazil,BR,0:43:40,3:04:42,1:52:52,0:08:28,0:03:50,5:53:32,2620,11082,6772,508,230,21212,610,542,62,972,835,113,777,692,85,610,542,62,Finisher,1646
Rodrigo,Merlim,Rodrigo Merlim,1295,M45-49,Male,Sao Paulo,SP,Brazil,BR,0:40:30,2:58:53,2:02:13,0:07:41,0:04:22,5:53:38,2430,10733,7333,461,262,21218,611,543,63,744,649,83,614,552,66,611,543,63,Finisher,1644
Douglas,Magalhães,Douglas Magalhães,644,M35-39,Male,Rio de Janeiro,RJ,Brazil,BR,0:36:03,2:55:20,2:10:27,0:08:28,0:03:20,5:53:38,2163,10520,7827,508,200,21218,612,544,128,365,337,70,485,438,96,612,544,128,Finisher,1581
Gustavo,Silva,Gustavo Silva,162,M25-29,Male,Recife,Pernambuco,Brazil,BR,0:38:59,3:17:30,1:48:33,0:06:43,0:01:55,5:53:39,2339,11850,6513,403,115,21219,613,545,71,606,535,71,882,778,86,613,545,71,Finisher,1580
Euripedes,Moreira Jorge Junior,Euripedes Moreira Jorge Junior,852,M35-39,Male,,,Brazil,BR,0:44:50,3:00:14,1:55:51,0:08:41,0:04:11,5:53:47,2690,10814,6951,521,251,21227,614,546,129,1039,889,190,727,646,144,614,546,129,Finisher,1578
Yann,Faria Lombardi,Yann Faria Lombardi,557,M30-34,Male,,,Brazil,BR,0:39:26,2:56:19,2:02:20,0:09:55,0:06:00,5:53:59,2366,10579,7340,595,360,21239,615,547,103,649,571,105,586,527,93,615,547,103,Finisher,1765
Lucas,Dias Bailune,Lucas Dias Bailune,418,M30-34,Male,Rio De Janeiro,RJ,Brazil,BR,0:42:17,,,0:09:30,0:00:00,5:54:02,2537,0,0,570,0,21242,616,548,104,873,756,144,99999,99999,99999,616,548,104,Finisher,1764
Diego,Blanc,Diego Blanc,501,M30-34,Male,Rio de Janeiro,Rio de Janeiro,Brazil,BR,0:35:13,2:56:24,2:09:28,0:08:59,0:03:58,5:54:02,2113,10584,7768,539,238,21242,617,549,105,292,275,49,499,452,83,617,549,105,Finisher,1764
Romario,Freire,Romario Freire,456,M30-34,Male,Rio De Janeiro,RJ,Brazil,BR,0:41:05,3:00:47,2:01:59,0:07:22,0:02:55,5:54:09,2465,10847,7319,442,175,21249,618,550,106,795,693,133,645,578,105,618,550,106,Finisher,1762
Gabriel,Costa,Gabriel Costa,150,M18-24,Male,Recife,BR-PE,Brazil,BR,0:32:23,2:54:20,2:16:53,0:06:57,0:03:42,5:54:15,1943,10460,8213,417,222,21255,619,551,28,151,141,9,384,350,17,619,551,28,Finisher,2061
Raphael,Peridis,Raphael Peridis,629,M35-39,Male,Sao Paulo,SP,Brazil,BR,0:38:42,2:59:00,2:03:12,0:09:55,0:03:26,5:54:16,2322,10740,7392,595,206,21256,620,552,130,588,520,98,627,562,125,620,552,130,Finisher,1570
Joao,Oggioni Neto,Joao Oggioni Neto,569,M30-34,Male,,,Brazil,BR,0:40:13,3:08:10,1:52:14,0:10:43,0:02:56,5:54:16,2413,11290,6734,643,176,21256,621,553,107,711,620,117,818,722,140,621,553,107,Finisher,1760
Armando ,Mariosa,Armando Mariosa,599,M35-39,Male,Cabo Frio ,Rio De Janeiro ,Brazil,BR,0:42:40,3:13:13,1:36:14,0:15:21,0:06:55,5:54:24,2560,11593,5774,921,415,21264,622,554,131,901,777,160,990,859,190,622,554,131,Finisher,1567
Mauricio,Marinoni,Mauricio Marinoni,636,M35-39,Male,montevideo,UY-MO,Uruguay,UY,0:39:14,3:03:18,1:56:17,0:10:52,0:04:55,5:54:35,2354,10998,6977,652,295,21275,623,555,132,626,553,110,719,639,142,623,555,132,Finisher,1564
Pedro,Henrique Silva Ferreira,Pedro Henrique Silva Ferreira,102,M18-24,Male,,,Brazil,BR,0:50:39,3:03:35,1:48:34,0:08:22,0:03:31,5:54:41,3039,11015,6514,502,211,21281,624,556,29,1257,1056,46,874,770,37,624,556,29,Finisher,2053
Tiago,Marras De Mendonca,Tiago Marras De Mendonca,1301,M45-49,Male,,,Brazil,BR,0:39:09,2:55:17,2:05:49,0:09:58,0:04:30,5:54:42,2349,10517,7549,598,270,21282,625,557,64,622,549,63,556,501,59,625,557,64,Finisher,1625
Sandro,Barros,Sandro Barros,1583,M50-54,Male,Rio de Janeiro,BR-RJ,Brazil,BR,0:34:11,3:00:50,1:59:36,0:12:27,0:07:41,5:54:45,2051,10850,7176,747,461,21285,626,558,28,227,214,9,626,561,27,626,558,28,Finisher,2046
Daniel,Salazar,Daniel Salazar,1340,M45-49,Male,RIO DE JANEIRO ,RIO DE JANEIRO ,Spain,ES,0:37:03,3:16:09,1:47:21,0:11:04,0:03:17,5:54:54,2223,11769,6441,664,197,21294,627,559,65,442,405,49,899,793,105,627,559,65,Finisher,1621
LAISA,MATOS GARCIA,LAISA MATOS GARCIA,959,F35-39,Female,,,Brazil,BR,0:37:38,3:08:46,1:58:09,0:07:49,0:02:35,5:54:55,2258,11326,7089,469,155,21295,628,69,11,488,50,7,729,82,15,628,69,11,Finisher,2130
Thiago,Moura,Thiago Moura,192,M25-29,Male,Natal,RN,Brazil,BR,0:34:44,3:24:56,1:44:34,0:07:36,0:03:06,5:54:57,2084,12296,6274,456,186,21297,629,560,72,264,249,32,933,821,90,629,560,72,Finisher,1557
Leonardo,Figueiredo,Leonardo Figueiredo,603,M35-39,Male,Rio de Janeiro - RJ,Rio de Janeiro,Brazil,BR,0:38:10,2:48:11,2:18:17,0:06:43,0:03:39,5:55:00,2290,10091,8297,403,219,21300,630,561,133,540,481,89,375,341,76,630,561,133,Finisher,1556
Leonardo,Diamante,Leonardo Diamante,1639,M55-59,Male,Muñiz,AR-B,Argentina,AR,0:35:46,3:03:31,2:01:17,0:08:38,0:05:51,5:55:03,2146,11011,7277,518,351,21303,631,562,19,334,308,14,632,567,24,631,562,19,Finisher,2235
Daniel Ferreira,Spíndola,Daniel Ferreira Spíndola,708,M35-39,Male,RIO DE JANEIRO,BR-Rio de Janeiro,Brazil,BR,0:38:59,2:59:38,1:59:52,0:09:29,0:07:14,5:55:11,2339,10778,7192,569,434,21311,632,563,134,605,534,102,634,569,127,632,563,134,Finisher,1553
Felipe,De Almeida Gomes,Felipe De Almeida Gomes,729,M35-39,Male,Goiania,GO,Brazil,BR,0:39:34,3:03:17,2:03:11,0:07:13,0:01:58,5:55:13,2374,10997,7391,433,118,21313,633,564,135,658,577,114,664,595,132,633,564,135,Finisher,1553
Daniele,Leal,Daniele Leal,1432,F40-44,Female,Rio De Janeiro,RJ,Brazil,BR,0:42:23,3:00:15,1:54:42,0:15:30,0:02:32,5:55:22,2543,10815,6882,930,152,21322,634,70,11,879,118,25,805,94,16,634,70,11,Finisher,2707
DIEGO,JANIQUES SILVA,DIEGO JANIQUES SILVA,865,M35-39,Male,ITAIPAVA,RJ,Brazil,BR,0:49:08,2:56:10,1:56:32,0:09:27,0:04:28,5:55:44,2948,10570,6992,567,268,21344,635,565,136,1220,1030,222,741,659,146,635,565,136,Finisher,1543
Thais,Augusto Goncales Zanoni,Thais Augusto Goncales Zanoni,1413,F40-44,Female,,,Brazil,BR,0:37:06,3:05:29,2:00:56,0:08:58,0:03:17,5:55:46,2226,11129,7256,538,197,21346,636,71,12,447,40,6,687,73,11,636,71,12,Finisher,2699
Jose,Roberto Shimoda Diniz Do Rego Monteiro,Jose Roberto Shimoda Diniz Do Rego Monteiro,245,M25-29,Male,,,Brazil,BR,0:40:49,3:05:25,1:57:15,0:08:17,0:04:15,5:56:01,2449,11125,7035,497,255,21361,637,566,73,774,675,77,735,653,76,637,566,73,Finisher,1538
Rodrigo,Elias Da Cruz,Rodrigo Elias Da Cruz,1179,M40-44,Male,,AC,Brazil,BR,0:38:13,3:02:45,2:03:02,0:08:49,0:03:12,5:56:01,2293,10965,7382,529,192,21361,638,567,90,549,487,80,658,589,101,638,567,90,Finisher,1739
Camilo,Dias,Camilo Dias,1297,M45-49,Male,Sao Caetano Do Sul,SP,Brazil,BR,0:37:59,2:58:53,2:00:49,0:12:44,0:05:45,5:56:10,2279,10733,7249,764,345,21370,639,568,66,523,466,56,652,585,73,639,568,66,Finisher,1598
Pablo,Henrique Dornelles Rodrigues,Pablo Henrique Dornelles Rodrigues,125,M18-24,Male,,,Brazil,BR,0:51:21,2:52:05,2:02:16,0:06:54,0:03:34,5:56:11,3081,10325,7336,414,214,21371,640,569,30,1273,1069,47,667,598,30,640,569,30,Finisher,2026
Marllon,Santos Goncalves Ferreira,Marllon Santos Goncalves Ferreira,443,M30-34,Male,Rio De Janeiro,RJ,Brazil,BR,0:45:40,3:06:26,1:47:51,0:10:21,0:05:54,5:56:11,2740,11186,6471,621,354,21371,641,570,108,1090,931,173,873,769,148,641,570,108,Finisher,1725
EDNEI,COSTA,EDNEI COSTA,1641,M55-59,Male,São Paulo,São Paulo,Brazil,BR,0:35:23,2:58:11,2:10:08,0:07:12,0:05:19,5:56:13,2123,10691,7808,432,319,21373,642,571,20,301,282,12,502,454,18,642,571,20,Finisher,2214
Pedro,Romario Gomes Cruz,Pedro Romario Gomes Cruz,442,M30-34,Male,,,Brazil,BR,0:40:32,3:06:42,1:56:10,0:09:20,0:03:40,5:56:24,2432,11202,6970,560,220,21384,643,572,109,749,654,122,769,685,131,643,572,109,Finisher,1721
Patricia,A Rosa Tavarone,Patricia A Rosa Tavarone,1595,F50-54,Female,Rio De Janeiro,RJ,Brazil,BR,0:47:41,3:08:12,1:47:14,0:09:43,0:03:36,5:56:25,2861,11292,6434,583,216,21385,644,72,2,1174,181,7,910,109,4,644,72,2,Finisher,3182
Maria,Eloy,Maria Eloy,889,F30-34,Female,Petrópolis,Rio de Janeiro,Brazil,BR,0:44:58,2:53:25,2:08:34,0:06:51,0:02:41,5:56:28,2698,10405,7714,411,161,21388,645,73,14,1046,152,30,572,57,11,645,73,14,Finisher,2275
Maria Soledad,Omar,Maria Soledad Omar,1602,F50-54,Female,Niterói,RIO DE JANEIRO,Argentina,AR,0:35:30,3:04:10,2:06:36,0:06:43,0:03:34,5:56:32,2130,11050,7596,403,214,21392,646,74,3,309,20,1,603,62,2,646,74,3,Finisher,3180
Mariana,Eiras Borges,Mariana Eiras Borges,943,F35-39,Female,,,Brazil,BR,0:37:20,,,0:10:32,0:00:00,5:56:42,2240,0,0,632,0,21402,647,75,12,468,46,6,99999,99999,99999,647,75,12,Finisher,2098
Davi,Soares De Souza,Davi Soares De Souza,139,M18-24,Male,Sao Paulo,SP,Brazil,BR,0:42:40,2:58:51,2:04:31,0:07:51,0:02:55,5:56:48,2560,10731,7471,471,175,21408,648,573,31,900,776,40,648,581,29,648,573,31,Finisher,2015
Adrian,Jara,Adrian Jara,1328,M45-49,Male,Rio de Janeiro,RIO DE JANEIRO,Paraguay,PY,0:44:03,2:58:05,2:00:01,0:09:22,0:05:19,5:56:49,2643,10685,7201,562,319,21409,649,574,67,989,849,116,684,614,78,649,574,67,Finisher,1587
Jonathan,SCHMIDT,Jonathan SCHMIDT,813,M35-39,Male,PARIS,FR-75,France,FR,0:34:17,3:05:05,2:00:27,0:08:59,0:08:02,5:56:51,2057,11105,7227,539,482,21411,650,575,137,235,222,46,636,571,129,650,575,137,Finisher,1523
Beatriz,Machado Leao Madeira Jorge,Beatriz Machado Leao Madeira Jorge,321,F25-29,Female,,,Brazil,BR,0:40:27,3:02:01,2:02:15,0:09:05,0:03:04,5:56:52,2427,10921,7335,545,184,21412,651,76,13,737,95,17,686,72,11,651,76,13,Finisher,2387
Leonardo Nestor,Giron,Leonardo Nestor Giron,1646,M55-59,Male,Quilmes,Buenos Aires,Argentina,AR,0:36:25,2:54:41,2:13:41,0:07:49,0:04:27,5:57:03,2185,10481,8021,469,267,21423,652,576,21,392,360,16,465,421,17,652,576,21,Finisher,2199
Mark,Jackson,Mark Jackson,1341,M45-49,Male,Ware,England,United Kingdom,GB,0:39:35,2:53:08,2:09:41,0:09:36,0:05:08,5:57:08,2375,10388,7781,576,308,21428,653,577,68,660,579,70,527,474,55,653,577,68,Finisher,1581
Danilo,Almeida Brandao,Danilo Almeida Brandao,242,M25-29,Male,Rio De Janeiro,RJ,Brazil,BR,0:40:22,3:06:47,1:55:19,0:11:33,0:03:14,5:57:15,2422,11207,6919,693,194,21435,654,578,74,728,634,75,814,718,80,654,578,74,Finisher,1516
Vinicius,Rodrigues Oliveira,Vinicius Rodrigues Oliveira,367,M30-34,Male,Anapolis,GO,Brazil,BR,0:40:55,2:55:44,2:08:01,0:09:35,0:03:04,5:57:19,2455,10544,7681,575,184,21439,655,579,110,784,684,131,597,536,96,655,579,110,Finisher,1705
Fernanda,Jardim,Fernanda Jardim,1597,F50-54,Female,goiânia,goiás,Brazil,BR,0:37:29,3:02:54,2:03:43,0:08:16,0:04:59,5:57:21,2249,10974,7423,496,299,21441,656,77,4,476,48,2,640,67,3,656,77,4,Finisher,3166
Alexandre,Wanzeller Casali,Alexandre Wanzeller Casali,1677,M55-59,Male,Rio De Janeiro,RJ,Brazil,BR,0:34:22,2:45:36,2:24:33,0:09:28,0:03:37,5:57:36,2062,9936,8673,568,217,21456,657,580,22,239,226,9,314,289,11,657,580,22,Finisher,2189
Augusto,Simoes Thome,Augusto Simoes Thome,1321,M45-49,Male,Rio De Janeiro,RJ,Brazil,BR,0:32:16,2:35:59,2:39:27,0:07:01,0:02:54,5:57:37,1936,9359,9567,421,174,21457,658,581,69,148,138,10,145,134,10,658,581,69,Finisher,1572
Matheus,Lemos Dantas,Matheus Lemos Dantas,184,M25-29,Male,,,Brazil,BR,0:36:28,2:44:01,2:24:00,0:08:10,0:04:58,5:57:37,2188,9841,8640,490,298,21457,659,582,75,397,365,47,300,276,40,659,582,75,Finisher,1509
Ana Aline,Oswaldo,Ana Aline Oswaldo,310,F25-29,Female,Campinas,Sao paulo,Brazil,BR,0:38:11,3:05:57,2:01:10,0:08:08,0:04:11,5:57:38,2291,11157,7270,488,251,21458,660,78,14,542,60,9,694,75,12,660,78,14,Finisher,2374
Danilo,De Andrade Granha Reis,Danilo De Andrade Granha Reis,445,M30-34,Male,Rio de Janeiro,Rio de Janeiro,Brazil,BR,0:43:51,2:59:36,2:02:16,0:09:34,0:02:32,5:57:49,2631,10776,7336,574,152,21469,661,583,111,982,844,161,710,632,117,661,583,111,Finisher,1696
Vitor,Nuto Leite Franca,Vitor Nuto Leite Franca,475,M30-34,Male,JOAO PESSOA,PB,Brazil,BR,0:38:14,2:42:33,2:19:43,0:09:15,0:08:07,5:57:52,2294,9753,8383,555,487,21472,662,584,112,552,490,87,324,298,59,662,584,112,Finisher,1695
Luis Felipe,Gadelha,Luis Felipe Gadelha,142,M18-24,Male,Rio de Janeiro,Rio de Janeiro,Brazil,BR,0:39:18,3:05:21,2:02:08,0:08:20,0:02:46,5:57:53,2358,11121,7328,500,166,21473,663,585,32,637,561,33,707,629,33,663,585,32,Finisher,1995
Gabriel,Antonio Rosa,Gabriel Antonio Rosa,260,M25-29,Male,Tangara Da Serra,MT,Brazil,BR,0:49:06,2:54:38,2:01:50,0:09:13,0:03:09,5:57:55,2946,10478,7310,553,189,21475,664,586,76,1216,1027,106,706,628,72,664,586,76,Finisher,1504
Ricardo,Shinyashiki,Ricardo Shinyashiki,1097,M40-44,Male,sao paulo,FL,Brazil,BR,0:40:00,3:00:27,2:04:23,0:08:35,0:04:31,5:57:55,2400,10827,7463,515,271,21475,665,587,91,695,608,96,643,576,100,665,587,91,Finisher,1705
Thais,Maria Baqueiro Gomes Guimaraes,Thais Maria Baqueiro Gomes Guimaraes,322,F25-29,Female,Joao Pessoa,PB,Brazil,BR,0:41:55,3:06:02,1:59:17,0:08:16,0:02:26,5:57:57,2515,11162,7157,496,146,21477,666,79,15,851,116,19,762,83,14,666,79,15,Finisher,2368
Pedro,Sanches Tavora,Pedro Sanches Tavora,366,M30-34,Male,,,Brazil,BR,0:37:02,,,0:08:51,0:00:00,5:58:03,2222,0,0,531,0,21483,667,588,113,441,404,71,99999,99999,99999,667,588,113,Finisher,1692
Igor,Ferreira Lino,Igor Ferreira Lino,276,M25-29,Male,,,Brazil,BR,0:44:02,2:56:58,2:01:54,0:10:18,0:04:52,5:58:03,2642,10618,7314,618,292,21483,668,589,77,988,848,94,680,610,70,668,589,77,Finisher,1501
Lucas,Cunha Soares,Lucas Cunha Soares,230,M25-29,Male,,,Brazil,BR,0:37:00,3:00:57,2:08:28,0:08:56,0:02:55,5:58:17,2220,10857,7708,536,175,21497,669,590,78,438,401,53,612,550,66,669,590,78,Finisher,1497
Priscilla,Fernandes Da Silva,Priscilla Fernandes Da Silva,1436,F40-44,Female,,,Brazil,BR,0:35:42,2:54:15,2:15:09,0:08:18,0:04:57,5:58:21,2142,10455,8109,498,297,21501,670,80,13,325,25,3,458,43,5,670,80,13,Finisher,2653
Giovana,Soares,Giovana Soares,291,F18-24,Female,Rio de Janeiro,BR-Rio de Janeiro,Brazil,BR,0:38:36,3:03:10,2:05:28,0:07:59,0:03:17,5:58:30,2316,10990,7528,479,197,21510,671,81,11,580,68,6,657,69,11,671,81,11,Finisher,2264
Ricardo,Nicodemos ,Ricardo Nicodemos,709,M35-39,Male,Rio de Janeiro ,Rio de Janeiro,Brazil,BR,0:44:42,2:53:40,2:07:19,0:08:51,0:04:03,5:58:35,2682,10420,7639,531,243,21515,672,591,138,1030,880,188,618,556,123,672,591,138,Finisher,1492
Julio,Mendes,Julio Mendes,1249,M45-49,Male,Indaiatuba,SP,Brazil,BR,0:43:49,2:48:05,2:10:48,0:12:21,0:03:33,5:58:35,2629,10085,7848,741,213,21515,673,592,70,979,841,114,553,498,57,673,592,70,Finisher,1555
Rennan,De Moraes Brandi,Rennan De Moraes Brandi,581,M30-34,Male,Santos,BR-SP,Brazil,BR,0:42:35,3:12:26,1:42:59,0:15:00,0:05:44,5:58:43,2555,11546,6179,900,344,21523,674,593,114,891,769,149,981,852,158,674,593,114,Finisher,1680
Danilo ,Couto Marques ,Danilo Couto Marques,573,M30-34,Male,Belém,PA,Brazil,BR,0:40:24,3:13:14,1:49:20,0:12:41,0:03:09,5:58:49,2424,11594,6560,761,189,21529,675,594,115,731,637,119,924,813,151,675,594,115,Finisher,1678
Camila,Nobre Moreira,Camila Nobre Moreira,1444,F40-44,Female,,,Brazil,BR,0:40:39,3:05:17,1:58:03,0:10:48,0:04:18,5:59:04,2439,11117,7083,648,258,21544,676,82,14,757,98,21,774,85,13,676,82,14,Finisher,2640
Andre,Rodrigo Dos Santos De Souza,Andre Rodrigo Dos Santos De Souza,717,M35-39,Male,,,Brazil,BR,0:47:01,2:48:49,2:08:28,0:09:54,0:04:56,5:59:07,2821,10129,7708,594,296,21547,677,595,139,1144,970,212,588,529,119,677,595,139,Finisher,1482
Abilio,Cesar De Oliveira,Abilio Cesar De Oliveira,1200,M40-44,Male,Natal,RN,Brazil,BR,0:40:27,2:45:36,2:20:02,0:09:37,0:03:27,5:59:10,2427,9936,8402,577,207,21550,678,596,92,740,645,104,416,376,60,678,596,92,Finisher,1683
Gilberto,Ivanaga Neto,Gilberto Ivanaga Neto,596,M35-39,Male,Londrina,BR-PR,Brazil,BR,0:48:54,2:55:53,1:59:24,0:10:57,0:04:20,5:59:27,2934,10553,7164,657,260,21567,679,597,140,1212,1023,221,751,669,147,679,597,140,Finisher,1476
Andre,Soares De Sa,Andre Soares De Sa,1405,M45-49,Male,Sao paulo,Sp,Brazil,BR,0:35:32,3:02:13,2:07:06,0:09:54,0:04:49,5:59:33,2132,10933,7626,594,289,21573,680,598,71,312,292,37,628,563,68,680,598,71,Finisher,1538
Lucas,Rodrigues Vieira Da Rocha,Lucas Rodrigues Vieira Da Rocha,252,M25-29,Male,Rio De Janeiro,RJ,Brazil,BR,0:42:55,3:04:22,2:00:38,0:07:40,0:04:10,5:59:45,2575,11062,7238,460,250,21585,681,599,79,919,791,87,742,660,77,681,599,79,Finisher,1471
Fernando,Luiz Peixoto Freijanes,Fernando Luiz Peixoto Freijanes,820,M35-39,Male,RIO DE JANEIRO ,,Brazil,BR,0:41:07,2:55:33,2:09:51,0:09:36,0:03:40,5:59:47,2467,10533,7791,576,220,21587,682,600,141,801,699,144,599,538,121,682,600,141,Finisher,1470
Guilherme,Sales,Guilherme Sales,741,M35-39,Male,Sao Paulo,SP,Brazil,BR,0:34:12,2:44:15,2:28:45,0:08:56,0:03:42,5:59:49,2052,9855,8925,536,222,21589,683,601,142,229,216,45,289,267,60,683,601,142,Finisher,1470
LUIZ,HENRIQUE DE LIMA ARAUJO,LUIZ HENRIQUE DE LIMA ARAUJO,1345,M45-49,Male,RIO DE JANEIRO,RJ,Brazil,BR,0:37:12,,,0:07:58,0:00:00,5:59:49,2232,0,0,478,0,21589,684,602,72,454,413,50,99999,99999,99999,684,602,72,Finisher,1533
Antonio,Carlos De Morais Junior,Antonio Carlos De Morais Junior,1107,M40-44,Male,,,Brazil,BR,0:44:46,3:00:51,1:59:32,0:09:55,0:04:51,5:59:55,2686,10851,7172,595,291,21595,685,603,93,1033,883,145,749,667,112,685,603,93,Finisher,1669
MARILZA,CANDIDA SALDANHA,MARILZA CANDIDA SALDANHA,1730,F60-64,Female,São José do Rio Preto,São Paulo,Brazil,BR,0:41:45,3:08:36,1:57:22,0:09:13,0:03:04,6:00:00,2505,11316,7042,553,184,21600,686,83,1,842,114,1,829,97,1,686,83,1,Finisher,3500
HELIO,FRANCISCO SHIROMA,HELIO FRANCISCO SHIROMA,1681,M60-64,Male,FLORIANOPOLIS,SC,Brazil,BR,0:35:42,3:02:01,2:12:11,0:06:35,0:03:37,6:00:06,2142,10921,7931,395,217,21606,687,604,3,326,301,2,554,499,3,687,604,3,Finisher,2975
Mariela,Ribeiro Moura Mondini,Mariela Ribeiro Moura Mondini,1421,F40-44,Female,,,Brazil,BR,0:45:10,2:54:12,2:08:52,0:09:04,0:02:53,6:00:10,2710,10452,7732,544,173,21610,688,84,15,1054,155,30,637,66,9,688,84,15,Finisher,2620
Eduardo,Marinho Jeunon,Eduardo Marinho Jeunon,1511,M50-54,Male,Belo Horizonte,MG,Brazil,BR,0:38:14,3:03:55,2:05:55,0:08:43,0:03:33,6:00:19,2294,11035,7555,523,213,21619,689,605,29,551,489,34,671,601,31,689,605,29,Finisher,1946
Marc,Matthiessen,Marc Matthiessen,699,M35-39,Male,Rio de Janeiro,Rio de Janeiro,Brazil,BR,0:38:47,3:08:25,1:59:56,0:08:49,0:04:24,6:00:21,2327,11305,7196,529,264,21621,690,606,143,597,528,100,757,675,150,690,606,143,Finisher,1460
Luciano,Garotti,Luciano Garotti,1355,M45-49,Male,Rio de Janeiro,BR-RJ,Brazil,BR,0:40:31,3:05:25,1:57:41,0:11:59,0:04:50,6:00:26,2431,11125,7061,719,290,21626,691,607,73,748,653,85,800,709,89,691,607,73,Finisher,1522
Mauricio,Mike Sarue,Mauricio Mike Sarue,830,M35-39,Male,Sao Paulo,BR-SP,Brazil,BR,0:44:24,3:03:31,1:55:54,0:10:30,0:06:15,6:00:35,2664,11011,6954,630,375,21635,692,608,144,1012,864,180,809,715,158,692,608,144,Finisher,1456
Rodrigo,Philipe Aiello De Moraes,Rodrigo Philipe Aiello De Moraes,841,M35-39,Male,Sao Paulo,SP,Brazil,BR,0:37:56,2:56:47,2:12:03,0:09:53,0:04:01,6:00:40,2276,10607,7923,593,241,21640,693,609,145,515,458,83,560,505,114,693,609,145,Finisher,1454
Daniel,Paixao,Daniel Paixao,364,M30-34,Male,Foz do Iguacu,PR,Brazil,BR,0:41:50,2:59:43,2:07:29,0:09:26,0:02:14,6:00:42,2510,10783,7649,566,134,21642,694,610,116,848,733,141,674,604,112,694,610,116,Finisher,1644
carolina,gomes rodrigues,carolina gomes rodrigues,978,F35-39,Female,Rio de Janeiro,Rio de Janeiro,Brazil,BR,0:39:27,3:05:19,2:04:48,0:08:27,0:02:55,6:00:55,2367,11119,7488,507,175,21655,695,85,13,650,79,11,714,79,13,695,85,13,Finisher,2022
Eder,Vinicius Da Silveira Araujo,Eder Vinicius Da Silveira Araujo,1223,M40-44,Male,,,Brazil,BR,0:40:43,,,0:09:44,0:00:00,6:00:55,2443,0,0,584,0,21655,696,611,94,766,667,106,99999,99999,99999,696,611,94,Finisher,1651
Aluizio,Veloso,Aluizio Veloso,1278,M45-49,Male,rio de janeiro,Rio de Janeiro,Brazil,BR,0:34:27,3:01:34,2:08:05,0:11:02,0:05:48,6:00:56,2067,10894,7685,662,348,21656,697,612,74,246,233,30,615,553,67,697,612,74,Finisher,1513
Renan,De Oliveira Souza,Renan De Oliveira Souza,198,M25-29,Male,São Paulo,São Paulo,Brazil,BR,0:37:21,3:19:41,1:46:18,0:11:18,0:06:19,6:00:57,2241,11981,6378,678,379,21657,698,613,80,469,423,57,951,831,92,698,613,80,Finisher,1449
Marcelo,Altuna,Marcelo Altuna,1682,M60-64,Male,Capital Federal,San Juan,Argentina,AR,0:35:51,2:51:12,2:21:10,0:09:01,0:03:45,6:00:59,2151,10272,8470,541,225,21659,699,614,4,343,316,3,419,379,2,699,614,4,Finisher,2959
Mariangela ,Maciel ,Mariangela Maciel,1414,F40-44,Female,Salta,Salta,Argentina,AR,0:39:23,3:10:02,2:00:44,0:08:08,0:02:46,6:01:02,2363,11402,7244,488,166,21662,700,86,16,642,77,17,794,89,14,700,86,16,Finisher,2605
Felipe,Saraiva,Felipe Saraiva,439,M30-34,Male,campinas,,Brazil,BR,0:31:25,3:08:49,2:08:22,0:08:14,0:04:21,6:01:10,1885,11329,7702,494,261,21670,701,615,117,122,113,15,638,572,103,701,615,117,Finisher,1636
ELTON,COMORETTO CARDOSO,ELTON COMORETTO CARDOSO,1632,M55-59,Male,LONDRINA,PR,Brazil,BR,0:43:32,2:51:41,2:14:18,0:08:26,0:03:15,6:01:11,2612,10301,8058,506,195,21671,702,616,23,963,827,33,540,487,20,702,616,23,Finisher,2125
Marcelly,Adolfo,Marcelly Adolfo,872,F30-34,Female,,,Brazil,BR,0:40:09,3:01:14,1:57:36,0:16:22,0:06:03,6:01:23,2409,10874,7056,982,363,21683,703,87,15,705,91,16,797,91,16,703,87,15,Finisher,2186
Victor,Oliveira,Victor Oliveira,409,M30-34,Male,São Paulo,São Paulo,Brazil,BR,0:45:52,3:01:23,2:01:20,0:08:42,0:04:09,6:01:26,2752,10883,7280,522,249,21686,704,617,118,1096,935,174,755,673,127,704,617,118,Finisher,1631
Fabiano,Dalmolin,Fabiano Dalmolin,1094,M40-44,Male,Rio de Janeiro,RJ,Brazil,BR,0:38:29,3:07:49,2:01:33,0:08:54,0:04:50,6:01:34,2309,11269,7293,534,290,21694,705,618,95,569,505,81,745,663,110,705,618,95,Finisher,1640
Filipe,Alves,Filipe Alves,1003,M40-44,Male,Sao Paulo,BR-São Paulo,Brazil,BR,0:50:55,2:54:39,1:59:00,0:11:54,0:05:09,6:01:38,3055,10479,7140,714,309,21698,706,619,96,1263,1060,183,791,703,116,706,619,96,Finisher,1638
Roberto,Costa E Silva Gargiulo,Roberto Costa E Silva Gargiulo,1390,M45-49,Male,Atibaia,SP,Brazil,BR,0:41:23,3:03:46,2:00:27,0:12:30,0:03:35,6:01:40,2483,11026,7227,750,215,21700,707,620,75,821,712,93,796,706,88,707,620,75,Finisher,1499
Larissa,Camargo Costa,Larissa Camargo Costa,947,F35-39,Female,Rio de Janeiro,Rio de Janeiro,Brazil,BR,0:46:02,3:07:42,1:49:55,0:12:07,0:06:00,6:01:46,2762,11262,6595,727,360,21706,708,88,14,1104,163,31,916,110,19,708,88,14,Finisher,2007
Thomas,Sampaio,Thomas Sampaio,249,M25-29,Male,Rio De Janeiro,RJ,Brazil,BR,0:42:16,3:12:51,1:49:57,0:10:43,0:06:01,6:01:48,2536,11571,6597,643,361,21708,709,621,81,871,754,83,915,806,89,709,621,81,Finisher,1434
Rodrigo,Costa,Rodrigo Costa,360,M30-34,Male,Rio de Janeiro,RJ,Brazil,BR,0:38:28,3:04:47,2:04:14,0:08:24,0:06:01,6:01:55,2308,11087,7454,504,361,21715,710,622,119,568,504,91,688,615,114,710,622,119,Finisher,1622
Luis,Guilherme B F De Araujo,Luis Guilherme B F De Araujo,1401,M45-49,Male,,,Brazil,BR,0:34:13,3:09:59,2:00:33,0:10:20,0:06:52,6:01:57,2053,11399,7233,620,412,21717,711,623,76,230,217,26,738,656,80,711,623,76,Finisher,1494
Carlos,Diaz Pradilla,Carlos Diaz Pradilla,577,M30-34,Male,Bucaramanga,CO-SAN,Colombia,CO,0:45:06,3:04:59,1:57:02,0:07:15,0:07:38,6:02:00,2706,11099,7022,435,458,21720,712,624,120,1050,897,171,788,701,136,712,624,120,Finisher,1621
Fabricio,Merlo,Fabricio Merlo,136,M18-24,Male,,,Brazil,BR,0:55:58,3:05:10,1:47:58,0:09:44,0:03:11,6:02:00,3358,11110,6478,584,191,21720,713,625,33,1335,1119,50,989,858,40,713,625,33,Finisher,1921
Lais,Souza Lima Veneroso,Lais Souza Lima Veneroso,944,F35-39,Female,Belo Horizonte,MG,Brazil,BR,0:40:05,3:09:33,2:01:15,0:07:20,0:03:49,6:02:02,2405,11373,7275,440,229,21722,714,89,15,701,90,13,778,86,17,714,89,15,Finisher,2002
Alexsandro,Potenza Lima,Alexsandro Potenza Lima,1359,M45-49,Male,,,Brazil,BR,0:57:29,3:06:32,1:43:56,0:09:43,0:04:26,6:02:08,3449,11192,6236,583,266,21728,715,626,77,1344,1127,154,1021,886,120,715,626,77,Finisher,1491
Luana,Cestari Sartori,Luana Cestari Sartori,313,F25-29,Female,,,Brazil,BR,0:43:09,3:07:00,2:00:30,0:07:57,0:03:46,6:02:21,2589,11220,7230,477,226,21741,716,90,16,935,130,23,803,92,15,716,90,16,Finisher,2289
Luiz,Augusto Da Cunha Andrade,Luiz Augusto Da Cunha Andrade,1700,M60-64,Male,Rio de Janeiro,Rio de Janeiro,Brazil,BR,0:44:15,2:55:08,2:01:40,0:13:57,0:07:28,6:02:28,2655,10508,7300,837,448,21748,717,627,5,1003,857,11,717,637,4,717,627,5,Finisher,2933
Lucas,Lemos,Lucas Lemos,578,M30-34,Male,Cascavel,Paraná,Brazil,BR,0:39:19,3:07:33,1:59:10,0:11:38,0:04:51,6:02:31,2359,11253,7150,698,291,21751,718,628,121,638,562,102,810,716,139,718,628,121,Finisher,1611
Mauricio,Rodrigues Coura,Mauricio Rodrigues Coura,803,M35-39,Male,Rio De Janeiro,RJ,Brazil,BR,0:44:39,3:07:03,1:57:00,0:09:26,0:04:37,6:02:44,2679,11223,7020,566,277,21764,719,629,146,1027,877,186,848,747,164,719,629,146,Finisher,1417
Eduardo,Alleoni Marcos,Eduardo Alleoni Marcos,1198,M40-44,Male,,,Brazil,BR,0:37:22,2:59:41,2:10:25,0:09:53,0:05:35,6:02:56,2242,10781,7825,593,335,21776,720,630,97,472,426,66,613,551,96,720,630,97,Finisher,1615
Carlos,Falcao,Carlos Falcao,1634,M55-59,Male,maceio,Alagoas,Brazil,BR,0:34:46,2:52:33,2:21:17,0:10:06,0:04:20,6:03:00,2086,10353,8477,606,260,21780,721,631,24,265,250,11,438,398,15,721,631,24,Finisher,2092
Antonio,Torres de Carvalho Brandao,Antonio Torres de Carvalho Brandao,1329,M45-49,Male,Itajuba,MG,Brazil,BR,0:45:13,2:53:53,2:07:20,0:11:58,0:04:41,6:03:05,2713,10433,7640,718,281,21785,722,632,78,1056,901,122,676,606,76,722,632,78,Finisher,1474
daniel,escobar bueno peixoto,daniel escobar bueno peixoto,862,M35-39,Male,vitoria,BR-Espírito Santo,Brazil,BR,0:33:15,2:49:08,2:30:36,0:07:34,0:02:35,6:03:09,1995,10148,9036,454,155,21789,723,633,147,186,175,35,323,297,65,723,633,147,Finisher,1410
Renato,Arias,Renato Arias,429,M30-34,Male,Lima,Lima,Peru,PE,0:30:10,3:12:43,2:03:30,0:14:13,0:02:42,6:03:17,1810,11563,7410,853,162,21797,724,634,122,86,80,9,781,695,134,724,634,122,Finisher,1598
ANDRE,NAZARIO,ANDRE NAZARIO,1371,M45-49,Male,PRAIA GRANDE,SP,Brazil,BR,0:37:49,3:00:15,2:11:16,0:09:46,0:04:12,6:03:18,2269,10815,7876,586,252,21798,725,635,79,509,454,54,631,566,69,725,635,79,Finisher,1470
Marina,Durazzo,Marina Durazzo,979,F35-39,Female,LONDRINA,Paraná,Brazil,BR,0:42:54,3:13:10,1:51:48,0:11:56,0:03:42,6:03:32,2574,11590,6708,716,222,21812,726,91,16,918,128,24,945,117,21,726,91,16,Finisher,1975
Rudnei,Fernando Rosa,Rudnei Fernando Rosa,1092,M40-44,Male,Americana,SP,Brazil,BR,0:45:27,2:53:49,2:14:05,0:07:36,0:02:36,6:03:34,2727,10429,8045,456,156,21814,727,636,98,1074,918,149,610,548,94,727,636,98,Finisher,1604
Leonardo,Gadelha,Leonardo Gadelha,1556,M50-54,Male,Rio de Janeiro,RJ,Brazil,BR,0:40:01,2:44:12,2:18:56,0:12:28,0:08:09,6:03:46,2401,9852,8336,748,489,21826,728,637,30,696,609,43,427,387,19,728,637,30,Finisher,1884
Juan,Campos,Juan Campos,416,M30-34,Male,Manaus,Amazonas,Brazil,BR,0:40:38,3:02:17,2:08:34,0:10:05,0:02:15,6:03:49,2438,10937,7714,605,135,21829,729,638,123,755,658,125,708,630,116,729,638,123,Finisher,1588
Carlos,Eduardo Bittencourt,Carlos Eduardo Bittencourt,1491,M50-54,Male,Niteroi,RJ,Brazil,BR,0:44:10,2:58:09,2:08:34,0:09:34,0:03:23,6:03:50,2650,10689,7714,574,203,21830,730,639,31,998,854,56,691,617,33,730,639,31,Finisher,1883
Pedro,Amado,Pedro Amado,1544,M50-54,Male,São Paulo,SP,Brazil,BR,0:37:41,3:16:29,1:50:37,0:14:06,0:05:06,6:03:59,2261,11789,6637,846,306,21839,731,640,32,496,444,29,948,829,51,731,640,32,Finisher,1880
MARCOS,DA SILVA MARTINS JUNIOR,MARCOS DA SILVA MARTINS JUNIOR,460,M30-34,Male,,,Brazil,BR,0:40:04,2:54:41,2:17:40,0:08:11,0:03:25,6:04:00,2404,10481,8260,491,205,21840,732,641,124,699,610,113,534,481,87,732,641,124,Finisher,1585
Ricardo,Racca,Ricardo Racca,769,M35-39,Male,Rio de Janeiro,RIO DE JANEIRO,Brazil,BR,0:38:14,2:50:14,2:23:08,0:09:12,0:03:25,6:04:14,2294,10214,8588,552,205,21854,733,642,148,550,488,91,444,403,89,733,642,148,Finisher,1390
Alvaro,Vereza,Alvaro Vereza,421,M30-34,Male,Macaé,Rio de Janeiro,Brazil,BR,0:44:47,3:04:25,2:04:22,0:07:06,0:03:58,6:04:38,2687,11065,7462,426,238,21878,734,643,125,1036,886,166,765,681,129,734,643,125,Finisher,1573
Paulo Alcestre Teixeira da,Cunha Junior,Paulo Alcestre Teixeira da Cunha Junior,576,M30-34,Male,Pirajuí,São Paulo,Brazil,BR,0:33:43,3:11:43,2:02:50,0:09:40,0:06:54,6:04:50,2023,11503,7370,580,414,21890,735,644,126,207,194,34,744,662,123,735,644,126,Finisher,1570
Leonardo,Pimenta,Leonardo Pimenta,228,M25-29,Male,,,Brazil,BR,0:45:13,3:10:37,1:56:51,0:08:23,0:03:50,6:04:53,2713,11437,7011,503,230,21893,736,645,82,1057,902,97,897,791,88,736,645,82,Finisher,1378
Rodrigo,Andrade,Rodrigo Andrade,1217,M40-44,Male,Valinhos,BR-SP,Brazil,BR,0:34:01,3:01:32,2:15:06,0:08:41,0:05:42,6:05:02,2041,10892,8106,521,342,21902,737,646,99,215,202,27,551,496,81,737,646,99,Finisher,1577
Daniel,Mcgregor von Hellmann,Daniel Mcgregor von Hellmann,365,M30-34,Male,Rio de Janeiro,RJ,Brazil,BR,0:39:16,3:04:10,2:11:04,0:07:47,0:02:46,6:05:03,2356,11050,7864,467,166,21903,738,647,127,634,559,101,679,609,113,738,647,127,Finisher,1566
Paulo,Araujo,Paulo Araujo,391,M30-34,Male,Foz do Iguaçu,Paraná,Brazil,BR,0:40:22,2:58:38,2:12:40,0:10:11,0:03:15,6:05:06,2422,10718,7960,611,195,21906,739,648,128,727,633,118,644,577,104,739,648,128,Finisher,1565
João Victor,Magalhães Falcão,João Victor Magalhães Falcão,161,M18-24,Male,Governador Valadares,Minas Gerais,Brazil,BR,0:35:33,2:59:56,2:16:14,0:09:27,0:03:58,6:05:09,2133,10796,8174,567,238,21909,740,649,34,315,295,17,569,513,28,740,649,34,Finisher,1865
Samuel,De Oliveira Costa,Samuel De Oliveira Costa,790,M35-39,Male,Rio De Janeiro,RJ,Brazil,BR,0:38:04,3:08:11,2:05:31,0:09:47,0:03:40,6:05:13,2284,11291,7531,587,220,21913,741,650,149,533,476,86,759,677,151,741,650,149,Finisher,1373
Jhonatan,Mike Rodrigues Cordeiro,Jhonatan Mike Rodrigues Cordeiro,472,M30-34,Male,Maraba,PA,Brazil,BR,0:46:13,2:57:57,2:07:41,0:10:20,0:03:05,6:05:17,2773,10677,7661,620,185,21917,742,651,129,1109,944,175,736,654,122,742,651,129,Finisher,1562
Lorenza,Neves,Lorenza Neves,997,F35-39,Female,Rio de Janeiro,RJ,Brazil,BR,0:40:37,3:04:27,2:04:42,0:11:12,0:04:21,6:05:19,2437,11067,7482,672,261,21919,743,92,17,754,97,16,764,84,16,743,92,17,Finisher,1943
Mateus,Magalhaes,Mateus Magalhaes,116,M18-24,Male,,,Brazil,BR,0:44:23,3:07:20,2:03:51,0:07:46,0:02:06,6:05:26,2663,11240,7431,466,126,21926,744,652,35,1010,862,41,826,730,36,744,652,35,Finisher,1859
Leandro,Figueredo De Moraes,Leandro Figueredo De Moraes,1155,M40-44,Male,Poços de Caldas,MG,Brazil,BR,0:41:14,3:11:49,1:59:51,0:08:07,0:04:25,6:05:26,2474,11509,7191,487,265,21926,745,653,100,811,705,116,850,749,124,745,653,100,Finisher,1570
Rodrigo,Avelino,Rodrigo Avelino,1391,M45-49,Male,Imperatriz,MA,Brazil,BR,0:44:21,3:07:07,2:01:17,0:10:14,0:02:29,6:05:27,2661,11227,7277,614,149,21927,746,654,80,1009,861,117,859,758,100,746,654,80,Finisher,1431
Sávio ,Cossatis,Sávio Cossatis,600,M35-39,Male,Rio de Janeiro ,Rio de Janeiro,Brazil,BR,0:39:44,3:06:31,2:08:51,0:06:46,0:03:37,6:05:30,2384,11191,7731,406,217,21930,747,655,150,671,589,116,709,631,141,747,655,150,Finisher,1367
Carlos,Alberto Menezes Mariosa,Carlos Alberto Menezes Mariosa,1007,M40-44,Male,,,Brazil,BR,0:50:30,2:55:43,2:03:57,0:09:56,0:05:26,6:05:32,3030,10543,7437,596,326,21932,748,656,101,1252,1051,179,761,679,113,748,656,101,Finisher,1568
Marco,Raimundo ,Marco Raimundo,1317,M45-49,Male,Goiânia ,Goiás ,Brazil,BR,0:41:35,3:00:42,2:07:18,0:11:57,0:04:00,6:05:32,2495,10842,7638,717,240,21932,749,657,81,833,722,96,730,648,79,749,657,81,Finisher,1430
Thiago,De Souza Ferreira,Thiago De Souza Ferreira,1333,M45-49,Male,,,Brazil,BR,0:35:26,2:56:35,2:19:56,0:08:32,0:05:12,6:05:42,2126,10595,8396,512,312,21942,750,658,82,303,284,35,498,451,50,750,658,82,Finisher,1427
Vinícius ,Penido ,Vinícius Penido,1029,M40-44,Male,Belo Horizonte ,Minas Gerais ,Brazil,BR,0:36:22,3:13:21,1:59:31,0:10:04,0:06:26,6:05:45,2182,11601,7171,604,386,21945,751,659,102,388,358,51,833,736,123,751,659,102,Finisher,1564
Luiz,Henrique Barrochelo,Luiz Henrique Barrochelo,1358,M45-49,Male,Araçatuba,São Paulo,Brazil,BR,0:46:55,3:05:44,1:56:15,0:11:52,0:05:07,6:05:53,2815,11144,6975,712,307,21953,752,660,83,1138,967,131,903,796,107,752,660,83,Finisher,1424
Debora,Ribeiro Chagas,Debora Ribeiro Chagas,1423,F40-44,Female,,,Brazil,BR,0:38:30,3:14:32,1:59:12,0:08:40,0:05:04,6:05:59,2310,11672,7152,520,304,21959,753,93,17,571,65,13,861,102,22,753,93,17,Finisher,2516
Fernando,Barbosa Brandao,Fernando Barbosa Brandao,1054,M40-44,Male,,,Brazil,BR,0:45:29,3:07:18,2:01:38,0:08:41,0:03:07,6:06:14,2729,11238,7298,521,187,21974,754,661,103,1075,919,150,853,752,125,754,661,103,Finisher,1556
Murilo,Itagiba,Murilo Itagiba,1063,M40-44,Male,Anapolis,GO,Brazil,BR,0:30:23,2:55:46,2:28:09,0:07:27,0:04:28,6:06:14,1823,10546,8889,447,268,21974,755,662,104,93,87,11,383,349,53,755,662,104,Finisher,1556
José Carlos ,Menezes de oliveira Júnior,José Carlos Menezes de oliveira Júnior,1011,M40-44,Male,Rio de janeiro ,Rio De Janeiro ,Brazil,BR,0:35:12,3:02:32,2:16:00,0:08:56,0:03:39,6:06:19,2112,10952,8160,536,219,21979,756,663,105,291,274,37,607,545,93,756,663,105,Finisher,1554
Felipe,Martins Catoira,Felipe Martins Catoira,1142,M40-44,Male,Sao Paulo,SP,Brazil,BR,0:48:04,3:06:47,1:52:08,0:12:47,0:06:50,6:06:36,2884,11207,6728,767,410,21996,757,664,106,1191,1006,169,936,823,137,757,664,106,Finisher,1549
Heber,Richard De Souza Torres,Heber Richard De Souza Torres,639,M35-39,Male,Rio De Janeiro,RJ,Brazil,BR,0:47:51,3:05:30,1:59:36,0:09:22,0:04:19,6:06:38,2871,11130,7176,562,259,21998,758,665,151,1182,1000,217,876,772,170,758,665,151,Finisher,1347
Diego,De Alencar Dalcolli,Diego De Alencar Dalcolli,804,M35-39,Male,Fortaleza,CE,Brazil,BR,0:44:34,3:09:51,1:59:50,0:08:28,0:04:05,6:06:49,2674,11391,7190,508,245,22009,759,666,152,1023,874,184,879,775,171,759,666,152,Finisher,1344
Luiz Felipe ,Ferreira ,Luiz Felipe Ferreira,395,M30-34,Male,São Paulo ,São Paulo ,Brazil,BR,0:41:40,3:21:05,1:49:40,0:10:06,0:04:20,6:06:50,2500,12065,6580,606,260,22010,760,667,130,837,726,138,1010,876,164,760,667,130,Finisher,1534
Miguel,Rojas,Miguel Rojas,486,M30-34,Male,Bogota,CO-DC,Colombia,CO,0:39:07,3:02:20,2:13:27,0:07:55,0:04:16,6:07:05,2347,10940,8007,475,256,22025,761,668,131,618,546,99,649,582,106,761,668,131,Finisher,1529
Heloisa,Santos Fadda,Heloisa Santos Fadda,1470,F45-49,Female,Nova Friburgo,RJ,Brazil,BR,0:36:18,3:22:56,1:55:25,0:09:30,0:02:56,6:07:06,2178,12176,6925,570,176,22026,762,94,5,384,30,4,964,125,7,762,94,5,Finisher,2654
Fernando,Brettas Sesto,Fernando Brettas Sesto,1370,M45-49,Male,Urca,Rio de Janeiro,Brazil,BR,0:39:38,2:52:44,2:21:56,0:09:22,0:03:46,6:07:25,2378,10364,8516,562,226,22045,763,669,84,664,583,71,521,469,54,763,669,84,Finisher,1396
Daniel,Nogueira De Morais,Daniel Nogueira De Morais,703,M35-39,Male,,,Brazil,BR,0:41:16,3:06:30,2:02:54,0:11:40,0:05:11,6:07:32,2476,11190,7374,700,311,22052,764,670,153,813,706,147,824,728,161,764,670,153,Finisher,1331
Marcio Luiz,Deleigo,Marcio Luiz Deleigo,1235,M45-49,Male,Ribeirão Preto,São Paulo,Brazil,BR,0:49:07,2:56:33,2:05:57,0:11:22,0:04:51,6:07:50,2947,10593,7557,682,291,22070,765,671,85,1219,1029,142,780,694,86,765,671,85,Finisher,1388
Matheus,Brito De Almeida,Matheus Brito De Almeida,241,M25-29,Male,,,Brazil,BR,0:35:51,3:04:57,2:13:20,0:08:26,0:05:16,6:07:50,2151,11097,8000,506,316,22070,766,672,83,346,319,44,646,579,68,766,672,83,Finisher,1325
Theo,Freitas De Souza,Theo Freitas De Souza,179,M25-29,Male,,,Brazil,BR,0:38:01,3:16:25,2:00:12,0:09:24,0:03:48,6:07:51,2281,11785,7212,564,228,22071,767,673,84,526,469,63,890,784,87,767,673,84,Finisher,1325
Juliano,Guarnieri ,Juliano Guarnieri,668,M35-39,Male,Novo hamburgo,BR-RS,Brazil,BR,0:45:09,2:58:17,2:12:18,0:08:55,0:03:14,6:07:52,2709,10697,7938,535,194,22072,768,674,154,1053,899,192,696,621,136,768,674,154,Finisher,1325
Emanuel,Marques,Emanuel Marques,504,M30-34,Male,,,Brazil,BR,0:43:25,3:12:48,1:54:36,0:13:10,0:03:53,6:07:53,2605,11568,6876,790,233,22073,769,675,132,951,817,157,972,846,157,769,675,132,Finisher,1515
Marcus,Vinicius Sales Sassone,Marcus Vinicius Sales Sassone,1150,M40-44,Male,,,Brazil,BR,0:34:41,3:20:18,2:02:02,0:07:50,0:03:09,6:08:00,2081,12018,7322,470,189,22080,770,676,107,259,244,33,877,773,128,770,676,107,Finisher,1524
Luis,Otavio Candido,Luis Otavio Candido,463,M30-34,Male,,,Brazil,BR,0:38:43,3:04:00,2:08:03,0:12:56,0:04:36,6:08:19,2323,11040,7683,776,276,22099,771,677,133,590,522,94,750,668,125,771,677,133,Finisher,1507
Victor,Mazó Fracchia,Victor Mazó Fracchia,1403,M45-49,Male,Asuncion,PY-Distrito Capital,Paraguay,PY,0:42:17,2:53:12,2:20:31,0:08:51,0:03:42,6:08:34,2537,10392,8431,531,222,22114,772,678,86,872,755,104,555,500,58,772,678,86,Finisher,1375
Angelo,Lourenco Rodrigues,Angelo Lourenco Rodrigues,1210,M40-44,Male,Volta Redonda,RJ,Brazil,BR,0:45:31,3:09:27,1:54:25,0:12:06,0:07:29,6:08:58,2731,11367,6865,726,449,22138,773,679,108,1077,920,151,931,819,136,773,679,108,Finisher,1506
Pedro,Oliveira Py,Pedro Oliveira Py,1586,M50-54,Male,,,Brazil,BR,0:43:06,3:02:15,2:03:41,0:12:59,0:06:58,6:08:59,2586,10935,7421,779,418,22139,774,680,33,934,805,52,807,713,42,774,680,33,Finisher,1790
GABRIEL,DE FREITAS RUIZ,GABRIEL DE FREITAS RUIZ,618,M35-39,Male,Nova Friburgo,BR-RIO DE JANEIRO,Brazil,BR,0:29:40,3:04:11,2:19:18,0:09:57,0:05:53,6:09:00,1780,11051,8358,597,353,22140,775,681,155,76,71,10,542,488,109,775,681,155,Finisher,1304
Tatiana ,Regueira ,Tatiana Regueira,934,F30-34,Female,Recife ,Pernambuco ,Brazil,BR,0:36:52,3:16:16,2:00:37,0:10:39,0:04:36,6:09:01,2212,11776,7237,639,276,22141,776,95,16,432,36,5,889,106,20,776,95,16,Finisher,2049
Diego,Leite Marcolino,Diego Leite Marcolino,355,M30-34,Male,,,Brazil,BR,0:37:55,3:08:14,2:08:59,0:10:27,0:03:27,6:09:02,2275,11294,7739,627,207,22142,777,682,134,513,456,81,770,686,132,777,682,134,Finisher,1494
RICHARDSON,TOMAZINI,RICHARDSON TOMAZINI,1530,M50-54,Male,RIO DE JANEIRO,RJ,Brazil,BR,0:50:07,2:49:41,2:09:49,0:13:18,0:06:09,6:09:05,3007,10181,7789,798,369,22145,778,683,34,1241,1043,72,712,634,36,778,683,34,Finisher,1788
Sofia,Malta,Sofia Malta,340,F25-29,Female,Rio de Janeiro,BR-RJ,Brazil,BR,0:42:50,3:14:32,1:56:50,0:10:37,0:04:21,6:09:09,2570,11672,7010,637,261,22149,779,96,17,910,125,21,943,115,17,779,96,17,Finisher,2166
Antonio,Marques,Antonio Marques,1709,M65-69,Male,San Diego,CA,United States,US,0:37:06,2:53:43,2:27:00,0:08:03,0:03:26,6:09:17,2226,10423,8820,483,206,22157,780,684,2,448,408,2,464,420,2,780,684,2,Finisher,3087
michele,menegat,michele menegat,1592,F50-54,Female,Campo Grande,MS,Brazil,BR,0:49:06,3:07:43,1:58:00,0:11:09,0:03:20,6:09:18,2946,11263,7080,669,200,22158,781,97,5,1218,190,9,944,116,5,781,97,5,Finisher,2951
Tomas,Bueno Moraes Ribeiro,Tomas Bueno Moraes Ribeiro,148,M18-24,Male,Sao Paulo,SP,Brazil,BR,0:38:16,3:16:24,2:02:23,0:08:14,0:04:04,6:09:21,2296,11784,7343,494,244,22161,782,685,36,553,491,29,880,776,38,782,685,36,Finisher,1789
Beatriz,Moura,Beatriz Moura,1462,F40-44,Female,,,Brazil,BR,0:33:32,3:16:20,2:05:13,0:08:48,0:05:28,6:09:21,2012,11780,7513,528,328,22161,783,98,18,202,12,1,813,96,17,783,98,18,Finisher,2455
Lucas Stanley,Santiago,Lucas Stanley Santiago,492,M30-34,Male,Belo Horizonte,Minas Gerais,Brazil,BR,0:40:12,3:10:38,2:00:21,0:11:35,0:06:37,6:09:24,2412,11438,7221,695,397,22164,784,686,135,709,618,116,872,768,147,784,686,135,Finisher,1487
Gedson,Marcelino Lopes Da Silva,Gedson Marcelino Lopes Da Silva,1080,M40-44,Male,,,Brazil,BR,0:45:54,3:04:52,2:05:54,0:08:44,0:04:10,6:09:34,2754,11092,7554,524,250,22174,785,687,109,1099,938,154,828,732,121,785,687,109,Finisher,1496
Victor,Emanuel Da Silva,Victor Emanuel Da Silva,1209,M40-44,Male,,,Brazil,BR,0:40:49,3:07:18,2:07:40,0:09:04,0:04:44,6:09:35,2449,11238,7660,544,284,22175,786,688,110,772,673,108,783,697,114,786,688,110,Finisher,1495
Heverton,Oliveira Fernandes,Heverton Oliveira Fernandes,1306,M45-49,Male,Fortaleza,CE,Brazil,BR,0:39:24,3:04:41,2:10:56,0:11:14,0:03:27,6:09:42,2364,11081,7856,674,207,22182,787,689,87,644,567,67,746,664,82,787,689,87,Finisher,1355
Matias,Fandiño,Matias Fandiño,1182,M40-44,Male,Saenz Peña,AR-B,Argentina,AR,0:38:00,3:06:11,2:14:12,0:08:29,0:02:54,6:09:46,2280,11171,8052,509,174,22186,788,690,111,524,467,78,702,625,104,788,690,111,Finisher,1492
ALEXANDRE,GAZIOLA,ALEXANDRE GAZIOLA,1548,M50-54,Male,SAO CAETANO DO SUL,SP,Brazil,BR,0:38:52,3:00:28,2:10:52,0:10:04,0:09:31,6:09:47,2332,10828,7852,604,571,22187,789,691,35,602,531,36,650,583,28,789,691,35,Finisher,1776
Luiz,Manoel De Lima Junior,Luiz Manoel De Lima Junior,1635,M55-59,Male,,,Brazil,BR,0:52:32,3:01:34,2:02:37,0:10:04,0:03:05,6:09:51,3152,10894,7357,604,185,22191,790,692,25,1302,1092,41,896,790,28,790,692,25,Finisher,1969
Guilherme,De Sequeira Toledo,Guilherme De Sequeira Toledo,1221,M40-44,Male,Rio De Janeiro,RJ,Brazil,BR,0:50:50,2:57:34,2:02:49,0:13:41,0:05:05,6:09:59,3050,10654,7369,821,305,22199,791,693,112,1261,1058,181,865,763,127,791,693,112,Finisher,1488
Alexandre,Lima,Alexandre Lima,1338,M45-49,Male,Rio de Janeiro,RIO DE JANEIRO,Brazil,BR,0:42:07,2:56:20,2:16:52,0:10:21,0:04:22,6:10:03,2527,10580,8212,621,262,22203,792,694,88,858,742,101,641,574,71,792,694,88,Finisher,1349
Joao Felipe,Nunes Ferreira Mourao,Joao Felipe Nunes Ferreira Mourao,1513,M50-54,Male,Rio de Janeiro,Rio de Janeiro,Brazil,BR,0:36:28,3:02:57,2:11:50,0:11:36,0:07:15,6:10:05,2188,10977,7910,696,435,22205,793,695,36,396,364,20,675,605,32,793,695,36,Finisher,1770
RICELE,MACHADO,RICELE MACHADO,1460,F40-44,Female,LONDRINA,PR,Brazil,BR,0:39:01,3:09:16,2:03:01,0:11:49,0:07:00,6:10:06,2341,11356,7381,709,420,22206,794,99,19,609,72,15,836,98,18,794,99,19,Finisher,2441
Romulo,Nogueira,Romulo Nogueira,854,M35-39,Male,Rio de Janeiro,,Brazil,BR,0:35:39,3:19:38,2:02:55,0:08:58,0:02:57,6:10:07,2139,11978,7375,538,177,22207,795,696,156,323,299,63,898,792,176,795,696,156,Finisher,1284
Matheus,Fernandes Garcia Dos Santos,Matheus Fernandes Garcia Dos Santos,290,M25-29,Male,,,Brazil,BR,0:38:39,3:21:22,1:57:24,0:08:41,0:04:04,6:10:10,2319,12082,7044,521,244,22210,796,697,85,584,516,70,963,839,94,796,697,85,Finisher,1283
Fabiano,Barbosa Gomes,Fabiano Barbosa Gomes,1309,M45-49,Male,,,Brazil,BR,0:40:13,3:12:26,2:05:36,0:08:13,0:03:43,6:10:11,2413,11546,7536,493,223,22211,797,698,89,710,619,78,845,745,97,797,698,89,Finisher,1346
Pedro,Segadas Figueiredo,Pedro Segadas Figueiredo,615,M35-39,Male,,,Brazil,BR,0:42:10,3:15:50,1:54:23,0:12:14,0:05:36,6:10:13,2530,11750,6863,734,336,22213,798,699,157,864,747,156,984,854,189,798,699,157,Finisher,1283
Larissa,Moitinho,Larissa Moitinho,996,F35-39,Female,Macaé,RJ,Brazil,BR,0:34:35,2:57:49,2:25:28,0:08:17,0:04:05,6:10:14,2075,10669,8728,497,245,22214,799,100,18,254,14,1,500,48,7,799,100,18,Finisher,1855
Edoardo,Nazareth,Edoardo Nazareth,270,M25-29,Male,Rio De Janeiro,RJ,Brazil,BR,0:47:22,3:04:31,2:04:59,0:07:58,0:05:26,6:10:16,2842,11071,7499,478,326,22216,800,700,86,1162,984,104,834,737,82,800,700,86,Finisher,1281
Joao Pedro,Queiroz Galvao Mariz,Joao Pedro Queiroz Galvao Mariz,678,M35-39,Male,Rio de Janeiro,BR-RJ,Brazil,BR,0:47:18,3:04:08,2:03:16,0:10:10,0:05:26,6:10:18,2838,11048,7396,610,326,22218,801,701,158,1157,980,214,856,755,167,801,701,158,Finisher,1281
Marcus,Vinicius Silva Perpetuo,Marcus Vinicius Silva Perpetuo,846,M35-39,Male,Imperatriz,BR-BR-MA,Brazil,BR,0:45:12,3:15:25,1:54:03,0:10:45,0:04:55,6:10:19,2712,11725,6843,645,295,22219,802,702,159,1055,900,193,991,860,191,802,702,159,Finisher,1281
Vinicius,Kunz Ruppenthal,Vinicius Kunz Ruppenthal,254,M25-29,Male,,,Brazil,BR,0:39:04,3:09:09,2:10:32,0:08:10,0:03:44,6:10:38,2344,11349,7832,490,224,22238,803,703,87,613,541,72,767,683,78,803,703,87,Finisher,1275
Guilherme,Leme,Guilherme Leme,498,M30-34,Male,,,Brazil,BR,0:40:05,3:03:59,2:12:24,0:10:17,0:03:56,6:10:41,2405,11039,7944,617,236,22241,804,704,136,702,612,114,732,650,121,804,704,136,Finisher,1464
Niclas,Victor,Niclas Victor,251,M25-29,Male,Kã¸benhavn,84,Greenland,GL,0:35:51,3:08:07,2:11:56,0:10:30,0:04:27,6:10:51,2151,11287,7916,630,267,22251,805,705,88,345,318,43,734,652,75,805,705,88,Finisher,1271
Luiz,Eduardo Mendonca Correa,Luiz Eduardo Mendonca Correa,607,M35-39,Male,Araraquara,SP,Brazil,BR,0:42:53,2:56:29,2:17:18,0:10:22,0:03:49,6:10:52,2573,10589,8238,622,229,22252,806,706,160,915,788,162,656,588,131,806,706,160,Finisher,1271
Saul,Falcao Bemerguy,Saul Falcao Bemerguy,1262,M45-49,Male,Belém ,Pará ,Brazil,BR,0:41:34,3:08:14,2:07:39,0:09:41,0:03:51,6:11:00,2494,11294,7659,581,231,22260,807,707,90,831,720,95,827,731,94,807,707,90,Finisher,1331
Adriana,Helena Dos Santos Rossi Picanco,Adriana Helena Dos Santos Rossi Picanco,1622,F55-59,Female,Niteroi,RJ,Brazil,BR,0:30:25,3:14:19,2:14:49,0:08:10,0:03:30,6:11:13,1825,11659,8089,490,210,22273,808,101,2,94,7,1,705,78,2,808,101,2,Finisher,3015
Renan,Perez Correia,Renan Perez Correia,530,M30-34,Male,Sao Paulo,SP,Brazil,BR,0:44:48,3:10:31,2:02:10,0:09:49,0:04:03,6:11:21,2688,11431,7330,589,243,22281,809,708,137,1037,887,167,907,800,150,809,708,137,Finisher,1452
Matheus,Correa De Mello,Matheus Correa De Mello,383,M30-34,Male,,,Brazil,BR,0:42:14,3:04:03,2:10:33,0:10:44,0:03:49,6:11:22,2534,11043,7833,644,229,22282,810,709,138,867,750,142,779,693,133,810,709,138,Finisher,1452
Alexandre,Vergete,Alexandre Vergete,1244,M45-49,Male,Niterói,RJ,Brazil,BR,0:33:21,2:54:28,2:32:03,0:07:48,0:03:42,6:11:22,2001,10468,9123,468,222,22282,811,710,91,192,181,18,415,375,41,811,710,91,Finisher,1325
Raphael,Gouvea Vianna,Raphael Gouvea Vianna,756,M35-39,Male,Niterói,RJ,Brazil,BR,0:41:27,3:14:39,1:59:48,0:12:32,0:03:07,6:11:34,2487,11679,7188,752,187,22294,812,711,161,824,715,151,959,835,184,812,711,161,Finisher,1258
Romeu,Jankowski,Romeu Jankowski,746,M35-39,Male,Brasília,DF,Brazil,BR,0:44:35,3:05:41,2:05:23,0:10:52,0:05:06,6:11:37,2675,11141,7523,652,306,22297,813,712,162,1024,875,185,849,748,165,813,712,162,Finisher,1257
ALEJANDRO,RODRIGUEZ COMAS,ALEJANDRO RODRIGUEZ COMAS,1718,M65-69,Male,GUARUJA,SP,Brazil,BR,0:40:15,2:55:10,2:19:45,0:10:56,0:05:32,6:11:39,2415,10510,8385,656,332,22299,814,713,3,719,627,3,602,541,3,814,713,3,Finisher,3044
Filipe,Machado Chacur,Filipe Machado Chacur,1032,M40-44,Male,Rio De Janeiro,RJ,Brazil,BR,0:27:06,3:09:32,2:20:52,0:09:05,0:05:09,6:11:43,1626,11372,8452,545,309,22303,815,714,113,27,24,1,587,528,88,815,714,113,Finisher,1457
Anny,Furuya,Anny Furuya,965,F35-39,Female,,,Brazil,BR,0:40:03,3:03:43,2:15:10,0:09:32,0:03:28,6:11:56,2403,11023,8110,572,208,22316,816,102,19,697,88,12,716,80,14,816,102,19,Finisher,1824
Mauricio,Abdala Barruffini,Mauricio Abdala Barruffini,534,M30-34,Male,,,Brazil,BR,0:39:02,3:11:20,2:08:59,0:09:21,0:03:58,6:12:41,2342,11480,7739,561,238,22361,817,715,139,611,539,97,832,735,143,817,715,139,Finisher,1428
Fabio,Antunes Couto,Fabio Antunes Couto,1171,M40-44,Male,Sao Paulo,SP,Brazil,BR,0:50:58,2:58:54,2:11:08,0:08:29,0:03:20,6:12:48,3058,10734,7868,509,200,22368,818,716,114,1264,1061,184,806,712,118,818,716,114,Finisher,1437
Nicole Gabriela,Oliveira Perez,Nicole Gabriela Oliveira Perez,895,F30-34,Female,Atibaia,São Paulo,Brazil,BR,0:43:25,3:12:20,2:03:22,0:09:28,0:04:23,6:12:59,2605,11540,7402,568,263,22379,819,103,17,952,135,23,908,108,21,819,103,17,Finisher,1978
Bernardo,Couto De Almeida,Bernardo Couto De Almeida,1231,M40-44,Male,,,Brazil,BR,0:45:23,,,0:11:44,0:00:00,6:13:24,2723,0,0,704,0,22404,820,717,115,1068,912,147,99999,99999,99999,820,717,115,Finisher,1427
Rodrigo,Ferreira,Rodrigo Ferreira,205,M25-29,Male,Currais Novos,Rio Grande do Norte,Brazil,BR,0:50:02,3:18:45,1:51:11,0:09:22,0:04:05,6:13:25,3002,11925,6671,562,245,22405,821,718,89,1235,1039,111,1067,924,103,821,718,89,Finisher,1225
Pedro,Siqueira Da Silva,Pedro Siqueira Da Silva,273,M25-29,Male,Rio De Janeiro,RJ,Brazil,BR,0:41:52,3:21:49,1:56:33,0:08:59,0:04:25,6:13:38,2512,12109,6993,539,265,22418,822,719,90,849,734,79,1003,869,96,822,719,90,Finisher,1221
Luiz,Leccioli,Luiz Leccioli,1558,M50-54,Male,Rio de Janeiro,BR-RJ,Brazil,BR,0:35:29,3:07:57,2:17:38,0:10:00,0:02:43,6:13:47,2129,11277,8258,600,163,22427,823,720,37,308,289,14,720,640,37,823,720,37,Finisher,1704
Gilmar,Cesar Rodrigues Filho,Gilmar Cesar Rodrigues Filho,628,M35-39,Male,,,Brazil,BR,0:42:30,3:08:14,2:09:38,0:08:35,0:04:52,6:13:49,2550,11294,7778,515,292,22429,824,721,163,890,768,159,822,726,160,824,721,163,Finisher,1218
Henrique,Alves Guedes Garavelo,Henrique Alves Guedes Garavelo,1067,M40-44,Male,,,Brazil,BR,0:54:34,3:03:32,2:04:19,0:08:52,0:02:33,6:13:49,3274,11012,7459,532,153,22429,825,722,116,1325,1113,196,928,816,134,825,722,116,Finisher,1419
Cleber,Ventura Guedes,Cleber Ventura Guedes,1582,M50-54,Male,,,Brazil,BR,0:43:15,3:03:02,2:15:20,0:08:15,0:04:09,6:14:00,2595,10982,8120,495,249,22440,826,723,38,942,809,53,737,655,39,826,723,38,Finisher,1700
Lucas,Oliveira De Melo Barbosa,Lucas Oliveira De Melo Barbosa,420,M30-34,Male,Campinas,SP,Brazil,BR,0:39:45,3:22:06,1:59:01,0:08:54,0:04:18,6:14:03,2385,12126,7141,534,258,22443,827,724,140,677,595,111,987,856,159,827,724,140,Finisher,1404
Renato,Pita,Renato Pita,850,M35-39,Male,londrina,parana,Brazil,BR,0:38:40,3:16:19,2:05:09,0:10:40,0:03:18,6:14:07,2320,11779,7509,640,198,22447,828,725,164,586,518,97,913,804,178,828,725,164,Finisher,1212
Ronaldo,de Oliveira Pires,Ronaldo de Oliveira Pires,1100,M40-44,Male,Juiz de Fora,MG,Brazil,BR,0:41:41,3:23:29,1:56:50,0:08:13,0:03:54,6:14:09,2501,12209,7010,493,234,22449,829,726,117,838,727,118,1014,879,146,829,726,117,Finisher,1413
Jales,Iuri Cardoso De Oliveira,Jales Iuri Cardoso De Oliveira,585,M30-34,Male,Petropolis,RJ,Brazil,BR,0:38:37,3:02:15,2:20:22,0:09:02,0:04:19,6:14:35,2317,10935,8422,542,259,22475,830,727,141,581,513,92,661,592,108,830,727,141,Finisher,1394
Rogerio,Hercules,Rogerio Hercules,825,M35-39,Male,Araguaina,TO,Brazil,BR,0:43:42,2:52:53,2:21:10,0:11:46,0:05:22,6:14:53,2622,10373,8470,706,322,22493,831,728,165,974,836,173,635,570,128,831,728,165,Finisher,1199
Joel,Kriger,Joel Kriger,1712,M70-74,Male,OCOEE,US-FL,Brazil,BR,0:30:22,3:23:06,2:07:06,0:09:50,0:04:31,6:14:55,1822,12186,7626,590,271,22495,832,729,1,92,86,1,884,780,1,832,729,1,Finisher,3500
Tulio,Spector,Tulio Spector,1579,M50-54,Male,Rio de Janeiro,Rio de Janeiro,Brazil,BR,0:38:12,3:04:51,2:16:09,0:11:22,0:04:27,6:15:01,2292,11091,8169,682,267,22501,833,730,39,544,483,33,733,651,38,833,730,39,Finisher,1682
Andre,De Barros,Andre De Barros,1669,M55-59,Male,BrasÃ­lia,DF,Brazil,BR,0:48:35,2:49:51,2:18:35,0:12:53,0:05:16,6:15:09,2915,10191,8315,773,316,22509,834,731,26,1209,1021,37,681,611,25,834,731,26,Finisher,1874
Guilherme,Cabrine Silva Costa,Guilherme Cabrine Silva Costa,1089,M40-44,Male,,,Brazil,BR,0:41:34,2:57:12,2:21:54,0:11:04,0:03:33,6:15:17,2494,10632,8514,664,213,22517,835,732,118,830,719,117,660,591,102,835,732,118,Finisher,1393
Hudyson,Oliveira Rocha ,Hudyson Oliveira Rocha,527,M30-34,Male,Teresina ,Piauí ,Brazil,BR,0:44:56,3:04:54,2:11:55,0:09:36,0:03:59,6:15:20,2696,11094,7915,576,239,22520,836,733,142,1045,894,169,823,727,141,836,733,142,Finisher,1381
Rafael ,Oliveira ,Rafael Oliveira,1099,M40-44,Male,Belém,PA,Brazil,BR,0:42:20,2:57:07,2:24:53,0:07:26,0:03:35,6:15:21,2540,10627,8693,446,215,22521,837,734,119,877,760,123,611,549,95,837,734,119,Finisher,1391
Bruna,Monteiro Menezes,Bruna Monteiro Menezes,1471,F45-49,Female,MANAUS,AM,Brazil,BR,0:39:52,3:19:05,2:02:55,0:09:31,0:04:00,6:15:23,2392,11945,7375,571,240,22523,838,104,6,684,83,6,953,121,6,838,104,6,Finisher,2505
Hugo,Mattos Rocha Vilela,Hugo Mattos Rocha Vilela,525,M30-34,Male,,,Brazil,BR,0:33:16,3:14:11,2:13:06,0:09:54,0:05:02,6:15:29,1996,11651,7986,594,302,22529,839,735,143,187,176,32,789,702,137,839,735,143,Finisher,1378
Leonardo,Vargas De Assis,Leonardo Vargas De Assis,480,M30-34,Male,,,Brazil,BR,0:37:07,2:59:51,2:25:21,0:08:46,0:04:33,6:15:37,2227,10791,8721,526,273,22537,840,736,144,449,409,72,589,530,94,840,736,144,Finisher,1376
Evandro,Silva Jales,Evandro Silva Jales,1088,M40-44,Male,,,Brazil,BR,0:37:48,3:07:23,2:12:51,0:12:05,0:05:32,6:15:38,2268,11243,7971,725,332,22538,841,737,120,507,452,72,785,699,115,841,737,120,Finisher,1386
Gustavo,Nogueira,Gustavo Nogueira,1120,M40-44,Male,Rio De Janeiro,RJ,Brazil,BR,0:53:19,3:09:45,1:56:17,0:11:04,0:05:36,6:15:59,3199,11385,6977,664,336,22559,842,738,121,1312,1101,192,1023,888,148,842,738,121,Finisher,1380
ANDRE,DE ARAUJO SILVA,ANDRE DE ARAUJO SILVA,1078,M40-44,Male,BRASILIA,BR-DF,Brazil,BR,0:38:12,3:04:23,2:15:32,0:11:41,0:06:20,6:16:09,2292,11063,8132,701,380,22569,843,739,122,545,484,79,731,649,108,843,739,122,Finisher,1377
Camila,B C Brasil Mafud,Camila B C Brasil Mafud,1456,F40-44,Female,Ribeirao Preto,SP,Brazil,BR,0:36:41,3:23:57,1:57:02,0:11:55,0:06:36,6:16:11,2201,12237,7022,715,396,22571,844,105,20,416,35,4,1000,132,27,844,105,20,Finisher,2332
Thiago,Santos Da Silva,Thiago Santos Da Silva,1122,M40-44,Male,Barra Mansa,RJ,Brazil,BR,0:42:08,3:02:43,2:16:50,0:09:49,0:05:01,6:16:30,2528,10963,8210,589,301,22590,845,740,123,859,743,122,740,658,109,845,740,123,Finisher,1371
Amanda,Isabelle Felix Da Trindade,Amanda Isabelle Felix Da Trindade,339,F25-29,Female,,,Brazil,BR,0:43:25,3:18:13,2:04:26,0:08:07,0:02:21,6:16:33,2605,11893,7466,487,141,22593,846,106,18,953,136,24,978,128,19,846,106,18,Finisher,2033
Anthony,Coelho Sadkowski,Anthony Coelho Sadkowski,437,M30-34,Male,Petrópolis,Rio de Janeiro,Brazil,BR,0:34:04,3:12:01,2:16:47,0:09:45,0:03:59,6:16:35,2044,11521,8207,585,239,22595,847,741,145,220,207,36,752,670,126,847,741,145,Finisher,1358
LUIZA,SPOSITO VILELA,LUIZA SPOSITO VILELA,993,F35-39,Female,Vitória,ES,Brazil,BR,0:43:36,3:15:24,2:04:33,0:09:29,0:03:35,6:16:36,2616,11724,7473,569,215,22596,848,107,20,968,137,26,956,122,22,848,107,20,Finisher,1740
ANTONIO,MERCHED AZIZ NETO,ANTONIO MERCHED AZIZ NETO,677,M35-39,Male,Sao Paulo ,SAO PAULO,Brazil,BR,0:41:44,3:09:00,2:07:06,0:12:53,0:05:54,6:16:37,2504,11340,7626,773,354,22597,849,742,166,841,728,153,887,782,172,849,742,166,Finisher,1167
Hermann José,Bandeira De Campos,Hermann José Bandeira De Campos,547,M30-34,Male,Rio De Janeiro,RJ,Brazil,BR,0:42:45,3:21:27,1:57:45,0:10:28,0:04:23,6:16:48,2565,12087,7065,628,263,22608,850,743,146,905,781,151,1031,894,166,850,743,146,Finisher,1354
Gabriela,Obregon,Gabriela Obregon,1624,F60-64,Female,Ciudad Autonoma de Buenos Aires,AR-CIUDAD AUTONOMA DE BUENOS AIRES,Argentina,AR,0:44:04,3:06:50,2:11:01,0:11:19,0:03:36,6:16:50,2644,11210,7861,679,216,22610,851,108,2,991,142,3,866,103,2,851,108,2,Finisher,3197
Eduardo,Barbosa,Eduardo Barbosa,1083,M40-44,Male,AMERICANA,SAO PAULO,Brazil,BR,0:40:04,3:05:22,2:12:18,0:13:06,0:06:01,6:16:52,2404,11122,7938,786,361,22612,852,744,124,700,611,97,812,717,119,852,744,124,Finisher,1364
Gabriela,Cosentino,Gabriela Cosentino,1619,F55-59,Female,Nordelta,AR-B,Argentina,AR,0:48:32,3:15:57,1:57:20,0:11:02,0:04:03,6:16:54,2912,11757,7040,662,243,22614,853,109,3,1206,188,5,1038,140,4,853,109,3,Finisher,2913
Marcelo,Galardo,Marcelo Galardo,805,M35-39,Male,Niteroi,Rio de Janeiro,Brazil,BR,0:39:45,3:17:12,2:01:03,0:11:42,0:07:13,6:16:55,2385,11832,7263,702,433,22615,854,745,167,674,592,117,961,837,185,854,745,167,Finisher,1162
Antonio,Faria Lima,Antonio Faria Lima,461,M30-34,Male,Sao Paulo,SP,Brazil,BR,0:37:49,3:01:29,2:23:00,0:10:36,0:04:07,6:17:00,2269,10889,8580,636,247,22620,855,746,147,508,453,80,662,593,109,855,746,147,Finisher,1351
Daniela,Martins,Daniela Martins,901,F30-34,Female,Nova Lima,MG,Brazil,BR,0:39:18,3:05:16,2:14:57,0:12:51,0:04:41,6:17:03,2358,11116,8097,771,281,22623,856,110,18,636,76,14,790,88,15,856,110,18,Finisher,1904
Joao,Antonio Duarte Moreira Castro,Joao Antonio Duarte Moreira Castro,786,M35-39,Male,Chapadão do Sul,BR-MS,Brazil,BR,0:39:05,2:58:54,2:26:34,0:09:08,0:03:27,6:17:07,2345,10734,8794,548,207,22627,857,747,168,615,543,104,616,554,122,857,747,168,Finisher,1158
Vinicius,Brito,Vinicius Brito,724,M35-39,Male,Rio de Janeiro,Rio de Janeiro,Brazil,BR,0:51:47,3:15:38,1:55:06,0:09:36,0:05:03,6:17:11,3107,11738,6906,576,303,22631,858,748,169,1286,1080,233,1055,915,204,858,748,169,Finisher,1157
Luiz,Sergio Marcondes Chavasco Filho,Luiz Sergio Marcondes Chavasco Filho,1563,M50-54,Male,,,Brazil,BR,0:36:52,3:00:30,2:14:46,0:14:33,0:10:45,6:17:26,2212,10830,8086,873,645,22646,859,749,40,431,396,23,692,618,34,859,749,40,Finisher,1638
Marcio,Antonio Alves Trindade,Marcio Antonio Alves Trindade,827,M35-39,Male,Volta Redonda,RJ,Brazil,BR,0:46:26,3:04:51,2:08:38,0:12:25,0:05:08,6:17:28,2786,11091,7718,745,308,22648,860,750,170,1121,953,209,888,783,173,860,750,170,Finisher,1152
Ronald,van Beek,Ronald van Beek,1502,M50-54,Male,Haarlem,,Netherlands,NL,0:35:44,3:26:19,2:02:28,0:07:34,0:05:32,6:17:37,2144,12379,7348,454,332,22657,861,751,41,332,306,16,976,849,53,861,751,41,Finisher,1635
Julio,Cesar Lima De Souza,Julio Cesar Lima De Souza,625,M35-39,Male,,,Brazil,BR,0:44:26,3:10:15,2:08:43,0:09:20,0:05:12,6:17:56,2666,11415,7723,560,312,22676,862,752,171,1013,865,181,894,788,175,862,752,171,Finisher,1144
EDUARDO,FERRAZ DE LIMA VIEIRA,EDUARDO FERRAZ DE LIMA VIEIRA,1343,M45-49,Male,Sao Paulo,BR-SP,Brazil,BR,0:34:12,3:01:48,2:28:54,0:08:07,0:05:17,6:18:18,2052,10908,8934,487,317,22698,863,753,92,228,215,25,547,493,56,863,753,92,Finisher,1200
Thiago,Henrique Schmidt,Thiago Henrique Schmidt,834,M35-39,Male,Curitiba,PR,Brazil,BR,0:46:51,2:59:25,2:13:17,0:14:04,0:04:53,6:18:30,2811,10765,7997,844,293,22710,864,754,172,1136,965,211,840,742,163,864,754,172,Finisher,1133
Glaucio,De Lima E Castro,Glaucio De Lima E Castro,1351,M45-49,Male,RIO DE JANEIRO,RIO DE JANEIRO,Brazil,BR,0:43:15,3:04:59,2:18:07,0:08:28,0:03:45,6:18:35,2595,11099,8287,508,225,22715,865,755,93,943,810,107,772,688,84,865,755,93,Finisher,1195
Fabricio,Evangelista,Fabricio Evangelista,768,M35-39,Male,,,Brazil,BR,0:45:22,3:06:50,2:13:33,0:09:05,0:03:46,6:18:35,2722,11210,8013,545,226,22715,866,756,173,1066,910,196,851,750,166,866,756,173,Finisher,1132
Gabriela,Silva Claudio Gomes,Gabriela Silva Claudio Gomes,341,F25-29,Female,,,Brazil,BR,0:45:30,3:05:59,2:12:14,0:11:56,0:03:07,6:18:46,2730,11159,7934,716,187,22726,867,111,19,1076,157,27,886,105,16,867,111,19,Finisher,1993
Sergio,Jose Joaquim Fenelon,Sergio Jose Joaquim Fenelon,1397,M45-49,Male,,,Brazil,BR,0:40:09,3:11:36,2:11:47,0:10:04,0:05:11,6:18:46,2409,11496,7907,604,311,22726,868,757,94,704,614,76,863,761,102,868,757,94,Finisher,1192
Julia,Menegazzo Moreira Guimaraes,Julia Menegazzo Moreira Guimaraes,1463,F40-44,Female,Campo Grande,MS,Brazil,BR,0:51:36,3:09:51,2:01:03,0:11:09,0:05:10,6:18:49,3096,11391,7263,669,310,22729,869,112,21,1281,206,38,1001,133,28,869,112,21,Finisher,2285
Isabella,Serafim Da Silva,Isabella Serafim Da Silva,908,F30-34,Female,Rio de Janeiro,BR-RJ,Brazil,BR,0:48:25,3:08:13,2:06:57,0:12:00,0:03:15,6:18:50,2905,11293,7617,720,195,22730,870,113,19,1203,187,43,958,124,25,870,113,19,Finisher,1872
Luis,Felipe Fazan Neme,Luis Felipe Fazan Neme,733,M35-39,Male,,,Brazil,BR,0:36:19,3:13:00,2:17:41,0:07:57,0:03:56,6:18:54,2179,11580,8261,477,236,22734,871,758,174,386,356,73,786,700,157,871,758,174,Finisher,1126
Kellen,Mendes De Carvalho,Kellen Mendes De Carvalho,954,F35-39,Female,,,Brazil,BR,0:40:33,3:14:19,2:07:41,0:09:39,0:06:45,6:18:56,2433,11659,7661,579,405,22736,872,114,21,750,96,15,902,107,18,872,114,21,Finisher,1698
Andre,Martins,Andre Martins,1344,M45-49,Male,Rio de Janeiro,Rio de Janeiro,Brazil,BR,0:33:21,2:54:39,2:38:23,0:09:14,0:03:21,6:18:58,2001,10479,9503,554,201,22738,873,759,95,194,183,19,435,395,42,873,759,95,Finisher,1188
Jose,Vitor Leao Dias,Jose Vitor Leao Dias,120,M18-24,Male,,,Brazil,BR,0:48:13,2:57:49,2:15:59,0:10:41,0:06:20,6:19:02,2893,10669,8159,641,380,22742,874,760,37,1195,1010,44,773,689,34,874,760,37,Finisher,1615
Heron,Felipe Rosas Dos Santos,Heron Felipe Rosas Dos Santos,755,M35-39,Male,Macae,RJ,Brazil,BR,0:34:43,3:11:18,2:17:58,0:09:52,0:05:14,6:19:05,2083,11478,8278,592,314,22745,875,761,175,260,245,50,753,671,148,875,761,175,Finisher,1123
Thamara,Ribeiro,Thamara Ribeiro,1426,F40-44,Female,Brasilia,DF,Brazil,BR,0:41:16,3:22:27,2:03:23,0:08:54,0:03:06,6:19:06,2476,12147,7403,534,186,22746,876,115,22,812,107,23,1002,134,29,876,115,22,Finisher,2279
guilherme,pinto de oliveira,guilherme pinto de oliveira,453,M30-34,Male,pinhalzinho,são paulo,Brazil,BR,0:54:32,3:22:01,1:48:24,0:09:44,0:04:35,6:19:17,3272,12121,6504,584,275,22757,877,762,148,1324,1112,197,1159,995,178,877,762,148,Finisher,1310
Fabio,Tadeu Soares Watanabe,Fabio Tadeu Soares Watanabe,1160,M40-44,Male,Sao Paulo,SP,Brazil,BR,0:36:31,3:14:12,2:17:01,0:07:05,0:04:39,6:19:27,2191,11652,8221,425,279,22767,878,763,125,404,372,54,799,708,117,878,763,125,Finisher,1318
DIOGO,BRUM PEREIRA LIBORIO,DIOGO BRUM PEREIRA LIBORIO,1121,M40-44,Male,SAO PAULO,SP,Brazil,BR,0:41:04,3:14:57,2:09:22,0:10:08,0:04:04,6:19:35,2464,11697,7762,608,244,22775,879,764,126,793,691,113,920,810,133,879,764,126,Finisher,1315
Andre,Luiz Alves Daumas,Andre Luiz Alves Daumas,829,M35-39,Male,,,Brazil,BR,0:44:11,3:30:05,1:52:34,0:08:32,0:04:16,6:19:37,2651,12605,6754,512,256,22777,880,765,176,999,855,177,1121,967,218,880,765,176,Finisher,1113
Edilson,Dias Dos Reis,Edilson Dias Dos Reis,1631,M55-59,Male,Santana De Parnaiba,SP,Brazil,BR,0:47:19,3:05:09,2:11:07,0:10:56,0:05:21,6:19:52,2839,11109,7867,656,321,22792,881,766,27,1158,981,35,885,781,27,881,766,27,Finisher,1789
Icaro,Reis,Icaro Reis,488,M30-34,Male,Rio de Janeiro,RJ,Brazil,BR,0:43:15,,,0:10:52,0:00:00,6:20:05,2595,0,0,652,0,22805,882,767,149,944,811,156,99999,99999,99999,882,767,149,Finisher,1295
Fernanda,Ronchetti,Fernanda Ronchetti,1419,F40-44,Female,Rio de Janeiro,RJ,Brazil,BR,0:39:14,3:12:20,2:15:04,0:09:17,0:04:11,6:20:06,2354,11540,8104,557,251,22806,883,116,23,628,74,16,843,100,20,883,116,23,Finisher,2261
Bruno,Lage,Bruno Lage,1166,M40-44,Male,Sao Caetano do Sul,SAO PAULO,Brazil,BR,0:36:44,3:02:06,2:30:18,0:07:39,0:03:38,6:20:24,2204,10926,9018,459,218,22824,884,768,127,419,384,55,604,542,91,884,768,127,Finisher,1301
EMERSON,DA SILVA SANTOS,EMERSON DA SILVA SANTOS,1302,M45-49,Male,,,Brazil,BR,0:43:51,3:08:33,2:14:46,0:09:49,0:03:27,6:20:27,2631,11313,8086,589,207,22827,885,769,96,983,845,115,868,765,103,885,769,96,Finisher,1161
Joao,vitor policarpo dos Santos,Joao vitor policarpo dos Santos,256,M25-29,Male,,,Brazil,BR,0:49:22,3:07:46,2:08:45,0:11:38,0:03:03,6:20:33,2962,11266,7725,698,183,22833,886,770,91,1223,1033,109,965,840,95,886,770,91,Finisher,1096
Edward,Clarence Campos,Edward Clarence Campos,1434,M40-44,Male,San Borja,PE-LIM,Peru,PE,0:40:38,3:18:47,2:04:37,0:10:03,0:06:31,6:20:36,2438,11927,7477,603,391,22836,887,771,128,756,659,105,974,847,139,887,771,128,Finisher,1297
Guilherme,Florencio Lima De Mendonca,Guilherme Florencio Lima De Mendonca,713,M35-39,Male,Rio De Janeiro,RJ,Brazil,BR,0:40:15,3:09:08,2:16:00,0:10:50,0:04:25,6:20:38,2415,11348,8160,650,265,22838,888,772,177,718,626,127,839,741,162,888,772,177,Finisher,1095
Rodolpho,Lobao Cecim,Rodolpho Lobao Cecim,833,M35-39,Male,,,Brazil,BR,0:45:32,3:34:58,1:43:46,0:11:08,0:05:22,6:20:46,2732,12898,6226,668,322,22846,889,773,178,1079,921,200,1204,1024,231,889,773,178,Finisher,1093
Matheus,Granato de Araujo,Matheus Granato de Araujo,528,M30-34,Male,Juiz de Fora / MG,Minas Gerais,Armenia,AM,0:47:23,3:27:59,1:48:44,0:11:09,0:05:31,6:20:46,2843,12479,6524,669,331,22846,890,774,150,1165,986,181,1165,1000,179,890,774,150,Finisher,1283
Pedro,Luiz Montenegro Da Costa,Pedro Luiz Montenegro Da Costa,266,M25-29,Male,São Paulo,SP,Brazil,BR,0:45:39,3:13:49,2:08:28,0:09:11,0:03:41,6:20:48,2739,11629,7708,551,221,22848,891,775,92,1089,930,102,960,836,93,891,775,92,Finisher,1092
Julia,C R Pires,Julia C R Pires,898,F30-34,Female,,,Brazil,BR,0:43:11,3:16:08,2:08:02,0:10:45,0:02:42,6:20:48,2591,11768,7682,645,162,22848,892,117,20,940,132,22,982,130,26,892,117,20,Finisher,1837
Murilo,Costa,Murilo Costa,1283,M45-49,Male,,,Brazil,BR,0:41:22,3:06:41,2:01:30,0:25:32,0:05:56,6:21:01,2482,11201,7290,1532,356,22861,893,776,97,819,711,92,1018,883,118,893,776,97,Finisher,1151
Matheus,Soares,Matheus Soares,414,M30-34,Male,Barueri,BR-São Paulo,Brazil,BR,0:48:14,3:10:07,2:07:01,0:10:46,0:04:56,6:21:04,2894,11407,7621,646,296,22864,894,777,151,1197,1012,184,969,844,156,894,777,151,Finisher,1277
Patricia,De Sousa Faleiro,Patricia De Sousa Faleiro,931,F30-34,Female,Goiania,Goias,Brazil,BR,0:42:27,3:10:52,2:16:04,0:08:56,0:02:56,6:21:15,2547,11452,8164,536,176,22875,895,118,21,886,122,21,869,104,19,895,118,21,Finisher,1829
Leonardo,De Matos Araujo,Leonardo De Matos Araujo,1071,M40-44,Male,Belo Horizonte,MG,Brazil,BR,0:37:44,2:57:41,2:29:43,0:10:33,0:05:48,6:21:29,2264,10661,8983,633,348,22889,896,778,129,503,448,71,593,533,90,896,778,129,Finisher,1281
Andre,Luiz Francisco Moreira,Andre Luiz Francisco Moreira,771,M35-39,Male,Santa Mariana,PR,Brazil,BR,0:51:06,3:09:40,2:02:46,0:11:15,0:06:46,6:21:32,3066,11380,7366,675,406,22892,897,779,179,1266,1063,228,995,864,194,897,779,179,Finisher,1079
Loretha,Almeida Do Nascimento,Loretha Almeida Do Nascimento,1428,F40-44,Female,Praia Grande,SP,Brazil,BR,0:38:48,3:11:53,2:16:39,0:10:11,0:04:04,6:21:37,2328,11513,8199,611,244,22897,898,119,24,598,70,14,846,101,21,898,119,24,Finisher,2234
Diego,Perdigao,Diego Perdigao,766,M35-39,Male,Marialva,BR-PR,Brazil,BR,0:50:19,3:09:08,2:01:37,0:14:56,0:05:46,6:21:46,3019,11348,7297,896,346,22906,899,780,180,1245,1046,225,1025,889,197,899,780,180,Finisher,1075
Rubens,Goncalo Diniz Alves,Rubens Goncalo Diniz Alves,1093,M40-44,Male,,,Brazil,BR,0:51:31,3:07:26,2:06:00,0:13:43,0:03:14,6:21:54,3091,11246,7560,823,194,22914,900,781,130,1277,1073,186,1005,871,144,900,781,130,Finisher,1274
Fernando,Zampa,Fernando Zampa,1503,M50-54,Male,Santana de Parnaíba,BR-SP,Brazil,BR,0:46:24,3:08:31,2:11:07,0:09:43,0:06:09,6:21:55,2784,11311,7867,583,369,22915,901,782,42,1119,951,64,905,798,49,901,782,42,Finisher,1557
Bernardo,Marotti,Bernardo Marotti,540,M30-34,Male,,,Brazil,BR,0:38:53,3:09:53,2:21:52,0:07:36,0:03:55,6:22:09,2333,11393,8512,456,235,22929,902,783,152,603,532,96,766,682,130,902,783,152,Finisher,1258
Julia,Morais Barbieri,Julia Morais Barbieri,945,F35-39,Female,Florianopolis,BR-BR-SC,Brazil,BR,0:37:05,3:00:34,2:33:24,0:07:58,0:03:14,6:22:15,2225,10834,9204,478,194,22935,903,120,22,446,39,5,584,59,10,903,120,22,Finisher,1638
Juliano,Seibel,Juliano Seibel,1296,M45-49,Male,NOVO HAMBURGO,RS,Brazil,BR,0:39:17,3:09:53,2:21:26,0:07:59,0:03:56,6:22:31,2357,11393,8486,479,236,22951,904,784,98,635,560,65,782,696,87,904,784,98,Finisher,1124
Luiz,Oliveira,Luiz Oliveira,250,M25-29,Male,Belo Horizonte,BR-Minas Gerais,Brazil,BR,0:42:07,3:20:22,1:57:36,0:13:17,0:09:13,6:22:35,2527,12022,7056,797,553,22955,905,785,93,857,741,81,1040,900,99,905,785,93,Finisher,1060
Vanessa,Elaine Vendruscolo,Vanessa Elaine Vendruscolo,1603,F50-54,Female,São Bernardo do Campo,São Paulo,Brazil,BR,0:46:18,3:23:51,1:57:59,0:10:24,0:04:11,6:22:43,2778,12231,7079,624,251,22963,906,121,6,1115,167,6,1093,147,6,906,121,6,Finisher,2709
David,De Paula Vieira Filho,David De Paula Vieira Filho,556,M30-34,Male,,,Brazil,BR,0:46:44,3:14:09,2:05:46,0:11:04,0:05:06,6:22:50,2804,11649,7546,664,306,22970,907,786,153,1133,962,177,994,863,161,907,786,153,Finisher,1246
Emerson,Pereira Da Silva,Emerson Pereira Da Silva,801,M35-39,Male,Nova Iguacu,RJ,Brazil,BR,0:59:02,2:53:42,2:17:24,0:08:53,0:03:50,6:22:51,3542,10422,8244,533,230,22971,908,787,181,1354,1133,248,857,756,168,908,787,181,Finisher,1055
Douglas,Rodrigo Rodrigues,Douglas Rodrigo Rodrigues,1240,M45-49,Male,Jandira,SP,Brazil,BR,0:52:10,2:59:39,2:03:11,0:18:26,0:09:25,6:22:51,3130,10779,7391,1106,565,22971,909,788,99,1296,1089,148,985,855,116,909,788,99,Finisher,1118
Raphael,Muller Belchior,Raphael Muller Belchior,551,M30-34,Male,Niterói,BR-RJ,Brazil,BR,0:40:40,3:07:58,2:21:06,0:09:10,0:03:58,6:22:52,2440,11278,8466,550,238,22972,910,789,154,761,663,127,798,707,138,910,789,154,Finisher,1245
Fernando,M Pauperio,Fernando M Pauperio,1164,M40-44,Male,Belo Horizonte,MG,Brazil,BR,0:38:31,3:11:58,2:10:26,0:13:27,0:08:35,6:22:57,2311,11518,7826,807,515,22977,911,790,131,573,508,83,893,787,130,911,790,131,Finisher,1255
Deivid,Willyan Rodrigues Fabiano,Deivid Willyan Rodrigues Fabiano,354,M30-34,Male,Londrina,PARANA,Brazil,BR,0:43:26,3:08:03,2:17:51,0:09:04,0:04:33,6:22:57,2606,11283,8271,544,273,22977,912,791,155,957,821,158,842,743,144,912,791,155,Finisher,1244
Christiane,Hermont De Vasconcellos Lima Moraes,Christiane Hermont De Vasconcellos Lima Moraes,1425,F40-44,Female,Belo Horizonte,Minas Gerais,Brazil,BR,0:37:15,3:26:00,1:57:03,0:19:48,0:03:02,6:23:08,2235,12360,7023,1188,182,22988,913,122,25,462,44,8,1128,158,32,913,122,25,Finisher,2207
Mauricio,Chiodini,Mauricio Chiodini,130,M18-24,Male,Rio Claro,SP,Brazil,BR,0:38:59,3:12:32,2:19:46,0:07:32,0:04:23,6:23:11,2339,11552,8386,452,263,22991,914,792,38,607,536,31,817,721,35,914,792,38,Finisher,1540
Rita,Tinoco De Andrade Barreto,Rita Tinoco De Andrade Barreto,1441,F40-44,Female,,,Brazil,BR,0:35:15,3:10:23,2:20:07,0:11:59,0:05:40,6:23:23,2115,11423,8407,719,340,23003,915,123,26,295,18,2,795,90,15,915,123,26,Finisher,2202
Matheus,Huebl,Matheus Huebl,661,M35-39,Male,Itajaí,BR-SC,Brazil,BR,0:43:15,3:29:36,1:56:03,0:10:18,0:04:17,6:23:30,2595,12576,6963,618,257,23010,916,793,182,945,812,167,1129,971,222,916,793,182,Finisher,1043
Felipe,Amorim,Felipe Amorim,812,M35-39,Male,São Paulo,São Paulo,Brazil,BR,0:39:08,3:23:29,2:07:06,0:10:12,0:03:43,6:23:38,2348,12209,7626,612,223,23018,917,794,183,620,548,107,1009,875,195,917,794,183,Finisher,1041
Renato Sérgio,Quinsan Moreira,Renato Sérgio Quinsan Moreira,1406,M45-49,Male,Duque de Caxias,Rio de Janeiro,Brazil,BR,0:41:59,3:11:48,2:13:06,0:11:39,0:05:23,6:23:55,2519,11508,7986,699,323,23035,918,795,100,854,738,100,909,801,108,918,795,100,Finisher,1099
Vanessa ,Senoni,Vanessa Senoni,1478,F45-49,Female,Dubai,Dubai,Brazil,BR,0:40:40,3:16:52,2:12:15,0:10:29,0:03:51,6:24:07,2440,11812,7935,629,231,23047,919,124,7,762,99,7,945,117,5,919,124,7,Finisher,2348
Carlos Ernesto,Fernández Ibarra,Carlos Ernesto Fernández Ibarra,1188,M40-44,Male,San Mateo Atenco,MEXICO,Mexico,MX,0:46:57,3:09:01,2:07:18,0:13:40,0:07:16,6:24:12,2817,11341,7638,820,436,23052,920,796,132,1140,968,164,975,848,140,920,796,132,Finisher,1232
ANA,FLAVIA HEIDE ALMEIDA,ANA FLAVIA HEIDE ALMEIDA,1615,F55-59,Female,RIO DE JANEIRO,BR-BR-RJ,Brazil,BR,0:47:08,3:11:00,2:09:35,0:11:51,0:04:39,6:24:14,2828,11460,7775,711,279,23054,921,125,4,1147,175,4,980,129,3,921,125,4,Finisher,2781
Elton,Douglas Alves De Sousa,Elton Douglas Alves De Sousa,685,M35-39,Male,Sao Caetano Do Sul,SP,Brazil,BR,0:43:02,3:03:32,2:19:33,0:12:28,0:05:53,6:24:27,2582,11012,8373,748,353,23067,922,797,184,927,799,164,816,720,159,922,797,184,Finisher,1026
Heidel,Ayeta Uzuelle,Heidel Ayeta Uzuelle,714,M35-39,Male,,,Brazil,BR,0:52:42,3:19:15,1:57:00,0:10:29,0:05:14,6:24:40,3162,11955,7020,629,314,23080,923,798,185,1304,1094,236,1117,965,217,923,798,185,Finisher,1022
Eric,Tremsky,Eric Tremsky,204,M25-29,Male,Tappan,NY,Brazil,BR,0:45:14,3:09:24,2:20:05,0:07:59,0:02:04,6:24:45,2714,11364,8405,479,124,23085,924,799,94,1058,903,98,875,771,85,924,799,94,Finisher,1021
Kahoe,Guedes Alcoforado,Kahoe Guedes Alcoforado,1199,M40-44,Male,,,Brazil,BR,0:43:49,3:08:37,2:12:58,0:10:51,0:08:30,6:24:45,2629,11317,7978,651,510,23085,925,800,133,980,842,136,883,779,129,925,800,133,Finisher,1222
Marcial ,De Los Rios Espinoza,Marcial De Los Rios Espinoza,635,M35-39,Male,Lima,Lima,Peru,PE,0:42:26,3:14:49,2:17:49,0:07:10,0:02:37,6:24:51,2546,11689,8269,430,157,23091,926,801,186,884,764,158,901,795,177,926,801,186,Finisher,1019
Giovanni,Geraldo Gil Copetti,Giovanni Geraldo Gil Copetti,1251,M45-49,Male,Curitiba,PR,Brazil,BR,0:39:23,3:35:43,1:56:58,0:08:16,0:04:36,6:24:56,2363,12943,7018,496,276,23096,927,802,101,643,566,66,1133,975,135,927,802,101,Finisher,1081
Carlos,Antonio Machado Rosado,Carlos Antonio Machado Rosado,1375,M45-49,Male,,,Brazil,BR,0:38:47,3:02:08,2:20:41,0:15:06,0:08:16,6:24:58,2327,10928,8441,906,496,23098,928,803,102,596,527,60,758,676,83,928,803,102,Finisher,1080
Camilo,Pulido,Camilo Pulido,695,M35-39,Male,cartagena,CO-BOL,Colombia,CO,0:51:28,2:58:40,2:16:24,0:13:42,0:04:46,6:25:01,3088,10720,8184,822,286,23101,929,804,187,1275,1071,231,891,785,174,929,804,187,Finisher,1016
Thiago,Martins Parreira,Thiago Martins Parreira,1149,M40-44,Male,Sao Bernardo Do Campo,SP,Brazil,BR,0:46:46,3:08:05,2:09:25,0:15:14,0:05:31,6:25:01,2806,11285,7765,914,331,23101,930,805,134,1134,963,162,983,853,141,930,805,134,Finisher,1217
Fabiano,Siqueira,Fabiano Siqueira,1291,M45-49,Male,Londrina,Paraná,Brazil,BR,0:46:47,3:00:51,2:22:16,0:10:20,0:04:49,6:25:02,2807,10851,8536,620,289,23102,931,806,103,1135,964,130,801,710,90,931,806,103,Finisher,1079
Igor,Boy Daltro Ramos,Igor Boy Daltro Ramos,473,M30-34,Male,,,Brazil,BR,0:37:57,3:26:17,2:02:28,0:12:37,0:05:47,6:25:07,2277,12377,7348,757,347,23107,932,807,156,518,461,82,1053,913,168,932,807,156,Finisher,1205
Deisy,Silva De Araujo,Deisy Silva De Araujo,1442,F40-44,Female,,,Brazil,BR,0:46:17,3:12:55,2:14:05,0:08:30,0:03:24,6:25:12,2777,11575,8045,510,204,23112,933,126,27,1112,166,33,939,114,24,933,126,27,Finisher,2170
Marcelo,Rodrigues Azenha,Marcelo Rodrigues Azenha,1312,M45-49,Male,Ribeirao Preto,São Paulo,Brazil,BR,0:26:14,3:39:10,2:03:51,0:10:16,0:05:48,6:25:20,1574,13150,7431,616,348,23120,934,808,104,20,19,1,1039,899,123,934,808,104,Finisher,1073
Juan Jose,Reyes Salgado,Juan Jose Reyes Salgado,634,M35-39,Male,Tegucigalpa,FRANCISCO MORAZAN,Honduras,HN,0:45:18,3:13:58,2:13:07,0:07:57,0:05:04,6:25:23,2718,11638,7987,477,304,23123,935,809,188,1062,906,194,932,820,182,935,809,188,Finisher,1010
Fernando,De Barros,Fernando De Barros,680,M35-39,Male,,,Brazil,BR,0:47:12,2:56:47,2:25:25,0:10:37,0:05:29,6:25:29,2832,10607,8725,637,329,23129,936,810,189,1151,975,213,739,657,145,936,810,189,Finisher,1008
Bruno,Itagiba,Bruno Itagiba,255,M25-29,Male,rio de janeiro,BR-RJ,Brazil,BR,0:43:46,3:18:18,2:08:26,0:11:27,0:03:57,6:25:55,2626,11898,7706,687,237,23155,937,811,95,975,837,93,1017,882,97,937,811,95,Finisher,1000
Thaina,Rebelo Pimentel Carmo Da Silva,Thaina Rebelo Pimentel Carmo Da Silva,874,F30-34,Female,Rio De Janeiro,RJ,Brazil,BR,0:44:38,3:12:10,2:12:21,0:11:45,0:05:02,6:25:56,2678,11530,7941,705,302,23156,938,127,22,1025,150,28,957,123,24,938,127,22,Finisher,1745
Jose,Luiz Neves Sudre Filho,Jose Luiz Neves Sudre Filho,1526,M50-54,Male,Rio de Janeiro,Rio de Janeiro,Brazil,BR,0:37:02,3:11:15,2:23:04,0:09:15,0:05:27,6:26:02,2222,11475,8584,555,327,23162,939,812,43,440,403,24,792,704,41,939,812,43,Finisher,1483
Monica,Saggioro Leal,Monica Saggioro Leal,995,F35-39,Female,Sao Paulo,SP,Brazil,BR,0:43:23,3:22:58,2:09:14,0:08:27,0:02:00,6:26:02,2603,12178,7754,507,120,23162,940,128,23,948,134,25,1032,138,24,940,128,23,Finisher,1570
Tavares,Fabio,Tavares Fabio,1380,M45-49,Male,,,Brazil,BR,0:49:22,3:07:53,2:15:56,0:08:42,0:04:11,6:26:03,2962,11273,8156,522,251,23163,941,813,105,1224,1034,143,917,807,109,941,813,105,Finisher,1061
FENANDO,CARLOS FALCAO DO VALE,FENANDO CARLOS FALCAO DO VALE,1561,M50-54,Male,GOVERNADOR VALADAES,MG,Brazil,BR,0:47:02,3:03:00,2:19:46,0:10:49,0:05:35,6:26:12,2822,10980,8386,649,335,23172,942,814,44,1146,972,65,844,744,45,942,814,44,Finisher,1480
Fabio,Tranches,Fabio Tranches,758,M35-39,Male,Poços e Caldas,Minas Gerais ,Brazil,BR,0:52:57,3:09:21,2:08:43,0:09:33,0:05:39,6:26:14,3177,11361,7723,573,339,23174,943,815,190,1308,1098,239,993,862,193,943,815,190,Finisher,994
PAULO,JORGE ALBUQUERQUE DE OLIVEIRA,PAULO JORGE ALBUQUERQUE DE OLIVEIRA,1395,M45-49,Male,JOAO PESSOA,PB,Brazil,BR,0:45:34,3:00:31,2:21:51,0:13:07,0:05:15,6:26:17,2734,10831,8511,787,315,23177,944,816,106,1081,923,125,821,725,93,944,816,106,Finisher,1056
Val,Alves,Val Alves,1551,M50-54,Male,West Palm Beach,FL,Brazil,BR,0:45:21,3:02:13,2:22:57,0:10:47,0:05:06,6:26:23,2721,10933,8577,647,306,23183,945,817,45,1064,908,59,808,714,43,945,817,45,Finisher,1477
Lucas,Bazani Cher,Lucas Bazani Cher,386,M30-34,Male,Sao Paulo,SP,Brazil,BR,0:39:36,3:11:33,2:21:12,0:10:33,0:03:33,6:26:27,2376,11493,8472,633,213,23187,946,818,157,662,581,107,860,759,146,946,818,157,Finisher,1181
Licinio,Da Rocha Cortez Neto,Licinio Da Rocha Cortez Neto,697,M35-39,Male,,,Brazil,BR,0:36:21,3:20:51,2:14:00,0:10:23,0:04:56,6:26:31,2181,12051,8040,623,296,23191,947,819,191,387,357,74,935,822,183,947,819,191,Finisher,989
Andre,Meirelles,Andre Meirelles,1400,M45-49,Male,Rio de Janeiro,RIO DE JANEIRO,Brazil,BR,0:34:14,2:59:38,2:33:54,0:10:57,0:07:49,6:26:32,2054,10778,9234,657,469,23192,948,820,107,232,219,27,564,508,60,948,820,107,Finisher,1052
Marcela,Rodrigues,Marcela Rodrigues,1440,F40-44,Female,Rio de janeiro,Rio de janeiro,Brazil,BR,0:44:11,3:12:40,2:09:52,0:12:23,0:07:43,6:26:49,2651,11560,7792,743,463,23209,949,129,28,1000,145,28,970,126,25,949,129,28,Finisher,2141
MARCIO,MELO,MARCIO MELO,1191,M40-44,Male,Recife,PERNAMBUCO ,Brazil,BR,0:46:29,3:02:51,2:27:45,0:06:11,0:03:39,6:26:55,2789,10971,8865,371,219,23215,950,821,135,1124,956,158,748,666,111,950,821,135,Finisher,1183
Diego,Caetano Sales,Diego Caetano Sales,728,M35-39,Male,,,Brazil,BR,0:41:02,3:06:42,2:27:13,0:08:47,0:03:25,6:27:08,2462,11202,8833,527,205,23228,951,822,192,790,689,142,768,684,153,951,822,192,Finisher,978
Luiz,Henrique Ferreira De Aguiar,Luiz Henrique Ferreira De Aguiar,588,M30-34,Male,,,Brazil,BR,0:48:28,3:13:17,2:09:41,0:10:20,0:05:45,6:27:30,2908,11597,7781,620,345,23250,952,823,158,1204,1017,186,997,866,162,952,823,158,Finisher,1162
Pedro,Gonzalez Rito Rocha De Paula,Pedro Gonzalez Rito Rocha De Paula,106,M18-24,Male,,,Brazil,BR,0:29:05,3:31:44,2:13:54,0:06:51,0:05:58,6:27:32,1745,12704,8034,411,358,23252,953,824,39,56,51,2,938,825,39,953,824,39,Finisher,1462
Lidiane,Marcal De Oliveira,Lidiane Marcal De Oliveira,914,F30-34,Female,Rio De Janeiro,RJ,Brazil,BR,0:50:04,3:16:37,2:07:40,0:10:34,0:02:52,6:27:47,3004,11797,7660,634,172,23267,954,130,23,1238,198,44,1057,141,29,954,130,23,Finisher,1711
Filipe,Dos Santos Guedes,Filipe Dos Santos Guedes,518,M30-34,Male,,,Brazil,BR,0:44:59,3:03:02,2:22:32,0:11:40,0:05:43,6:27:55,2699,10982,8552,700,343,23275,955,825,159,1049,896,170,830,733,142,955,825,159,Finisher,1154
Augusto,Pimenta Afonso,Augusto Pimenta Afonso,286,M25-29,Male,,,Brazil,BR,0:37:01,3:12:36,2:25:18,0:09:31,0:03:35,6:28:01,2221,11556,8718,571,215,23281,956,826,96,439,402,54,819,723,81,956,826,96,Finisher,962
Breno,Abad,Breno Abad,516,M30-34,Male,Campo Grande,BR-MS,Brazil,BR,0:39:44,3:17:08,2:11:25,0:11:56,0:07:49,6:28:03,2384,11828,7885,716,469,23283,957,827,160,670,588,109,966,841,155,957,827,160,Finisher,1152
Carlos,Moura,Carlos Moura,1123,M40-44,Male,Rio de Janeiro,,Brazil,BR,0:37:39,3:15:52,2:23:34,0:08:03,0:03:17,6:28:26,2259,11752,8614,483,197,23306,958,828,136,492,440,69,854,753,126,958,828,136,Finisher,1156
Victor,Hugo,Victor Hugo,347,M30-34,Male,,,Brazil,BR,0:40:50,3:00:32,2:34:18,0:08:56,0:03:54,6:28:29,2450,10832,9258,536,234,23309,959,829,161,778,679,129,666,597,110,959,829,161,Finisher,1144
Renata,Gebhardt Wanick Magno,Renata Gebhardt Wanick Magno,1420,F40-44,Female,,,Brazil,BR,0:39:55,3:18:00,2:19:02,0:08:25,0:03:10,6:28:31,2395,11880,8342,505,190,23311,960,131,29,690,86,19,923,111,23,960,131,29,Finisher,2110
Rodrigo,Rateiro Nicolau,Rodrigo Rateiro Nicolau,747,M35-39,Male,SÃO PAULO,São Paulo,Brazil,BR,0:43:09,3:18:46,2:08:09,0:11:08,0:07:21,6:28:33,2589,11926,7689,668,441,23313,961,830,193,936,806,166,1012,878,196,961,830,193,Finisher,953
Gilberto,De Matteo Vaz,Gilberto De Matteo Vaz,1216,M40-44,Male,,,Brazil,BR,0:43:26,3:29:37,2:00:06,0:11:18,0:04:12,6:28:40,2606,12577,7206,678,252,23320,962,831,137,956,820,133,1141,982,163,962,831,137,Finisher,1152
Lucas,Rodrigues Del Porto,Lucas Rodrigues Del Porto,726,M35-39,Male,Rio De Janeiro,RJ,Brazil,BR,0:41:29,3:22:44,2:04:15,0:12:34,0:07:42,6:28:44,2489,12164,7455,754,462,23324,963,832,194,825,716,152,1051,911,203,963,832,194,Finisher,949
Julio,Pereira Araujo,Julio Pereira Araujo,397,M30-34,Male,,,Brazil,BR,0:36:59,3:22:09,2:14:26,0:09:32,0:05:42,6:28:49,2219,12129,8066,572,342,23329,964,833,162,437,400,70,962,838,154,964,833,162,Finisher,1138
BRUNO,PASSOS,BRUNO PASSOS,1185,M40-44,Male,Rio de Janeiro,RJ,Brazil,BR,0:39:48,3:09:09,2:25:50,0:10:29,0:03:40,6:28:58,2388,11349,8750,629,220,23338,965,834,138,680,598,94,825,729,120,965,834,138,Finisher,1146
Leandro,Silva Ventura,Leandro Silva Ventura,832,M35-39,Male,,,Brazil,BR,0:43:27,3:19:34,2:07:15,0:11:53,0:06:52,6:29:01,2607,11974,7635,713,412,23341,966,835,195,958,822,168,1034,896,198,966,835,195,Finisher,944
Calio,Pereira,Calio Pereira,791,M35-39,Male,,,Brazil,BR,0:45:35,3:00:51,2:27:08,0:10:10,0:05:18,6:29:02,2735,10851,8828,610,318,23342,967,836,196,1082,924,201,771,687,154,967,836,196,Finisher,944
Walquiria,Gomes,Walquiria Gomes,897,F30-34,Female,,,Brazil,BR,0:45:42,3:25:44,2:03:10,0:10:40,0:03:46,6:29:02,2742,12344,7390,640,226,23342,968,132,24,1091,160,34,1114,152,33,968,132,24,Finisher,1689
Marcela,Gomes Marques De Souza,Marcela Gomes Marques De Souza,899,F30-34,Female,Rio de Janeiro,RIO DE JANEIRO,Brazil,BR,0:39:08,3:14:56,2:14:25,0:14:13,0:06:21,6:29:04,2348,11696,8065,853,381,23344,969,133,25,621,73,13,949,120,23,969,133,25,Finisher,1688
Gabriel,Salim Saud De Oliveira,Gabriel Salim Saud De Oliveira,764,M35-39,Male,Niteroi,RJ,Brazil,BR,0:48:07,2:57:35,2:25:47,0:10:33,0:07:02,6:29:04,2887,10655,8747,633,422,23344,970,837,197,1192,1007,219,763,680,152,970,837,197,Finisher,943
EDGLEY,MACIEL LACERDA,EDGLEY MACIEL LACERDA,1393,M45-49,Male,CAMPINA GRANDE,PB,Brazil,BR,0:34:03,3:19:15,2:21:50,0:08:22,0:05:35,6:29:05,2043,11955,8510,502,335,23345,971,838,108,219,206,23,858,757,99,971,838,108,Finisher,1006
Leonardo,Sperle Ferreira Lage,Leonardo Sperle Ferreira Lage,1127,M40-44,Male,Genebra,Genebra,Brazil,BR,0:36:48,3:16:01,2:18:25,0:11:14,0:06:40,6:29:08,2208,11761,8305,674,400,23348,972,839,139,426,391,60,895,789,131,972,839,139,Finisher,1143
Raissa,Vaz Mescolin ,Raissa Vaz Mescolin,905,F30-34,Female,Niterói ,Rio de Janeiro ,Brazil,BR,0:58:37,3:21:24,1:51:50,0:11:55,0:05:30,6:29:16,3517,12084,6710,715,330,23356,973,134,26,1351,221,52,1209,182,42,973,134,26,Finisher,1685
Giovanny,Hebert Batista Marchi,Giovanny Hebert Batista Marchi,1314,M45-49,Male,Recife,PE,Brazil,BR,0:45:14,3:11:28,2:17:28,0:10:19,0:04:49,6:29:18,2714,11488,8248,619,289,23358,974,840,109,1059,904,123,930,818,112,974,840,109,Finisher,1002
Moises,Abreu Silva,Moises Abreu Silva,1293,M45-49,Male,,,Brazil,BR,0:41:09,3:25:25,2:09:02,0:10:14,0:03:34,6:29:24,2469,12325,7742,614,214,23364,975,841,110,805,702,91,1052,912,126,975,841,110,Finisher,1000
Alice,Osmaston,Alice Osmaston,346,F25-29,Female,Cambridge,CAM,United Kingdom,GB,0:39:25,3:18:41,2:17:13,0:10:00,0:04:16,6:29:35,2365,11921,8233,600,256,23375,976,135,20,646,78,13,947,119,18,976,135,20,Finisher,1799
Jayme,Eduardo Silberman,Jayme Eduardo Silberman,1686,M60-64,Male,rio de janeiro,rio de janeiro,Brazil,BR,0:44:29,3:11:27,2:15:36,0:11:54,0:06:17,6:29:43,2669,11487,8136,714,377,23383,977,842,6,1016,867,12,940,826,8,977,842,6,Finisher,2442
Pedro,Luis Oaquim Dos Santos,Pedro Luis Oaquim Dos Santos,201,M25-29,Male,Rio De Janeiro,RJ,Brazil,BR,0:35:38,3:31:12,2:10:25,0:07:46,0:04:58,6:29:58,2138,12672,7825,466,298,23398,978,843,97,320,297,40,1029,892,98,978,843,97,Finisher,927
Guilherme,Ferretti De Souza,Guilherme Ferretti De Souza,1138,M40-44,Male,Rio de janeiro,Rio de janeiro,Brazil,BR,0:40:27,3:08:32,2:25:02,0:10:43,0:05:18,6:30:03,2427,11312,8702,643,318,23403,979,844,140,738,643,103,831,734,122,979,844,140,Finisher,1127
Miguel,De Carvalho Goulart Alves,Miguel De Carvalho Goulart Alves,107,M18-24,Male,,,Brazil,BR,0:37:15,3:30:34,2:05:50,0:09:17,0:07:13,6:30:09,2235,12634,7550,557,433,23409,980,845,40,461,418,24,1056,916,41,980,845,40,Finisher,1415
Otaviano,Jose De Carvalho Neto,Otaviano Jose De Carvalho Neto,208,M25-29,Male,,,Brazil,BR,0:40:14,3:16:27,2:15:37,0:11:15,0:06:35,6:30:09,2414,11787,8137,675,395,23409,981,846,98,716,624,74,942,828,91,981,846,98,Finisher,923
OTAVIO,OLIVEIRA,OTAVIO OLIVEIRA,1318,M45-49,Male,Rio de Janeiro,Rio de Janeiro ,Brazil,BR,0:40:22,3:13:02,2:16:15,0:12:46,0:07:45,6:30:09,2422,11582,8175,766,465,23409,982,847,111,729,635,80,921,811,110,982,847,111,Finisher,987
Vitor,Carvalho,Vitor Carvalho,373,M30-34,Male,Rio de janeiro,Rio de janeiro,Brazil,BR,0:42:47,2:58:39,2:31:14,0:12:06,0:05:36,6:30:22,2567,10719,9074,726,336,23422,983,848,163,907,783,152,721,641,120,983,848,163,Finisher,1110
Caio,Victor Santana Amador,Caio Victor Santana Amador,274,M25-29,Male,Recife,PE,Brazil,BR,0:46:02,3:20:44,2:08:28,0:10:07,0:05:03,6:30:24,2762,12044,7708,607,303,23424,984,849,99,1102,940,103,1054,914,101,984,849,99,Finisher,919
Roberto,Ferreira Monteiro,Roberto Ferreira Monteiro,1268,M45-49,Male,Rio de Janeiro,Rio de Janeiro,Brazil,BR,0:43:26,3:20:34,2:10:43,0:10:32,0:05:16,6:30:31,2606,12034,7843,632,316,23431,985,850,112,955,819,109,1028,891,121,985,850,112,Finisher,980
Roberta,Diaz Savoldelli,Roberta Diaz Savoldelli,1477,F45-49,Female,Sao Bernardo Do Campo,SP,Brazil,BR,0:41:10,3:25:39,2:04:15,0:10:50,0:08:43,6:30:36,2470,12339,7455,650,523,23436,986,136,8,808,105,9,1064,143,10,986,136,8,Finisher,2231
Antonio,Jose Paulos Campos Ferreira,Antonio Jose Paulos Campos Ferreira,1697,M60-64,Male,ARARUAMA,RJ,Brazil,BR,0:51:18,2:59:05,2:29:34,0:07:39,0:03:22,6:30:57,3078,10745,8974,459,202,23457,987,851,7,1271,1068,16,802,711,5,987,851,7,Finisher,2420
Sebastien ,Bull,Sebastien Bull,1102,M40-44,Male,Pompignac ,Gironde ,France,FR,0:41:58,3:26:59,2:11:18,0:07:38,0:03:14,6:31:08,2518,12419,7878,458,194,23468,988,852,141,853,737,121,1048,908,150,988,852,141,Finisher,1107
Claudio,Jose Ferreira Dos Santos,Claudio Jose Ferreira Dos Santos,1699,M60-64,Male,juiz de fora,MG,Brazil,BR,0:42:52,3:18:33,2:14:59,0:10:42,0:04:02,6:31:08,2572,11913,8099,642,242,23468,989,853,8,913,786,8,998,867,9,989,853,8,Finisher,2417
Polyana,Silva,Polyana Silva,904,F30-34,Female,Contagem,BR-MG,Brazil,BR,0:44:02,2:57:07,2:34:27,0:12:22,0:03:18,6:31:17,2642,10627,9267,742,198,23477,990,137,27,987,140,24,722,81,14,990,137,27,Finisher,1648
Eduardo,Rodrigo Correia Patricio,Eduardo Rodrigo Correia Patricio,686,M35-39,Male,Rio De Janeiro,RJ,Brazil,BR,0:50:35,3:10:57,2:17:48,0:08:10,0:04:05,6:31:35,3035,11457,8268,490,245,23495,991,854,198,1255,1054,227,977,850,187,991,854,198,Finisher,898
Joelmarx,Sobrinho,Joelmarx Sobrinho,1323,M45-49,Male,JOAO PESSOA,PB,Brazil,BR,0:42:41,3:09:29,2:28:10,0:07:54,0:03:25,6:31:39,2561,11369,8890,474,205,23499,992,855,113,902,778,106,835,738,95,992,855,113,Finisher,960
Henrique,Notari,Henrique Notari,474,M30-34,Male,NITERÓI,RJ,Brazil,BR,0:37:37,3:20:00,2:21:13,0:09:05,0:03:48,6:31:43,2257,12000,8473,545,228,23503,993,856,164,487,438,78,926,815,152,993,856,164,Finisher,1086
Maria,Fernanda Carvalho De Oliveira Lima,Maria Fernanda Carvalho De Oliveira Lima,304,F18-24,Female,,,Brazil,BR,0:39:14,3:08:52,2:27:24,0:09:14,0:07:19,6:32:03,2354,11332,8844,554,439,23523,994,138,12,631,75,7,787,87,12,994,138,12,Finisher,1661
Jovelino,Pinheiro Costa,Jovelino Pinheiro Costa,1404,M45-49,Male,Montes Claros,MG,Brazil,BR,0:40:31,3:16:48,2:18:07,0:11:10,0:05:30,6:32:06,2431,11808,8287,670,330,23526,995,857,114,746,651,84,955,834,115,995,857,114,Finisher,952
GUSTAVO,JUNQUEIRA VALIAS MEIRA,GUSTAVO JUNQUEIRA VALIAS MEIRA,1520,M50-54,Male,MARINGA,PR,Brazil,BR,0:37:40,3:15:19,2:21:19,0:12:41,0:05:12,6:32:11,2260,11719,8479,761,312,23531,996,858,46,493,441,28,912,803,50,996,858,46,Finisher,1373
Marcos,Luciani Oliveira Muniz,Marcos Luciani Oliveira Muniz,1733,M45-49,Male,Contagem,MG,Brazil,BR,0:48:08,3:09:04,2:04:10,0:16:28,0:14:35,6:32:26,2888,11344,7450,988,875,23546,997,859,115,1193,1008,141,1020,885,119,997,859,115,Finisher,946
Jose,Cabillon,Jose Cabillon,1537,M50-54,Male,Montevideo,UY-MO,Uruguay,UY,0:42:39,3:11:18,2:26:13,0:08:56,0:03:30,6:32:35,2559,11478,8773,536,210,23555,998,860,47,898,775,50,878,774,47,998,860,47,Finisher,1365
Gustavo,Carvalho,Gustavo Carvalho,1668,M55-59,Male,rio de janeiro,rio de janeiro,Brazil,BR,0:40:48,3:17:02,2:19:24,0:10:59,0:04:23,6:32:36,2448,11822,8364,659,263,23556,999,861,28,770,671,24,967,842,30,999,861,28,Finisher,1559
Matheus,Machado Vianna,Matheus Machado Vianna,400,M30-34,Male,,,Brazil,BR,0:47:09,3:21:41,2:07:28,0:10:45,0:05:47,6:32:51,2829,12101,7648,645,347,23571,1000,862,165,1148,973,178,1079,933,170,1000,862,165,Finisher,1065
Ana,Celina Grechi De Carlos,Ana Celina Grechi De Carlos,921,F30-34,Female,Rio De Janeiro,RJ,Brazil,BR,0:59:08,3:12:18,2:06:29,0:11:03,0:03:56,6:32:53,3548,11538,7589,663,236,23573,1001,139,28,1355,222,53,1118,153,34,1001,139,28,Finisher,1619
Kamile,Catique Noronha,Kamile Catique Noronha,1480,F45-49,Female,Manaus,AM,Brazil,BR,0:46:57,3:12:29,2:20:48,0:10:02,0:02:43,6:32:59,2817,11549,8448,602,163,23579,1002,140,9,1139,172,11,973,127,8,1002,140,9,Finisher,2188
Felipe,Migliorini,Felipe Migliorini,187,M25-29,Male,Marau,BR-RS,Brazil,BR,1:05:52,3:01:15,2:08:49,0:10:19,0:06:55,6:33:10,3952,10875,7729,619,415,23590,1003,863,100,1366,1142,116,1060,918,102,1003,863,100,Finisher,869
DIEGO,CASTRO CONDE ROCHA,DIEGO CASTRO CONDE ROCHA,692,M35-39,Male,EUSEBIO,CE,Brazil,BR,0:46:35,3:25:17,2:03:26,0:13:13,0:04:50,6:33:20,2795,12317,7406,793,290,23600,1004,864,199,1127,959,210,1150,988,227,1004,864,199,Finisher,866
Joao,Paulo Benaion De Araujo,Joao Paulo Benaion De Araujo,866,M35-39,Male,Rio De Janeiro,RJ,Brazil,BR,0:40:55,3:17:30,2:16:43,0:11:22,0:07:00,6:33:30,2455,11850,8203,682,420,23610,1005,865,200,783,683,141,979,851,188,1005,865,200,Finisher,863
Marina,Abrão,Marina Abrão,994,F35-39,Female,São Paulo,São Paulo,Brazil,BR,0:44:27,3:24:35,2:07:30,0:11:54,0:05:10,6:33:36,2667,12275,7650,714,310,23616,1006,141,24,1014,149,28,1098,148,26,1006,141,24,Finisher,1434
Giovanna,Ramos,Giovanna Ramos,953,F35-39,Female,sao paulo,sp,Brazil,BR,0:41:48,3:14:48,2:21:32,0:10:45,0:04:49,6:33:41,2508,11688,8492,645,289,23621,1007,142,25,845,115,19,934,113,20,1007,142,25,Finisher,1433
Henrique,Ramos Sorgi Macedo,Henrique Ramos Sorgi Macedo,868,M35-39,Male,,,Brazil,BR,0:40:53,3:14:50,2:25:17,0:10:03,0:03:03,6:34:06,2453,11690,8717,603,183,23646,1008,866,201,781,681,140,914,805,179,1008,866,201,Finisher,853
Pedro,Silva Ramos Da Fonseca,Pedro Silva Ramos Da Fonseca,1234,M40-44,Male,,,Brazil,BR,0:46:54,3:08:20,2:20:43,0:11:45,0:06:25,6:34:07,2814,11300,8443,705,385,23647,1009,867,142,1137,966,163,929,817,135,1009,867,142,Finisher,1054
Leonardo,Corbi,Leonardo Corbi,369,M30-34,Male,,,Brazil,BR,0:37:25,3:18:01,2:24:49,0:09:19,0:04:47,6:34:20,2245,11881,8689,559,287,23660,1010,868,166,474,428,77,906,799,149,1010,868,166,Finisher,1039
Ricardo,Hañiek,Ricardo Hañiek,860,M35-39,Male,Posadas,MISIONES,Argentina,AR,0:52:54,3:12:59,2:12:28,0:10:07,0:06:00,6:34:29,3174,11579,7948,607,360,23669,1011,869,202,1307,1097,238,1041,901,200,1011,869,202,Finisher,846
Flavia,Freire Maia Heeren De Oliveira,Flavia Freire Maia Heeren De Oliveira,1467,F40-44,Female,,,Brazil,BR,0:40:50,3:16:21,2:18:01,0:13:17,0:06:01,6:34:30,2450,11781,8281,797,361,23670,1012,143,30,779,100,22,986,131,26,1012,143,30,Finisher,2002
Ana,Livia Cruz Barreira,Ana Livia Cruz Barreira,879,F30-34,Female,Bauru ,São Paulo ,Brazil,BR,0:44:17,3:19:10,2:14:25,0:10:42,0:06:26,6:35:01,2657,11950,8065,642,386,23701,1013,144,29,1006,147,27,1024,136,27,1013,144,29,Finisher,1581
FABIANE,BIANCA DE CARVALHO,FABIANE BIANCA DE CARVALHO,913,F30-34,Female,RIO DE JANEIRO,RJ,Brazil,BR,0:47:11,3:16:24,2:17:36,0:10:54,0:03:01,6:35:06,2831,11784,8256,654,181,23706,1014,145,30,1149,176,39,1027,137,28,1014,145,30,Finisher,1580
Joao,Cardoso Neto,Joao Cardoso Neto,1266,M45-49,Male,Brasil,PR,Brazil,BR,0:46:26,3:04:19,2:28:43,0:10:58,0:04:43,6:35:10,2786,11059,8923,658,283,23710,1015,870,116,1122,954,128,862,760,101,1015,870,116,Finisher,896
Sarah,Melniski ,Sarah Melniski,919,F30-34,Female,Porto Alegre,Rio Grande do Sul,Brazil,BR,0:44:53,3:25:05,2:08:18,0:11:05,0:05:49,6:35:10,2693,12305,7698,665,349,23710,1016,146,31,1040,151,29,1102,149,31,1016,146,31,Finisher,1578
MATHEUS,PROCOPIO,MATHEUS PROCOPIO,761,M35-39,Male,Guarapari,ES,Brazil,BR,0:42:04,3:30:28,2:05:08,0:10:42,0:06:51,6:35:13,2524,12628,7508,642,411,23713,1017,871,203,855,739,154,1130,972,223,1017,871,203,Finisher,833
LUCAS,ALMEIDA,LUCAS ALMEIDA,357,M30-34,Male,Goiânia,Goiás,Brazil,BR,0:38:17,3:13:27,2:29:11,0:09:51,0:04:28,6:35:16,2297,11607,8951,591,268,23716,1018,872,167,556,494,88,855,754,145,1018,872,167,Finisher,1022
Bergson,Ribeiro Silva,Bergson Ribeiro Silva,645,M35-39,Male,,,Brazil,BR,0:49:37,3:16:52,2:13:15,0:09:50,0:05:50,6:35:24,2977,11812,7995,590,350,23724,1019,873,204,1229,1037,223,1045,905,202,1019,873,204,Finisher,829
Matheus,Vieira Ribeiro,Matheus Vieira Ribeiro,799,M35-39,Male,rIO DE jANEIRO,rIO DE jANEIRO,Brazil,BR,1:02:29,3:11:56,2:06:48,0:10:05,0:04:08,6:35:26,3749,11516,7608,605,248,23726,1020,874,205,1364,1140,250,1143,984,226,1020,874,205,Finisher,829
Daniel,Herchenhorn,Daniel Herchenhorn,1658,M55-59,Male,Rio de janeiro,RJ,Brazil,BR,0:40:47,3:16:53,2:20:54,0:11:22,0:05:43,6:35:39,2447,11813,8454,682,343,23739,1021,875,29,768,669,23,968,843,31,1021,875,29,Finisher,1505
Kaio,Aguiar Gomes Santos,Kaio Aguiar Gomes Santos,1738,M18-24,Male,,,Brazil,BR,0:46:26,3:29:23,2:09:31,0:07:26,0:03:30,6:36:17,2786,12563,7771,446,210,23777,1022,876,41,1123,955,42,1131,973,44,1022,876,41,Finisher,1304
Naiara,Ianoam Lima,Naiara Ianoam Lima,1459,F40-44,Female,,,Brazil,BR,0:50:43,3:24:13,2:10:37,0:07:53,0:03:07,6:36:33,3043,12253,7837,473,187,23793,1023,147,31,1259,202,37,1124,156,30,1023,147,31,Finisher,1965
Igor,Galliano Galeazzo,Igor Galliano Galeazzo,368,M30-34,Male,Sao Caetano do Sul,SP,Brazil,BR,0:42:29,3:20:47,2:16:23,0:11:36,0:05:37,6:36:53,2549,12047,8183,696,337,23813,1024,877,168,888,766,147,1033,895,167,1024,877,168,Finisher,993
Joao,Marcio Bueno Do Prado,Joao Marcio Bueno Do Prado,1694,M60-64,Male,,,Brazil,BR,0:43:18,3:28:26,2:10:44,0:09:54,0:04:33,6:36:54,2598,12506,7844,594,273,23814,1025,878,9,947,814,9,1112,961,13,1025,878,9,Finisher,2313
Jairo,Roberto De Almeida,Jairo Roberto De Almeida,772,M35-39,Male,Porto Uniao,SC,Brazil,BR,0:51:17,3:12:55,2:14:02,0:11:51,0:06:49,6:36:55,3077,11575,8042,711,409,23815,1026,879,206,1270,1067,230,1042,902,201,1026,879,206,Finisher,802
Salomao,Monteiro,Salomao Monteiro,1696,M60-64,Male,Sao Paulo,BR-SP,Brazil,BR,0:43:25,3:05:47,2:26:32,0:16:24,0:04:58,6:37:07,2605,11147,8792,984,298,23827,1027,880,10,954,818,10,911,802,7,1027,880,10,Finisher,2309
Fabio,Rezende Hostt,Fabio Rezende Hostt,745,M35-39,Male,,,Brazil,BR,0:35:31,3:18:49,2:21:40,0:11:56,0:09:11,6:37:07,2131,11929,8500,716,551,23827,1028,881,207,311,291,61,922,812,181,1028,881,207,Finisher,798
Nikolas,Baroski,Nikolas Baroski,702,M35-39,Male,,,Brazil,BR,0:44:34,,,0:10:38,0:00:00,6:37:26,2674,0,0,638,0,23846,1029,882,208,1021,872,183,99999,99999,99999,1029,882,208,Finisher,793
Silvio,Jose De Queiroz,Silvio Jose De Queiroz,1581,M50-54,Male,,,Brazil,BR,0:47:41,3:21:28,2:11:36,0:10:46,0:06:08,6:37:39,2861,12088,7896,646,368,23859,1030,883,48,1176,994,69,1083,937,59,1030,883,48,Finisher,1274
Nathalia,Dias Sertorio,Nathalia Dias Sertorio,969,F35-39,Female,,,Brazil,BR,0:41:33,3:26:45,2:14:54,0:10:22,0:04:11,6:37:44,2493,12405,8094,622,251,23864,1031,148,26,828,111,18,1072,144,25,1031,148,26,Finisher,1360
Andrey,Lima,Andrey Lima,1108,M40-44,Male,Teresina,Piauí,Brazil,BR,0:48:48,3:05:10,2:22:28,0:14:28,0:06:57,6:37:51,2928,11110,8548,868,417,23871,1032,884,143,1210,1022,174,952,832,138,1032,884,143,Finisher,986
Camila,Natasha Carneiro Lima Rodrigues,Camila Natasha Carneiro Lima Rodrigues,988,F35-39,Female,,,Brazil,BR,0:47:52,3:37:57,1:59:45,0:08:32,0:03:47,6:37:52,2872,13077,7185,512,227,23872,1033,149,27,1183,183,34,1221,185,32,1033,149,27,Finisher,1357
Leonardo,Cohen Prado,Leonardo Cohen Prado,1533,M50-54,Male,Nova Lima,MG,Brazil,BR,0:42:15,3:14:11,2:18:51,0:12:02,0:10:52,6:38:11,2535,11651,8331,722,652,23891,1034,885,49,868,751,48,954,833,52,1034,885,49,Finisher,1265
Wesley,Rodrigues Bispo,Wesley Rodrigues Bispo,258,M25-29,Male,,,Brazil,BR,1:08:05,3:06:48,2:03:17,0:14:17,0:05:49,6:38:16,4085,11208,7397,857,349,23896,1035,886,101,1369,1145,117,1183,1010,108,1035,886,101,Finisher,777
Felipe,Pedroso Dos Santos,Felipe Pedroso Dos Santos,584,M30-34,Male,Taubate,SP,Brazil,BR,0:53:13,3:35:50,1:53:45,0:11:56,0:03:58,6:38:43,3193,12950,6825,716,238,23923,1036,887,169,1310,1100,196,1257,1058,185,1036,887,169,Finisher,960
Leo,Rocha,Leo Rocha,1159,M40-44,Male,,,Brazil,BR,0:47:00,3:28:16,2:07:44,0:11:04,0:04:48,6:38:52,2820,12496,7664,664,288,23932,1037,888,144,1143,969,165,1162,997,166,1037,888,144,Finisher,968
DANILO,ZANINI,DANILO ZANINI,654,M35-39,Male,São Paulo,SAO PAULO,Brazil,BR,0:57:15,3:14:37,2:10:26,0:11:03,0:05:32,6:38:53,3435,11677,7826,663,332,23933,1038,889,209,1343,1126,245,1126,969,220,1038,889,209,Finisher,767
Olavo,Guerra De Melo,Olavo Guerra De Melo,1148,M40-44,Male,,,Brazil,BR,0:36:13,3:39:14,2:04:13,0:12:48,0:06:29,6:38:57,2173,13154,7453,768,389,23937,1039,890,145,375,347,48,1178,1008,170,1039,890,145,Finisher,967
Wellington,Teixeira Moggi,Wellington Teixeira Moggi,1263,M45-49,Male,Maua,SP,Brazil,BR,0:54:41,3:12:53,2:14:43,0:07:41,0:09:10,6:39:08,3281,11573,8083,461,550,23948,1040,891,117,1327,1115,152,1036,898,122,1040,891,117,Finisher,825
Silvia,Nogueira,Silvia Nogueira,1598,F50-54,Female,Osasco,SP,Brazil,BR,0:48:51,3:22:14,2:12:42,0:10:23,0:05:07,6:39:16,2931,12134,7962,623,307,23956,1041,150,7,1211,189,8,1108,151,7,1041,150,7,Finisher,2411
Marcio,Silva Souza,Marcio Silva Souza,721,M35-39,Male,,,Brazil,BR,0:44:06,3:30:35,2:12:18,0:08:08,0:04:14,6:39:20,2646,12635,7938,488,254,23960,1042,892,210,993,851,175,1123,968,219,1042,892,210,Finisher,758
Adriana,Bellido,Adriana Bellido,925,F30-34,Female,Lima,Lima,Peru,PE,0:44:08,3:37:55,2:04:49,0:09:25,0:03:14,6:39:31,2648,13075,7489,565,194,23971,1043,151,32,994,143,25,1203,180,40,1043,151,32,Finisher,1500
Brunno,Cezar Aiello De Moraes,Brunno Cezar Aiello De Moraes,840,M35-39,Male,Sao Paulo,SP,Brazil,BR,0:51:15,3:18:43,2:14:33,0:11:38,0:03:23,6:39:32,3075,11923,8073,698,203,23972,1044,893,211,1268,1065,229,1111,960,215,1044,893,211,Finisher,755
Vicente,Gandolfi,Vicente Gandolfi,1219,M40-44,Male,Sao Paulo,SP,Brazil,BR,0:55:34,3:08:51,2:14:47,0:12:08,0:08:18,6:39:38,3334,11331,8087,728,498,23978,1045,894,146,1333,1118,198,1047,907,149,1045,894,146,Finisher,954
Valmir,Gomes,Valmir Gomes,133,M18-24,Male,Recife,BR-PE,Brazil,BR,0:42:36,3:00:54,2:43:37,0:07:59,0:04:40,6:39:46,2556,10854,9817,479,280,23986,1046,895,42,893,771,39,683,613,32,1046,895,42,Finisher,1241
Otto,Carneiro,Otto Carneiro,1555,M50-54,Male,Rio de Janeiro,BR-Rio de Janeiro,Brazil,BR,0:39:26,3:03:40,2:43:22,0:09:57,0:03:24,6:39:49,2366,11020,9802,597,204,23989,1047,896,50,647,569,38,711,633,35,1047,896,50,Finisher,1235
Walter,Saes,Walter Saes,1294,M45-49,Male,São Paulo,BR-SP,Brazil,BR,0:43:16,3:11:49,2:25:48,0:13:13,0:05:51,6:39:57,2596,11509,8748,793,351,23997,1048,897,118,946,813,108,950,830,114,1048,897,118,Finisher,810
KARINA,LEAL ERNESTO DE AMORIM,KARINA LEAL ERNESTO DE AMORIM,1473,F45-49,Female,JOAO PESSOA,PB,Brazil,BR,0:50:47,3:21:54,2:11:05,0:11:54,0:04:33,6:40:14,3047,12114,7865,714,273,24014,1049,152,10,1260,203,16,1144,160,12,1049,152,10,Finisher,2057
Gilberto,Pinto Silva,Gilberto Pinto Silva,1365,M45-49,Male,,,Brazil,BR,0:41:40,3:24:40,2:13:23,0:11:53,0:08:42,6:40:18,2500,12280,8003,713,522,24018,1050,898,119,836,725,98,1068,925,129,1050,898,119,Finisher,804
william,de moura cunha,william de moura cunha,1535,M50-54,Male,rio de janeiro,RIO DE JANEIRO,Brazil,BR,0:47:12,3:40:01,2:00:29,0:10:06,0:02:51,6:40:39,2832,13201,7229,606,171,24039,1051,899,51,1150,974,66,1243,1049,67,1051,899,51,Finisher,1220
Fernando,De Freitas Martins,Fernando De Freitas Martins,1690,M60-64,Male,Rio De Janeiro,RJ,Brazil,BR,0:38:09,3:21:16,2:18:37,0:14:00,0:08:40,6:40:42,2289,12076,8317,840,520,24042,1052,900,11,537,479,4,1015,880,11,1052,900,11,Finisher,2244
Caroline,Mendes Araujo,Caroline Mendes Araujo,891,F30-34,Female,,,Brazil,BR,0:55:56,3:26:41,2:01:18,0:12:02,0:04:52,6:40:50,3356,12401,7278,722,292,24050,1053,153,33,1334,216,48,1224,186,43,1053,153,33,Finisher,1476
David Ivan ,Quiros Zavala,David Ivan Quiros Zavala,1612,M55-59,Male,San Borja,Lima,Peru,PE,0:58:35,3:15:40,2:11:36,0:09:57,0:05:19,6:41:08,3515,11740,7896,597,319,24068,1054,901,30,1350,1130,42,1140,981,36,1054,901,30,Finisher,1406
Victoria,De Marco,Victoria De Marco,876,F30-34,Female,,,Brazil,BR,0:37:14,3:20:05,2:30:08,0:09:39,0:04:05,6:41:10,2234,12005,9008,579,245,24070,1055,154,34,459,43,7,927,112,22,1055,154,34,Finisher,1470
Fernanda,Rangoni Bonjour,Fernanda Rangoni Bonjour,907,F30-34,Female,Rio De Janeiro,RJ,Brazil,BR,0:41:08,3:06:49,2:36:18,0:10:10,0:06:46,6:41:11,2468,11209,9378,610,406,24071,1056,155,35,803,103,18,804,93,17,1056,155,35,Finisher,1470
Camila,Igi De Almeida,Camila Igi De Almeida,1433,F40-44,Female,,,Brazil,BR,0:42:26,3:36:10,2:04:04,0:09:24,0:09:22,6:41:26,2546,12970,7444,564,562,24086,1057,156,32,882,120,26,1175,170,34,1057,156,32,Finisher,1877
Rubem,Mateus Campos Miranda,Rubem Mateus Campos Miranda,1505,M50-54,Male,Belo Horizonte,MG,Brazil,BR,0:40:28,3:32:26,2:14:20,0:10:46,0:03:46,6:41:46,2428,12746,8060,646,226,24106,1058,902,52,742,647,45,1137,978,63,1058,902,52,Finisher,1200
Francisco,Figueira,Francisco Figueira,808,M35-39,Male,,,Brazil,BR,0:38:25,3:28:13,2:15:10,0:13:38,0:06:31,6:41:58,2305,12493,8110,818,391,24118,1059,903,212,563,500,93,1089,943,207,1059,903,212,Finisher,711
Bruno,Das Neves Gomesa Da Rosa,Bruno Das Neves Gomesa Da Rosa,1399,M45-49,Male,Rio De Janeiro,RJ,Brazil,BR,0:42:35,3:10:47,2:32:50,0:10:55,0:04:55,6:42:02,2555,11447,9170,655,295,24122,1060,904,120,892,770,105,900,794,106,1060,904,120,Finisher,773
Ruan,Cardoso De Freitas,Ruan Cardoso De Freitas,765,M35-39,Male,Sao Goncalo,RJ,Brazil,BR,0:45:35,3:30:16,2:09:45,0:10:17,0:06:13,6:42:05,2735,12616,7785,617,373,24125,1061,905,213,1083,925,202,1158,994,228,1061,905,213,Finisher,709
Taissa,Martins Zottich,Taissa Martins Zottich,910,F30-34,Female,,,Brazil,BR,0:41:04,3:27:07,2:18:28,0:11:15,0:04:20,6:42:13,2464,12427,8308,675,260,24133,1062,157,36,792,102,17,1077,145,30,1062,157,36,Finisher,1451
ANTONIO SERGIO,BONATTO,ANTONIO SERGIO BONATTO,489,M30-34,Male,Vitória,ESPIRITO SANTO,Brazil,BR,0:41:02,3:20:21,2:24:44,0:09:22,0:06:45,6:42:14,2462,12021,8684,562,405,24134,1063,906,170,791,690,132,988,857,160,1063,906,170,Finisher,896
Marcelo,Martins Sarmento,Marcelo Martins Sarmento,1033,M40-44,Male,,,Brazil,BR,0:41:46,3:11:45,2:30:56,0:11:08,0:06:40,6:42:15,2506,11505,9056,668,400,24135,1064,907,147,844,730,119,904,797,132,1064,907,147,Finisher,907
Carlos,Eduardo Roliz De Sternberg,Carlos Eduardo Roliz De Sternberg,1282,M45-49,Male,,,Brazil,BR,0:47:40,3:24:17,2:08:44,0:14:24,0:07:14,6:42:18,2860,12257,7724,864,434,24138,1065,908,121,1173,993,136,1161,996,137,1065,908,121,Finisher,768
Elisangela,Dias,Elisangela Dias,1475,F45-49,Female,,,Brazil,BR,0:50:19,3:18:58,2:17:16,0:10:09,0:05:42,6:42:24,3019,11938,8236,609,342,24144,1066,158,11,1244,199,14,1078,146,11,1066,158,11,Finisher,2018
Giuliano,De Oliveira Cerqueira,Giuliano De Oliveira Cerqueira,1353,M45-49,Male,,,Brazil,BR,0:44:59,3:03:13,2:34:40,0:14:09,0:05:25,6:42:26,2699,10993,9280,849,325,24146,1067,909,122,1048,895,121,871,767,104,1067,909,122,Finisher,766
Jo,Ganem,Jo Ganem,1661,M55-59,Male,São Paulo,BR-BR-SP,Brazil,BR,0:42:26,3:20:17,2:17:20,0:13:32,0:08:53,6:42:27,2546,12017,8240,812,533,24147,1068,910,31,881,762,30,1044,904,32,1068,910,31,Finisher,1382
Marcella,Ferreira,Marcella Ferreira,308,F25-29,Female,,,Brazil,BR,0:38:32,3:36:55,2:14:28,0:09:11,0:03:28,6:42:34,2312,13015,8068,551,208,24154,1069,159,21,576,67,11,1145,161,21,1069,159,21,Finisher,1565
Nadia,Teixeira De Siqueira,Nadia Teixeira De Siqueira,1630,F65-69,Female,RIO DE JANEIRO,RIO DE JANEIRO,Brazil,BR,0:47:22,3:26:31,2:09:48,0:14:50,0:04:04,6:42:35,2842,12391,7788,890,244,24155,1070,160,1,1163,179,1,1181,172,1,1070,160,1,Finisher,3500
TAILA,LEMOS,TAILA LEMOS,1601,F50-54,Female,VINHEDO,SP,Brazil,BR,0:49:27,3:35:55,2:02:58,0:10:16,0:04:13,6:42:48,2967,12955,7378,616,253,24168,1071,161,8,1226,191,10,1230,188,11,1071,161,8,Finisher,2348
Tiago,Cochrane Carvalho da Silva,Tiago Cochrane Carvalho da Silva,1047,M40-44,Male,Rio de Janeiro,BR-Rio de Janeiro,Brazil,BR,0:47:23,3:36:13,2:04:43,0:09:20,0:05:18,6:42:57,2843,12973,7483,560,318,24177,1072,911,148,1166,987,167,1214,1032,179,1072,911,148,Finisher,895
Guilherme,De Faria Braz,Guilherme De Faria Braz,1106,M40-44,Male,,,Brazil,BR,0:42:59,3:19:47,2:23:42,0:10:50,0:05:44,6:43:02,2579,11987,8622,650,344,24182,1073,912,149,924,796,126,1019,884,147,1073,912,149,Finisher,893
Dilermando,De Lima Costa Ferreira,Dilermando De Lima Costa Ferreira,609,M35-39,Male,,,Brazil,BR,0:58:24,3:23:01,2:08:19,0:09:01,0:04:24,6:43:09,3504,12181,7699,541,264,24189,1074,913,214,1347,1129,246,1188,1013,230,1074,913,214,Finisher,700
Ivan,Marcos Danaga Junior,Ivan Marcos Danaga Junior,1146,M40-44,Male,,,Brazil,BR,0:46:17,3:20:25,2:16:35,0:13:16,0:06:37,6:43:10,2777,12025,8195,796,397,24190,1075,914,150,1113,947,156,1086,940,156,1075,914,150,Finisher,891
Leonardo,Carvalho Da Silva,Leonardo Carvalho Da Silva,869,M35-39,Male,,,Brazil,BR,0:52:48,3:20:11,2:17:16,0:10:19,0:02:43,6:43:18,3168,12011,8236,619,163,24198,1076,915,215,1306,1096,237,1132,974,224,1076,915,215,Finisher,700
Julio,Cesar Grillo Brandao,Julio Cesar Grillo Brandao,477,M30-34,Male,,,Brazil,BR,0:49:03,3:18:22,2:17:51,0:11:56,0:06:14,6:43:26,2943,11902,8271,716,374,24206,1077,916,171,1214,1025,188,1076,932,169,1077,916,171,Finisher,875
Andre,Freitas Anunciacao,Andre Freitas Anunciacao,1161,M40-44,Male,Rio Das Ostras,RJ,Brazil,BR,0:48:34,,,0:09:29,0:00:00,6:43:33,2914,0,0,569,0,24213,1078,917,151,1207,1019,173,99999,99999,99999,1078,917,151,Finisher,884
Evelyn,Batista,Evelyn Batista,940,F30-34,Female,rio de janeiro,rj,Brazil,BR,0:45:32,3:25:49,2:16:48,0:09:52,0:05:47,6:43:47,2732,12349,8208,592,347,24227,1079,162,37,1078,158,32,1103,150,32,1079,162,37,Finisher,1423
Luiz,Dodero Junior,Luiz Dodero Junior,1545,M50-54,Male,,,Brazil,BR,0:51:36,3:15:41,2:12:26,0:17:23,0:06:59,6:44:05,3096,11741,7946,1043,419,24245,1080,918,53,1280,1075,76,1146,985,64,1080,918,53,Finisher,1158
Thiago,Luiz Nogueira Da Silva,Thiago Luiz Nogueira Da Silva,1152,M40-44,Male,Rio De Janeiro,RJ,Brazil,BR,0:43:11,3:20:21,2:26:15,0:09:25,0:05:00,6:44:11,2591,12021,8775,565,300,24251,1081,919,152,939,808,131,1011,877,145,1081,919,152,Finisher,872
Carolina,Alves Gomes,Carolina Alves Gomes,344,F25-29,Female,,,Brazil,BR,0:42:38,3:25:53,2:19:03,0:08:53,0:08:35,6:45:01,2558,12353,8343,533,515,24301,1082,163,22,897,123,20,1059,142,20,1082,163,22,Finisher,1521
Caio,Gouveia,Caio Gouveia,1522,M50-54,Male,DELRAY BEACH,FL,Brazil,BR,0:39:43,3:09:01,2:40:32,0:11:29,0:04:23,6:45:07,2383,11341,9632,689,263,24307,1083,920,54,669,587,41,837,739,44,1083,920,54,Finisher,1140
João Filipe,De Souza Rangel Rocha,João Filipe De Souza Rangel Rocha,642,M35-39,Male,Rio de Janeiro,RJ,Brazil,BR,0:40:41,3:19:36,2:14:12,0:19:18,0:11:20,6:45:08,2441,11976,8052,1158,680,24308,1084,921,216,764,665,138,1080,934,206,1084,921,216,Finisher,700
LARA,CARVALHO FREITAS SIGILIAO,LARA CARVALHO FREITAS SIGILIAO,1485,F45-49,Female,,,Brazil,BR,0:47:15,3:28:26,2:14:38,0:10:37,0:04:13,6:45:11,2835,12506,8078,637,253,24311,1085,164,12,1156,177,12,1160,165,13,1085,164,12,Finisher,1968
Vitor,Souza,Vitor Souza,1145,M40-44,Male,Chía,Cundinamarca,Brazil,BR,0:41:05,3:27:37,2:17:44,0:12:45,0:06:02,6:45:12,2465,12457,8264,765,362,24312,1086,922,153,794,692,114,1106,956,160,1086,922,153,Finisher,854
Thiago,Dos Santos Vilela,Thiago Dos Santos Vilela,1095,M40-44,Male,,,Brazil,BR,0:43:23,3:31:29,2:12:02,0:12:22,0:06:11,6:45:28,2603,12689,7922,742,371,24328,1087,923,154,949,815,132,1171,1003,168,1087,923,154,Finisher,849
Fernanda,Pratti,Fernanda Pratti,939,F30-34,Female,Belo Horizonte,MG,Brazil,BR,0:47:56,3:32:01,2:10:53,0:10:45,0:03:54,6:45:30,2876,12721,7853,645,234,24330,1088,165,38,1186,184,42,1192,177,39,1088,165,38,Finisher,1392
Valdinei,Medina Machado Da Silva,Valdinei Medina Machado Da Silva,1284,M45-49,Male,,,Brazil,BR,0:39:54,3:20:18,2:25:00,0:12:38,0:07:50,6:45:39,2394,12018,8700,758,470,24339,1089,924,123,686,602,74,1008,874,117,1089,924,123,Finisher,708
Renzo,Orellana,Renzo Orellana,915,M30-34,Male,Cromwell,CT,Peru,PE,0:50:10,3:23:18,2:15:34,0:11:37,0:05:08,6:45:47,3010,12198,8134,697,308,24347,1090,925,172,1242,1044,189,1151,989,174,1090,925,172,Finisher,833
Marcus ,Vigna,Marcus Vigna,739,M35-39,Male,Rio de Janeiro,RJ,Brazil,BR,0:32:41,3:44:22,2:16:27,0:07:07,0:05:22,6:45:58,1961,13462,8187,427,322,24358,1091,926,217,160,150,27,1138,979,225,1091,926,217,Finisher,700
Ricardo,Heidmann Rigo,Ricardo Heidmann Rigo,287,M25-29,Male,,,Brazil,BR,0:47:28,3:17:19,2:24:20,0:11:18,0:05:35,6:45:59,2848,11839,8660,678,335,24359,1092,927,102,1169,990,105,1043,903,100,1092,927,102,Finisher,700
Allan,Nery,Allan Nery,1649,M55-59,Male,Boca Raton,FL,United States,US,0:42:46,3:09:48,2:34:43,0:13:26,0:05:23,6:46:05,2566,11388,9283,806,323,24365,1093,928,32,906,782,31,918,808,29,1093,928,32,Finisher,1317
Leonardo,De Franca Furtado,Leonardo De Franca Furtado,762,M35-39,Male,,,Brazil,BR,0:39:27,3:32:11,2:18:42,0:11:25,0:04:27,6:46:12,2367,12731,8322,685,267,24372,1094,929,218,651,572,113,1127,970,221,1094,929,218,Finisher,700
Marco,Aurelio Pereira Rodrigues,Marco Aurelio Pereira Rodrigues,1352,M45-49,Male,Rio de Janeiro,Rio de Janeiro,Brazil,BR,0:47:26,3:19:32,2:21:23,0:11:37,0:06:17,6:46:14,2846,11972,8483,697,377,24374,1095,930,124,1168,989,135,1071,928,131,1095,930,124,Finisher,700
Fabio,Serra,Fabio Serra,1493,M50-54,Male,Rio de Janeiro,RJ,Brazil,BR,0:43:49,3:10:59,2:38:06,0:09:05,0:04:16,6:46:14,2629,11459,9486,545,256,24374,1096,931,55,978,840,55,892,786,48,1096,931,55,Finisher,1120
Gustavo,Andrade,Gustavo Andrade,403,M30-34,Male,Rio de Janeiro,Rio de Janeiro,Brazil,BR,0:42:54,3:30:23,2:17:08,0:10:22,0:05:34,6:46:20,2574,12623,8228,622,334,24380,1097,932,173,916,789,153,1136,977,173,1097,932,173,Finisher,823
Henrique,Sadao Ramos De Araujo,Henrique Sadao Ramos De Araujo,1022,M40-44,Male,,,Brazil,BR,0:48:23,2:44:56,3:00:32,0:08:41,0:04:02,6:46:34,2903,9896,10832,521,242,24394,1098,933,155,1200,1015,171,524,471,79,1098,933,155,Finisher,830
Rodrigo,Assunção,Rodrigo Assunção,493,M30-34,Male,Porto União,Santa Catarina,Brazil,BR,0:41:49,3:31:54,2:13:46,0:11:41,0:07:32,6:46:41,2509,12714,8026,701,452,24401,1099,934,174,846,731,140,1153,991,176,1099,934,174,Finisher,816
Alexandre,Schmaedecke,Alexandre Schmaedecke,1408,M45-49,Male,Curitiba,Paraná,Brazil,BR,0:40:39,2:53:35,2:58:02,0:10:58,0:03:35,6:46:50,2439,10415,10682,658,215,24410,1100,935,125,760,662,86,571,515,61,1100,935,125,Finisher,700
Beatriz,Helena Da Silveira Folly,Beatriz Helena Da Silveira Folly,972,F35-39,Female,Rio De Janeiro,RJ,Brazil,BR,0:44:08,3:35:29,2:14:13,0:09:59,0:03:17,6:47:06,2648,12929,8053,599,197,24426,1101,166,28,995,144,27,1185,175,31,1101,166,28,Finisher,1191
Armando,Ghedini Neto,Armando Ghedini Neto,1402,M45-49,Male,belo horizonte,MG,Brazil,BR,0:43:36,3:25:41,2:16:18,0:15:12,0:06:26,6:47:13,2616,12341,8178,912,386,24433,1102,936,126,967,831,112,1142,983,136,1102,936,126,Finisher,700
William,Cora,William Cora,226,M25-29,Male,,,Brazil,BR,0:44:10,3:29:27,2:17:52,0:11:55,0:04:01,6:47:25,2650,12567,8272,715,241,24445,1103,937,103,997,853,95,1154,992,105,1103,937,103,Finisher,700
Suzana,Baroli,Suzana Baroli,1600,F50-54,Female,Campo Grande,MS,Brazil,BR,0:52:14,3:25:56,2:10:09,0:13:13,0:05:53,6:47:26,3134,12356,7809,793,353,24446,1104,167,9,1298,208,12,1201,179,9,1104,167,9,Finisher,2264
Diego,Dias,Diego Dias,1023,M40-44,Male,Sao Paulo,SP,Brazil,BR,0:44:29,3:20:35,2:22:14,0:12:24,0:07:50,6:47:33,2669,12035,8534,744,470,24453,1105,938,156,1015,866,141,1061,919,151,1105,938,156,Finisher,812
MARINA,CRUZ DE ARAUJO,MARINA CRUZ DE ARAUJO,975,F35-39,Female,RIO DE JANEIRO,RJ,Brazil,BR,0:45:58,3:25:10,2:19:01,0:11:37,0:05:48,6:47:34,2758,12310,8341,697,348,24454,1106,168,29,1100,162,30,1120,154,27,1106,168,29,Finisher,1183
Diego,Magno Moura De Moraes,Diego Magno Moura De Moraes,666,M35-39,Male,Belem,PA,Brazil,BR,0:42:48,3:18:18,2:31:54,0:10:44,0:03:56,6:47:40,2568,11898,9114,644,236,24460,1107,939,219,908,784,161,992,861,192,1107,939,219,Finisher,700
Stephany,Luana Ferreira Melo,Stephany Luana Ferreira Melo,960,F35-39,Female,,,Brazil,BR,0:46:23,3:18:28,2:28:43,0:08:26,0:05:56,6:47:56,2783,11908,8923,506,356,24476,1108,169,30,1118,168,32,1013,135,23,1108,169,30,Finisher,1176
Paula,Figueira,Paula Figueira,1468,F40-44,Female,Vila Velha,Espírito Santo,Brazil,BR,0:42:39,3:42:54,2:07:07,0:10:11,0:05:07,6:47:58,2559,13374,7627,611,307,24478,1109,170,33,899,124,27,1231,189,36,1109,170,33,Finisher,1760
Rodrigo,Couto Machado,Rodrigo Couto Machado,144,M18-24,Male,,,Brazil,BR,0:41:35,3:36:44,2:07:36,0:14:04,0:08:23,6:48:22,2495,13004,7656,844,503,24502,1110,940,43,832,721,35,1211,1029,47,1110,940,43,Finisher,1087
Leandro,Roberto De Campos Carmo,Leandro Roberto De Campos Carmo,1239,M45-49,Male,Campo Grande ,Mato Grosso do Sul,Brazil,BR,0:54:38,3:10:24,2:21:27,0:14:38,0:07:50,6:48:56,3278,11424,8487,878,470,24536,1111,941,127,1326,1114,151,1081,935,132,1111,941,127,Finisher,700
Sergio,Oliveira Da Silva,Sergio Oliveira Da Silva,538,M30-34,Male,,,Brazil,BR,0:57:50,3:24:43,2:07:12,0:13:32,0:05:43,6:49:00,3470,12283,7632,812,343,24540,1112,942,175,1346,1128,198,1233,1044,183,1112,942,175,Finisher,775
Renato,Primon,Renato Primon,1731,M30-34,,Amparo,São Paulo,Brazil,BR,0:52:12,3:34:46,2:01:09,0:14:09,0:06:47,6:49:02,3132,12886,7269,849,407,24542,1113,943,176,1297,1090,195,1258,1059,186,1113,943,176,Finisher,774
Jaran,Fleury Carvalho Barros,Jaran Fleury Carvalho Barros,1373,M45-49,Male,Brasilia,DF,Brazil,BR,0:45:27,3:14:37,2:22:43,0:17:18,0:09:22,6:49:26,2727,11677,8563,1038,562,24566,1114,944,128,1073,917,124,1058,917,127,1114,944,128,Finisher,700
Marianna,Peregrino ,Marianna Peregrino,926,F30-34,Female,Niterói,Rio de Janeiro,Brazil,BR,0:46:58,3:42:21,2:05:26,0:09:58,0:04:51,6:49:34,2818,13341,7526,598,291,24574,1115,171,39,1141,173,38,1250,198,47,1115,171,39,Finisher,1319
Fabio,Dos Santos Moura,Fabio Dos Santos Moura,1410,M45-49,Male,Guararema,SP,Brazil,BR,0:46:36,3:42:03,2:05:29,0:11:42,0:03:51,6:49:41,2796,13323,7529,702,231,24581,1116,945,129,1129,960,129,1254,1055,148,1116,945,129,Finisher,700
Silvia,Cunha Pinto,Silvia Cunha Pinto,1486,F45-49,Female,,,Brazil,BR,0:41:09,3:24:46,2:22:52,0:09:21,0:11:57,6:50:05,2469,12286,8572,561,717,24605,1117,172,13,806,104,8,1037,139,9,1117,172,13,Finisher,1880
Craig,Vassell,Craig Vassell,684,M35-39,Male,SANTA MONICA,CA,Jamaica,JM,0:54:27,3:14:09,2:22:54,0:12:17,0:06:19,6:50:07,3267,11649,8574,737,379,24607,1118,946,220,1322,1110,242,1096,949,210,1118,946,220,Finisher,700
Alex,Fernandes Sia,Alex Fernandes Sia,1118,M40-44,Male,,,Brazil,BR,0:54:52,3:07:45,2:33:54,0:09:28,0:04:15,6:50:13,3292,11265,9234,568,255,24613,1119,947,157,1329,1116,197,996,865,142,1119,947,157,Finisher,764
Leandro,Miranda De Toledo Spangemberg,Leandro Miranda De Toledo Spangemberg,1246,M45-49,Male,,,Brazil,BR,0:50:41,3:35:04,2:10:49,0:08:46,0:05:05,6:50:26,3041,12904,7849,526,305,24626,1120,948,130,1258,1057,146,1222,1037,144,1120,948,130,Finisher,700
Ricardo,Maia,Ricardo Maia,1311,M45-49,Male,,,Brazil,BR,0:33:08,3:17:05,2:47:24,0:10:00,0:02:57,6:50:34,1988,11825,10044,600,177,24634,1121,949,131,182,171,16,838,740,96,1121,949,131,Finisher,700
Wander,Delboux,Wander Delboux,1305,M45-49,Male,,,Brazil,BR,0:35:04,3:20:32,2:32:46,0:10:53,0:11:21,6:50:36,2104,12032,9166,653,681,24636,1122,950,132,279,263,32,925,814,111,1122,950,132,Finisher,700
paula,aloe,paula aloe,948,F35-39,Female,rio de janeiro,BR-RJ,Brazil,BR,0:37:42,3:40:25,2:20:28,0:08:29,0:03:36,6:50:41,2262,13225,8428,509,216,24641,1123,173,31,498,53,8,1166,166,28,1123,173,31,Finisher,1127
Ronaldo,Joaquim Da Silveira Lobao,Ronaldo Joaquim Da Silveira Lobao,1711,M70-74,Male,NIterói,BR-RJ,Brazil,BR,0:50:03,3:32:14,2:10:31,0:11:08,0:06:48,6:50:44,3003,12734,7831,668,408,24644,1124,951,2,1236,1040,2,1218,1035,2,1124,951,2,Finisher,2855
Sergio,Alonso,Sergio Alonso,510,M30-34,Male,São Paulo,SP,Brazil,BR,0:41:37,3:34:18,2:20:36,0:10:45,0:03:45,6:51:01,2497,12858,8436,645,225,24661,1125,952,177,835,724,137,1167,1001,180,1125,952,177,Finisher,738
Rogerio,Salume,Rogerio Salume,1569,M50-54,Male,,,Brazil,BR,0:37:47,3:24:54,2:30:28,0:11:57,0:06:15,6:51:22,2267,12294,9028,717,375,24682,1126,953,56,504,449,30,1030,893,57,1126,953,56,Finisher,1027
Cesar,Alexandre Ferreira Pinto,Cesar Alexandre Ferreira Pinto,1585,M50-54,Male,,,Brazil,BR,0:51:31,3:18:59,2:23:29,0:12:08,0:05:22,6:51:28,3091,11939,8609,728,322,24688,1127,954,57,1276,1072,75,1119,966,62,1127,954,57,Finisher,1025
Giovani,Da Rosa Garcia,Giovani Da Rosa Garcia,1287,M45-49,Male,,,Brazil,BR,0:49:22,3:25:36,2:14:55,0:13:06,0:08:31,6:51:30,2962,12336,8095,786,511,24690,1128,955,133,1225,1035,144,1176,1006,139,1128,955,133,Finisher,700
Guilherme,Caldeira,Guilherme Caldeira,691,M35-39,Male,,,Brazil,BR,0:40:41,3:34:18,2:19:48,0:11:57,0:04:58,6:51:42,2441,12858,8388,717,298,24702,1129,956,221,763,664,137,1169,1002,229,1129,956,221,Finisher,700
Miguel Antonio,Castillo Meza,Miguel Antonio Castillo Meza,750,M35-39,Male,LINCE,Lima Metropolitana,Peru,PE,0:41:06,3:30:42,2:27:04,0:09:15,0:03:36,6:51:44,2466,12642,8824,555,216,24704,1130,957,222,797,695,143,1101,953,213,1130,957,222,Finisher,700
Anderson,Bertolini Gibin,Anderson Bertolini Gibin,705,M35-39,Male,Campinas,SP,Brazil,BR,0:54:27,3:17:50,2:24:25,0:09:46,0:05:25,6:51:53,3267,11870,8665,586,325,24713,1131,958,223,1323,1111,243,1113,962,216,1131,958,223,Finisher,700
Caio,Cruz,Caio Cruz,763,M35-39,Male,Sao Paulo,sao paulo,Brazil,BR,0:46:02,3:09:40,2:38:54,0:10:21,0:06:57,6:51:54,2762,11380,9534,621,417,24714,1132,959,224,1105,942,208,919,809,180,1132,959,224,Finisher,700
Guilherme,Nadu Lopes,Guilherme Nadu Lopes,1124,M40-44,Male,,,Brazil,BR,0:39:33,3:28:39,2:25:56,0:13:08,0:04:46,6:52:02,2373,12519,8756,788,286,24722,1133,960,158,657,576,91,1105,955,159,1133,960,158,Finisher,731
Yasmin,Beserra,Yasmin Beserra,946,F35-39,Female,Boa Vista,BR-RR,Brazil,BR,0:51:20,3:26:32,2:17:10,0:11:33,0:05:35,6:52:11,3080,12392,8230,693,335,24731,1134,174,32,1272,204,37,1184,174,30,1134,174,32,Finisher,1100
Felipe,Teixeira,Felipe Teixeira,1061,M40-44,Male,Rio de Janeiro,RJ,Brazil,BR,0:37:19,3:30:47,2:27:28,0:09:56,0:06:46,6:52:16,2239,12647,8848,596,406,24736,1135,961,159,466,421,64,1066,923,153,1135,961,159,Finisher,727
Matheus,Lima Das Merces,Matheus Lima Das Merces,359,M30-34,Male,,,Brazil,BR,0:47:31,3:11:14,2:40:40,0:09:06,0:03:48,6:52:18,2851,11474,9640,546,228,24738,1136,962,178,1170,991,182,941,827,153,1136,962,178,Finisher,715
Josemar,Mercês Gouvêa,Josemar Mercês Gouvêa,1388,M45-49,Male,Rio de Janeiro,Rio de Janeiro,Brazil,BR,0:47:19,3:03:09,2:48:22,0:08:40,0:04:49,6:52:19,2839,10989,10102,520,289,24739,1137,963,134,1160,982,134,820,724,92,1137,963,134,Finisher,700
Francisco,Silberberg,Francisco Silberberg,1523,M50-54,Male,santiago,CL-RM,Chile,CL,0:34:13,3:11:45,2:49:35,0:10:03,0:07:07,6:52:44,2053,11505,10175,603,427,24764,1138,964,58,231,218,10,760,678,40,1138,964,58,Finisher,1003
MARCOS,FELIPE DINIZ NUNES PEIXOTO,MARCOS FELIPE DINIZ NUNES PEIXOTO,1012,M40-44,Male,Boa Vista,BR-RR,Brazil,BR,0:52:58,3:29:58,2:11:35,0:12:49,0:06:22,6:53:42,3178,12598,7895,769,382,24822,1139,965,160,1309,1099,191,1232,1043,184,1139,965,160,Finisher,701
Marcela,Taila Gomes Da Silva,Marcela Taila Gomes Da Silva,882,F30-34,Female,,,Brazil,BR,1:01:47,3:11:13,2:20:11,0:11:43,0:08:49,6:53:43,3707,11473,8411,703,529,24823,1140,175,40,1363,224,55,1147,162,36,1140,175,40,Finisher,1244
LORENA,PASCUZZI,LORENA PASCUZZI,1483,F45-49,Female,SALTA,Salta,Argentina,AR,0:49:42,3:28:20,2:23:38,0:08:39,0:04:01,6:54:19,2982,12500,8618,519,241,24859,1141,176,14,1232,195,13,1168,167,14,1141,176,14,Finisher,1804
Flavio,Da Costa Rodrigues,Flavio Da Costa Rodrigues,1256,M45-49,Male,,,Brazil,BR,0:42:08,3:19:50,2:23:25,0:14:21,0:14:35,6:54:19,2528,11990,8605,861,875,24859,1142,966,135,860,744,102,1046,906,124,1142,966,135,Finisher,700
Renato,Barbosa Malatesta,Renato Barbosa Malatesta,1366,M45-49,Male,,,Brazil,BR,0:53:20,3:22:15,2:20:33,0:12:12,0:06:00,6:54:20,3200,12135,8433,732,360,24860,1143,967,136,1314,1103,149,1173,1005,138,1143,967,136,Finisher,700
Farley,Candida Pereira,Farley Candida Pereira,1606,F50-54,Female,Goiania,GO,Brazil,BR,0:53:51,3:26:11,2:19:31,0:11:02,0:03:55,6:54:30,3231,12371,8371,662,235,24870,1144,177,10,1317,212,14,1196,178,8,1144,177,10,Finisher,2137
Marcos,Teixeira Filho,Marcos Teixeira Filho,626,M35-39,Male,Goiania,GO,Brazil,BR,0:38:06,3:11:31,2:46:08,0:12:35,0:06:11,6:54:32,2286,11491,9968,755,371,24872,1145,968,225,534,477,87,867,764,169,1145,968,225,Finisher,700
Pablo,Vialle,Pablo Vialle,1337,M45-49,Male,Rio de Janeiro,Rio de Janeiro,Brazil,BR,0:47:01,3:31:18,2:14:07,0:13:30,0:08:39,6:54:35,2821,12678,8047,810,519,24875,1146,969,137,1145,971,132,1206,1026,143,1146,969,137,Finisher,700
Alfredo,Neto,Alfredo Neto,1052,M40-44,Male,Santana de Parnaiba,SP,Brazil,BR,0:36:04,3:32:08,2:27:48,0:11:56,0:06:59,6:54:54,2164,12728,8868,716,419,24894,1147,970,161,367,339,45,1088,942,157,1147,970,161,Finisher,700
Guilherme,Ribeiro Giusti,Guilherme Ribeiro Giusti,1058,M40-44,Male,,,Brazil,BR,0:48:30,3:35:00,2:12:36,0:13:08,0:05:41,6:54:55,2910,12900,7956,788,341,24895,1148,971,162,1205,1018,172,1236,1046,185,1148,971,162,Finisher,700
Joan,Alvarez,Joan Alvarez,1315,M45-49,Male,Edmond,OK,Brazil,BR,0:39:32,3:24:27,2:31:59,0:13:31,0:05:36,6:55:05,2372,12267,9119,811,336,24905,1149,972,138,655,574,69,1063,921,128,1149,972,138,Finisher,700
CHRYSTIAN,LOPES DA SILVA,CHRYSTIAN LOPES DA SILVA,1576,M50-54,Male,JOAO PESSOA,PB,Brazil,BR,0:46:20,3:24:07,2:29:28,0:10:00,0:05:29,6:55:24,2780,12247,8968,600,329,24924,1150,973,59,1117,950,63,1090,944,60,1150,973,59,Finisher,955
Guilherme,Gomes Da Silva,Guilherme Gomes Da Silva,110,M18-24,Male,,,Brazil,BR,0:42:20,3:27:23,2:28:59,0:10:48,0:05:55,6:55:25,2540,12443,8939,648,355,24925,1151,974,44,876,759,38,1091,945,43,1151,974,44,Finisher,960
Marcelo,Henrique E Silva Lopes,Marcelo Henrique E Silva Lopes,1500,M50-54,Male,Brasilia,DF,Brazil,BR,0:42:37,3:27:24,2:29:00,0:10:31,0:05:53,6:55:25,2557,12444,8940,631,353,24925,1152,975,60,896,774,49,1092,946,61,1152,975,60,Finisher,954
Paulo,Farina Jr,Paulo Farina Jr,1710,M65-69,Male,Lins,São Paulo,Brazil,BR,0:56:23,3:37:16,2:06:52,0:10:17,0:04:40,6:55:28,3383,13036,7612,617,280,24928,1153,976,4,1336,1120,5,1269,1065,5,1153,976,4,Finisher,2255
Maeve,Alves Marques,Maeve Alves Marques,912,F30-34,Female,,,Brazil,BR,0:44:13,3:26:03,2:26:24,0:12:31,0:06:17,6:55:29,2653,12363,8784,751,377,24929,1154,178,41,1001,146,26,1122,155,35,1154,178,41,Finisher,1213
Alessio,Paradiso,Alessio Paradiso,1688,M60-64,Male,Torino,IT-TO,Italy,IT,0:39:54,3:21:56,2:26:37,0:10:52,0:16:17,6:55:36,2394,12116,8797,652,977,24936,1155,977,12,689,604,5,1006,872,10,1155,977,12,Finisher,1976
FILIPE,VIEIRA DA SILVA,FILIPE VIEIRA DA SILVA,1030,M40-44,Male,NOVA LIMA,BR-Minas Gerais,Brazil,BR,0:48:57,3:35:06,2:16:13,0:11:22,0:04:25,6:56:03,2937,12906,8173,682,265,24963,1156,978,163,1213,1024,175,1229,1042,183,1156,978,163,Finisher,700
leonildo ricardo,de souza,leonildo ricardo de souza,1685,M60-64,Male,ananindeua,PA,Brazil,BR,1:00:08,,2:06:27,0:08:29,0:00:00,6:56:13,3608,0,7587,509,0,24973,1157,979,13,1362,1139,19,99999,99999,99999,1157,979,13,Finisher,1965
João,Pedroso,João Pedroso,554,M30-34,Male,Vila velha,,Brazil,BR,0:45:38,3:36:35,2:19:57,0:08:49,0:05:28,6:56:27,2738,12995,8397,529,328,24987,1158,980,179,1088,929,172,1195,1018,182,1158,980,179,Finisher,700
DIEGO,ARIEL DE LIMA,DIEGO ARIEL DE LIMA,788,M35-39,Male,MOSSORO,RN,Brazil,BR,0:59:22,3:28:12,2:14:18,0:11:00,0:03:43,6:56:36,3562,12492,8058,660,223,24996,1159,981,226,1359,1136,249,1248,1052,234,1159,981,226,Finisher,700
Renato,Ribeiro Da Cunha,Renato Ribeiro Da Cunha,1695,M60-64,Male,Timóteo,Minas Gerais,Brazil,BR,0:46:17,3:14:31,2:32:05,0:15:55,0:07:59,6:56:48,2777,11671,9125,955,479,25008,1160,982,14,1114,948,14,1050,910,12,1160,982,14,Finisher,1955
Brunella,Rizo,Brunella Rizo,335,F25-29,Female,Vitória,Espírito Santo,Brazil,BR,0:47:36,3:26:50,2:27:22,0:11:10,0:03:54,6:56:51,2856,12410,8842,670,234,25011,1161,179,23,1171,180,28,1155,163,22,1161,179,23,Finisher,1308
Alexandre,Mussallam,Alexandre Mussallam,1651,M55-59,Male,Sao Paulo,BR-BR-SP,Brazil,BR,0:47:25,3:19:11,2:30:15,0:15:00,0:05:08,6:56:59,2845,11951,9015,900,308,25019,1162,983,33,1167,988,36,1110,959,34,1162,983,33,Finisher,1121
Maribel,Perez Leon,Maribel Perez Leon,1451,F40-44,Female,Rio De Janeiro,RJ,Uruguay,UY,0:53:14,3:20:20,2:28:56,0:09:18,0:05:46,6:57:34,3194,12020,8936,558,346,25054,1163,180,34,1311,211,39,1125,157,31,1163,180,34,Finisher,1587
Leonardo,Williams Da Silva Azevedo,Leonardo Williams Da Silva Azevedo,1350,M45-49,Male,Guarulhos,SP,Brazil,BR,1:06:10,3:13:09,2:22:49,0:10:42,0:05:02,6:57:52,3970,11589,8569,642,302,25072,1164,984,139,1367,1143,156,1187,1012,140,1164,984,139,Finisher,700
Leonardo,Coelho Ribeiro,Leonardo Coelho Ribeiro,1135,M40-44,Male,,,Brazil,BR,0:53:29,3:12:27,2:29:49,0:14:01,0:08:09,6:57:55,3209,11547,8989,841,489,25075,1165,985,164,1315,1104,194,1084,938,155,1165,985,164,Finisher,700
Bruno,Auriemo Miglorancia,Bruno Auriemo Miglorancia,220,M25-29,Male,Sao Paulo,SP,Brazil,BR,0:42:55,3:25:49,2:28:01,0:11:19,0:09:56,6:57:59,2575,12349,8881,679,596,25079,1166,986,104,920,792,88,1087,941,104,1166,986,104,Finisher,700
Guilherme,Celso,Guilherme Celso,1062,M40-44,Male,Piracicaba,São Paulo,Brazil,BR,0:43:38,3:21:12,2:35:06,0:12:54,0:05:18,6:58:09,2618,12072,9306,774,318,25089,1167,987,165,971,834,134,1065,922,152,1167,987,165,Finisher,700
Mateus,De Melo Campos,Mateus De Melo Campos,650,M35-39,Male,,,Brazil,BR,0:48:16,3:22:25,2:32:31,0:10:46,0:04:47,6:58:44,2896,12145,9151,646,287,25124,1168,988,227,1198,1013,220,1107,957,214,1168,988,227,Finisher,700
Henrique,Sttefano Senico Carvalho,Henrique Sttefano Senico Carvalho,1091,M40-44,Male,,,Brazil,BR,0:44:05,3:28:24,2:32:23,0:09:06,0:04:50,6:58:48,2645,12504,9143,546,290,25128,1169,989,166,992,850,138,1109,958,161,1169,989,166,Finisher,700
Luciano,Da Silva Silveira,Luciano Da Silva Silveira,1281,M45-49,Male,,,Brazil,BR,0:56:42,3:30:35,2:12:42,0:12:47,0:06:02,6:58:48,3402,12635,7962,767,362,25128,1170,990,140,1339,1123,153,1252,1054,147,1170,990,140,Finisher,700
Gustavo,Gattas,Gustavo Gattas,1269,M45-49,Male,RJ,RJ,Brazil,BR,0:48:01,3:32:23,2:17:42,0:14:09,0:06:33,6:58:48,2881,12743,8262,849,393,25128,1171,991,141,1189,1004,140,1223,1038,145,1171,991,141,Finisher,700
Leonardo,Gil,Leonardo Gil,853,M35-39,Male,Rio de Janeiro,Rio de Janeiro,Brazil,BR,0:44:32,3:25:44,2:33:03,0:10:45,0:04:55,6:58:58,2672,12344,9183,645,295,25138,1172,992,228,1017,868,182,1100,952,212,1172,992,228,Finisher,700
Gustavo,Marques De Andrade,Gustavo Marques De Andrade,1056,M40-44,Male,,,Brazil,BR,0:49:09,3:28:59,2:21:29,0:12:43,0:07:09,6:59:29,2949,12539,8489,763,429,25169,1173,993,167,1221,1031,176,1193,1016,172,1173,993,167,Finisher,700
Guido,Picaluga Cerveira,Guido Picaluga Cerveira,777,M35-39,Male,Bogota,DC,Brazil,BR,0:50:07,3:17:01,2:32:12,0:13:49,0:06:21,6:59:29,3007,11821,9132,829,381,25169,1174,994,229,1240,1042,224,1097,950,211,1174,994,229,Finisher,700
Gustavo,Candido Da Silva,Gustavo Candido Da Silva,1580,M50-54,Male,Lagoa Santa,BR-MG,Brazil,BR,0:44:32,3:24:36,2:37:13,0:09:25,0:03:56,6:59:43,2672,12276,9433,565,236,25183,1175,995,61,1018,869,57,1070,927,58,1175,995,61,Finisher,877
Grace,Jiménez,Grace Jiménez,962,F35-39,Female,Lima,Lima,Peru,PE,0:50:00,3:48:32,2:08:08,0:09:52,0:03:17,6:59:49,3000,13712,7688,592,197,25189,1176,181,33,1234,196,35,1286,206,33,1176,181,33,Finisher,962
Eugenio,Barroso,Eugenio Barroso,1147,M40-44,Male,,,Brazil,BR,0:44:38,3:31:27,2:28:20,0:10:24,0:05:22,7:00:10,2678,12687,8900,624,322,25210,1177,996,168,1026,876,142,1164,999,167,1177,996,168,Finisher,700
Paula,Costa De Moraes,Paula Costa De Moraes,982,F35-39,Female,,,Brazil,BR,0:46:58,3:27:38,2:23:51,0:13:45,0:08:01,7:00:13,2818,12458,8631,825,481,25213,1178,182,34,1142,174,33,1179,171,29,1178,182,34,Finisher,955
Juliana,Prado,Juliana Prado,1437,F40-44,Female,Londrina,Paraná,Brazil,BR,0:45:46,3:35:26,2:22:26,0:12:11,0:04:28,7:00:18,2746,12926,8546,731,268,25218,1179,183,35,1092,161,31,1216,183,35,1179,183,35,Finisher,1538
Roberta,Balbino Marback Daudt,Roberta Balbino Marback Daudt,886,F30-34,Female,,,Brazil,BR,0:51:47,3:21:04,2:27:41,0:14:11,0:05:55,7:00:38,3107,12064,8861,851,355,25238,1180,184,42,1287,207,45,1170,168,37,1180,184,42,Finisher,1120
George,Muniz Scabello,George Muniz Scabello,1230,M40-44,Male,,,Brazil,BR,0:44:43,3:30:25,2:31:24,0:09:50,0:04:20,7:00:41,2683,12625,9084,590,260,25241,1181,997,169,1032,882,144,1148,986,164,1181,997,169,Finisher,700
Luis,Claudio Alves Pereira,Luis Claudio Alves Pereira,1593,M50-54,Female,,,Brazil,BR,0:51:08,3:26:59,2:23:13,0:12:59,0:06:33,7:00:53,3068,12419,8593,779,393,25253,1182,998,62,1267,1064,74,1198,1020,65,1182,998,62,Finisher,856
Chrystiani,Piedade Nogueira Chavasco,Chrystiani Piedade Nogueira Chavasco,1591,F50-54,Female,,,Brazil,BR,0:52:15,3:30:30,2:19:26,0:11:16,0:07:28,7:00:55,3135,12630,8366,676,448,25255,1183,185,11,1299,209,13,1220,184,10,1183,185,11,Finisher,2021
Dudu,Ganem,Dudu Ganem,109,M18-24,Male,São Paulo ,BR-SP,Brazil,BR,0:52:39,3:31:24,2:21:09,0:12:01,0:03:44,7:00:58,3159,12684,8469,721,224,25258,1184,999,45,1303,1093,48,1234,1045,48,1184,999,45,Finisher,860
Renan,Socostnic Da Cunha,Renan Socostnic Da Cunha,783,M35-39,Male,Rio De Janeiro,RJ,Brazil,BR,0:43:32,3:21:20,2:39:57,0:10:15,0:05:56,7:01:01,2612,12080,9597,615,356,25261,1185,1000,230,964,828,171,1035,897,199,1185,1000,230,Finisher,700
Lucas,Canavarro Marques,Lucas Canavarro Marques,170,M25-29,Male,,,Brazil,BR,0:45:15,3:06:24,2:56:49,0:09:27,0:03:21,7:01:16,2715,11184,10609,567,201,25276,1186,1001,105,1060,905,99,847,746,83,1186,1001,105,Finisher,700
Rafael,Guimaraes De Almeida Netto,Rafael Guimaraes De Almeida Netto,592,M35-39,Male,,,Brazil,BR,0:37:10,3:31:26,2:35:49,0:10:09,0:06:42,7:01:16,2230,12686,9349,609,402,25276,1187,1002,231,452,411,79,1074,930,205,1187,1002,231,Finisher,700
Gilberto,Luis Rodrigues Junior,Gilberto Luis Rodrigues Junior,1220,M40-44,Male,,,Brazil,BR,0:54:20,3:31:22,2:21:11,0:11:23,0:03:04,7:01:20,3260,12682,8471,683,184,25280,1188,1003,170,1321,1109,195,1240,1047,186,1188,1003,170,Finisher,700
vinicius,ribeiro pereira,vinicius ribeiro pereira,1509,M50-54,Male,,,Brazil,BR,0:48:14,3:37:54,2:15:54,0:14:22,0:05:07,7:01:31,2894,13074,8154,862,307,25291,1189,1004,63,1196,1011,71,1255,1056,69,1189,1004,63,Finisher,845
Rachel,Rocha Pereira,Rachel Rocha Pereira,1455,F40-44,Female,Macae,RJ,Brazil,BR,0:48:00,3:30:47,2:30:08,0:09:12,0:03:25,7:01:33,2880,12647,9008,552,205,25293,1190,186,36,1188,185,34,1174,169,33,1190,186,36,Finisher,1515
Agliberto Augusto,Barsaglini Marcondes Rezende,Agliberto Augusto Barsaglini Marcondes Rezende,732,M35-39,Male,Campo Grande,Mato Grosso do Sul ,Brazil,BR,0:45:50,3:32:05,2:17:28,0:15:52,0:10:22,7:01:37,2750,12725,8248,952,622,25297,1191,1005,232,1095,934,205,1219,1036,232,1191,1005,232,Finisher,700
Rayana,Melo,Rayana Melo,873,F30-34,Female,OLINDA,PERNAMBUCO,Brazil,BR,0:45:37,3:37:34,2:20:02,0:11:50,0:07:06,7:02:09,2737,13054,8402,710,426,25329,1192,187,43,1085,159,33,1225,187,44,1192,187,43,Finisher,1093
Jonas,Renato Lugon Junior,Jonas Renato Lugon Junior,1657,M55-59,Male,Vitoria,ES,Brazil,BR,0:51:56,3:17:20,2:33:13,0:14:07,0:06:07,7:02:42,3116,11840,9193,847,367,25362,1193,1006,34,1292,1085,40,1134,976,35,1193,1006,34,Finisher,1018
ANA CAROLINA,JAMUR DUBAS,ANA CAROLINA JAMUR DUBAS,1479,F45-49,Female,Curitiba,PR,Brazil,BR,0:43:41,,,0:11:40,0:00:00,7:02:57,2621,0,0,700,0,25377,1194,188,15,973,138,10,99999,99999,99999,1194,188,15,Finisher,1649
Lucas,Ferreira Chaguri,Lucas Ferreira Chaguri,372,M30-34,Male,,,Brazil,BR,0:43:53,3:26:43,2:36:00,0:10:25,0:06:06,7:03:07,2633,12403,9360,625,366,25387,1195,1007,180,986,847,162,1099,951,172,1195,1007,180,Finisher,700
Jorge,Henrique Rocha Junior,Jorge Henrique Rocha Junior,1039,M40-44,Male,,,Brazil,BR,0:45:37,3:23:13,2:38:18,0:10:01,0:06:13,7:03:22,2737,12193,9498,601,373,25402,1196,1008,171,1086,927,152,1075,931,154,1196,1008,171,Finisher,700
Eduarda,Farina,Eduarda Farina,888,F30-34,Female,Sapiranga,RIO GRANDE DO SUL,Brazil,BR,0:57:33,3:35:28,2:16:55,0:09:24,0:04:03,7:03:24,3453,12928,8215,564,243,25404,1197,189,44,1345,218,50,1263,201,50,1197,189,44,Finisher,1070
Frederico,Rios Soares,Frederico Rios Soares,1193,M40-44,Male,,,Brazil,BR,0:51:50,3:42:04,2:06:26,0:14:09,0:09:00,7:03:29,3110,13324,7586,849,540,25409,1198,1009,172,1289,1082,189,1285,1080,189,1198,1009,172,Finisher,700
Tiago,Brizola,Tiago Brizola,667,M35-39,Male,Novo Hamburgo,BR-RS,Brazil,BR,0:41:09,3:18:46,2:45:49,0:09:26,0:08:32,7:03:41,2469,11926,9949,566,512,25421,1199,1010,233,804,701,145,971,845,186,1199,1010,233,Finisher,700
Gustavo,Andrade Candido,Gustavo Andrade Candido,1194,M40-44,Male,Curitiba,PR,Brazil,BR,0:51:35,3:26:27,2:21:31,0:15:21,0:08:57,7:03:52,3095,12387,8491,921,537,25432,1200,1011,173,1278,1074,187,1217,1034,180,1200,1011,173,Finisher,700
sebastian,ruiz,sebastian ruiz,435,M30-34,Male,Bogotá,CO-DC,Colombia,CO,0:41:07,3:19:17,2:47:03,0:12:18,0:04:11,7:03:56,2467,11957,10023,738,251,25436,1201,1012,181,799,697,134,1007,873,163,1201,1012,181,Finisher,700
JULIAN,RICARDO RUIZ ROSERO,JULIAN RICARDO RUIZ ROSERO,1070,M40-44,Male,PIRACICABA,BR-SP,Colombia,CO,0:41:07,3:19:14,2:47:03,0:12:19,0:04:14,7:03:57,2467,11954,10023,739,254,25437,1202,1013,174,798,696,115,1004,870,143,1202,1013,174,Finisher,700
Marcio,Romero Barbosa Guedes,Marcio Romero Barbosa Guedes,1385,M45-49,Male,,,Brazil,BR,0:41:35,3:43:01,2:20:22,0:12:31,0:06:37,7:04:07,2495,13381,8422,751,397,25447,1203,1014,142,834,723,97,1241,1048,146,1203,1014,142,Finisher,700
David,Rojtman,David Rojtman,1553,M50-54,Male,São Paulo,São Paulo,Brazil,BR,0:40:27,3:05:02,2:54:36,0:16:48,0:07:40,7:04:33,2427,11102,10476,1008,460,25473,1204,1015,64,739,644,44,870,766,46,1204,1015,64,Finisher,790
Izabela,Mota Bastos,Izabela Mota Bastos,317,F25-29,Female,Sao Goncalo,RJ,Brazil,BR,0:39:39,3:48:47,2:20:52,0:10:34,0:04:50,7:04:42,2379,13727,8452,634,290,25482,1205,190,24,667,82,14,1249,197,27,1205,190,24,Finisher,1166
Mariany,Mandrott Gerunda,Mariany Mandrott Gerunda,334,F25-29,Female,,,Brazil,BR,0:39:54,3:36:06,2:33:16,0:09:42,0:05:53,7:04:52,2394,12966,9196,582,353,25492,1206,191,25,688,85,15,1156,164,23,1206,191,25,Finisher,1163
Gabriel,Marinho Goncalves Pereira,Gabriel Marinho Goncalves Pereira,1027,M40-44,Male,Sao Bernardo Do Campo,SP,Brazil,BR,0:58:39,3:42:16,2:10:00,0:09:22,0:05:03,7:05:19,3519,13336,7800,562,303,25519,1207,1016,175,1352,1131,199,1292,1084,190,1207,1016,175,Finisher,700
Lucas,De Paula Ferreira Cardoso,Lucas De Paula Ferreira Cardoso,410,M30-34,Male,,,Brazil,BR,0:44:33,3:31:54,2:34:02,0:09:26,0:05:41,7:05:36,2673,12714,9242,566,341,25536,1208,1017,182,1019,870,163,1157,993,177,1208,1017,182,Finisher,700
André,Figueiredo,André Figueiredo,1706,M65-69,Male,Rio de Janeiro,Rio de Janeiro,Brazil,BR,0:59:51,3:41:35,2:05:01,0:11:49,0:07:23,7:05:39,3591,13295,7501,709,443,25539,1209,1018,5,1361,1138,6,1304,1093,6,1209,1018,5,Finisher,2072
Saulo,Alves Freitas,Saulo Alves Freitas,1151,M40-44,Male,,,Brazil,BR,0:50:23,3:21:18,2:30:52,0:16:06,0:07:15,7:05:55,3023,12078,9052,966,435,25555,1210,1019,176,1247,1048,178,1172,1004,169,1210,1019,176,Finisher,700
Joao,Ramos,Joao Ramos,1051,M40-44,Male,Los Angeles,CA,United States,US,0:47:50,3:35:18,2:23:28,0:11:59,0:07:42,7:06:17,2870,12918,8608,719,462,25577,1211,1020,177,1180,998,168,1226,1039,181,1211,1020,177,Finisher,700
Diego Fernando,Dallos Castellanos,Diego Fernando Dallos Castellanos,1050,M40-44,Male,Bucaramanga,CO-SAN,Colombia,CO,0:51:50,3:29:46,2:28:46,0:10:13,0:05:44,7:06:19,3110,12586,8926,613,344,25579,1212,1021,178,1290,1083,190,1207,1027,175,1212,1021,178,Finisher,700
Victor,Esteves Visconti,Victor Esteves Visconti,583,M30-34,Male,Rio de Janeiro,RJ,Brazil,BR,0:48:24,3:12:31,2:45:03,0:12:56,0:07:53,7:06:47,2904,11551,9903,776,473,25607,1213,1022,183,1202,1016,185,1022,887,165,1213,1022,183,Finisher,700
Isabela,Barouch,Isabela Barouch,892,F30-34,Female,Rio de Janeiro,BR-RJ,Brazil,BR,0:55:25,3:38:08,2:10:39,0:12:28,0:11:14,7:07:54,3325,13088,7839,748,674,25674,1214,192,45,1331,215,47,1279,205,52,1214,192,45,Finisher,989
Andre,Luiz De Assuncao,Andre Luiz De Assuncao,1577,M50-54,Male,,,Brazil,BR,0:42:58,3:20:41,2:48:06,0:09:47,0:06:26,7:07:58,2578,12041,10086,587,386,25678,1215,1023,65,922,794,51,1016,881,55,1215,1023,65,Finisher,728
Leandro,Garcia Rodrigues,Leandro Garcia Rodrigues,1386,M45-49,Male,Barueri,SP,Brazil,BR,0:40:59,3:07:08,3:04:52,0:10:49,0:04:26,7:08:14,2459,11228,11092,649,266,25694,1216,1024,143,786,685,89,815,719,91,1216,1024,143,Finisher,700
Luis Fernando,Mantovani,Luis Fernando Mantovani,176,M25-29,Male,Campinas,BR-SP,Brazil,BR,0:50:37,3:44:08,2:17:12,0:13:11,0:03:50,7:08:57,3037,13448,8232,791,230,25737,1217,1025,106,1256,1055,113,1284,1079,111,1217,1025,106,Finisher,700
Giulia,Di Sipio,Giulia Di Sipio,890,F30-34,Female,Sao Paulo,Sao Paulo,Brazil,BR,0:46:38,3:36:33,2:22:49,0:14:59,0:08:08,7:09:08,2798,12993,8569,899,488,25748,1218,193,46,1132,171,37,1246,196,46,1218,193,46,Finisher,967
Igor,Da Penha Macedo,Igor Da Penha Macedo,271,M25-29,Male,,,Brazil,BR,0:42:05,3:33:24,2:33:07,0:12:36,0:08:13,7:09:27,2525,12804,9187,756,493,25767,1219,1026,107,856,740,80,1177,1007,106,1219,1026,107,Finisher,700
Lucyana,Guerreiro Dos Santos,Lucyana Guerreiro Dos Santos,923,F30-34,Female,,,Brazil,BR,0:59:10,3:28:22,2:22:46,0:12:40,0:06:42,7:09:40,3550,12502,8566,760,402,25780,1220,194,47,1356,223,54,1253,199,48,1220,194,47,Finisher,957
Romulo,Raposo Silva,Romulo Raposo Silva,1103,M40-44,Male,Belem,PA,Brazil,BR,0:39:20,3:43:30,2:23:53,0:14:33,0:08:37,7:09:54,2360,13410,8633,873,517,25794,1221,1027,179,640,564,90,1244,1050,187,1221,1027,179,Finisher,700
Gustavo,Braz De Oliveira,Gustavo Braz De Oliveira,495,M30-34,Male,,,Brazil,BR,0:47:13,3:43:04,2:21:24,0:13:54,0:04:32,7:10:08,2833,13384,8484,834,272,25808,1222,1028,184,1152,976,179,1272,1068,187,1222,1028,184,Finisher,700
Raphael,Mecca Sampaio,Raphael Mecca Sampaio,646,M35-39,Male,,,Brazil,BR,0:54:14,3:28:47,2:27:09,0:12:10,0:08:02,7:10:23,3254,12527,8829,730,482,25823,1223,1029,234,1320,1108,241,1228,1041,233,1223,1029,234,Finisher,700
Julia,Macedo De Almeida,Julia Macedo De Almeida,883,F30-34,Female,,,Brazil,BR,0:45:08,3:41:00,2:30:20,0:09:58,0:04:04,7:10:30,2708,13260,9020,598,244,25830,1224,195,48,1052,154,31,1235,190,45,1224,195,48,Finisher,942
Carlos ,Ruhl,Carlos Ruhl,1289,M45-49,Male,Rio de Janeiro,RIO DE JANEIRO,Brazil,BR,0:44:55,3:34:21,2:30:47,0:12:11,0:08:27,7:10:41,2695,12861,9047,731,507,25841,1225,1030,144,1043,892,120,1202,1023,141,1225,1030,144,Finisher,700
Caroline,Do Nascimento Madeira Ribeiro,Caroline Do Nascimento Madeira Ribeiro,324,F25-29,Female,,,Brazil,BR,0:44:04,3:40:19,2:28:56,0:12:48,0:04:36,7:10:43,2644,13219,8936,768,276,25843,1226,196,26,990,141,25,1242,194,26,1226,196,26,Finisher,1058
Rodrigo,Coelho De Oliveira,Rodrigo Coelho De Oliveira,1081,M40-44,Male,Belo Horizonte,MG,Brazil,BR,0:50:35,3:51:54,2:08:02,0:13:39,0:06:35,7:10:45,3035,13914,7682,819,395,25845,1227,1031,180,1254,1053,180,1317,1103,194,1227,1031,180,Finisher,700
Geison,Moura Silva,Geison Moura Silva,864,M35-39,Male,Mogi das Cruzes,SP,Brazil,BR,0:43:30,3:23:19,2:37:48,0:14:00,0:12:20,7:10:57,2610,12199,9468,840,740,25857,1228,1032,235,960,824,170,1095,948,209,1228,1032,235,Finisher,700
Luiz,Felippe R Siqueira Jr,Luiz Felippe R Siqueira Jr,1704,M65-69,Male,Curitiba,PR,Brazil,BR,0:43:38,3:39:35,2:31:44,0:10:01,0:06:14,7:11:13,2618,13175,9104,601,374,25873,1229,1033,6,970,833,4,1215,1033,4,1229,1033,6,Finisher,1972
Yasmim,Vaz,Yasmim Vaz,301,F18-24,Female,Goiânia,BR-GO,Brazil,BR,0:40:20,3:35:01,2:40:55,0:08:15,0:06:42,7:11:13,2420,12901,9655,495,402,25873,1230,197,13,726,94,10,1135,159,13,1230,197,13,Finisher,956
Julia,Chaloub Azevedo,Julia Chaloub Azevedo,887,F30-34,Female,Rio de janeiro,Rio de janeiro,Brazil,BR,0:41:13,3:37:00,2:34:33,0:13:42,0:05:13,7:11:41,2473,13020,9273,822,313,25901,1231,198,49,810,106,19,1208,181,41,1231,198,49,Finisher,921
Marcelo,Mohanna De Souza Asmar,Marcelo Mohanna De Souza Asmar,415,M30-34,Male,,,Brazil,BR,0:39:06,3:34:02,2:40:33,0:12:13,0:05:49,7:11:43,2346,12842,9633,733,349,25903,1232,1034,185,616,544,98,1152,990,175,1232,1034,185,Finisher,700
Ruda,Avila Monteiro,Ruda Avila Monteiro,520,M30-34,Male,,,Brazil,BR,0:40:49,3:27:41,2:46:54,0:11:26,0:05:00,7:11:51,2449,12461,10014,686,300,25911,1233,1035,186,775,676,128,1085,939,171,1233,1035,186,Finisher,700
Paulo,Diniz,Paulo Diniz,749,M35-39,Male,Belo Horizonte,BR-MG,Brazil,BR,0:43:37,3:56:12,2:14:02,0:10:17,0:08:15,7:12:22,2617,14172,8042,617,495,25942,1234,1036,236,969,832,172,1291,1083,238,1234,1036,236,Finisher,700
Diego,Martins De Assis Pacheco,Diego Martins De Assis Pacheco,1277,M45-49,Male,Rio De Janeiro,RJ,Brazil,BR,0:43:33,3:22:20,2:46:17,0:12:25,0:08:18,7:12:53,2613,12140,9977,745,498,25973,1235,1037,145,965,829,110,1069,926,130,1235,1037,145,Finisher,700
Pedro,Tostes De Souza Costa,Pedro Tostes De Souza Costa,1073,M40-44,Male,Volta Redonda,RJ,Brazil,BR,0:51:24,3:27:09,2:35:56,0:11:18,0:07:08,7:12:57,3084,12429,9356,678,428,25977,1236,1038,181,1274,1070,185,1186,1011,171,1236,1038,181,Finisher,700
Wedenis,Candian Marques,Wedenis Candian Marques,1156,M40-44,Male,Uba,MG,Brazil,BR,0:42:45,3:39:10,2:34:50,0:10:52,0:05:41,7:13:17,2565,13150,9290,652,341,25997,1237,1039,182,904,780,125,1213,1031,178,1237,1039,182,Finisher,700
Diego,De Menezes Homci,Diego De Menezes Homci,1006,M40-44,Male,Belém,PA,Brazil,BR,0:42:22,3:52:10,2:25:49,0:09:43,0:03:38,7:13:43,2542,13930,8749,583,218,26023,1238,1040,183,878,761,124,1274,1070,188,1238,1040,183,Finisher,700
Hugo,Barbosa Lima,Hugo Barbosa Lima,589,M30-34,Male,,,Brazil,BR,0:51:52,3:44:21,2:26:08,0:08:02,0:03:49,7:14:12,3112,13461,8768,482,229,26052,1239,1041,187,1291,1084,193,1273,1069,188,1239,1041,187,Finisher,700
Mauro,De Freitas Torello,Mauro De Freitas Torello,1539,M50-54,Male,Sao Paulo,SP,Brazil,BR,0:52:47,3:09:43,2:56:49,0:09:59,0:05:06,7:14:25,3167,11383,10609,599,306,26065,1240,1042,66,1305,1095,77,999,868,54,1240,1042,66,Finisher,700
Rodrigo,Roberto De Souza,Rodrigo Roberto De Souza,1060,M40-44,Male,,,Brazil,BR,0:45:26,3:35:24,2:33:16,0:14:19,0:06:28,7:14:53,2726,12924,9196,859,388,26093,1241,1043,184,1072,916,148,1227,1040,182,1241,1043,184,Finisher,700
Jonathan,Pablo De Oliveira De Oliveira,Jonathan Pablo De Oliveira De Oliveira,464,M30-34,Male,Campo Bom,Rio Grande do Sul,Brazil,BR,0:59:17,3:27:08,2:28:28,0:14:32,0:05:33,7:14:58,3557,12428,8908,872,333,26098,1242,1044,188,1357,1134,199,1256,1057,184,1242,1044,188,Finisher,700
Andrea,Modesto De Oliveira,Andrea Modesto De Oliveira,1610,F55-59,Female,,,Brazil,BR,0:49:39,3:41:36,2:25:42,0:11:53,0:06:18,7:15:07,2979,13296,8742,713,378,26107,1243,199,5,1231,194,6,1266,203,5,1243,199,5,Finisher,1865
Andre,Goncalves Lima De Mattos,Andre Goncalves Lima De Mattos,1587,M50-54,Male,Rio De Janeiro,RJ,Brazil,BR,0:39:16,3:43:04,2:26:51,0:16:13,0:10:31,7:15:54,2356,13384,8811,973,631,26154,1244,1045,67,632,557,37,1247,1051,68,1244,1045,67,Finisher,700
André,Jardim,André Jardim,1652,M55-59,Male,goiânia,goiás,Brazil,BR,0:38:31,3:24:03,2:51:24,0:14:54,0:07:12,7:16:05,2311,12243,10284,894,432,26165,1245,1046,35,574,509,20,1062,920,33,1245,1046,35,Finisher,777
Edison,Carvalho Martins,Edison Carvalho Martins,1680,M55-59,Male,Nova Lima,MG,Brazil,BR,0:42:52,3:34:04,2:37:56,0:13:38,0:08:27,7:16:58,2572,12844,9476,818,507,26218,1246,1047,36,914,787,32,1190,1014,37,1246,1047,36,Finisher,761
Carlos,Alves Lavor Neto,Carlos Alves Lavor Neto,157,M18-24,Male,,,Brazil,BR,0:36:31,3:37:51,2:48:21,0:09:51,0:04:26,7:17:00,2191,13071,10101,591,266,26220,1247,1048,46,402,370,19,1139,980,45,1247,1048,46,Finisher,700
Rodrigo ,Correa ,Rodrigo Correa,156,M18-24,Male,Rio de Janeiro ,Rio de Janeiro ,Brazil,BR,0:42:08,3:36:11,2:44:34,0:08:01,0:06:27,7:17:21,2528,12971,9874,481,387,26241,1248,1049,47,861,745,36,1163,998,46,1248,1049,47,Finisher,700
Edilson,Ramos Pereira Filho,Edilson Ramos Pereira Filho,1636,M55-59,Male,Belem,PA,Brazil,BR,0:41:06,3:32:38,2:38:40,0:17:11,0:07:53,7:17:27,2466,12758,9520,1031,473,26247,1249,1050,37,796,694,26,1194,1017,38,1249,1050,37,Finisher,752
Caio,Fujita,Caio Fujita,760,M35-39,Male,,,Brazil,BR,0:51:58,3:55:56,2:12:56,0:11:31,0:05:21,7:17:42,3118,14156,7976,691,321,26262,1250,1051,237,1295,1088,235,1327,1110,245,1250,1051,237,Finisher,700
Danton,Coelho,Danton Coelho,1261,M45-49,Male,,,Brazil,BR,0:50:06,3:47:21,2:14:38,0:16:50,0:09:04,7:17:59,3006,13641,8078,1010,544,26279,1251,1052,146,1239,1041,145,1307,1095,151,1251,1052,146,Finisher,700
Thays,Aldrighe,Thays Aldrighe,1590,F50-54,Female,São Paulo,SP,Brazil,BR,0:46:10,3:48:35,2:20:01,0:15:34,0:08:04,7:18:24,2770,13715,8401,934,484,26304,1252,200,12,1108,165,5,1293,209,14,1252,200,12,Finisher,1707
Luis,Guilherme Amadio Segalla,Luis Guilherme Amadio Segalla,507,M30-34,Male,,,Brazil,BR,0:41:46,3:35:55,2:43:15,0:12:57,0:04:55,7:18:48,2506,12955,9795,777,295,26328,1253,1053,189,843,729,139,1191,1015,181,1253,1053,189,Finisher,700
Hamilton,Julio Correa De Oliveira,Hamilton Julio Correa De Oliveira,1562,M50-54,Male,,,Brazil,BR,0:44:47,,2:28:31,0:08:53,0:00:00,7:18:48,2687,0,8911,533,0,26328,1254,1054,68,1035,885,58,99999,99999,99999,1254,1054,68,Finisher,700
Liliane,Chen,Liliane Chen,345,F25-29,Female,Rio De Janeiro,RJ,Brazil,BR,0:40:13,3:35:39,2:45:12,0:13:04,0:05:10,7:19:17,2413,12939,9912,784,310,26357,1255,201,27,714,92,16,1182,173,24,1255,201,27,Finisher,904
Barbara,Ganeff,Barbara Ganeff,955,F35-39,Female,Lisboa,Lisboa,Brazil,BR,0:50:04,3:55:03,2:17:34,0:13:38,0:03:11,7:19:30,3004,14103,8254,818,191,26370,1256,202,35,1237,197,36,1325,217,36,1256,202,35,Finisher,700
Davi,Richetti,Davi Richetti,1174,M40-44,Male,Rio de Janeiro,Rio de Janeiro,Brazil,BR,0:46:34,3:24:35,2:49:36,0:11:14,0:07:34,7:19:34,2794,12275,10176,674,454,26374,1257,1055,185,1126,958,160,1116,964,162,1257,1055,185,Finisher,700
Vanderson,Torres Barreto,Vanderson Torres Barreto,1411,M45-49,Male,,,Brazil,BR,0:45:37,3:22:40,2:47:42,0:13:56,0:10:06,7:20:02,2737,12160,10062,836,606,26402,1258,1056,147,1087,928,126,1115,963,134,1258,1056,147,Finisher,700
Gabriel,Vieira Gomes,Gabriel Vieira Gomes,216,M25-29,Male,,,Brazil,BR,0:56:23,3:52:02,2:16:48,0:10:40,0:04:14,7:20:07,3383,13922,8208,640,254,26407,1259,1057,108,1337,1121,115,1326,1109,112,1259,1057,108,Finisher,700
Rafael,Coda,Rafael Coda,1175,M40-44,Male,,,Brazil,BR,0:50:54,3:29:20,2:43:20,0:12:22,0:04:38,7:20:35,3054,12560,9800,742,278,26435,1260,1058,186,1262,1059,182,1212,1030,177,1260,1058,186,Finisher,700
Caroline,Barros,Caroline Barros,964,F35-39,Female,Sao Paulo,Sao Paulo,Brazil,BR,0:42:51,3:58:03,2:21:46,0:13:52,0:04:24,7:20:55,2571,14283,8506,832,264,26455,1261,203,36,912,127,23,1311,213,35,1261,203,36,Finisher,700
Rodrigo,De Souza Farias,Rodrigo De Souza Farias,1259,M45-49,Male,Rio De Janeiro,RJ,Brazil,BR,0:37:59,3:26:32,2:56:24,0:12:05,0:07:58,7:20:58,2279,12392,10584,725,478,26458,1262,1059,148,522,465,55,1049,909,125,1262,1059,148,Finisher,700
Natalia,Da Veiga Bonavita Teixeira,Natalia Da Veiga Bonavita Teixeira,906,F30-34,Female,,,Brazil,BR,0:47:19,3:41:07,2:33:11,0:14:00,0:06:04,7:21:41,2839,13267,9191,840,364,26501,1263,204,50,1159,178,40,1264,202,51,1263,204,50,Finisher,741
Mario,Antonio Martins Monteiro,Mario Antonio Martins Monteiro,838,M35-39,Male,,,Brazil,BR,0:45:52,3:53:04,2:22:56,0:14:09,0:06:34,7:22:35,2752,13984,8576,849,394,26555,1264,1060,238,1097,936,206,1303,1092,241,1264,1060,238,Finisher,700
Camila,Meirelles,Camila Meirelles,1465,F40-44,Female,,,Brazil,BR,0:44:19,3:38:11,2:34:51,0:14:29,0:10:56,7:22:46,2659,13091,9291,869,656,26566,1265,205,37,1008,148,29,1238,192,37,1265,205,37,Finisher,1133
michael,nakashima,michael nakashima,818,M35-39,Male,Belo Horizonte,MG,Brazil,BR,0:56:30,3:42:47,2:28:11,0:11:19,0:04:30,7:23:17,3390,13367,8891,679,270,26597,1266,1061,239,1338,1122,244,1296,1086,239,1266,1061,239,Finisher,700
Leticia,Alves Cardoso,Leticia Alves Cardoso,928,F30-34,Female,Nova Iguaçu,Rio de Janeiro,Brazil,BR,0:58:31,3:45:43,2:24:05,0:10:40,0:04:21,7:23:21,3511,13543,8645,640,261,26601,1267,206,51,1348,219,51,1313,214,55,1267,206,51,Finisher,711
cassio,souza,cassio souza,1640,M55-59,Male,Rio de Janeiro,RJ,Brazil,BR,0:51:40,3:48:44,2:15:39,0:17:57,0:09:24,7:23:24,3100,13724,8139,1077,564,26604,1268,1062,38,1284,1078,39,1323,1108,42,1268,1062,38,Finisher,700
Felipe,Perisse Duarte Lopes,Felipe Perisse Duarte Lopes,1014,M40-44,Male,Macaé,RJ,Brazil,BR,0:43:47,3:38:51,2:48:51,0:08:33,0:03:55,7:23:56,2627,13131,10131,513,235,26636,1269,1063,187,976,838,135,1200,1022,174,1269,1063,187,Finisher,700
Joao,Paulo Vila Nova Gomes,Joao Paulo Vila Nova Gomes,1115,M40-44,Male,Brasilia,DF,Brazil,BR,0:45:08,3:21:37,2:54:46,0:14:33,0:08:20,7:24:24,2708,12097,10486,873,500,26664,1270,1064,188,1051,898,146,1104,954,158,1270,1064,188,Finisher,700
Marcelo,Gonçalves,Marcelo Gonçalves,1331,M45-49,Male,Rio De Janeiro,Recreio,Brazil,BR,0:41:49,3:25:43,2:57:53,0:12:16,0:06:45,7:24:26,2509,12343,10673,736,405,26666,1271,1065,149,847,732,99,1082,936,133,1271,1065,149,Finisher,700
Marcela,Oyama,Marcela Oyama,893,F30-34,Female,,,Brazil,BR,0:46:35,3:50:39,2:28:37,0:13:13,0:05:23,7:24:26,2795,13839,8917,793,323,26666,1272,207,52,1128,169,35,1294,210,53,1272,207,52,Finisher,700
Leonardo,Arvellos Pereira,Leonardo Arvellos Pereira,1714,M50-54,Male,Sao Paulo,SP,Brazil,BR,0:56:54,3:45:43,2:23:55,0:12:00,0:06:27,7:24:59,3414,13543,8635,720,387,26699,1273,1066,69,1340,1124,78,1308,1096,74,1273,1066,69,Finisher,700
Alvaro,Rafael Quevedo,Alvaro Rafael Quevedo,689,M35-39,Male,Sao Paulo,SP,Brazil,BR,0:47:50,3:19:52,2:55:57,0:12:51,0:08:38,7:25:09,2870,11992,10557,771,518,26709,1274,1067,240,1181,999,216,1094,947,208,1274,1067,240,Finisher,700
Fiorela,Mendoza,Fiorela Mendoza,1446,F40-44,Female,Lima,Lima,Peru,PE,0:49:38,3:51:29,2:29:54,0:11:43,0:03:03,7:25:48,2978,13889,8994,703,183,26748,1275,208,38,1230,193,36,1300,211,39,1275,208,38,Finisher,1079
Mayara,Costa Fraguas,Mayara Costa Fraguas,967,F35-39,Female,,,Brazil,BR,0:44:59,3:50:42,2:30:37,0:14:06,0:05:29,7:25:52,2699,13842,9037,846,329,26752,1276,209,37,1047,153,29,1289,208,34,1276,209,37,Finisher,700
Marcelo,Henrique Amaral Brito,Marcelo Henrique Amaral Brito,434,M30-34,Male,,,Brazil,BR,0:51:40,3:50:17,2:30:03,0:10:34,0:03:31,7:26:06,3100,13817,9003,634,211,26766,1277,1068,190,1283,1077,192,1299,1089,192,1277,1068,190,Finisher,700
Diego,Oliveira Figueiredo,Diego Oliveira Figueiredo,1025,M40-44,Male,Rio De Janeiro,RJ,Brazil,BR,0:36:23,3:33:02,2:50:16,0:15:34,0:10:57,7:26:12,2183,12782,10216,934,657,26772,1278,1069,189,389,359,52,1149,987,165,1278,1069,189,Finisher,700
luisa,pinto,luisa pinto,930,F30-34,Female,Rio de Janeiro,RJ,Brazil,BR,0:47:41,3:53:40,2:26:57,0:11:56,0:06:11,7:26:25,2861,14020,8817,716,371,26785,1279,210,53,1175,182,41,1306,212,54,1279,210,53,Finisher,700
Renata,Alves Amorim,Renata Alves Amorim,922,F30-34,Female,,,Brazil,BR,0:55:17,3:34:40,2:38:44,0:11:51,0:06:02,7:26:33,3317,12880,9524,711,362,26793,1280,211,54,1330,214,46,1260,200,49,1280,211,54,Finisher,700
Patricia,Junqueira,Patricia Junqueira,1626,F60-64,Female,Pinellas Park,FL,United States,US,0:42:50,3:44:55,2:43:09,0:10:12,0:05:35,7:26:40,2570,13495,9789,612,335,26800,1281,212,3,911,126,2,1245,195,3,1281,212,3,Finisher,1940
CLARA,BUCKMANN DE LIMA NETTO,CLARA BUCKMANN DE LIMA NETTO,328,F25-29,Female,,,Brazil,BR,0:41:42,3:40:17,2:41:26,0:14:57,0:08:27,7:26:49,2502,13217,9686,897,507,26809,1282,213,28,839,112,18,1237,191,25,1282,213,28,Finisher,768
Reinaldo,Goncalves Soares Junior,Reinaldo Goncalves Soares Junior,1031,M40-44,Male,Rio De Janeiro,RJ,Brazil,BR,0:40:17,3:38:08,2:48:59,0:13:52,0:05:51,7:27:06,2417,13088,10139,832,351,26826,1283,1070,190,721,629,101,1210,1028,176,1283,1070,190,Finisher,700
NICOLE,DERENZI,NICOLE DERENZI,1445,F40-44,Female,Rio de Janeiro,RJ,Brazil,BR,0:49:35,3:33:37,2:44:42,0:13:52,0:05:39,7:27:26,2975,12817,9882,832,339,26846,1284,214,39,1228,192,35,1239,193,38,1284,214,39,Finisher,1049
Eduardo,Sanchez,Eduardo Sanchez,1605,M50-54,Male,Lima,Lima,Peru,PE,0:46:02,3:16:53,3:06:40,0:11:31,0:06:47,7:27:52,2762,11813,11200,691,407,26872,1285,1071,70,1103,941,62,1026,890,56,1285,1071,70,Finisher,700
Daniel,Baptista De Andrade,Daniel Baptista De Andrade,673,M35-39,Male,Juiz De Fora,MG,Brazil,BR,0:50:27,3:45:12,2:29:35,0:15:13,0:08:24,7:28:50,3027,13512,8975,913,504,26930,1286,1072,241,1251,1050,226,1297,1087,240,1286,1072,241,Finisher,700
Pedro,Rubens Teixeira,Pedro Rubens Teixeira,1689,M60-64,Male,Belo Horizonte,MG,Brazil,BR,0:48:01,3:49:34,2:27:24,0:19:40,0:07:00,7:31:40,2881,13774,8844,1180,420,27100,1287,1073,15,1190,1005,15,1320,1106,16,1287,1073,15,Finisher,1327
RHAYMISON,BETINI,RHAYMISON BETINI,659,M35-39,Male,Cariacica,ESPIRITO SANTO,Brazil,BR,0:45:25,3:45:01,2:40:07,0:14:52,0:06:19,7:31:44,2725,13501,9607,892,379,27104,1288,1074,242,1070,914,199,1276,1072,236,1288,1074,242,Finisher,700
Larissa,Cristina Dos Reis,Larissa Cristina Dos Reis,884,F30-34,Female,,,Brazil,BR,0:56:57,3:25:39,2:55:59,0:07:52,0:05:48,7:32:14,3417,12339,10559,472,348,27134,1289,215,55,1341,217,49,1189,176,38,1289,215,55,Finisher,700
Bruno,Guilherme Morais Pagan,Bruno Guilherme Morais Pagan,1000,M40-44,Male,Maringá,BR-PR,Brazil,BR,0:46:37,3:33:19,2:56:19,0:11:10,0:05:55,7:33:19,2797,12799,10579,670,355,27199,1290,1075,191,1130,961,161,1197,1019,173,1290,1075,191,Finisher,700
FERNANDO,TOMAZ DIONISIO,FERNANDO TOMAZ DIONISIO,1140,M40-44,Male,,,Brazil,BR,0:51:39,3:52:05,2:30:08,0:14:19,0:05:29,7:33:40,3099,13925,9008,859,329,27220,1291,1076,192,1282,1076,188,1321,1107,195,1291,1076,192,Finisher,700
Luis,Eduardo Oliveira Paula,Luis Eduardo Oliveira Paula,665,M35-39,Male,,,Brazil,BR,0:51:57,3:53:48,2:26:50,0:10:55,0:10:13,7:33:43,3117,14028,8810,655,613,27223,1292,1077,243,1294,1087,234,1318,1104,244,1292,1077,243,Finisher,700
Oscar,Lopez,Oscar Lopez,638,M35-39,Male,SAN DIEGO,CA,United States,US,0:51:43,3:34:02,2:45:34,0:16:10,0:06:21,7:33:51,3103,12842,9934,970,381,27231,1293,1078,244,1285,1079,232,1262,1062,235,1293,1078,244,Finisher,700
Lukas,Waeny,Lukas Waeny,392,M30-34,Male,São Paulo,São Paulo,Brazil,BR,0:38:02,3:55:53,2:39:39,0:12:37,0:07:54,7:34:05,2282,14153,9579,757,474,27245,1294,1079,191,529,472,84,1280,1075,190,1294,1079,191,Finisher,700
Alexis,Kopke,Alexis Kopke,871,M35-39,Male,,,Brazil,BR,0:53:58,3:46:13,2:35:49,0:13:05,0:05:04,7:34:09,3238,13573,9349,785,304,27249,1295,1080,245,1319,1107,240,1305,1094,242,1295,1080,245,Finisher,700
Gustavo,Luiz Nardelli,Gustavo Luiz Nardelli,113,M18-24,Male,Ibirama,SC,Brazil,BR,0:57:15,3:45:29,2:35:03,0:11:57,0:06:40,7:36:23,3435,13529,9303,717,400,27383,1296,1081,48,1342,1125,51,1309,1097,50,1296,1081,48,Finisher,700
Gustavo,Reis Tibo,Gustavo Reis Tibo,358,M30-34,Male,,,Brazil,BR,0:44:34,3:46:29,2:46:08,0:14:23,0:05:38,7:37:12,2674,13589,9968,863,338,27432,1297,1082,192,1022,873,165,1277,1073,189,1297,1082,192,Finisher,700
Eduardo,Gustavo Pires De Arruda,Eduardo Gustavo Pires De Arruda,1572,M50-54,Male,São Paulo,São Paulo,Brazil,BR,0:38:03,3:32:52,2:50:57,0:20:15,0:15:39,7:37:46,2283,12772,10257,1215,939,27466,1298,1083,71,532,475,32,1199,1021,66,1298,1083,71,Finisher,700
Diego,De Araujo Lima,Diego De Araujo Lima,595,M35-39,Male,Brasilia,DF,Brazil,BR,0:43:27,,2:44:06,0:10:56,0:00:00,7:37:52,2607,0,9846,656,0,27472,1299,1084,246,959,823,169,99999,99999,99999,1299,1084,246,Finisher,700
Cristiane,Pereira Dos Santos,Cristiane Pereira Dos Santos,1608,F50-54,Female,Rio De Janeiro,RJ,Brazil,BR,0:51:36,3:38:32,2:49:41,0:13:21,0:06:11,7:39:21,3096,13112,10181,801,371,27561,1300,216,13,1279,205,11,1267,204,12,1300,216,13,Finisher,1330
Paul,Jaya,Paul Jaya,579,M30-34,Male,rio de janeiro,rio de janeiro,Brazil,BR,0:51:56,3:48:12,2:41:45,0:12:54,0:05:24,7:40:11,3116,13692,9705,774,324,27611,1301,1085,193,1293,1086,194,1302,1091,193,1301,1085,193,Finisher,700
Caio,Petrício,Caio Petrício,246,M25-29,Male,Marabá,Pará,Brazil,BR,0:49:19,4:00:23,2:36:29,0:10:09,0:04:24,7:40:45,2959,14423,9389,609,264,27645,1302,1086,109,1222,1032,108,1329,1112,114,1302,1086,109,Finisher,700
EDMILSON,SILVA,EDMILSON SILVA,1678,M55-59,Male,Rio de Janeiro,RIO DE JANEIRO,Brazil,BR,0:49:32,3:45:42,2:53:11,0:08:46,0:03:51,7:41:02,2972,13542,10391,526,231,27662,1303,1087,39,1227,1036,38,1271,1067,39,1303,1087,39,Finisher,700
Jose,William De Arruda Ribeiro,Jose William De Arruda Ribeiro,356,M30-34,Male,,,Brazil,BR,0:51:04,3:47:03,2:48:52,0:11:18,0:03:30,7:41:47,3064,13623,10132,678,210,27707,1304,1088,194,1265,1062,191,1288,1081,191,1304,1088,194,Finisher,700
Vinícius,Castro,Vinícius Castro,752,M35-39,Male,Rio de Janeiro,RIO DE JANEIRO,Brazil,BR,0:45:59,3:45:58,2:51:50,0:14:00,0:06:14,7:44:02,2759,13558,10310,840,374,27842,1305,1089,247,1101,939,207,1278,1074,237,1305,1089,247,Finisher,700
Alan,Rieck,Alan Rieck,1273,M45-49,Male,LEAGUE CITY,TX,United States,US,0:53:38,3:38:34,2:50:13,0:15:29,0:06:08,7:44:02,3218,13114,10213,929,368,27842,1306,1090,150,1316,1105,150,1283,1078,149,1306,1090,150,Finisher,700
Pedro,Henrique Campos Tosta,Pedro Henrique Campos Tosta,253,M25-29,Male,,,Brazil,BR,0:42:36,3:47:30,3:01:20,0:09:34,0:04:52,7:45:52,2556,13650,10880,574,292,27952,1307,1091,110,895,773,84,1251,1053,109,1307,1091,110,Finisher,700
Victor,Galliano Galeazzo,Victor Galliano Galeazzo,586,M30-34,Male,,,Brazil,BR,0:50:33,3:52:59,2:44:53,0:11:48,0:05:39,7:45:53,3033,13979,9893,708,339,27953,1308,1092,195,1253,1052,190,1315,1101,195,1308,1092,195,Finisher,700
Pablo,Henrique Boumgratz Vieira,Pablo Henrique Boumgratz Vieira,195,M25-29,Male,Belford Roxo,RJ,Brazil,BR,0:37:12,3:40:58,3:12:21,0:10:31,0:05:05,7:46:08,2232,13258,11541,631,305,27968,1309,1093,111,453,412,56,1180,1009,107,1309,1093,111,Finisher,700
Eduardo,Alves Guedes Garavelo,Eduardo Alves Guedes Garavelo,640,M35-39,Male,Jacarei,SP,Brazil,BR,1:03:32,3:41:32,2:47:24,0:10:11,0:04:37,7:47:15,3812,13292,10044,611,277,28035,1310,1094,248,1365,1141,251,1314,1100,243,1310,1094,248,Finisher,700
Tiago,De Menezes Homci,Tiago De Menezes Homci,1005,M40-44,Male,Belém,PA,Brazil,BR,0:46:25,3:59:20,2:48:41,0:09:02,0:04:06,7:47:35,2785,14360,10121,542,246,28055,1311,1095,193,1120,952,157,1312,1099,192,1311,1095,193,Finisher,700
Andre,Silva Rodrigues Coelho,Andre Silva Rodrigues Coelho,1589,M50-54,Male,,,Brazil,BR,0:39:26,3:53:24,2:54:50,0:13:43,0:06:43,7:48:05,2366,14004,10490,823,403,28085,1312,1096,72,648,570,39,1281,1076,72,1312,1096,72,Finisher,700
Gabriel,Maia Mendes,Gabriel Maia Mendes,160,M18-24,Male,Rio de Janeiro,Rio de Janeiro,Brazil,BR,0:47:54,3:47:05,2:59:13,0:09:51,0:05:16,7:49:20,2874,13625,10753,591,316,28160,1313,1097,49,1185,1002,43,1275,1071,49,1313,1097,49,Finisher,700
Beatriz,Mendonça,Beatriz Mendonça,342,F25-29,Female,Goiânia,Goiás,Brazil,BR,0:50:25,3:54:29,2:45:31,0:13:17,0:05:55,7:49:37,3025,14069,9931,797,355,28177,1314,217,29,1248,200,29,1322,215,28,1314,217,29,Finisher,700
Wanessa,Pereira Espinheiro,Wanessa Pereira Espinheiro,1594,F50-54,Female,,,Brazil,BR,0:43:13,3:56:21,2:56:35,0:09:36,0:04:22,7:50:06,2593,14181,10595,576,262,28206,1315,218,14,941,133,4,1287,207,13,1315,218,14,Finisher,1136
Jorge,Luiz Rodrigues Duarte,Jorge Luiz Rodrigues Duarte,1671,M55-59,Male,,,Brazil,BR,0:41:07,3:57:06,2:50:48,0:11:45,0:09:27,7:50:13,2467,14226,10248,705,567,28213,1316,1098,40,800,698,27,1290,1082,40,1316,1098,40,Finisher,700
Juliana,Mello,Juliana Mello,1447,F40-44,Female,Rio De Janeiro,RJ,Brazil,BR,0:54:50,3:48:01,2:42:26,0:15:54,0:09:10,7:50:21,3290,13681,9746,954,550,28221,1317,219,40,1328,213,40,1324,216,40,1317,219,40,Finisher,700
Leandro,Claro Dos Santos,Leandro Claro Dos Santos,1319,M45-49,Male,,,Brazil,BR,0:59:27,3:19:23,3:10:40,0:12:52,0:08:39,7:51:01,3567,11963,11440,772,519,28261,1318,1099,151,1360,1137,155,1205,1025,142,1318,1099,151,Finisher,700
Carlos,Augusto David Mello,Carlos Augusto David Mello,1687,M60-64,Male,Niteroi,RJ,Brazil,BR,0:46:07,3:49:39,2:55:53,0:11:49,0:09:44,7:53:12,2767,13779,10553,709,584,28392,1319,1100,16,1106,943,13,1282,1077,15,1319,1100,16,Finisher,939
Matheus,Brandao,Matheus Brandao,222,M25-29,Male,Columbia,US-SC,Brazil,BR,0:50:26,3:43:05,3:07:30,0:10:29,0:03:55,7:55:25,3026,13385,11250,629,235,28525,1320,1101,112,1250,1049,112,1270,1066,110,1320,1101,112,Finisher,700
Marcus,Vinicius Assis De Schueler Vieira,Marcus Vinicius Assis De Schueler Vieira,1307,M45-49,Male,,,Brazil,BR,0:51:16,3:45:06,2:57:40,0:14:09,0:08:41,7:56:53,3076,13506,10660,849,521,28613,1321,1102,152,1269,1066,147,1295,1085,150,1321,1102,152,Finisher,700
Luciano,DelSanto,Luciano DelSanto,1549,M50-54,Male,SAO PAULO,SAO PAULO,Brazil,BR,0:45:25,3:42:09,3:10:40,0:13:49,0:07:51,7:59:53,2725,13329,11440,829,471,28793,1322,1103,73,1071,915,60,1259,1060,70,1322,1103,73,Finisher,700
Lucca,Vergilio Carvalho,Lucca Vergilio Carvalho,203,M25-29,Male,,,Brazil,BR,0:49:06,3:59:00,2:55:52,0:11:34,0:05:07,8:00:39,2946,14340,10552,694,307,28839,1323,1104,113,1217,1028,107,1328,1111,113,1323,1104,113,Finisher,700
Rafael,Amado Silva,Rafael Amado Silva,1181,M40-44,Male,Campos Dos Goytacazes,RJ,Brazil,BR,0:46:32,3:58:33,3:01:46,0:10:54,0:03:34,8:01:18,2792,14313,10906,654,214,28878,1324,1105,194,1125,957,159,1316,1102,193,1324,1105,194,Finisher,700
Felipe,Fernandes Vianna,Felipe Fernandes Vianna,1490,M50-54,Male,Rio De Janeiro,RJ,Brazil,BR,0:47:23,,,0:14:22,0:00:00,8:08:30,2843,0,0,862,0,29310,1325,1106,74,1164,985,68,99999,99999,99999,1325,1106,74,Finisher,700
Ronaldo,De Oliveira,Ronaldo De Oliveira,1559,M50-54,Male,São Paulo,SAO PAULO,Brazil,BR,0:48:09,3:43:33,3:05:23,0:21:10,0:11:50,8:10:05,2889,13413,11123,1270,710,29405,1326,1107,75,1194,1009,70,1301,1090,73,1326,1107,75,Finisher,700
Rodrigo,Leonardo Da Silva Barros,Rodrigo Leonardo Da Silva Barros,1233,M40-44,Male,,,Brazil,BR,0:39:14,4:00:52,3:13:05,0:12:20,0:05:10,8:10:41,2354,14452,11585,740,310,29441,1327,1108,195,628,555,89,1298,1088,191,1327,1108,195,Finisher,700
Samuel,Teixeira De Abreu Filho,Samuel Teixeira De Abreu Filho,500,M30-34,Male,,,Brazil,BR,0:46:15,3:57:22,3:17:08,0:11:04,0:05:01,8:16:50,2775,14242,11828,664,301,29810,1328,1109,196,1111,946,176,1310,1098,194,1328,1109,196,Finisher,700
Miguel,Escandar,Miguel Escandar,1627,M60-64,Male,Godoy Cruz,AR-M,Argentina,AR,0:42:28,3:45:31,3:31:35,0:14:30,0:05:28,8:19:33,2548,13531,12695,870,328,29973,1329,1110,17,887,765,7,1265,1063,14,1329,1110,17,Finisher,700
Renato,Motta Vaz De Carvalho,Renato Motta Vaz De Carvalho,1642,M55-59,Male,Rio de Janeiro,Rio de Janeiro,Brazil,BR,,,,0:00:00,0:00:00,,0,0,0,0,0,0,99999,99999,99999,99999,99999,99999,99999,99999,99999,99999,99999,99999,DNS,0
Cassandra,Cuyos,Cassandra Cuyos,951,F35-39,Female,LEAGUE CITY,US-TX,Brazil,BR,,,,0:00:00,0:00:00,,0,0,0,0,0,0,99999,99999,99999,99999,99999,99999,99999,99999,99999,99999,99999,99999,DQ,0
Gabrielly,Corbi,Gabrielly Corbi,332,F25-29,Female,Araraquara,São Paulo,Brazil,BR,,,,0:00:00,0:00:00,,0,0,0,0,0,0,99999,99999,99999,99999,99999,99999,99999,99999,99999,99999,99999,99999,DQ,0
Sérgio ,Viana Gonçalves ,Sérgio Viana Gonçalves,1492,M50-54,Male,Rio de Janeiro,Rio de Janeiro,Brazil,BR,,,,0:00:00,0:00:00,,0,0,0,0,0,0,99999,99999,99999,99999,99999,99999,99999,99999,99999,99999,99999,99999,DNS,0
Alan,Freedman,Alan Freedman,1725,M60-64,Male,Greenwich,CT,United States,US,,,,0:00:00,0:00:00,,0,0,0,0,0,0,99999,99999,99999,99999,99999,99999,99999,99999,99999,99999,99999,99999,DNS,0
Renato,Rodrigues Dos Santos,Renato Rodrigues Dos Santos,1227,M40-44,Male,Mogi Das Cruzes,SP,Brazil,BR,,,,0:00:00,0:00:00,,0,0,0,0,0,0,99999,99999,99999,99999,99999,99999,99999,99999,99999,99999,99999,99999,DNS,0
Marcio,Costa Da Silva,Marcio Costa Da Silva,1499,M50-54,Male,Rio De Janeiro,RJ,Brazil,BR,,,,0:00:00,0:00:00,,0,0,0,0,0,0,99999,99999,99999,99999,99999,99999,99999,99999,99999,99999,99999,99999,DNS,0
Taiana,Meng Bravo,Taiana Meng Bravo,1430,F40-44,Female,,,Brazil,BR,,,,0:00:00,0:00:00,,0,0,0,0,0,0,99999,99999,99999,99999,99999,99999,99999,99999,99999,99999,99999,99999,DQ,0
Maria,Fernanda Ackel Ganem,Maria Fernanda Ackel Ganem,305,F18-24,Female,Sao Paulo,SP,Brazil,BR,,,,0:00:00,0:00:00,,0,0,0,0,0,0,99999,99999,99999,99999,99999,99999,99999,99999,99999,99999,99999,99999,DNS,0
Guilherme Augusto,Pinheiro Pantoja,Guilherme Augusto Pinheiro Pantoja,390,M30-34,Male,Rio de Janeiro,Rio de Janeiro,Brazil,BR,0:59:20,,,0:13:37,0:00:00,,3560,0,0,817,0,0,99999,99999,99999,1358,1135,200,99999,99999,99999,99999,99999,99999,DNF,0
Jessica,Camuzzi Mota,Jessica Camuzzi Mota,880,F30-34,Female,,,Brazil,BR,,,,0:00:00,0:00:00,,0,0,0,0,0,0,99999,99999,99999,99999,99999,99999,99999,99999,99999,99999,99999,99999,DQ,0
Vittoria,Lopes,Vittoria Lopes,5003,FPRO,Female,BOULDER,CO,Brazil,BR,,,,0:00:00,0:00:00,,0,0,0,0,0,0,99999,99999,99999,99999,99999,99999,99999,99999,99999,99999,99999,99999,DNS,0
Wellington,Oscar Dos Santos,Wellington Oscar Dos Santos,1524,M50-54,Male,Rio De Janeiro,RJ,Brazil,BR,,,,0:00:00,0:00:00,,0,0,0,0,0,0,99999,99999,99999,99999,99999,99999,99999,99999,99999,99999,99999,99999,DNS,0
Felipe,Santana Kawakami,Felipe Santana Kawakami,103,M18-24,Male,Sao Paulo,SP,Brazil,BR,,,,0:00:00,0:00:00,,0,0,0,0,0,0,99999,99999,99999,99999,99999,99999,99999,99999,99999,99999,99999,99999,DNS,0
Valdir,Mario Da Silva Junior,Valdir Mario Da Silva Junior,633,M35-39,Male,Sao Goncalo,RJ,Brazil,BR,,,,0:00:00,0:00:00,,0,0,0,0,0,0,99999,99999,99999,99999,99999,99999,99999,99999,99999,99999,99999,99999,DQ,0
Gabriel,Brito,Gabriel Brito,178,M25-29,Male,Belo Horizonte ,Minas Gerais,Brazil,BR,,,,0:00:00,0:00:00,,0,0,0,0,0,0,99999,99999,99999,99999,99999,99999,99999,99999,99999,99999,99999,99999,DNS,0
Ana ,Alvarez,Ana Alvarez,1607,F50-54,Female,Trujillo Alto,,United States,US,,,,0:00:00,0:00:00,,0,0,0,0,0,0,99999,99999,99999,99999,99999,99999,99999,99999,99999,99999,99999,99999,DQ,0
Victor,Tadeu Malachias Fonte Boa,Victor Tadeu Malachias Fonte Boa,207,M25-29,Male,Divinopolis,MG,Brazil,BR,0:37:55,,,0:07:15,0:00:00,,2275,0,0,435,0,0,99999,99999,99999,514,457,62,99999,99999,99999,99999,99999,99999,DNF,0
Marco,Leite,Marco Leite,1655,M55-59,Male,Rio de Janeiro,,Brazil,BR,,,,0:00:00,0:00:00,,0,0,0,0,0,0,99999,99999,99999,99999,99999,99999,99999,99999,99999,99999,99999,99999,DQ,0
Daniel,Miglorancia,Daniel Miglorancia,1568,M50-54,Male,Sao Paulo,SAO PAULO,Brazil,BR,,,,0:00:00,0:00:00,,0,0,0,0,0,0,99999,99999,99999,99999,99999,99999,99999,99999,99999,99999,99999,99999,DNS,0
Max,Gagliardi,Max Gagliardi,1676,M55-59,Male,,,Brazil,BR,,,,0:00:00,0:00:00,,0,0,0,0,0,0,99999,99999,99999,99999,99999,99999,99999,99999,99999,99999,99999,99999,DNS,0
Rosimeire,Maria Alves,Rosimeire Maria Alves,1616,F55-59,Female,Belo Horizonte,MG,Brazil,BR,,,,0:00:00,0:00:00,,0,0,0,0,0,0,99999,99999,99999,99999,99999,99999,99999,99999,99999,99999,99999,99999,DNS,0
Rodrigo,Felipe,Rodrigo Felipe,1719,M45-49,Male,Nova lima,BR-MG,Brazil,BR,,,,0:00:00,0:00:00,,0,0,0,0,0,0,99999,99999,99999,99999,99999,99999,99999,99999,99999,99999,99999,99999,DNS,0
Rafael,Piccoli,Rafael Piccoli,700,M35-39,Male,,,Brazil,BR,,,,0:00:00,0:00:00,,0,0,0,0,0,0,99999,99999,99999,99999,99999,99999,99999,99999,99999,99999,99999,99999,DNS,0
Mariana,Silveira Azevedo,Mariana Silveira Azevedo,916,F30-34,Female,,,Brazil,BR,,,,0:00:00,0:00:00,,0,0,0,0,0,0,99999,99999,99999,99999,99999,99999,99999,99999,99999,99999,99999,99999,DNS,0
Thiago,Dutra,Thiago Dutra,1130,M40-44,Male,Goiânia ,Goias,Brazil,BR,,,,0:00:00,0:00:00,,0,0,0,0,0,0,99999,99999,99999,99999,99999,99999,99999,99999,99999,99999,99999,99999,DNS,0
Jorge,Crispim Dalia,Jorge Crispim Dalia,499,M30-34,Male,Joao Pessoa,Paraiba,Brazil,BR,,,,0:00:00,0:00:00,,0,0,0,0,0,0,99999,99999,99999,99999,99999,99999,99999,99999,99999,99999,99999,99999,DNS,0
Matheus,Soares De Oliveira,Matheus Soares De Oliveira,348,M30-34,Male,,,Brazil,BR,,,,0:00:00,0:00:00,,0,0,0,0,0,0,99999,99999,99999,99999,99999,99999,99999,99999,99999,99999,99999,99999,DQ,0
Luis,Gutierrez Silva,Luis Gutierrez Silva,91,PC/ID,Male,santiago,CL-RM,Chile,CL,0:44:05,3:01:42,1:51:23,0:08:02,0:02:53,5:48:05,2645,10902,6683,482,173,20885,99999,99999,99999,99999,99999,99999,99999,99999,99999,99999,99999,99999,Finisher,700
Yann,Machado Da Silva,Yann Machado Da Silva,234,M25-29,Male,,,Brazil,BR,,,,0:00:00,0:00:00,,0,0,0,0,0,0,99999,99999,99999,99999,99999,99999,99999,99999,99999,99999,99999,99999,DNS,0
Paula,Zamboni,Paula Zamboni,1720,F45-49,Female,lausanne,BR-RJ,Brazil,BR,,,,0:00:00,0:00:00,,0,0,0,0,0,0,99999,99999,99999,99999,99999,99999,99999,99999,99999,99999,99999,99999,DNS,0
Andre,Dos Santos Lopes,Andre Dos Santos Lopes,1540,M50-54,Male,,,Brazil,BR,1:06:52,,,0:10:22,0:00:00,,4012,0,0,622,0,0,99999,99999,99999,1368,1144,79,99999,99999,99999,99999,99999,99999,DNF,0
Danilo,Dourado Carvalho Silva,Danilo Dourado Carvalho Silva,1189,M40-44,Male,,,Brazil,BR,,,,0:00:00,0:00:00,,0,0,0,0,0,0,99999,99999,99999,99999,99999,99999,99999,99999,99999,99999,99999,99999,DQ,0
Fernando,Roque,Fernando Roque,1041,M40-44,Male,São Paulo,São Paulo,Brazil,BR,,,,0:00:00,0:00:00,,0,0,0,0,0,0,99999,99999,99999,99999,99999,99999,99999,99999,99999,99999,99999,99999,DNS,0
João Pedro,Villar,João Pedro Villar,141,M18-24,Male,RIO DE JANEIRO,BR-RJ,Brazil,BR,,,,0:00:00,0:00:00,,0,0,0,0,0,0,99999,99999,99999,99999,99999,99999,99999,99999,99999,99999,99999,99999,DNS,0
Ricardo,Gomes Lima,Ricardo Gomes Lima,1534,M50-54,Male,Rio de Janeiro,Rio de Janeiro,Brazil,BR,,,,0:00:00,0:00:00,,0,0,0,0,0,0,99999,99999,99999,99999,99999,99999,99999,99999,99999,99999,99999,99999,DNS,0
Humberto,Cantanhede Gaglianone,Humberto Cantanhede Gaglianone,1203,M40-44,Male,,,Brazil,BR,,,,0:00:00,0:00:00,,0,0,0,0,0,0,99999,99999,99999,99999,99999,99999,99999,99999,99999,99999,99999,99999,DNS,0
PAULO,SILVA,PAULO SILVA,1187,M40-44,Male,SAO JOSE DO RIO PRETO,SAO PAULO,Brazil,BR,,,,0:00:00,0:00:00,,0,0,0,0,0,0,99999,99999,99999,99999,99999,99999,99999,99999,99999,99999,99999,99999,DNS,0
Murillo,Henrique Nojosa Arruda,Murillo Henrique Nojosa Arruda,371,M30-34,Male,,,Brazil,BR,,,,0:00:00,0:00:00,,0,0,0,0,0,0,99999,99999,99999,99999,99999,99999,99999,99999,99999,99999,99999,99999,DNS,0
Paulo,Roberto Innocencio,Paulo Roberto Innocencio,1698,M60-64,Male,RIO DE JANEIRO,RIO DE JANEIRO,Brazil,BR,,,,0:00:00,0:00:00,,0,0,0,0,0,0,99999,99999,99999,99999,99999,99999,99999,99999,99999,99999,99999,99999,DNS,0
LIGIA,BILACHI,LIGIA BILACHI,929,F30-34,Female,MONTE ALTO,SP,Brazil,BR,,,,0:00:00,0:00:00,,0,0,0,0,0,0,99999,99999,99999,99999,99999,99999,99999,99999,99999,99999,99999,99999,DNS,0
Liborio,Mule junior,Liborio Mule junior,1552,M50-54,Male,Vitoria,BR-ES,Brazil,BR,,,,0:00:00,0:00:00,,0,0,0,0,0,0,99999,99999,99999,99999,99999,99999,99999,99999,99999,99999,99999,99999,DQ,0
Lucas,Cancela,Lucas Cancela,562,M30-34,Male,Montevideo,UY-MO,Uruguay,UY,,,,0:00:00,0:00:00,,0,0,0,0,0,0,99999,99999,99999,99999,99999,99999,99999,99999,99999,99999,99999,99999,DNS,0
CARINA,VITORIA DE BRITO HONORIO,CARINA VITORIA DE BRITO HONORIO,292,F18-24,Female,,,Brazil,BR,,,,0:00:00,0:00:00,,0,0,0,0,0,0,99999,99999,99999,99999,99999,99999,99999,99999,99999,99999,99999,99999,DNS,0
Lucas,Henrique De Campos,Lucas Henrique De Campos,411,M30-34,Male,,,Brazil,BR,,,,0:00:00,0:00:00,,0,0,0,0,0,0,99999,99999,99999,99999,99999,99999,99999,99999,99999,99999,99999,99999,DNS,0
Samuel,Subira,Samuel Subira,232,M25-29,Male,Orlando,FL,Brazil,BR,,,,0:00:00,0:00:00,,0,0,0,0,0,0,99999,99999,99999,99999,99999,99999,99999,99999,99999,99999,99999,99999,DQ,0
GUSTAVO,MICHIMOTO SAINT JUST,GUSTAVO MICHIMOTO SAINT JUST,1717,M45-49,Male,RIO DE JANEIRO,RJ,Brazil,BR,,,,0:00:00,0:00:00,,0,0,0,0,0,0,99999,99999,99999,99999,99999,99999,99999,99999,99999,99999,99999,99999,DNS,0
Kaio,Daflon Salles Stanizio,Kaio Daflon Salles Stanizio,809,M35-39,Male,,,Brazil,BR,,,,0:00:00,0:00:00,,0,0,0,0,0,0,99999,99999,99999,99999,99999,99999,99999,99999,99999,99999,99999,99999,DNS,0
Guilherme,Martins,Guilherme Martins,1228,M40-44,Male,Sao Paulo,BR-SP,Brazil,BR,,,,0:00:00,0:00:00,,0,0,0,0,0,0,99999,99999,99999,99999,99999,99999,99999,99999,99999,99999,99999,99999,DNS,0
Natalia,Luz Dias,Natalia Luz Dias,320,F25-29,Female,,,Brazil,BR,,,,0:00:00,0:00:00,,0,0,0,0,0,0,99999,99999,99999,99999,99999,99999,99999,99999,99999,99999,99999,99999,DNS,0
Ricardo,Alexandre Herdy,Ricardo Alexandre Herdy,1532,M50-54,Male,Rio de Janeiro,BR-RJ,Brazil,BR,,,,0:00:00,0:00:00,,0,0,0,0,0,0,99999,99999,99999,99999,99999,99999,99999,99999,99999,99999,99999,99999,DQ,0
Bernardo Esteban,Quispe Bravo,Bernardo Esteban Quispe Bravo,693,M35-39,Male,LIMA,PE-LIM,Peru,PE,,,,0:00:00,0:00:00,,0,0,0,0,0,0,99999,99999,99999,99999,99999,99999,99999,99999,99999,99999,99999,99999,DNS,0
Luca,Ascenco,Luca Ascenco,111,M18-24,Male,Goiania,GO,Brazil,BR,,,,0:00:00,0:00:00,,0,0,0,0,0,0,99999,99999,99999,99999,99999,99999,99999,99999,99999,99999,99999,99999,DNS,0
Matheus,Muratore,Matheus Muratore,657,M35-39,Male,São Paulo,SP,Brazil,BR,0:41:23,,,0:10:42,0:00:00,,2483,0,0,642,0,0,99999,99999,99999,823,714,150,99999,99999,99999,99999,99999,99999,DNF,0
Julia,Holst Faustini De Rezende,Julia Holst Faustini De Rezende,961,F35-39,Female,Macae,RJ,Brazil,BR,,,,0:00:00,0:00:00,,0,0,0,0,0,0,99999,99999,99999,99999,99999,99999,99999,99999,99999,99999,99999,99999,DQ,0
Murilo,Nogueira Da Silva,Murilo Nogueira Da Silva,725,M35-39,Male,Belem,PA,Brazil,BR,,,,0:00:00,0:00:00,,0,0,0,0,0,0,99999,99999,99999,99999,99999,99999,99999,99999,99999,99999,99999,99999,DNS,0
Caique,Petris,Caique Petris,115,M18-24,Male,DIadema,SP,Brazil,BR,,,,0:00:00,0:00:00,,0,0,0,0,0,0,99999,99999,99999,99999,99999,99999,99999,99999,99999,99999,99999,99999,DQ,0
Lucas,de Oliveira,Lucas de Oliveira,478,M30-34,Male,Goiânia,BR-GO,Brazil,BR,,,,0:00:00,0:00:00,,0,0,0,0,0,0,99999,99999,99999,99999,99999,99999,99999,99999,99999,99999,99999,99999,DNS,0
Gime,Lessa Cardona,Gime Lessa Cardona,1382,M45-49,Male,,,Brazil,BR,,,,0:00:00,0:00:00,,0,0,0,0,0,0,99999,99999,99999,99999,99999,99999,99999,99999,99999,99999,99999,99999,DQ,0
Caroline,Buzeto De Oliveira,Caroline Buzeto De Oliveira,903,F30-34,Female,,,Brazil,BR,,,,0:00:00,0:00:00,,0,0,0,0,0,0,99999,99999,99999,99999,99999,99999,99999,99999,99999,99999,99999,99999,DNS,0
Gustavo Slaib,Cruz Pereira,Gustavo Slaib Cruz Pereira,1196,M40-44,Male,Rio de janeiro,Rj,Brazil,BR,,,,0:00:00,0:00:00,,0,0,0,0,0,0,99999,99999,99999,99999,99999,99999,99999,99999,99999,99999,99999,99999,DNS,0
Rafael,Andrade Gondim,Rafael Andrade Gondim,1077,M40-44,Male,Cascavel,PR,Brazil,BR,,,,0:00:00,0:00:00,,0,0,0,0,0,0,99999,99999,99999,99999,99999,99999,99999,99999,99999,99999,99999,99999,DNS,0
Ciro,Carneiro Medeiros,Ciro Carneiro Medeiros,1018,M40-44,Male,Campinas,SP,Brazil,BR,,,,0:00:00,0:00:00,,0,0,0,0,0,0,99999,99999,99999,99999,99999,99999,99999,99999,99999,99999,99999,99999,DNS,0
Teresa,Cruzado,Teresa Cruzado,985,F35-39,Female,Lima,Lima,Peru,PE,,,,0:00:00,0:00:00,,0,0,0,0,0,0,99999,99999,99999,99999,99999,99999,99999,99999,99999,99999,99999,99999,DQ,0
RAFAEL,HANSEN,RAFAEL HANSEN,497,M30-34,Male,Cascais,,Brazil,BR,,,,0:00:00,0:00:00,,0,0,0,0,0,0,99999,99999,99999,99999,99999,99999,99999,99999,99999,99999,99999,99999,DNS,0
Patricia ,Antunes ,Patricia Antunes,984,F35-39,Female,Belo Horizonte,Minas Gerais ,Brazil,BR,,,,0:00:00,0:00:00,,0,0,0,0,0,0,99999,99999,99999,99999,99999,99999,99999,99999,99999,99999,99999,99999,DNS,0
Bruna,De Paolis Amim,Bruna De Paolis Amim,933,F30-34,Female,Bragança Paulista,BR-SP,Brazil,BR,,,,0:00:00,0:00:00,,0,0,0,0,0,0,99999,99999,99999,99999,99999,99999,99999,99999,99999,99999,99999,99999,DNS,0
Iraê,Kaiser,Iraê Kaiser,598,F35-39,Female,Olinda,BR-PE,Brazil,BR,,,,0:00:00,0:00:00,,0,0,0,0,0,0,99999,99999,99999,99999,99999,99999,99999,99999,99999,99999,99999,99999,DNS,0
Paulo,Henrique Costa Moreno,Paulo Henrique Costa Moreno,425,M30-34,Male,Ribeirao Preto,SP,Brazil,BR,,,,0:00:00,0:00:00,,0,0,0,0,0,0,99999,99999,99999,99999,99999,99999,99999,99999,99999,99999,99999,99999,DNS,0
Larissa,Rojas,Larissa Rojas,900,F30-34,Female,Magdalena del Mar,Lima,Andorra,AD,,,,0:00:00,0:00:00,,0,0,0,0,0,0,99999,99999,99999,99999,99999,99999,99999,99999,99999,99999,99999,99999,DQ,0
Natalia,Elizabeth Haida,Natalia Elizabeth Haida,875,F30-34,Female,,,Brazil,BR,,,,0:00:00,0:00:00,,0,0,0,0,0,0,99999,99999,99999,99999,99999,99999,99999,99999,99999,99999,99999,99999,DNS,0
Yara Maria ,Pereira Gurgel,Yara Maria Pereira Gurgel,1609,F55-59,Female,Natal ,,Brazil,BR,,,,0:00:00,0:00:00,,0,0,0,0,0,0,99999,99999,99999,99999,99999,99999,99999,99999,99999,99999,99999,99999,DNS,0
Mariana ,Schaimberg ,Mariana Schaimberg,1613,F55-59,Female,rio de janeiro,BR-RJ,Brazil,BR,,,,0:00:00,0:00:00,,0,0,0,0,0,0,99999,99999,99999,99999,99999,99999,99999,99999,99999,99999,99999,99999,DNS,0
Juliana,Calixto Acchar De Carvalho,Juliana Calixto Acchar De Carvalho,1458,F40-44,Female,,,Netherlands,NL,,,,0:00:00,0:00:00,,0,0,0,0,0,0,99999,99999,99999,99999,99999,99999,99999,99999,99999,99999,99999,99999,DNS,0
Bianca,Sermarini,Bianca Sermarini,1454,F40-44,Female,,,Brazil,BR,,,,0:00:00,0:00:00,,0,0,0,0,0,0,99999,99999,99999,99999,99999,99999,99999,99999,99999,99999,99999,99999,DQ,0
Fernando,Cortes Lesteiro,Fernando Cortes Lesteiro,1705,M65-69,Male,Salvador,BA,Brazil,BR,,,,0:00:00,0:00:00,,0,0,0,0,0,0,99999,99999,99999,99999,99999,99999,99999,99999,99999,99999,99999,99999,DNS,0
Paula,Nacif De Moura,Paula Nacif De Moura,952,F35-39,Female,,,Brazil,BR,,,,0:00:00,0:00:00,,0,0,0,0,0,0,99999,99999,99999,99999,99999,99999,99999,99999,99999,99999,99999,99999,DNS,0
Ricardo,Fernandes Bahiana,Ricardo Fernandes Bahiana,1105,M40-44,Male,,,Brazil,BR,,,,0:00:00,0:00:00,,0,0,0,0,0,0,99999,99999,99999,99999,99999,99999,99999,99999,99999,99999,99999,99999,DNS,0
tarciso,paixao,tarciso paixao,1571,M50-54,Male,Rio de Janeiro,BR-RJ,Brazil,BR,,,,0:00:00,0:00:00,,0,0,0,0,0,0,99999,99999,99999,99999,99999,99999,99999,99999,99999,99999,99999,99999,DNS,0
Daniela,Bierhals,Daniela Bierhals,877,F30-34,Female,rio de janeiro,RIO DE JANEIRO,Brazil,BR,,,,0:00:00,0:00:00,,0,0,0,0,0,0,99999,99999,99999,99999,99999,99999,99999,99999,99999,99999,99999,99999,DNS,0
Lucas,Eduardo De Brito Abreu Luz,Lucas Eduardo De Brito Abreu Luz,263,M25-29,Male,,,Brazil,BR,,,,0:00:00,0:00:00,,0,0,0,0,0,0,99999,99999,99999,99999,99999,99999,99999,99999,99999,99999,99999,99999,DNS,0
Denise,Maria Aguilar Bracarense,Denise Maria Aguilar Bracarense,1623,F55-59,Female,,,Brazil,BR,,,,0:00:00,0:00:00,,0,0,0,0,0,0,99999,99999,99999,99999,99999,99999,99999,99999,99999,99999,99999,99999,DQ,0
Igor Teixeira ,Fraga,Igor Teixeira Fraga,622,M35-39,Male,Belo Horizonte,MINAS GERAIS,Brazil,BR,,,,0:00:00,0:00:00,,0,0,0,0,0,0,99999,99999,99999,99999,99999,99999,99999,99999,99999,99999,99999,99999,DNS,0
Fernando,Junqueira,Fernando Junqueira,1180,M40-44,Male,Rio de janeiro,rio de janeiro,Brazil,BR,,,,0:00:00,0:00:00,,0,0,0,0,0,0,99999,99999,99999,99999,99999,99999,99999,99999,99999,99999,99999,99999,DNS,0
valeria,de brito rego,valeria de brito rego,976,F35-39,Female,Caieiras,SP,Brazil,BR,,,,0:00:00,0:00:00,,0,0,0,0,0,0,99999,99999,99999,99999,99999,99999,99999,99999,99999,99999,99999,99999,DNS,0
Bernardo,Moutinho Lima,Bernardo Moutinho Lima,1057,M40-44,Male,Rio De Janeiro,RJ,Brazil,BR,,,,0:00:00,0:00:00,,0,0,0,0,0,0,99999,99999,99999,99999,99999,99999,99999,99999,99999,99999,99999,99999,DNS,0
Catarina,Cabral Tenorio Domingues,Catarina Cabral Tenorio Domingues,1429,F40-44,Female,Recife,PE,Brazil,BR,,,,0:00:00,0:00:00,,0,0,0,0,0,0,99999,99999,99999,99999,99999,99999,99999,99999,99999,99999,99999,99999,DNS,0
João Victor,Matta,João Victor Matta,200,M25-29,Male,Rio de Janeiro,RJ,Brazil,BR,,,,0:00:00,0:00:00,,0,0,0,0,0,0,99999,99999,99999,99999,99999,99999,99999,99999,99999,99999,99999,99999,DNS,0
Rodrigo,Massara,Rodrigo Massara,1566,M50-54,Male,nova lima,MG,Brazil,BR,,,,0:00:00,0:00:00,,0,0,0,0,0,0,99999,99999,99999,99999,99999,99999,99999,99999,99999,99999,99999,99999,DNS,0
Daniel,Mourao,Daniel Mourao,757,M35-39,Male,Belo Horizonte,Minas Gerais,Brazil,BR,,,,0:00:00,0:00:00,,0,0,0,0,0,0,99999,99999,99999,99999,99999,99999,99999,99999,99999,99999,99999,99999,DNS,0
Rafael Luiz Da,Silva,Rafael Luiz Da Silva,1504,M50-54,Male,São Paulo,São paulo,Brazil,BR,0:50:13,3:40:27,,0:12:52,0:00:00,,3013,13227,0,772,0,0,99999,99999,99999,1243,1045,73,1268,1064,71,99999,99999,99999,DNF,0
sara,sadak,sara sadak,1424,F40-44,Female,Rio de Janeiro,Rio de Janeiro,Brazil,BR,,,,0:00:00,0:00:00,,0,0,0,0,0,0,99999,99999,99999,99999,99999,99999,99999,99999,99999,99999,99999,99999,DNS,0
ROBSON,LUIZ PEREIRA FARIA,ROBSON LUIZ PEREIRA FARIA,1672,M55-59,Male,FORTALEZA,CE,Brazil,BR,,,,0:00:00,0:00:00,,0,0,0,0,0,0,99999,99999,99999,99999,99999,99999,99999,99999,99999,99999,99999,99999,DNS,0
Maria,Amelia Gomes Da Costa,Maria Amelia Gomes Da Costa,1476,F45-49,Female,Belo Horizonte,MG,Brazil,BR,,,,0:00:00,0:00:00,,0,0,0,0,0,0,99999,99999,99999,99999,99999,99999,99999,99999,99999,99999,99999,99999,DQ,0
Tarissa,Silva Barbosa,Tarissa Silva Barbosa,1474,F45-49,Female,Caraguatatuba,SP,Brazil,BR,0:50:25,,,0:13:20,0:00:00,,3025,0,0,800,0,0,99999,99999,99999,1249,201,15,99999,99999,99999,99999,99999,99999,DNF,0
Daniel,Douek,Daniel Douek,1542,M50-54,Male,São Paulo ,CA,Brazil,BR,,,,0:00:00,0:00:00,,0,0,0,0,0,0,99999,99999,99999,99999,99999,99999,99999,99999,99999,99999,99999,99999,DQ,0
Thais,Chang,Thais Chang,924,F30-34,Female,Petaluma,CA,Brazil,BR,,,,0:00:00,0:00:00,,0,0,0,0,0,0,99999,99999,99999,99999,99999,99999,99999,99999,99999,99999,99999,99999,DNS,0
Mateus,Inacio Lemes De Resende,Mateus Inacio Lemes De Resende,539,M30-34,Male,,,Brazil,BR,,,,0:00:00,0:00:00,,0,0,0,0,0,0,99999,99999,99999,99999,99999,99999,99999,99999,99999,99999,99999,99999,DNS,0
Vitor,Menezes,Vitor Menezes,149,M18-24,Male,Barcelona,Barcelona  ,Brazil,BR,,,,0:00:00,0:00:00,,0,0,0,0,0,0,99999,99999,99999,99999,99999,99999,99999,99999,99999,99999,99999,99999,DQ,0
Fabio,Carneiro,Fabio Carneiro,1396,M45-49,Male,Rio De Janeiro,BR-RJ,Brazil,BR,0:33:59,,,0:05:41,0:00:00,,2039,0,0,341,0,0,99999,99999,99999,212,199,22,99999,99999,99999,99999,99999,99999,DNF,0
Pablo,Ernesto Pereira Rodriguez,Pablo Ernesto Pereira Rodriguez,1232,M40-44,Male,,,Brazil,BR,,,,0:00:00,0:00:00,,0,0,0,0,0,0,99999,99999,99999,99999,99999,99999,99999,99999,99999,99999,99999,99999,DNS,0
Fabio,Campos Mello,Fabio Campos Mello,1538,M50-54,Male,Rio de Janeiro,Rio de Janeiro,Brazil,BR,,,,0:00:00,0:00:00,,0,0,0,0,0,0,99999,99999,99999,99999,99999,99999,99999,99999,99999,99999,99999,99999,DNS,0
Cauã,Diniz,Cauã Diniz,27,MPRO,Male,Garopaba,SC,Brazil,BR,,,,0:00:00,0:00:00,,0,0,0,0,0,0,99999,99999,99999,99999,99999,99999,99999,99999,99999,99999,99999,99999,DNS,0
Augusto,Pestana,Augusto Pestana,515,M30-34,Male,Porto Alegre,Rio Grande do Sul,Brazil,BR,,,,0:00:00,0:00:00,,0,0,0,0,0,0,99999,99999,99999,99999,99999,99999,99999,99999,99999,99999,99999,99999,DNS,0
Bruno,Archetti Dos Santos,Bruno Archetti Dos Santos,1040,M40-44,Male,,,Brazil,BR,,,,0:00:00,0:00:00,,0,0,0,0,0,0,99999,99999,99999,99999,99999,99999,99999,99999,99999,99999,99999,99999,DNS,0
Paula,Dines,Paula Dines,1614,F55-59,Female,OLIVOS,Buenos Aires,Argentina,AR,,,,0:00:00,0:00:00,,0,0,0,0,0,0,99999,99999,99999,99999,99999,99999,99999,99999,99999,99999,99999,99999,DQ,0
Joao,Pestana Goncalves Faria,Joao Pestana Goncalves Faria,444,M30-34,Male,,,Brazil,BR,,,,0:00:00,0:00:00,,0,0,0,0,0,0,99999,99999,99999,99999,99999,99999,99999,99999,99999,99999,99999,99999,DNS,0
Hans,Reuter Lima,Hans Reuter Lima,413,M30-34,Male,,,Brazil,BR,,,,0:00:00,0:00:00,,0,0,0,0,0,0,99999,99999,99999,99999,99999,99999,99999,99999,99999,99999,99999,99999,DNS,0
Ivan,Mesquita De Medeiros,Ivan Mesquita De Medeiros,1195,M40-44,Male,Rio De Janeiro,RJ,Brazil,BR,,,,0:00:00,0:00:00,,0,0,0,0,0,0,99999,99999,99999,99999,99999,99999,99999,99999,99999,99999,99999,99999,DNS,0
Ary,Carlos Laydner Junior,Ary Carlos Laydner Junior,1376,M45-49,Male,,,Brazil,BR,,,,0:00:00,0:00:00,,0,0,0,0,0,0,99999,99999,99999,99999,99999,99999,99999,99999,99999,99999,99999,99999,DNS,0
Roberto,Poton Martins,Roberto Poton Martins,1019,M40-44,Male,Rio De Janeiro,RJ,Brazil,BR,,,,0:00:00,0:00:00,,0,0,0,0,0,0,99999,99999,99999,99999,99999,99999,99999,99999,99999,99999,99999,99999,DNS,0
Pedro,Werneck,Pedro Werneck,754,M35-39,Male,Rio de Janeiro,Non-US/Canada,Brazil,BR,,,,0:00:00,0:00:00,,0,0,0,0,0,0,99999,99999,99999,99999,99999,99999,99999,99999,99999,99999,99999,99999,DNS,0
Pedro,Monjardim,Pedro Monjardim,214,M25-29,Male,Rio de Janeiro,RJ,Brazil,BR,,,,0:00:00,0:00:00,,0,0,0,0,0,0,99999,99999,99999,99999,99999,99999,99999,99999,99999,99999,99999,99999,DNS,0
Thiago,Machado Chacur,Thiago Machado Chacur,674,M35-39,Male,,,Brazil,BR,,,,0:00:00,0:00:00,,0,0,0,0,0,0,99999,99999,99999,99999,99999,99999,99999,99999,99999,99999,99999,99999,DNS,0
Sarah,Tanus Machado Vianna,Sarah Tanus Machado Vianna,1466,F40-44,Female,,,Brazil,BR,,,,0:00:00,0:00:00,,0,0,0,0,0,0,99999,99999,99999,99999,99999,99999,99999,99999,99999,99999,99999,99999,DNS,0
Olga Lydia,Rodriguez Lima,Olga Lydia Rodriguez Lima,1620,F55-59,Female,CAROLINA,PR,United States,US,0:52:32,,,0:12:17,0:00:00,,3152,0,0,737,0,0,99999,99999,99999,1301,210,7,99999,99999,99999,99999,99999,99999,DNF,0
Kenneth,Lewis,Kenneth Lewis,1713,M80-84,Male,SCOTTSDALE,AZ,United States,US,,,,0:00:00,0:00:00,,0,0,0,0,0,0,99999,99999,99999,99999,99999,99999,99999,99999,99999,99999,99999,99999,DNS,0
Antonio,Izaguirre,Antonio Izaguirre,590,M30-34,Male,Rockville,US-MD,Honduras,HN,,,,0:00:00,0:00:00,,0,0,0,0,0,0,99999,99999,99999,99999,99999,99999,99999,99999,99999,99999,99999,99999,DNS,0
Marcos,Flavio Andrade,Marcos Flavio Andrade,620,M35-39,Male,Belo Horizonte,MG,Brazil,BR,,,,0:00:00,0:00:00,,0,0,0,0,0,0,99999,99999,99999,99999,99999,99999,99999,99999,99999,99999,99999,99999,DNS,0
Monica,Jatoba De Lima,Monica Jatoba De Lima,1621,F55-59,Female,Rio De Janeiro,RJ,Brazil,BR,,,,0:00:00,0:00:00,,0,0,0,0,0,0,99999,99999,99999,99999,99999,99999,99999,99999,99999,99999,99999,99999,DQ,0
Cristiano,Gomes Mazzini,Cristiano Gomes Mazzini,1372,M45-49,Male,,,Brazil,BR,,,,0:00:00,0:00:00,,0,0,0,0,0,0,99999,99999,99999,99999,99999,99999,99999,99999,99999,99999,99999,99999,DNS,0
Rui,Ricardo Castanheira,Rui Ricardo Castanheira,1667,M55-59,Male,,,Brazil,BR,,,,0:00:00,0:00:00,,0,0,0,0,0,0,99999,99999,99999,99999,99999,99999,99999,99999,99999,99999,99999,99999,DNS,0
Mariana,Furtado Boreli,Mariana Furtado Boreli,941,F35-39,Female,,,Brazil,BR,,,,0:00:00,0:00:00,,0,0,0,0,0,0,99999,99999,99999,99999,99999,99999,99999,99999,99999,99999,99999,99999,DNS,0
Rubens,Felipe Quintanilha De Carvalho,Rubens Felipe Quintanilha De Carvalho,1144,M40-44,Male,,,Netherlands,NL,,,,0:00:00,0:00:00,,0,0,0,0,0,0,99999,99999,99999,99999,99999,99999,99999,99999,99999,99999,99999,99999,DNS,0
Priscila,Santos,Priscila Santos,1422,F40-44,Female,Houston,TX,Brazil,BR,,,,0:00:00,0:00:00,,0,0,0,0,0,0,99999,99999,99999,99999,99999,99999,99999,99999,99999,99999,99999,99999,DNS,0
Nathalia,Soares Gomes,Nathalia Soares Gomes,992,F35-39,Female,Rio De Janeiro,RJ,Brazil,BR,,,,0:00:00,0:00:00,,0,0,0,0,0,0,99999,99999,99999,99999,99999,99999,99999,99999,99999,99999,99999,99999,DQ,0
Andreia ,Spengler,Andreia Spengler,971,F35-39,Female,Campo Grande,MS,Brazil,BR,,,,0:00:00,0:00:00,,0,0,0,0,0,0,99999,99999,99999,99999,99999,99999,99999,99999,99999,99999,99999,99999,DNS,0
Bruno,Cotecchia,Bruno Cotecchia,1588,M50-54,Male,Rio de Janeiro,Rio de Janeiro,Brazil,BR,,,,0:00:00,0:00:00,,0,0,0,0,0,0,99999,99999,99999,99999,99999,99999,99999,99999,99999,99999,99999,99999,DNS,0
Gustavo,Bravin Ouaknine,Gustavo Bravin Ouaknine,1729,M35-39,Male,Curitiba,PR,Brazil,BR,,,,0:00:00,0:00:00,,0,0,0,0,0,0,99999,99999,99999,99999,99999,99999,99999,99999,99999,99999,99999,99999,DNS,0
Bruna,Stolf,Bruna Stolf,5008,FPRO,Female,Balneário Camboriú,BR-SC,Brazil,BR,,,,0:00:00,0:00:00,,0,0,0,0,0,0,99999,99999,99999,99999,99999,99999,99999,99999,99999,99999,99999,99999,DNS,0
Avraham,Cohen,Avraham Cohen,1662,M55-59,Male,,,Brazil,BR,,,,0:00:00,0:00:00,,0,0,0,0,0,0,99999,99999,99999,99999,99999,99999,99999,99999,99999,99999,99999,99999,DNS,0
Alexandre,Galvão,Alexandre Galvão,1356,M45-49,Male,Rio de Janeiro,RJ,Brazil,BR,,,,0:00:00,0:00:00,,0,0,0,0,0,0,99999,99999,99999,99999,99999,99999,99999,99999,99999,99999,99999,99999,DNS,0
Antonio,Salvador Valenzuela,Antonio Salvador Valenzuela,1629,M60-64,Male,La Molina,Lima,Peru,PE,0:53:57,,,0:11:39,0:00:00,,3237,0,0,699,0,0,99999,99999,99999,1318,1106,18,99999,99999,99999,99999,99999,99999,DNF,0
Douglas,Medeiros,Douglas Medeiros,604,M35-39,Male,Rio de Janeiro,Rio de Janeiro,Brazil,BR,,,,0:00:00,0:00:00,,0,0,0,0,0,0,99999,99999,99999,99999,99999,99999,99999,99999,99999,99999,99999,99999,DNS,0
Guilherme,Carvalho Almeida,Guilherme Carvalho Almeida,696,M35-39,Male,Rio De Janeiro,RJ,Brazil,BR,,,,0:00:00,0:00:00,,0,0,0,0,0,0,99999,99999,99999,99999,99999,99999,99999,99999,99999,99999,99999,99999,DNS,0
Rafael,Herchenhorn,Rafael Herchenhorn,105,M18-24,Male,,,Brazil,BR,,,,0:00:00,0:00:00,,0,0,0,0,0,0,99999,99999,99999,99999,99999,99999,99999,99999,99999,99999,99999,99999,DNS,0
Vanessa,Lacerda,Vanessa Lacerda,1412,F40-44,Female,Londrina,PR,Brazil,BR,,,,0:00:00,0:00:00,,0,0,0,0,0,0,99999,99999,99999,99999,99999,99999,99999,99999,99999,99999,99999,99999,DNS,0
Camila,Lucena Carneiro De Albuquerque,Camila Lucena Carneiro De Albuquerque,1457,F40-44,Female,Recife,BR-PE,Brazil,BR,,,,0:00:00,0:00:00,,0,0,0,0,0,0,99999,99999,99999,99999,99999,99999,99999,99999,99999,99999,99999,99999,DNS,0
Thiago,Belo Amaral De Oliveira,Thiago Belo Amaral De Oliveira,837,M35-39,Male,Extrema,MG,Brazil,BR,0:45:22,,,0:19:15,0:00:00,,2722,0,0,1155,0,0,99999,99999,99999,1067,911,197,99999,99999,99999,99999,99999,99999,DNF,0
Luiz,Gustavo Almeida Dos Santos,Luiz Gustavo Almeida Dos Santos,412,M30-34,Male,,,Brazil,BR,,,,0:00:00,0:00:00,,0,0,0,0,0,0,99999,99999,99999,99999,99999,99999,99999,99999,99999,99999,99999,99999,DQ,0
Luis,Rivas Walter,Luis Rivas Walter,1288,M45-49,Male,Rio de Janeiro,BR-RJ,Brazil,BR,,,,0:00:00,0:00:00,,0,0,0,0,0,0,99999,99999,99999,99999,99999,99999,99999,99999,99999,99999,99999,99999,DNS,0
Matheus,Diniz,Matheus Diniz,26,MPRO,Male,Goiânia ,BR-GO,Brazil,BR,0:24:16,2:24:46,,0:03:39,0:01:58,,1456,8686,0,219,118,0,99999,99999,99999,9,9,9,30,29,21,99999,99999,99999,DNF,0
Maria,Dias,Maria Dias,329,F25-29,Female,Fortaleza,Ceará,Brazil,BR,,,,0:00:00,0:00:00,,0,0,0,0,0,0,99999,99999,99999,99999,99999,99999,99999,99999,99999,99999,99999,99999,DNS,0
Otavio,Ribeiro,Otavio Ribeiro,375,M30-34,Male,rio de janeiro,,Brazil,BR,,,,0:00:00,0:00:00,,0,0,0,0,0,0,99999,99999,99999,99999,99999,99999,99999,99999,99999,99999,99999,99999,DNS,0
Joao,Victor De Araujo Ferreira,Joao Victor De Araujo Ferreira,716,M35-39,Male,,,Brazil,BR,,,,0:00:00,0:00:00,,0,0,0,0,0,0,99999,99999,99999,99999,99999,99999,99999,99999,99999,99999,99999,99999,DNS,0
Ana,Orsi,Ana Orsi,326,F25-29,Female,São Paulo,São Paulo,Brazil,BR,,,,0:00:00,0:00:00,,0,0,0,0,0,0,99999,99999,99999,99999,99999,99999,99999,99999,99999,99999,99999,99999,DNS,0
Fabio,Nasser,Fabio Nasser,1186,M40-44,Male,Miguel Pereira,BR-RJ,Brazil,BR,,,,0:00:00,0:00:00,,0,0,0,0,0,0,99999,99999,99999,99999,99999,99999,99999,99999,99999,99999,99999,99999,DNS,0
Catia,Aparecida Vieira,Catia Aparecida Vieira,1625,F60-64,Female,Belo Horizonte,BR-MG,Brazil,BR,,,,0:00:00,0:00:00,,0,0,0,0,0,0,99999,99999,99999,99999,99999,99999,99999,99999,99999,99999,99999,99999,DNS,0
Lauro,Durães,Lauro Durães,1409,M45-49,Male,BELO HORIZONTE,,Brazil,BR,,,,0:00:00,0:00:00,,0,0,0,0,0,0,99999,99999,99999,99999,99999,99999,99999,99999,99999,99999,99999,99999,DNS,0
Jovane,Duarte Batista Junior,Jovane Duarte Batista Junior,378,M30-34,Male,Joao Pessoa,PB,Brazil,BR,,,,0:00:00,0:00:00,,0,0,0,0,0,0,99999,99999,99999,99999,99999,99999,99999,99999,99999,99999,99999,99999,DNS,0
Gabriel,Freire,Gabriel Freire,217,M25-29,Male,Nova Lima,MG,Brazil,BR,,,,0:00:00,0:00:00,,0,0,0,0,0,0,99999,99999,99999,99999,99999,99999,99999,99999,99999,99999,99999,99999,DNS,0
GUILHERME,VAZ,GUILHERME VAZ,381,M30-34,Male,são paulo,BR-SP,Brazil,BR,0:29:27,2:20:32,,0:04:57,0:01:35,,1767,8432,0,297,95,0,99999,99999,99999,68,63,8,39,38,4,99999,99999,99999,DNF,0
Izidoro,Pires Santana Junior,Izidoro Pires Santana Junior,807,M35-39,Male,,,Brazil,BR,,,,0:00:00,0:00:00,,0,0,0,0,0,0,99999,99999,99999,99999,99999,99999,99999,99999,99999,99999,99999,99999,DNS,0
Rafael,Belmonte,Rafael Belmonte,743,M35-39,Male,Sao Paulo,SP,Brazil,BR,,,,0:00:00,0:00:00,,0,0,0,0,0,0,99999,99999,99999,99999,99999,99999,99999,99999,99999,99999,99999,99999,DNS,0
Felisberto,Ferreira Da Silva Junior,Felisberto Ferreira Da Silva Junior,1034,M40-44,Male,Cuiaba,MT,Brazil,BR,,,,0:00:00,0:00:00,,0,0,0,0,0,0,99999,99999,99999,99999,99999,99999,99999,99999,99999,99999,99999,99999,DNS,0
Helvio,Oliveira Carvalho,Helvio Oliveira Carvalho,546,M30-34,Male,São Luis,MA,Brazil,BR,,,,0:00:00,0:00:00,,0,0,0,0,0,0,99999,99999,99999,99999,99999,99999,99999,99999,99999,99999,99999,99999,DNS,0
Laura,Do Carmo Olegario Gabinio,Laura Do Carmo Olegario Gabinio,1417,F40-44,Female,,,Brazil,BR,,,,0:00:00,0:00:00,,0,0,0,0,0,0,99999,99999,99999,99999,99999,99999,99999,99999,99999,99999,99999,99999,DNS,0
Julio Cesar,Flores Estela,Julio Cesar Flores Estela,858,M35-39,Male,Lima,PE-LIM,Peru,PE,,,,0:00:00,0:00:00,,0,0,0,0,0,0,99999,99999,99999,99999,99999,99999,99999,99999,99999,99999,99999,99999,DQ,0
Pedro,Souto Maceira Carmagnanis Montebello,Pedro Souto Maceira Carmagnanis Montebello,272,M25-29,Male,,,Brazil,BR,,,,0:00:00,0:00:00,,0,0,0,0,0,0,99999,99999,99999,99999,99999,99999,99999,99999,99999,99999,99999,99999,DNS,0
Tiago,Gomes,Tiago Gomes,565,M30-34,Male,Fortaleza,BR-Ce,Brazil,BR,,,,0:00:00,0:00:00,,0,0,0,0,0,0,99999,99999,99999,99999,99999,99999,99999,99999,99999,99999,99999,99999,DNS,0
Mauricio,Borges,Mauricio Borges,1565,M50-54,Male,Goiania,Goias,Brazil,BR,0:34:01,,,0:14:56,0:00:00,,2041,0,0,896,0,0,99999,99999,99999,217,204,8,99999,99999,99999,99999,99999,99999,DNF,0
Viviane,Aquino Conceicao Lira,Viviane Aquino Conceicao Lira,1461,F40-44,Female,Goiânia ,Goiás ,Brazil,BR,,,,0:00:00,0:00:00,,0,0,0,0,0,0,99999,99999,99999,99999,99999,99999,99999,99999,99999,99999,99999,99999,DQ,0
RODRIGO,LOIOLA DE ANDRADE,RODRIGO LOIOLA DE ANDRADE,1735,M45-49,Male,NOVA LIMA,MG,Brazil,BR,,,,0:00:00,0:00:00,,0,0,0,0,0,0,99999,99999,99999,99999,99999,99999,99999,99999,99999,99999,99999,99999,DNS,0
Joao,Felipe Pujol,Joao Felipe Pujol,1131,M40-44,Male,Rio De Janeiro,RJ,Brazil,BR,,,,0:00:00,0:00:00,,0,0,0,0,0,0,99999,99999,99999,99999,99999,99999,99999,99999,99999,99999,99999,99999,DNS,0
Joao,Batista Marques Junior,Joao Batista Marques Junior,1207,M40-44,Male,,,Brazil,BR,,,,0:00:00,0:00:00,,0,0,0,0,0,0,99999,99999,99999,99999,99999,99999,99999,99999,99999,99999,99999,99999,DNS,0
Marcio,Fonseca,Marcio Fonseca,1184,M40-44,Male,Brasilia,Federal District,Brazil,BR,,,,0:00:00,0:00:00,,0,0,0,0,0,0,99999,99999,99999,99999,99999,99999,99999,99999,99999,99999,99999,99999,DQ,0
Conrado,Campolim Carvalho,Conrado Campolim Carvalho,1154,M40-44,Male,Itapeva,SP,Brazil,BR,,,,0:00:00,0:00:00,,0,0,0,0,0,0,99999,99999,99999,99999,99999,99999,99999,99999,99999,99999,99999,99999,DNS,0
Rafaella,Lins De Barros,Rafaella Lins De Barros,1427,F40-44,Female,Rio de janeiro,Rio de janeiro,Brazil,BR,,,,0:00:00,0:00:00,,0,0,0,0,0,0,99999,99999,99999,99999,99999,99999,99999,99999,99999,99999,99999,99999,DNS,0
Marcelo,Fernandes Barrios,Marcelo Fernandes Barrios,1110,M40-44,Male,Piracicaba,BR-SP,Brazil,BR,,,,0:00:00,0:00:00,,0,0,0,0,0,0,99999,99999,99999,99999,99999,99999,99999,99999,99999,99999,99999,99999,DNS,0
Acyr,Da luz,Acyr Da luz,1510,M50-54,Male,BELMONT,CA,United States,US,,,,0:00:00,0:00:00,,0,0,0,0,0,0,99999,99999,99999,99999,99999,99999,99999,99999,99999,99999,99999,99999,DQ,0
Rosario ,Moya Perez,Rosario Moya Perez,949,F35-39,Female,La Molina,Lima,Peru,PE,,,,0:00:00,0:00:00,,0,0,0,0,0,0,99999,99999,99999,99999,99999,99999,99999,99999,99999,99999,99999,99999,DQ,0
Gabriella,Nogueira,Gabriella Nogueira,990,F35-39,Female,,,Brazil,BR,,,,0:00:00,0:00:00,,0,0,0,0,0,0,99999,99999,99999,99999,99999,99999,99999,99999,99999,99999,99999,99999,DNS,0
Eduarda,Bernardes Sensi,Eduarda Bernardes Sensi,295,F18-24,Female,,,Brazil,BR,,,,0:00:00,0:00:00,,0,0,0,0,0,0,99999,99999,99999,99999,99999,99999,99999,99999,99999,99999,99999,99999,DNS,0
Gustavo,Mello,Gustavo Mello,283,M25-29,Male,Rio De Janeiro,RJ,Brazil,BR,0:42:13,,,0:00:00,0:00:00,,2533,0,0,0,0,0,99999,99999,99999,865,748,82,99999,99999,99999,99999,99999,99999,DNF,0
Thais,Cristina Mendonca Nogueira,Thais Cristina Mendonca Nogueira,989,F35-39,Female,,,Brazil,BR,,,,0:00:00,0:00:00,,0,0,0,0,0,0,99999,99999,99999,99999,99999,99999,99999,99999,99999,99999,99999,99999,DQ,0
Julio,Ribeiro,Julio Ribeiro,742,M35-39,Male,Rio de Janeiro,Rio de Janeiro,Brazil,BR,,,,0:00:00,0:00:00,,0,0,0,0,0,0,99999,99999,99999,99999,99999,99999,99999,99999,99999,99999,99999,99999,DNS,0
Joao,Victor Vargas Rego Barros,Joao Victor Vargas Rego Barros,459,M30-34,Male,Rio De Janeiro,RJ,Brazil,BR,,,,0:00:00,0:00:00,,0,0,0,0,0,0,99999,99999,99999,99999,99999,99999,99999,99999,99999,99999,99999,99999,DNS,0
Bruno,Haddad Silva,Bruno Haddad Silva,558,M30-34,Male,Rio De Janeiro,RJ,Brazil,BR,,,,0:00:00,0:00:00,,0,0,0,0,0,0,99999,99999,99999,99999,99999,99999,99999,99999,99999,99999,99999,99999,DQ,0
Pedro,De Castro Lang,Pedro De Castro Lang,481,M30-34,Male,,,Brazil,BR,,,,0:00:00,0:00:00,,0,0,0,0,0,0,99999,99999,99999,99999,99999,99999,99999,99999,99999,99999,99999,99999,DQ,0
Lucas,Padua Afonso,Lucas Padua Afonso,126,M18-24,Male,,,Brazil,BR,,,,0:00:00,0:00:00,,0,0,0,0,0,0,99999,99999,99999,99999,99999,99999,99999,99999,99999,99999,99999,99999,DNS,0
Claudemir,Barros,Claudemir Barros,613,M35-39,Male,Belém ,Para ,Brazil,BR,,,,0:00:00,0:00:00,,0,0,0,0,0,0,99999,99999,99999,99999,99999,99999,99999,99999,99999,99999,99999,99999,DNS,0
Lucas,Soares Coelho,Lucas Soares Coelho,131,M18-24,Male,São Paulo,São Paulo,Brazil,BR,,,,0:00:00,0:00:00,,0,0,0,0,0,0,99999,99999,99999,99999,99999,99999,99999,99999,99999,99999,99999,99999,DNS,0
Fábio,Peralta,Fábio Peralta,1675,M55-59,Male,Sao Paulo,BR-SP,Brazil,BR,0:41:08,3:04:25,,0:07:20,0:04:18,,2468,11065,0,440,258,0,99999,99999,99999,802,700,28,704,627,26,99999,99999,99999,DNF,0
Felipe,Wagner Do R Barros,Felipe Wagner Do R Barros,363,M30-34,Male,Campos Dos Goytacazes,RJ,Brazil,BR,,,,0:00:00,0:00:00,,0,0,0,0,0,0,99999,99999,99999,99999,99999,99999,99999,99999,99999,99999,99999,99999,DNS,0
JOAO,DE LIMA TEIXEIRA NETO,JOAO DE LIMA TEIXEIRA NETO,1529,M50-54,Male,RIO DE JANEIRO,RJ,Brazil,BR,0:35:29,,,0:07:39,0:00:00,,2129,0,0,459,0,0,99999,99999,99999,307,288,13,99999,99999,99999,99999,99999,99999,DNF,0
Bernardo,Nacif De Moura,Bernardo Nacif De Moura,467,M30-34,Male,,,Brazil,BR,,,,0:00:00,0:00:00,,0,0,0,0,0,0,99999,99999,99999,99999,99999,99999,99999,99999,99999,99999,99999,99999,DNS,0
Kevin,Kim,Kevin Kim,1274,M45-49,Male,houston,TX,United States,US,,,,0:00:00,0:00:00,,0,0,0,0,0,0,99999,99999,99999,99999,99999,99999,99999,99999,99999,99999,99999,99999,DNS,0
Matheus,Pichergill,Matheus Pichergill,1076,M40-44,Male,Porto Alegre,Rio Grande do Sul,Brazil,BR,,,,0:00:00,0:00:00,,0,0,0,0,0,0,99999,99999,99999,99999,99999,99999,99999,99999,99999,99999,99999,99999,DNS,0
Cleber,Soares De Souza,Cleber Soares De Souza,1506,M50-54,Male,,,Brazil,BR,,,,0:00:00,0:00:00,,0,0,0,0,0,0,99999,99999,99999,99999,99999,99999,99999,99999,99999,99999,99999,99999,DNS,0
Carlos,Eduardo Esteves Conde Sangenis,Carlos Eduardo Esteves Conde Sangenis,1498,M50-54,Male,Rio De Janeiro,RJ,Brazil,BR,,,,0:00:00,0:00:00,,0,0,0,0,0,0,99999,99999,99999,99999,99999,99999,99999,99999,99999,99999,99999,99999,DNS,0
Thiago,Coelho De Paula,Thiago Coelho De Paula,1361,M45-49,Male,,,Brazil,BR,,,,0:00:00,0:00:00,,0,0,0,0,0,0,99999,99999,99999,99999,99999,99999,99999,99999,99999,99999,99999,99999,DNS,0
Patrick,Freitas,Patrick Freitas,123,M18-24,Male,Maracaju,MATO GROSSO DO SUL,Brazil,BR,0:37:15,3:29:14,,0:12:12,0:00:00,,2235,12554,0,732,0,0,99999,99999,99999,460,417,23,1073,929,42,99999,99999,99999,DNF,0
Raissa,Branco,Raissa Branco,314,F25-29,Female,,,Brazil,BR,,,,0:00:00,0:00:00,,0,0,0,0,0,0,99999,99999,99999,99999,99999,99999,99999,99999,99999,99999,99999,99999,DNS,0
Luiz,Claudio Silva Jardim Marinho,Luiz Claudio Silva Jardim Marinho,1679,M55-59,Male,Rio de Janeiro,BR-RJ,Brazil,BR,0:44:15,4:00:29,,0:12:12,0:09:15,,2655,14429,0,732,555,0,99999,99999,99999,1002,856,34,1319,1105,41,99999,99999,99999,DNF,0
Raul,Marques,Raul Marques,1004,M40-44,Male,Londrina,PR,Brazil,BR,,,,0:00:00,0:00:00,,0,0,0,0,0,0,99999,99999,99999,99999,99999,99999,99999,99999,99999,99999,99999,99999,DNS,0
Ricardo,Toledo,Ricardo Toledo,1670,M55-59,Male,san clemente,CA,Brazil,BR,,,,0:00:00,0:00:00,,0,0,0,0,0,0,99999,99999,99999,99999,99999,99999,99999,99999,99999,99999,99999,99999,DQ,0
Luan,Paes Da Silva,Luan Paes Da Silva,647,M35-39,Male,,,Brazil,BR,,,,0:00:00,0:00:00,,0,0,0,0,0,0,99999,99999,99999,99999,99999,99999,99999,99999,99999,99999,99999,99999,DQ,0
Wilson,Duarte,Wilson Duarte,1707,M65-69,Male,,,Brazil,BR,,,,0:00:00,0:00:00,,0,0,0,0,0,0,99999,99999,99999,99999,99999,99999,99999,99999,99999,99999,99999,99999,DNS,0
Eduardo,Cupolilo,Eduardo Cupolilo,1279,M45-49,Male,Juiz De Fora,Minas Gerais,Brazil,BR,,,,0:00:00,0:00:00,,0,0,0,0,0,0,99999,99999,99999,99999,99999,99999,99999,99999,99999,99999,99999,99999,DNS,0
Jonathan,Moore,Jonathan Moore,1276,M45-49,Male,Alameda,CA,United States,US,,,,0:00:00,0:00:00,,0,0,0,0,0,0,99999,99999,99999,99999,99999,99999,99999,99999,99999,99999,99999,99999,DNS,0
Liz Eliana,Huacachi Palomino,Liz Eliana Huacachi Palomino,950,F35-39,Female,Lima,PE-LIM,Peru,PE,,,,0:00:00,0:00:00,,0,0,0,0,0,0,99999,99999,99999,99999,99999,99999,99999,99999,99999,99999,99999,99999,DQ,0
Alessandra,Camisotti,Alessandra Camisotti,936,F30-34,Female,Indaiatuba,BR-SP,Brazil,BR,,,,0:00:00,0:00:00,,0,0,0,0,0,0,99999,99999,99999,99999,99999,99999,99999,99999,99999,99999,99999,99999,DNS,0
Andy,Bagshaw,Andy Bagshaw,800,M35-39,Male,Aberdeen,GB-SCT,United Kingdom,GB,,,,0:00:00,0:00:00,,0,0,0,0,0,0,99999,99999,99999,99999,99999,99999,99999,99999,99999,99999,99999,99999,DNS,0
Reuber,Couto lopes,Reuber Couto lopes,1303,M45-49,Male,São Paulo ,BR-SP,Brazil,BR,,,,0:00:00,0:00:00,,0,0,0,0,0,0,99999,99999,99999,99999,99999,99999,99999,99999,99999,99999,99999,99999,DNS,0
Andre,Augusto Pimentel Rentes,Andre Augusto Pimentel Rentes,1141,M40-44,Male,SAO PAULO,SAO PAULO,Brazil,BR,,,,0:00:00,0:00:00,,0,0,0,0,0,0,99999,99999,99999,99999,99999,99999,99999,99999,99999,99999,99999,99999,DNS,0
Schubert,Abreu,Schubert Abreu,1290,M45-49,Male,Brasilia,DF,Brazil,BR,0:32:47,,,0:11:22,0:00:00,,1967,0,0,682,0,0,99999,99999,99999,167,157,13,99999,99999,99999,99999,99999,99999,DNF,0
Alexandre,Tavares Boyd,Alexandre Tavares Boyd,1684,M60-64,Male,Rio de Janeiro,Rio de Janeiro,Brazil,BR,,,,0:00:00,0:00:00,,0,0,0,0,0,0,99999,99999,99999,99999,99999,99999,99999,99999,99999,99999,99999,99999,DNS,0
mateus,van der hulst,mateus van der hulst,1133,M40-44,Male,Campinas,BR-SP,Brazil,BR,,,,0:00:00,0:00:00,,0,0,0,0,0,0,99999,99999,99999,99999,99999,99999,99999,99999,99999,99999,99999,99999,DNS,0
Ariana,Bassi,Ariana Bassi,902,F30-34,Female,Nova Iguacu,RJ,Brazil,BR,,,,0:00:00,0:00:00,,0,0,0,0,0,0,99999,99999,99999,99999,99999,99999,99999,99999,99999,99999,99999,99999,DQ,0
Américo ,Fonseca Portela Neto,Américo Fonseca Portela Neto,1310,M45-49,Male,Formiga,Minas Gerais ,Brazil,BR,,,,0:00:00,0:00:00,,0,0,0,0,0,0,99999,99999,99999,99999,99999,99999,99999,99999,99999,99999,99999,99999,DNS,0
Gustavo,De Moraes Maciel,Gustavo De Moraes Maciel,1683,M60-64,Male,BRASILIA,Distrito Federal,Brazil,BR,,,,0:00:00,0:00:00,,0,0,0,0,0,0,99999,99999,99999,99999,99999,99999,99999,99999,99999,99999,99999,99999,DNS,0
Felipe,Regis E Silva,Felipe Regis E Silva,1055,M40-44,Male,Sao Paulo,SP,Brazil,BR,,,,0:00:00,0:00:00,,0,0,0,0,0,0,99999,99999,99999,99999,99999,99999,99999,99999,99999,99999,99999,99999,DNS,0
Joao,Paulo Alfaia Peixoto Rovetta,Joao Paulo Alfaia Peixoto Rovetta,374,M30-34,Male,Rio De Janeiro,RJ,Brazil,BR,,,,0:00:00,0:00:00,,0,0,0,0,0,0,99999,99999,99999,99999,99999,99999,99999,99999,99999,99999,99999,99999,DNS,0
Pablo,Dos Santos Ribeiro,Pablo Dos Santos Ribeiro,662,M35-39,Male,Nova Friburgo,BR-RJ,Brazil,BR,,,,0:00:00,0:00:00,,0,0,0,0,0,0,99999,99999,99999,99999,99999,99999,99999,99999,99999,99999,99999,99999,DNS,0
Lauane,Cristina Marques Postigo Perin,Lauane Cristina Marques Postigo Perin,309,F25-29,Female,,,Brazil,BR,0:58:33,,,0:12:29,0:00:00,,3513,0,0,749,0,0,99999,99999,99999,1349,220,30,99999,99999,99999,99999,99999,99999,DNF,0
Mariana,Cardoso Rocha,Mariana Cardoso Rocha,983,F35-39,Female,Rio de Janeiro ,BR-RJ,Brazil,BR,,,,0:00:00,0:00:00,,0,0,0,0,0,0,99999,99999,99999,99999,99999,99999,99999,99999,99999,99999,99999,99999,DNS,0
Fernando,Henrique Villas Boas,Fernando Henrique Villas Boas,587,M30-34,Male,,,Brazil,BR,,,,0:00:00,0:00:00,,0,0,0,0,0,0,99999,99999,99999,99999,99999,99999,99999,99999,99999,99999,99999,99999,DNS,0
ULISSES,MEDEIROS JUNIOR,ULISSES MEDEIROS JUNIOR,1169,M40-44,Male,RIO VERDE DE MATO GROSSO,MS,Brazil,BR,,,,0:00:00,0:00:00,,0,0,0,0,0,0,99999,99999,99999,99999,99999,99999,99999,99999,99999,99999,99999,99999,DQ,0
Lucas,Vieira Da Rocha,Lucas Vieira Da Rocha,483,M30-34,Male,,,Brazil,BR,,,,0:00:00,0:00:00,,0,0,0,0,0,0,99999,99999,99999,99999,99999,99999,99999,99999,99999,99999,99999,99999,DNS,0
Maria Paula,Reis Carletto,Maria Paula Reis Carletto,327,F25-29,Female,Salvador,BR-BA,Brazil,BR,,,,0:00:00,0:00:00,,0,0,0,0,0,0,99999,99999,99999,99999,99999,99999,99999,99999,99999,99999,99999,99999,DNS,0
Maria Eduarda ,Macedo ,Maria Eduarda Macedo,319,F25-29,Female,Resende ,Rio de Janeiro,Brazil,BR,,,,0:00:00,0:00:00,,0,0,0,0,0,0,99999,99999,99999,99999,99999,99999,99999,99999,99999,99999,99999,99999,DNS,0
Jayme,Campos Vianna,Jayme Campos Vianna,1708,M65-69,Male,São Paulo,SP,Brazil,BR,,,,0:00:00,0:00:00,,0,0,0,0,0,0,99999,99999,99999,99999,99999,99999,99999,99999,99999,99999,99999,99999,DQ,0
Vinicius,Paulo Mesquita,Vinicius Paulo Mesquita,1109,M40-44,Male,,,Brazil,BR,,,,0:00:00,0:00:00,,0,0,0,0,0,0,99999,99999,99999,99999,99999,99999,99999,99999,99999,99999,99999,99999,DNS,0
Noemi,Elizabeth,Noemi Elizabeth,938,F30-34,Female,Lima,PE-LIM,Peru,PE,,,,0:00:00,0:00:00,,0,0,0,0,0,0,99999,99999,99999,99999,99999,99999,99999,99999,99999,99999,99999,99999,DQ,0
Camila,Poppi,Camila Poppi,977,F35-39,Female,UBATUBA,SP,Brazil,BR,,,,0:00:00,0:00:00,,0,0,0,0,0,0,99999,99999,99999,99999,99999,99999,99999,99999,99999,99999,99999,99999,DNS,0
Silvana,Thebaldi Pereira,Silvana Thebaldi Pereira,1618,F55-59,Female,Vitoria,ES,Brazil,BR,0:41:20,,,0:08:46,0:00:00,,2480,0,0,526,0,0,99999,99999,99999,816,108,2,99999,99999,99999,99999,99999,99999,DNF,0
Nathalia,Fukuchi,Nathalia Fukuchi,998,F35-39,Female,,,Brazil,BR,,,,0:00:00,0:00:00,,0,0,0,0,0,0,99999,99999,99999,99999,99999,99999,99999,99999,99999,99999,99999,99999,DNS,0
Marcio,Araujo,Marcio Araujo,1257,M45-49,Male,Fortaleza,CE,Brazil,BR,,,,0:00:00,0:00:00,,0,0,0,0,0,0,99999,99999,99999,99999,99999,99999,99999,99999,99999,99999,99999,99999,DNS,0
Cássio ,Almeida,Cássio Almeida,1531,M50-54,Male,FORTALEZA,CEARA,Brazil,BR,,,,0:00:00,0:00:00,,0,0,0,0,0,0,99999,99999,99999,99999,99999,99999,99999,99999,99999,99999,99999,99999,DNS,0
ERON,MORAES,ERON MORAES,164,M25-29,Male,JUIZ DE FORA,MINAS GERAIS,Brazil,BR,,,,0:00:00,0:00:00,,0,0,0,0,0,0,99999,99999,99999,99999,99999,99999,99999,99999,99999,99999,99999,99999,DNS,0
Juliana,Lopes Bastos,Juliana Lopes Bastos,1439,F40-44,Female,Rio De Janeiro,RJ,Brazil,BR,,,,0:00:00,0:00:00,,0,0,0,0,0,0,99999,99999,99999,99999,99999,99999,99999,99999,99999,99999,99999,99999,DNS,0
Jonathan,Guisolan,Jonathan Guisolan,7,MPRO,Male,Morges,,Switzerland,CH,0:27:28,,,0:04:13,0:00:00,,1648,0,0,253,0,0,99999,99999,99999,31,28,18,99999,99999,99999,99999,99999,99999,DNF,0
Jose,Luiz Osti Muggiati Neto,Jose Luiz Osti Muggiati Neto,147,M18-24,Male,,,Brazil,BR,,,,0:00:00,0:00:00,,0,0,0,0,0,0,99999,99999,99999,99999,99999,99999,99999,99999,99999,99999,99999,99999,DNS,0
Larissa,Jesus de morais,Larissa Jesus de morais,973,F35-39,Female,Cascavel,Paraná,Brazil,BR,,,,0:00:00,0:00:00,,0,0,0,0,0,0,99999,99999,99999,99999,99999,99999,99999,99999,99999,99999,99999,99999,DQ,0
Ricardo,Zaparolli,Ricardo Zaparolli,1325,M45-49,Male,Ribeirao Preto,SP,Brazil,BR,,,,0:00:00,0:00:00,,0,0,0,0,0,0,99999,99999,99999,99999,99999,99999,99999,99999,99999,99999,99999,99999,DNS,0
Carlos,Eduardo Muniz Ferreira,Carlos Eduardo Muniz Ferreira,398,M30-34,Male,,,Brazil,BR,,,,0:00:00,0:00:00,,0,0,0,0,0,0,99999,99999,99999,99999,99999,99999,99999,99999,99999,99999,99999,99999,DQ,0
Felipe,Figueiredo Navarro,Felipe Figueiredo Navarro,159,M18-24,Male,Boston,MA,Brazil,BR,,,,0:00:00,0:00:00,,0,0,0,0,0,0,99999,99999,99999,99999,99999,99999,99999,99999,99999,99999,99999,99999,DNS,0
Juliana,Graciano De Resende,Juliana Graciano De Resende,957,F35-39,Female,CURITIBA,PARANA,Brazil,BR,,,,0:00:00,0:00:00,,0,0,0,0,0,0,99999,99999,99999,99999,99999,99999,99999,99999,99999,99999,99999,99999,DNS,0
Leonardo,Laport De Noli Vergueiro,Leonardo Laport De Noli Vergueiro,468,M30-34,Male,,,Brazil,BR,,,,0:00:00,0:00:00,,0,0,0,0,0,0,99999,99999,99999,99999,99999,99999,99999,99999,99999,99999,99999,99999,DNS,0
Bruno,Luigui Bevilacqua Franciosi,Bruno Luigui Bevilacqua Franciosi,417,M30-34,Male,,,Brazil,BR,,,,0:00:00,0:00:00,,0,0,0,0,0,0,99999,99999,99999,99999,99999,99999,99999,99999,99999,99999,99999,99999,DNS,0
Marcelo,Marinho,Marcelo Marinho,1253,M45-49,Male,Rio de Janeiro,,Brazil,BR,,,,0:00:00,0:00:00,,0,0,0,0,0,0,99999,99999,99999,99999,99999,99999,99999,99999,99999,99999,99999,99999,DNS,0
Adil,Vitorio,Adil Vitorio,1096,M40-44,Male,Belo Horizonte,BR-MG,Brazil,BR,0:37:39,2:37:16,,0:06:48,0:03:54,,2259,9436,0,408,234,0,99999,99999,99999,491,439,68,230,215,31,99999,99999,99999,DNF,0
Rodrigo,Frazao,Rodrigo Frazao,1517,M50-54,Male,Rio de Janeiro,Rio de Janeiro,Brazil,BR,,,,0:00:00,0:00:00,,0,0,0,0,0,0,99999,99999,99999,99999,99999,99999,99999,99999,99999,99999,99999,99999,DNS,0
Rogerio,Mattevi,Rogerio Mattevi,1666,M55-59,Male,Porto Alegre,RIO GRANDE DO SUL,Brazil,BR,,,,0:00:00,0:00:00,,0,0,0,0,0,0,99999,99999,99999,99999,99999,99999,99999,99999,99999,99999,99999,99999,DNS,0
Felipe,Maues Juca Soares,Felipe Maues Juca Soares,513,M30-34,Male,,,Brazil,BR,,,,0:00:00,0:00:00,,0,0,0,0,0,0,99999,99999,99999,99999,99999,99999,99999,99999,99999,99999,99999,99999,DNS,0
Rodrigo,Belli,Rodrigo Belli,265,M25-29,Male,Rio de Janeiro,,Brazil,BR,,,,0:00:00,0:00:00,,0,0,0,0,0,0,99999,99999,99999,99999,99999,99999,99999,99999,99999,99999,99999,99999,DNS,0
Keybo,Kalazy Canhetti Ciesca,Keybo Kalazy Canhetti Ciesca,1557,M50-54,Male,Santarem,PA,Brazil,BR,,,,0:00:00,0:00:00,,0,0,0,0,0,0,99999,99999,99999,99999,99999,99999,99999,99999,99999,99999,99999,99999,DNS,0
Joao,Teixeira Alvares Neto,Joao Teixeira Alvares Neto,11,MPRO,Male,Goiania,BR-GO,Brazil,BR,0:24:17,2:11:04,,0:04:11,0:01:20,,1457,7864,0,251,80,0,99999,99999,99999,10,10,10,10,10,10,99999,99999,99999,DNF,0
Carolina,Goldgrob ,Carolina Goldgrob,343,F25-29,Female,Rio de Janeiro,RJ,Brazil,BR,,,,0:00:00,0:00:00,,0,0,0,0,0,0,99999,99999,99999,99999,99999,99999,99999,99999,99999,99999,99999,99999,DNS,0
Roberto,Lucio Cerdeira Filho,Roberto Lucio Cerdeira Filho,1374,M45-49,Male,,,Brazil,BR,,,,0:00:00,0:00:00,,0,0,0,0,0,0,99999,99999,99999,99999,99999,99999,99999,99999,99999,99999,99999,99999,DNS,0
Daniela,Monfilier De Farias,Daniela Monfilier De Farias,1487,F45-49,Female,Campo Grande,BR-Mato Grosso do Sul,Brazil,BR,,,,0:00:00,0:00:00,,0,0,0,0,0,0,99999,99999,99999,99999,99999,99999,99999,99999,99999,99999,99999,99999,DNS,0
Michel,Helal,Michel Helal,1368,M45-49,Male,Rio de Janeiro,RJ,Brazil,BR,0:47:14,,,0:10:05,0:00:00,,2834,0,0,605,0,0,99999,99999,99999,1154,978,133,99999,99999,99999,99999,99999,99999,DNF,0
VINICIUS,FERREIRA BRITTO REGO,VINICIUS FERREIRA BRITTO REGO,1389,M45-49,Male,São Paulo,São Paulo,Brazil,BR,,,,0:00:00,0:00:00,,0,0,0,0,0,0,99999,99999,99999,99999,99999,99999,99999,99999,99999,99999,99999,99999,DNS,0
Sylvia,Pozzobon Torraca,Sylvia Pozzobon Torraca,1715,PC/ID,Female,,,Brazil,BR,0:50:52,3:21:21,2:30:48,0:10:36,0:04:54,6:58:32,3052,12081,9048,636,294,25112,99999,99999,99999,99999,99999,99999,99999,99999,99999,99999,99999,99999,Finisher,700
Walther,Krause,Walther Krause,1701,M60-64,Male,SÃO PAULO,São Paulo,Brazil,BR,0:51:50,,,0:14:23,0:00:00,,3110,0,0,863,0,0,99999,99999,99999,1288,1081,17,99999,99999,99999,99999,99999,99999,DNF,0
Miguel,Alvarez,Miguel Alvarez,1645,M55-59,Male,Lima,PE-LIM,Peru,PE,,,,0:00:00,0:00:00,,0,0,0,0,0,0,99999,99999,99999,99999,99999,99999,99999,99999,99999,99999,99999,99999,DNS,0
Patrick,Silva Oliveira,Patrick Silva Oliveira,608,M35-39,Male,,,Brazil,BR,,,,0:00:00,0:00:00,,0,0,0,0,0,0,99999,99999,99999,99999,99999,99999,99999,99999,99999,99999,99999,99999,DQ,0
Marcelo,Tesch Grillo,Marcelo Tesch Grillo,1693,M60-64,Male,Abarracamento Rio Das Flores,RJ,Brazil,BR,,,,0:00:00,0:00:00,,0,0,0,0,0,0,99999,99999,99999,99999,99999,99999,99999,99999,99999,99999,99999,99999,DNS,0
Bernardo,Correa Barreto,Bernardo Correa Barreto,614,M35-39,Male,Niteroi,Rio de Janeiro,Brazil,BR,,,,0:00:00,0:00:00,,0,0,0,0,0,0,99999,99999,99999,99999,99999,99999,99999,99999,99999,99999,99999,99999,DNS,0
Victor Augusto,Gibertoni,Victor Augusto Gibertoni,440,M30-34,Male,Taquaritinga,BR-SP,Brazil,BR,,,,0:00:00,0:00:00,,0,0,0,0,0,0,99999,99999,99999,99999,99999,99999,99999,99999,99999,99999,99999,99999,DNS,0
Felipe,Pimenta Vizeu,Felipe Pimenta Vizeu,1267,M45-49,Male,,,Brazil,BR,,,,0:00:00,0:00:00,,0,0,0,0,0,0,99999,99999,99999,99999,99999,99999,99999,99999,99999,99999,99999,99999,DNS,0
Larissa,Pereira Guerra,Larissa Pereira Guerra,338,F25-29,Female,,,Brazil,BR,,,,0:00:00,0:00:00,,0,0,0,0,0,0,99999,99999,99999,99999,99999,99999,99999,99999,99999,99999,99999,99999,DQ,0
Rebeca ,Costa,Rebeca Costa,986,F35-39,Female,Rio De Janeiro,Rio de Janeiro,Brazil,BR,,,,0:00:00,0:00:00,,0,0,0,0,0,0,99999,99999,99999,99999,99999,99999,99999,99999,99999,99999,99999,99999,DQ,0
Marcio,Rosas Da Costa,Marcio Rosas Da Costa,1165,M40-44,Male,,,Brazil,BR,0:37:29,3:06:25,,0:09:22,0:07:45,,2249,11185,0,562,465,0,99999,99999,99999,477,429,67,715,636,105,99999,99999,99999,DNF,0
Flavio ,Vasconcelos,Flavio Vasconcelos,653,M35-39,Male,Mossoro ,RIO GRANDE DO NORTE,Brazil,BR,,,,0:00:00,0:00:00,,0,0,0,0,0,0,99999,99999,99999,99999,99999,99999,99999,99999,99999,99999,99999,99999,DNS,0
Alberto,Soares Madeira,Alberto Soares Madeira,1172,M40-44,Male,,,Brazil,BR,,,,0:00:00,0:00:00,,0,0,0,0,0,0,99999,99999,99999,99999,99999,99999,99999,99999,99999,99999,99999,99999,DNS,0
Igor,Amorelli,Igor Amorelli,5,MPRO,Male,Balneario Camboriu,BR-SC,Brazil,BR,0:24:44,4:13:11,,0:03:55,0:00:00,,1484,15191,0,235,0,0,99999,99999,99999,15,15,15,1261,1061,22,99999,99999,99999,DNF,0
José Pedro,Da Silva Neto,José Pedro Da Silva Neto,1575,M50-54,Male,Parnamirim,Rio Grande do Norte,Brazil,BR,,,,0:00:00,0:00:00,,0,0,0,0,0,0,99999,99999,99999,99999,99999,99999,99999,99999,99999,99999,99999,99999,DNS,0
Luciano,LSilva,Luciano LSilva,1272,M45-49,Male,Goiânia ,Goiás ,Brazil,BR,,,,0:00:00,0:00:00,,0,0,0,0,0,0,99999,99999,99999,99999,99999,99999,99999,99999,99999,99999,99999,99999,DNS,0
Juanjo,Artazkoz,Juanjo Artazkoz,431,M30-34,Male,Santa Cruz de Tenerife,Santa Cruz de Tenerife,Spain,ES,0:48:35,,,0:15:20,0:00:00,,2915,0,0,920,0,0,99999,99999,99999,1208,1020,187,99999,99999,99999,99999,99999,99999,DNF,0
Fabio,Santos Carneiro,Fabio Santos Carneiro,570,M30-34,Male,,,Brazil,BR,0:33:55,1:57:14,,0:05:56,0:01:05,,2035,7034,0,356,65,0,99999,99999,99999,99999,99999,99999,99999,99999,99999,99999,99999,99999,DNF,0
Luiz,Felipe Martins Ferreira,Luiz Felipe Martins Ferreira,94,PC/ID,Male,Rio De Janeiro,RJ,Brazil,BR,0:36:25,2:40:29,1:56:10,0:09:42,0:03:50,5:26:36,2185,9629,6970,582,230,19596,99999,99999,99999,99999,99999,99999,99999,99999,99999,99999,99999,99999,Finisher,700
Ronaldo,Linhares,Ronaldo Linhares,1574,M50-54,Male,Belo Horizonte,MG,Brazil,BR,,,,0:00:00,0:00:00,,0,0,0,0,0,0,99999,99999,99999,99999,99999,99999,99999,99999,99999,99999,99999,99999,DNS,0
Matheus,Giannini,Matheus Giannini,535,M30-34,Male,Rio de Janeiro,Rio de Janeiro,Brazil,BR,,,,0:00:00,0:00:00,,0,0,0,0,0,0,99999,99999,99999,99999,99999,99999,99999,99999,99999,99999,99999,99999,DNS,0
Gustavo,Wiebbeling,Gustavo Wiebbeling,22,MPRO,Male,Cascavel,BR-PR,Brazil,BR,0:24:11,2:03:35,,0:04:16,0:00:51,,1451,7415,0,256,51,0,99999,99999,99999,4,4,4,6,6,6,99999,99999,99999,DNF,0
Diana,Cabral Siqueira,Diana Cabral Siqueira,1472,F45-49,Female,,,Brazil,BR,,,,0:00:00,0:00:00,,0,0,0,0,0,0,99999,99999,99999,99999,99999,99999,99999,99999,99999,99999,99999,99999,DNS,0
Richard,Salume Junior,Richard Salume Junior,561,M30-34,Male,,,Brazil,BR,,,,0:00:00,0:00:00,,0,0,0,0,0,0,99999,99999,99999,99999,99999,99999,99999,99999,99999,99999,99999,99999,DNS,0
Bruno,Costa,Bruno Costa,533,M30-34,Male,Sao Jose dos Campos,SP,Brazil,BR,1:04:48,,,0:15:21,0:00:00,,3888,0,0,921,0,0,99999,99999,99999,99999,99999,99999,99999,99999,99999,99999,99999,99999,DNF,0
Lucas,Alvarenga,Lucas Alvarenga,637,M35-39,Male,Rio de Janeiro,Rio de Janeiro,Brazil,BR,,,,0:00:00,0:00:00,,0,0,0,0,0,0,99999,99999,99999,99999,99999,99999,99999,99999,99999,99999,99999,99999,DNS,0
Saulo,Martins Costa,Saulo Martins Costa,405,M30-34,Male,Macae,Rio de Janeiro,Brazil,BR,,,,0:00:00,0:00:00,,0,0,0,0,0,0,99999,99999,99999,99999,99999,99999,99999,99999,99999,99999,99999,99999,DNS,0
Joana,Kfuri,Joana Kfuri,1599,F50-54,Female,rio de janeiro,rio de janeiro,Brazil,BR,,,,0:00:00,0:00:00,,0,0,0,0,0,0,99999,99999,99999,99999,99999,99999,99999,99999,99999,99999,99999,99999,DNS,0
Paulo,Vechini Momesso,Paulo Vechini Momesso,564,M30-34,Male,Brasilia,DF,Brazil,BR,,,,0:00:00,0:00:00,,0,0,0,0,0,0,99999,99999,99999,99999,99999,99999,99999,99999,99999,99999,99999,99999,DNS,0
Anderson,Rodrigues Gellert,Anderson Rodrigues Gellert,1528,M50-54,Male,Blumenau,Santa Catarina,Brazil,BR,,,,0:00:00,0:00:00,,0,0,0,0,0,0,99999,99999,99999,99999,99999,99999,99999,99999,99999,99999,99999,99999,DNS,0
Maite,Tumani,Maite Tumani,5010,FPRO,Female,"Concon, Chile",CL-VS,Chile,CL,0:34:39,2:52:02,,0:05:18,0:01:01,,2079,10322,0,318,61,0,99999,99999,99999,258,15,7,357,33,8,99999,99999,99999,DNF,0
Welton,Roberto,Welton Roberto,1660,M55-59,Male,Maceio,BR-BR-AL,Brazil,BR,,,,0:00:00,0:00:00,,0,0,0,0,0,0,99999,99999,99999,99999,99999,99999,99999,99999,99999,99999,99999,99999,DQ,0
Jorge Alexandre,Araujo,Jorge Alexandre Araujo,1674,M55-59,Male,Lisboa,,Brazil,BR,,,,0:00:00,0:00:00,,0,0,0,0,0,0,99999,99999,99999,99999,99999,99999,99999,99999,99999,99999,99999,99999,DNS,0
Claudia,Goncalves Honnicke,Claudia Goncalves Honnicke,1596,F50-54,Female,,,Brazil,BR,,,,0:00:00,0:00:00,,0,0,0,0,0,0,99999,99999,99999,99999,99999,99999,99999,99999,99999,99999,99999,99999,DNS,0
Misael,De Freitas Sabino Junior,Misael De Freitas Sabino Junior,490,M30-34,Male,,,Brazil,BR,,,,0:00:00,0:00:00,,0,0,0,0,0,0,99999,99999,99999,99999,99999,99999,99999,99999,99999,99999,99999,99999,DNS,0
Leonardo,Vieira Travassos,Leonardo Vieira Travassos,1316,M45-49,Male,,,Brazil,BR,,,,0:00:00,0:00:00,,0,0,0,0,0,0,99999,99999,99999,99999,99999,99999,99999,99999,99999,99999,99999,99999,DNS,0
Elva Lucia ,Meza Marino,Elva Lucia Meza Marino,312,F25-29,Female,Lima,Lima,Peru,PE,,,,0:00:00,0:00:00,,0,0,0,0,0,0,99999,99999,99999,99999,99999,99999,99999,99999,99999,99999,99999,99999,DNS,0
Henrique,Loureiro Gritzback,Henrique Loureiro Gritzback,1369,M45-49,Male,,,Brazil,BR,,,,0:00:00,0:00:00,,0,0,0,0,0,0,99999,99999,99999,99999,99999,99999,99999,99999,99999,99999,99999,99999,DNS,0
Caique,Santana,Caique Santana,212,M25-29,Male,Vitoria Da Conquista,BA,Brazil,BR,0:36:01,3:03:07,,0:10:32,0:04:51,,2161,10987,0,632,291,0,99999,99999,99999,362,334,46,655,587,69,99999,99999,99999,DNF,0
Helder,Matheus Rufino Guimaraes,Helder Matheus Rufino Guimaraes,182,M25-29,Male,,,Brazil,BR,,,,0:00:00,0:00:00,,0,0,0,0,0,0,99999,99999,99999,99999,99999,99999,99999,99999,99999,99999,99999,99999,DQ,0
Fernando,Toldi,Fernando Toldi,1,MPRO,Male,São Paulo,BR-SP,Brazil,BR,,,,0:00:00,0:00:00,,0,0,0,0,0,0,99999,99999,99999,99999,99999,99999,99999,99999,99999,99999,99999,99999,DNS,0
Ricardo,Macias,Ricardo Macias,1218,M40-44,Male,HOUSTON,TX,United States,US,,,,0:00:00,0:00:00,,0,0,0,0,0,0,99999,99999,99999,99999,99999,99999,99999,99999,99999,99999,99999,99999,DNS,0
GABRIEL,CAMILO,GABRIEL CAMILO,350,M30-34,Male,Sao Paulo,São Paulo,Brazil,BR,,,,0:00:00,0:00:00,,0,0,0,0,0,0,99999,99999,99999,99999,99999,99999,99999,99999,99999,99999,99999,99999,DNS,0
Stanislaw,Fernando Gomes Rolim,Stanislaw Fernando Gomes Rolim,1112,M40-44,Male,Natal,RN,Brazil,BR,,,,0:00:00,0:00:00,,0,0,0,0,0,0,99999,99999,99999,99999,99999,99999,99999,99999,99999,99999,99999,99999,DNS,0
Charles,Maxuel Santos Silva,Charles Maxuel Santos Silva,532,M30-34,Male,,,Brazil,BR,,,,0:00:00,0:00:00,,0,0,0,0,0,0,99999,99999,99999,99999,99999,99999,99999,99999,99999,99999,99999,99999,DNS,0
Bruno,Alves Barata,Bruno Alves Barata,1241,M45-49,Male,Rio De Janeiro,RJ,Brazil,BR,,,,0:00:00,0:00:00,,0,0,0,0,0,0,99999,99999,99999,99999,99999,99999,99999,99999,99999,99999,99999,99999,DQ,0
Daniela,Ucañan Basualdo,Daniela Ucañan Basualdo,974,F35-39,Female,Lima,Lima,Peru,PE,,,,0:00:00,0:00:00,,0,0,0,0,0,0,99999,99999,99999,99999,99999,99999,99999,99999,99999,99999,99999,99999,DQ,0
Brian,Yung,Brian Yung,519,M30-34,Male,Barueri,SP,Brazil,BR,,,,0:00:00,0:00:00,,0,0,0,0,0,0,99999,99999,99999,99999,99999,99999,99999,99999,99999,99999,99999,99999,DNS,0
Mateus,Freitas Teixeira,Mateus Freitas Teixeira,1143,M40-44,Male,,,Brazil,BR,,,,0:00:00,0:00:00,,0,0,0,0,0,0,99999,99999,99999,99999,99999,99999,99999,99999,99999,99999,99999,99999,DNS,0
Izabela,Souza Freitas,Izabela Souza Freitas,1438,F40-44,Female,Rio de Janeiro ,Rj,Brazil,BR,,,,0:00:00,0:00:00,,0,0,0,0,0,0,99999,99999,99999,99999,99999,99999,99999,99999,99999,99999,99999,99999,DNS,0
Marcos Paulo,Cruz,Marcos Paulo Cruz,1541,M50-54,Male,Rio de Janeiro,Rio de Janeiro,Brazil,BR,,,,0:00:00,0:00:00,,0,0,0,0,0,0,99999,99999,99999,99999,99999,99999,99999,99999,99999,99999,99999,99999,DNS,0
Rodrigo,Dias Da Rocha,Rodrigo Dias Da Rocha,508,M30-34,Male,Rio De Janeiro,RJ,Brazil,BR,,,,0:00:00,0:00:00,,0,0,0,0,0,0,99999,99999,99999,99999,99999,99999,99999,99999,99999,99999,99999,99999,DNS,0
Renato,Silva,Renato Silva,1271,M45-49,Male,Nova Lima,Minas Gerais,Brazil,BR,0:32:43,,,0:07:53,0:00:00,,1963,0,0,473,0,0,99999,99999,99999,162,152,12,99999,99999,99999,99999,99999,99999,DNF,0
Gabriel,Barroso Pessoa Costa,Gabriel Barroso Pessoa Costa,145,M18-24,Male,,,Brazil,BR,0:55:29,,,0:11:51,0:00:00,,3329,0,0,711,0,0,99999,99999,99999,1332,1117,49,99999,99999,99999,99999,99999,99999,DNF,0
Bernardo ,Riva,Bernardo Riva,672,M35-39,Male,CURITIBA,BR-Paraná,Brazil,BR,,,,0:00:00,0:00:00,,0,0,0,0,0,0,99999,99999,99999,99999,99999,99999,99999,99999,99999,99999,99999,99999,DNS,0
Thiago,Augusto Michelletti,Thiago Augusto Michelletti,1298,M45-49,Male,,,Brazil,BR,0:36:19,,,0:10:05,0:00:00,,2179,0,0,605,0,0,99999,99999,99999,385,355,45,99999,99999,99999,99999,99999,99999,DNF,0
Matheus,Menezes,Matheus Menezes,8,MPRO,Male,Boulder,CO,United States,US,,,,0:00:00,0:00:00,,0,0,0,0,0,0,99999,99999,99999,99999,99999,99999,99999,99999,99999,99999,99999,99999,DNS,0
Alexsander,Thomaz Horta,Alexsander Thomaz Horta,1059,M40-44,Male,,,Brazil,BR,,,,0:00:00,0:00:00,,0,0,0,0,0,0,99999,99999,99999,99999,99999,99999,99999,99999,99999,99999,99999,99999,DQ,0
Roseli,Prado,Roseli Prado,1628,F60-64,Female,Sao Bernardo do Campo,SP,Brazil,BR,,,,0:00:00,0:00:00,,0,0,0,0,0,0,99999,99999,99999,99999,99999,99999,99999,99999,99999,99999,99999,99999,DNS,0
Caio,Cezar De Figueiredo Paiva,Caio Cezar De Figueiredo Paiva,839,M35-39,Male,Boa Esperanca,MG,Brazil,BR,,,,0:00:00,0:00:00,,0,0,0,0,0,0,99999,99999,99999,99999,99999,99999,99999,99999,99999,99999,99999,99999,DNS,0
Matheus,Serpa Duarte,Matheus Serpa Duarte,288,M25-29,Male,,,Brazil,BR,,,,0:00:00,0:00:00,,0,0,0,0,0,0,99999,99999,99999,99999,99999,99999,99999,99999,99999,99999,99999,99999,DNS,0
Flavia,Ramalho,Flavia Ramalho,896,F30-34,Female,Rio de Janeiro,RJ,Brazil,BR,,,,0:00:00,0:00:00,,0,0,0,0,0,0,99999,99999,99999,99999,99999,99999,99999,99999,99999,99999,99999,99999,DNS,0
Felipe,Augusto Silva Bustamante,Felipe Augusto Silva Bustamante,759,M35-39,Male,,,Brazil,BR,0:58:43,,,0:12:41,0:00:00,,3523,0,0,761,0,0,99999,99999,99999,1353,1132,247,99999,99999,99999,99999,99999,99999,DNF,0
Davi,Jonatas Brito Neves,Davi Jonatas Brito Neves,394,M30-34,Male,,,Brazil,BR,,,,0:00:00,0:00:00,,0,0,0,0,0,0,99999,99999,99999,99999,99999,99999,99999,99999,99999,99999,99999,99999,DNS,0
Ramiro,Maycon Placido De Souza,Ramiro Maycon Placido De Souza,408,M30-34,Male,,,Brazil,BR,,,,0:00:00,0:00:00,,0,0,0,0,0,0,99999,99999,99999,99999,99999,99999,99999,99999,99999,99999,99999,99999,DNS,0
Ericson,Faria pessanha neto,Ericson Faria pessanha neto,1229,M40-44,Male,Palhoca,BR-SC,Brazil,BR,0:37:04,2:30:58,,0:05:17,0:01:31,,2224,9058,0,317,91,0,99999,99999,99999,444,406,63,122,116,18,99999,99999,99999,DNF,0
Reinaldo,Colucci,Reinaldo Colucci,2,MPRO,Male,São Carlos,BR-SP,Brazil,BR,0:24:14,2:11:50,,0:03:44,0:01:36,,1454,7910,0,224,96,0,99999,99999,99999,6,6,6,11,11,11,99999,99999,99999,DNF,0
Alberto,Soares Lundgren Corrêa,Alberto Soares Lundgren Corrêa,1242,M45-49,Male,Rio de Janeiro,Rj,Brazil,BR,,,,0:00:00,0:00:00,,0,0,0,0,0,0,99999,99999,99999,99999,99999,99999,99999,99999,99999,99999,99999,99999,DNS,0
Felipe,Felix,Felipe Felix,1066,M40-44,Male,Rio De Janeiro,RJ,Brazil,BR,0:47:13,,,0:07:28,0:00:00,,2833,0,0,448,0,0,99999,99999,99999,1153,977,166,99999,99999,99999,99999,99999,99999,DNF,0
Daniela,Dutra Sallaberry,Daniela Dutra Sallaberry,1489,F45-49,Female,Rio de Janeiro,Rio de Janeiro,Brazil,BR,,,,0:00:00,0:00:00,,0,0,0,0,0,0,99999,99999,99999,99999,99999,99999,99999,99999,99999,99999,99999,99999,DNS,0
Vinicius,Mendes,Vinicius Mendes,406,M30-34,Male,Rio de Janeiro,,Brazil,BR,,,,0:00:00,0:00:00,,0,0,0,0,0,0,99999,99999,99999,99999,99999,99999,99999,99999,99999,99999,99999,99999,DNS,0
Mauricio,Cosentino,Mauricio Cosentino,137,M18-24,Male,Rio de Janeiro,,Brazil,BR,,,,0:00:00,0:00:00,,0,0,0,0,0,0,99999,99999,99999,99999,99999,99999,99999,99999,99999,99999,99999,99999,DNS,0
Bruno,Cruz,Bruno Cruz,174,M25-29,Male,Rio de Janeiro,Rio de Janeiro,Brazil,BR,,,,0:00:00,0:00:00,,0,0,0,0,0,0,99999,99999,99999,99999,99999,99999,99999,99999,99999,99999,99999,99999,DNS,0
CLAUDIA,ADEGAS ROESE,CLAUDIA ADEGAS ROESE,1449,F40-44,Female,Rio de Janeiro ,RJ,Brazil,BR,,,,0:00:00,0:00:00,,0,0,0,0,0,0,99999,99999,99999,99999,99999,99999,99999,99999,99999,99999,99999,99999,DNS,0
Alessandra,Antunes,Alessandra Antunes,956,F35-39,Female,,,Brazil,BR,,,,0:00:00,0:00:00,,0,0,0,0,0,0,99999,99999,99999,99999,99999,99999,99999,99999,99999,99999,99999,99999,DNS,0
Gabriel,Shimada,Gabriel Shimada,199,M25-29,Male,Araxá,MG,Brazil,BR,,,,0:00:00,0:00:00,,0,0,0,0,0,0,99999,99999,99999,99999,99999,99999,99999,99999,99999,99999,99999,99999,DNS,0
Brunno,Montenegro Da Cunha,Brunno Montenegro Da Cunha,248,M25-29,Male,São Paulo,BR-SAO PAULO,Brazil,BR,0:31:36,,,0:05:11,0:00:00,,1896,0,0,311,0,0,99999,99999,99999,124,114,19,99999,99999,99999,99999,99999,99999,DNF,0
Claudio,Almeida Prado,Claudio Almeida Prado,1692,M60-64,Male,São Paulo,São Paulo,Brazil,BR,,,,0:00:00,0:00:00,,0,0,0,0,0,0,99999,99999,99999,99999,99999,99999,99999,99999,99999,99999,99999,99999,DNS,0
Danilo,Dos Santos Machado,Danilo Dos Santos Machado,787,M35-39,Male,,,Brazil,BR,,,,0:00:00,0:00:00,,0,0,0,0,0,0,99999,99999,99999,99999,99999,99999,99999,99999,99999,99999,99999,99999,DNS,0
Guilherme,De Lira Sobrinho,Guilherme De Lira Sobrinho,458,M30-34,Male,Goiania,Goias,Brazil,BR,0:40:36,2:57:13,,0:08:32,0:05:33,,2436,10633,0,512,333,0,99999,99999,99999,753,657,124,601,540,98,99999,99999,99999,DNF,0
Arthur ,Werneck,Arthur Werneck,1074,M40-44,Male,Rio de Janeiro,RIO DE JANEIRO,Brazil,BR,,,,0:00:00,0:00:00,,0,0,0,0,0,0,99999,99999,99999,99999,99999,99999,99999,99999,99999,99999,99999,99999,DNS,0
Marina,Jacob Martins,Marina Jacob Martins,1415,F40-44,Female,Sorocaba,BR-SP,Brazil,BR,,,,0:00:00,0:00:00,,0,0,0,0,0,0,99999,99999,99999,99999,99999,99999,99999,99999,99999,99999,99999,99999,DNS,0
Vicente,Saraiva,Vicente Saraiva,18,MPRO,Male,Brasilia,BR-DF,Brazil,BR,,,,0:00:00,0:00:00,,0,0,0,0,0,0,99999,99999,99999,99999,99999,99999,99999,99999,99999,99999,99999,99999,DNS,0
